user_id,variant,country,device_type,num_questions_asked,avg_word_count,quality_answer_rate,assignment_date
1,control,IN,mobile,4,49.2,0.75,2026-06-02
2,control,CA,desktop,7,33.4,0.571,2026-06-02
3,treatment,BR,mobile,5,35.2,0.4,2026-06-02
4,treatment,BR,mobile,0,,,2026-06-05
5,control,PH,desktop,0,,,2026-06-02
6,control,PH,tablet,6,46.0,1.0,2026-06-05
7,control,BR,mobile,8,33.6,0.625,2026-06-01
8,control,IN,mobile,5,27.6,0.4,2026-06-04
9,treatment,US,mobile,2,32.0,1.0,2026-06-05
10,control,IN,mobile,1,21.0,0.0,2026-06-03
11,treatment,BR,desktop,5,36.0,0.8,2026-06-05
12,treatment,IN,mobile,0,,,2026-06-01
13,treatment,US,mobile,3,46.0,1.0,2026-06-02
14,treatment,IN,desktop,1,57.0,1.0,2026-06-01
15,treatment,GB,mobile,2,33.5,1.0,2026-06-02
16,control,US,mobile,1,22.0,1.0,2026-06-05
17,control,BR,mobile,5,40.0,0.4,2026-06-03
18,control,CA,tablet,2,31.0,1.0,2026-06-03
19,treatment,IN,desktop,0,,,2026-06-03
20,control,IN,mobile,2,50.0,1.0,2026-06-03
21,treatment,US,mobile,5,49.0,0.6,2026-06-02
22,control,US,desktop,5,46.0,0.8,2026-06-03
23,control,US,desktop,0,,,2026-06-03
24,control,CA,mobile,6,31.3,0.333,2026-06-03
25,control,DE,mobile,6,48.2,0.667,2026-06-05
26,control,US,mobile,8,31.8,1.0,2026-06-01
27,control,CA,desktop,1,12.0,0.0,2026-06-05
28,treatment,US,desktop,1,30.0,1.0,2026-06-03
29,treatment,DE,mobile,1,153.0,1.0,2026-06-01
30,treatment,PH,desktop,6,36.5,0.833,2026-06-05
31,control,IN,desktop,1,26.0,0.0,2026-06-01
32,control,US,mobile,4,40.8,0.5,2026-06-01
33,treatment,BR,mobile,0,,,2026-06-04
34,treatment,DE,mobile,1,48.0,1.0,2026-06-02
35,control,BR,desktop,6,30.0,0.833,2026-06-01
36,treatment,AU,mobile,2,66.0,1.0,2026-06-04
37,control,US,mobile,3,25.0,0.667,2026-06-03
38,control,AU,desktop,6,27.5,0.5,2026-06-04
39,treatment,IN,mobile,6,36.2,0.5,2026-06-01
40,treatment,GB,mobile,4,35.2,0.5,2026-06-05
41,treatment,AU,mobile,3,96.0,0.667,2026-06-03
42,treatment,US,mobile,0,,,2026-06-05
43,treatment,BR,mobile,0,,,2026-06-03
44,control,AU,mobile,2,25.0,0.5,2026-06-04
45,treatment,BR,mobile,2,37.0,1.0,2026-06-02
46,control,PH,mobile,2,27.5,1.0,2026-06-03
47,control,DE,mobile,3,26.7,0.667,2026-06-02
48,treatment,PH,desktop,2,46.0,0.5,2026-06-02
49,treatment,US,mobile,0,,,2026-06-03
50,treatment,PH,mobile,6,34.5,1.0,2026-06-02
51,control,IN,mobile,2,26.5,1.0,2026-06-04
52,treatment,GB,mobile,6,65.0,0.5,2026-06-04
53,treatment,BR,mobile,2,36.5,0.5,2026-06-02
54,treatment,GB,mobile,3,40.0,0.667,2026-06-02
55,treatment,US,tablet,3,33.0,1.0,2026-06-04
56,control,BR,mobile,1,60.0,1.0,2026-06-04
57,treatment,IN,mobile,2,34.0,1.0,2026-06-02
58,control,CA,mobile,0,,,2026-06-04
59,treatment,US,mobile,6,42.0,0.833,2026-06-04
60,treatment,BR,mobile,2,31.5,0.5,2026-06-01
61,treatment,US,desktop,14,44.9,0.857,2026-06-05
62,control,DE,mobile,0,,,2026-06-04
63,treatment,BR,mobile,5,76.0,1.0,2026-06-05
64,control,IN,mobile,3,32.0,1.0,2026-06-05
65,treatment,DE,mobile,4,49.5,0.75,2026-06-02
66,treatment,US,mobile,3,41.0,0.333,2026-06-05
67,control,BR,mobile,5,31.8,0.4,2026-06-03
68,treatment,US,mobile,11,43.8,0.455,2026-06-03
69,treatment,IN,desktop,1,108.0,0.0,2026-06-03
70,treatment,US,desktop,6,54.7,0.667,2026-06-03
71,treatment,PH,desktop,4,56.5,0.75,2026-06-05
72,control,US,desktop,0,,,2026-06-05
73,control,US,mobile,2,33.5,1.0,2026-06-05
74,treatment,IN,mobile,4,42.0,1.0,2026-06-03
75,treatment,US,mobile,3,68.3,0.667,2026-06-03
76,treatment,US,tablet,4,33.8,0.5,2026-06-03
77,treatment,US,mobile,0,,,2026-06-04
78,treatment,US,mobile,0,,,2026-06-02
79,treatment,PH,mobile,1,51.0,0.0,2026-06-01
80,control,CA,mobile,3,49.7,0.667,2026-06-01
81,treatment,US,mobile,7,33.0,0.429,2026-06-03
82,control,GB,mobile,0,,,2026-06-02
83,treatment,GB,mobile,2,50.0,1.0,2026-06-04
84,treatment,US,tablet,2,78.5,1.0,2026-06-05
85,control,BR,mobile,3,21.7,1.0,2026-06-05
86,treatment,IN,desktop,7,51.1,0.571,2026-06-01
87,control,IN,mobile,5,32.6,0.8,2026-06-03
88,treatment,IN,mobile,6,64.2,1.0,2026-06-05
89,treatment,BR,mobile,0,,,2026-06-05
90,treatment,US,mobile,2,64.5,1.0,2026-06-04
91,treatment,CA,desktop,2,25.5,1.0,2026-06-02
92,treatment,IN,mobile,3,66.3,0.667,2026-06-05
93,treatment,IN,mobile,1,66.0,0.0,2026-06-02
94,treatment,DE,mobile,0,,,2026-06-05
95,control,IN,mobile,1,44.0,0.0,2026-06-01
96,control,US,desktop,3,28.3,0.667,2026-06-01
97,control,IN,mobile,5,56.0,0.6,2026-06-05
98,control,BR,desktop,2,51.5,1.0,2026-06-03
99,control,AU,mobile,11,29.0,0.727,2026-06-05
100,treatment,US,mobile,1,64.0,1.0,2026-06-03
101,treatment,IN,desktop,7,31.6,0.571,2026-06-03
102,control,US,mobile,10,41.1,0.7,2026-06-05
103,treatment,US,desktop,1,33.0,1.0,2026-06-03
104,control,US,desktop,1,20.0,0.0,2026-06-03
105,treatment,US,mobile,2,80.0,1.0,2026-06-02
106,treatment,IN,tablet,6,39.3,1.0,2026-06-05
107,control,AU,mobile,4,23.0,0.75,2026-06-01
108,control,US,mobile,2,45.0,0.5,2026-06-02
109,treatment,PH,tablet,0,,,2026-06-04
110,control,IN,desktop,8,30.1,0.875,2026-06-02
111,treatment,DE,desktop,2,81.0,1.0,2026-06-01
112,control,IN,mobile,1,111.0,0.0,2026-06-03
113,control,DE,mobile,5,37.2,1.0,2026-06-04
114,control,PH,mobile,1,45.0,1.0,2026-06-05
115,treatment,US,mobile,1,33.0,0.0,2026-06-01
116,control,IN,desktop,2,26.0,0.5,2026-06-02
117,control,CA,mobile,1,28.0,1.0,2026-06-01
118,treatment,PH,desktop,4,39.0,1.0,2026-06-04
119,treatment,IN,mobile,4,62.0,0.75,2026-06-05
120,treatment,CA,desktop,2,43.0,0.0,2026-06-02
121,control,IN,mobile,2,23.0,1.0,2026-06-05
122,control,GB,mobile,5,34.8,0.8,2026-06-05
123,control,GB,desktop,3,32.7,1.0,2026-06-03
124,treatment,PH,mobile,1,38.0,1.0,2026-06-04
125,control,CA,mobile,6,21.2,0.5,2026-06-05
126,control,US,mobile,4,49.0,0.5,2026-06-03
127,treatment,IN,mobile,1,59.0,1.0,2026-06-05
128,control,PH,desktop,1,22.0,1.0,2026-06-03
129,control,AU,desktop,5,34.2,0.6,2026-06-02
130,treatment,US,mobile,1,32.0,0.0,2026-06-01
131,treatment,BR,tablet,10,49.6,0.5,2026-06-03
132,control,CA,desktop,3,41.7,0.667,2026-06-05
133,treatment,IN,desktop,2,20.5,1.0,2026-06-05
134,treatment,US,mobile,2,28.0,0.5,2026-06-03
135,treatment,US,mobile,5,21.4,0.8,2026-06-05
136,control,PH,desktop,6,30.0,1.0,2026-06-02
137,control,CA,desktop,3,28.7,0.667,2026-06-02
138,treatment,US,mobile,6,83.3,0.667,2026-06-02
139,treatment,US,mobile,3,57.7,0.667,2026-06-03
140,treatment,US,desktop,1,56.0,0.0,2026-06-05
141,treatment,AU,mobile,4,28.8,0.0,2026-06-01
142,treatment,IN,tablet,0,,,2026-06-03
143,treatment,DE,mobile,6,53.3,0.833,2026-06-02
144,treatment,PH,tablet,0,,,2026-06-05
145,control,GB,desktop,0,,,2026-06-02
146,treatment,US,mobile,2,18.5,1.0,2026-06-04
147,treatment,BR,mobile,0,,,2026-06-04
148,treatment,GB,tablet,6,55.7,0.833,2026-06-05
149,treatment,US,desktop,2,73.5,1.0,2026-06-05
150,control,US,desktop,4,23.2,0.25,2026-06-02
151,treatment,US,desktop,5,33.8,0.4,2026-06-03
152,treatment,AU,mobile,1,67.0,1.0,2026-06-01
153,treatment,GB,desktop,3,104.7,0.333,2026-06-05
154,control,PH,desktop,1,18.0,1.0,2026-06-02
155,treatment,IN,desktop,4,56.0,0.75,2026-06-04
156,treatment,US,desktop,5,44.6,0.6,2026-06-01
157,control,US,mobile,1,64.0,1.0,2026-06-02
158,treatment,IN,mobile,2,52.5,1.0,2026-06-04
159,control,IN,desktop,2,56.5,0.5,2026-06-01
160,control,IN,mobile,1,45.0,1.0,2026-06-05
161,control,DE,mobile,7,27.1,0.857,2026-06-04
162,treatment,US,mobile,2,55.0,1.0,2026-06-04
163,treatment,IN,mobile,3,39.3,1.0,2026-06-04
164,control,CA,mobile,1,36.0,1.0,2026-06-04
165,control,US,mobile,2,37.0,1.0,2026-06-03
166,control,PH,mobile,5,37.0,0.8,2026-06-04
167,control,GB,desktop,4,39.5,0.75,2026-06-05
168,treatment,US,tablet,0,,,2026-06-05
169,control,US,mobile,2,17.0,1.0,2026-06-02
170,treatment,US,mobile,3,52.7,0.667,2026-06-03
171,control,IN,tablet,6,32.0,0.667,2026-06-03
172,treatment,PH,mobile,3,40.0,1.0,2026-06-04
173,treatment,PH,mobile,1,37.0,1.0,2026-06-03
174,treatment,US,tablet,4,56.2,0.75,2026-06-01
175,control,BR,desktop,1,16.0,1.0,2026-06-02
176,treatment,CA,desktop,1,77.0,1.0,2026-06-04
177,treatment,PH,desktop,2,70.0,1.0,2026-06-03
178,control,US,mobile,3,37.7,0.667,2026-06-03
179,treatment,US,desktop,1,14.0,1.0,2026-06-03
180,treatment,US,mobile,0,,,2026-06-02
181,treatment,GB,desktop,5,55.4,1.0,2026-06-03
182,control,US,mobile,0,,,2026-06-04
183,control,PH,mobile,10,32.0,0.6,2026-06-02
184,control,US,desktop,8,29.0,0.5,2026-06-04
185,treatment,US,desktop,3,52.7,0.667,2026-06-03
186,treatment,US,mobile,5,58.0,1.0,2026-06-02
187,control,AU,mobile,2,35.0,0.5,2026-06-01
188,treatment,IN,mobile,1,151.0,1.0,2026-06-01
189,treatment,IN,desktop,1,61.0,0.0,2026-06-05
190,control,US,mobile,1,31.0,1.0,2026-06-03
191,control,US,mobile,7,39.4,0.714,2026-06-05
192,control,US,mobile,7,24.4,0.857,2026-06-05
193,treatment,US,mobile,6,50.2,0.667,2026-06-04
194,control,GB,mobile,2,52.5,0.5,2026-06-03
195,control,CA,mobile,2,28.5,0.5,2026-06-02
196,treatment,BR,mobile,9,69.2,0.778,2026-06-02
197,control,US,desktop,0,,,2026-06-03
198,treatment,US,mobile,8,36.6,0.75,2026-06-01
199,control,US,desktop,1,15.0,1.0,2026-06-04
200,control,IN,mobile,2,40.5,1.0,2026-06-01
201,control,US,desktop,1,84.0,1.0,2026-06-01
202,control,US,desktop,5,36.0,0.6,2026-06-05
203,control,US,mobile,0,,,2026-06-02
204,control,US,tablet,5,30.6,1.0,2026-06-01
205,treatment,AU,mobile,4,93.5,0.75,2026-06-01
206,control,AU,desktop,1,18.0,0.0,2026-06-02
207,control,BR,mobile,1,52.0,0.0,2026-06-02
208,treatment,IN,mobile,2,50.0,1.0,2026-06-05
209,control,BR,mobile,6,28.8,0.667,2026-06-01
210,control,GB,mobile,1,19.0,1.0,2026-06-04
211,treatment,CA,mobile,1,50.0,1.0,2026-06-02
212,control,IN,mobile,1,47.0,1.0,2026-06-02
213,treatment,US,tablet,0,,,2026-06-01
214,control,BR,desktop,0,,,2026-06-05
215,treatment,DE,desktop,2,33.5,0.5,2026-06-01
216,control,GB,desktop,4,19.0,0.75,2026-06-04
217,treatment,IN,mobile,8,34.2,0.875,2026-06-05
218,treatment,AU,mobile,4,40.8,1.0,2026-06-01
219,treatment,DE,mobile,3,53.7,0.667,2026-06-04
220,control,US,mobile,0,,,2026-06-01
221,treatment,GB,desktop,7,43.9,0.714,2026-06-04
222,control,IN,mobile,6,27.8,1.0,2026-06-03
223,treatment,DE,desktop,1,24.0,1.0,2026-06-04
224,control,GB,desktop,0,,,2026-06-02
225,treatment,US,mobile,1,22.0,1.0,2026-06-04
226,control,US,mobile,1,55.0,0.0,2026-06-01
227,control,CA,mobile,0,,,2026-06-03
228,treatment,IN,mobile,4,35.8,0.75,2026-06-03
229,control,IN,mobile,7,30.4,0.857,2026-06-02
230,control,US,tablet,2,23.0,1.0,2026-06-02
231,control,GB,desktop,6,38.3,1.0,2026-06-05
232,control,IN,mobile,1,17.0,0.0,2026-06-05
233,treatment,IN,mobile,4,28.8,0.75,2026-06-02
234,control,US,desktop,1,29.0,1.0,2026-06-05
235,treatment,IN,desktop,3,46.7,1.0,2026-06-01
236,control,DE,mobile,2,67.5,0.5,2026-06-03
237,treatment,PH,mobile,2,62.5,1.0,2026-06-01
238,treatment,AU,tablet,4,34.8,1.0,2026-06-05
239,treatment,CA,mobile,2,30.5,1.0,2026-06-02
240,control,IN,desktop,4,45.0,0.75,2026-06-02
241,treatment,US,mobile,2,56.5,0.5,2026-06-03
242,treatment,US,mobile,4,63.8,0.75,2026-06-04
243,treatment,US,mobile,4,48.5,0.5,2026-06-01
244,control,IN,desktop,2,20.5,0.5,2026-06-05
245,treatment,CA,mobile,6,33.2,0.5,2026-06-01
246,control,US,mobile,13,32.4,0.462,2026-06-01
247,control,US,tablet,3,59.7,0.667,2026-06-04
248,treatment,IN,desktop,1,28.0,1.0,2026-06-01
249,control,PH,mobile,8,26.1,0.625,2026-06-04
250,control,IN,desktop,7,35.1,0.857,2026-06-03
251,treatment,AU,mobile,3,48.7,0.667,2026-06-01
252,treatment,BR,mobile,1,61.0,1.0,2026-06-05
253,control,BR,mobile,2,24.0,0.5,2026-06-05
254,control,US,mobile,1,46.0,1.0,2026-06-02
255,treatment,US,mobile,3,53.3,0.667,2026-06-02
256,treatment,US,desktop,3,78.7,0.667,2026-06-03
257,control,PH,mobile,3,47.3,0.667,2026-06-05
258,treatment,AU,mobile,4,38.0,0.5,2026-06-05
259,control,PH,mobile,3,45.7,1.0,2026-06-05
260,control,US,desktop,1,36.0,0.0,2026-06-02
261,control,GB,mobile,0,,,2026-06-04
262,treatment,IN,mobile,0,,,2026-06-03
263,treatment,US,mobile,4,30.0,0.75,2026-06-03
264,control,IN,mobile,1,17.0,1.0,2026-06-01
265,control,US,mobile,0,,,2026-06-03
266,control,US,desktop,2,27.5,0.5,2026-06-02
267,treatment,BR,desktop,1,72.0,1.0,2026-06-03
268,treatment,GB,desktop,4,53.0,0.75,2026-06-01
269,treatment,US,mobile,1,30.0,1.0,2026-06-02
270,treatment,PH,desktop,7,52.9,0.143,2026-06-04
271,treatment,US,mobile,0,,,2026-06-04
272,treatment,IN,mobile,1,19.0,0.0,2026-06-03
273,control,BR,desktop,1,45.0,1.0,2026-06-01
274,control,US,desktop,6,33.7,0.167,2026-06-02
275,treatment,US,mobile,4,39.8,0.5,2026-06-04
276,treatment,PH,mobile,5,40.2,0.6,2026-06-04
277,treatment,US,desktop,7,64.6,0.857,2026-06-03
278,treatment,US,tablet,5,33.6,0.6,2026-06-05
279,treatment,US,desktop,5,55.2,0.6,2026-06-02
280,control,CA,mobile,2,45.0,1.0,2026-06-03
281,control,GB,desktop,3,21.3,0.667,2026-06-04
282,control,GB,mobile,1,20.0,1.0,2026-06-02
283,treatment,US,mobile,0,,,2026-06-01
284,treatment,US,desktop,7,58.4,0.714,2026-06-05
285,control,GB,mobile,5,27.4,0.8,2026-06-04
286,control,US,mobile,2,53.0,1.0,2026-06-03
287,treatment,CA,desktop,2,48.0,0.5,2026-06-02
288,treatment,IN,desktop,3,47.7,0.667,2026-06-04
289,treatment,DE,tablet,1,31.0,1.0,2026-06-04
290,treatment,US,mobile,2,49.5,0.5,2026-06-05
291,control,PH,tablet,4,23.5,0.75,2026-06-02
292,treatment,US,mobile,1,26.0,1.0,2026-06-03
293,control,IN,tablet,2,33.0,0.5,2026-06-04
294,control,US,mobile,2,21.5,0.5,2026-06-01
295,control,DE,mobile,4,48.2,0.75,2026-06-02
296,control,PH,mobile,3,29.3,1.0,2026-06-04
297,treatment,AU,mobile,3,40.7,1.0,2026-06-01
298,treatment,BR,desktop,1,36.0,1.0,2026-06-02
299,control,CA,mobile,1,53.0,1.0,2026-06-02
300,control,IN,tablet,4,23.5,0.5,2026-06-02
301,control,BR,desktop,0,,,2026-06-01
302,treatment,GB,desktop,1,18.0,1.0,2026-06-03
303,treatment,IN,mobile,3,46.0,0.667,2026-06-03
304,control,DE,mobile,1,20.0,1.0,2026-06-04
305,treatment,GB,mobile,3,65.7,0.333,2026-06-04
306,treatment,DE,desktop,5,64.0,1.0,2026-06-02
307,control,DE,desktop,1,23.0,0.0,2026-06-03
308,control,US,mobile,3,36.3,1.0,2026-06-05
309,treatment,IN,desktop,6,46.5,0.667,2026-06-03
310,control,IN,mobile,2,41.0,0.5,2026-06-04
311,treatment,IN,mobile,9,53.4,0.556,2026-06-02
312,control,BR,desktop,5,23.2,0.6,2026-06-02
313,control,PH,mobile,2,68.5,0.5,2026-06-05
314,treatment,DE,mobile,2,51.5,0.0,2026-06-01
315,treatment,IN,mobile,4,32.0,0.5,2026-06-03
316,control,CA,mobile,7,49.4,0.857,2026-06-02
317,treatment,US,desktop,7,40.4,0.714,2026-06-01
318,control,IN,mobile,6,27.7,0.833,2026-06-05
319,control,CA,mobile,2,24.0,1.0,2026-06-05
320,treatment,US,desktop,2,70.5,0.5,2026-06-04
321,control,IN,desktop,3,35.0,0.667,2026-06-03
322,control,BR,mobile,2,24.0,0.0,2026-06-05
323,control,IN,mobile,2,23.0,0.5,2026-06-01
324,control,IN,mobile,5,32.6,0.6,2026-06-04
325,treatment,IN,desktop,7,40.9,0.714,2026-06-01
326,treatment,BR,desktop,1,23.0,1.0,2026-06-01
327,control,BR,mobile,1,39.0,0.0,2026-06-04
328,treatment,IN,mobile,1,189.0,1.0,2026-06-01
329,control,IN,mobile,1,40.0,1.0,2026-06-01
330,control,BR,mobile,13,29.3,0.692,2026-06-05
331,control,BR,mobile,2,26.0,1.0,2026-06-01
332,treatment,IN,desktop,4,35.5,0.75,2026-06-02
333,control,BR,desktop,0,,,2026-06-05
334,control,GB,tablet,4,32.0,0.5,2026-06-05
335,treatment,IN,desktop,11,59.5,0.818,2026-06-03
336,control,US,mobile,1,84.0,1.0,2026-06-05
337,control,US,mobile,5,21.8,0.8,2026-06-03
338,control,DE,mobile,4,35.8,0.5,2026-06-05
339,treatment,IN,desktop,0,,,2026-06-03
340,treatment,PH,mobile,0,,,2026-06-05
341,control,US,mobile,5,29.6,0.4,2026-06-01
342,control,GB,desktop,1,57.0,1.0,2026-06-02
343,treatment,AU,mobile,1,49.0,1.0,2026-06-04
344,treatment,US,desktop,2,42.0,1.0,2026-06-05
345,control,US,desktop,4,30.0,0.75,2026-06-05
346,treatment,IN,mobile,0,,,2026-06-04
347,treatment,IN,mobile,2,37.5,0.5,2026-06-01
348,treatment,IN,mobile,2,49.0,0.5,2026-06-01
349,treatment,US,mobile,3,42.0,0.333,2026-06-03
350,treatment,CA,mobile,7,55.9,0.714,2026-06-05
351,control,IN,mobile,1,29.0,1.0,2026-06-02
352,treatment,IN,mobile,1,57.0,0.0,2026-06-05
353,control,DE,mobile,2,40.0,0.5,2026-06-05
354,control,BR,mobile,7,22.3,0.714,2026-06-05
355,control,GB,tablet,4,26.0,0.75,2026-06-01
356,treatment,US,desktop,5,58.6,0.6,2026-06-04
357,treatment,GB,mobile,0,,,2026-06-05
358,control,AU,mobile,1,19.0,0.0,2026-06-05
359,control,AU,desktop,3,25.0,0.667,2026-06-04
360,control,US,desktop,0,,,2026-06-03
361,control,IN,mobile,2,36.0,1.0,2026-06-01
362,treatment,PH,mobile,8,52.8,0.75,2026-06-05
363,control,US,mobile,4,35.8,0.25,2026-06-05
364,control,BR,mobile,9,35.4,0.667,2026-06-02
365,control,US,mobile,7,27.9,0.571,2026-06-02
366,control,US,mobile,5,37.4,0.6,2026-06-05
367,control,PH,mobile,6,29.2,0.667,2026-06-03
368,control,AU,mobile,3,24.0,0.667,2026-06-04
369,control,BR,mobile,5,31.4,0.8,2026-06-03
370,treatment,IN,mobile,3,48.3,0.667,2026-06-03
371,treatment,US,desktop,0,,,2026-06-04
372,control,PH,desktop,1,47.0,1.0,2026-06-02
373,control,CA,mobile,3,53.3,0.667,2026-06-05
374,control,IN,mobile,3,35.3,0.333,2026-06-03
375,treatment,US,desktop,1,43.0,1.0,2026-06-04
376,control,IN,mobile,0,,,2026-06-01
377,control,PH,mobile,0,,,2026-06-02
378,control,IN,desktop,2,19.5,1.0,2026-06-05
379,control,AU,mobile,1,16.0,1.0,2026-06-01
380,control,US,mobile,5,31.4,1.0,2026-06-03
381,treatment,GB,mobile,1,48.0,1.0,2026-06-04
382,treatment,US,tablet,1,75.0,0.0,2026-06-04
383,treatment,CA,desktop,1,93.0,1.0,2026-06-05
384,control,GB,desktop,3,25.3,1.0,2026-06-01
385,control,US,mobile,1,39.0,1.0,2026-06-02
386,control,US,desktop,6,29.7,0.5,2026-06-02
387,control,IN,desktop,6,32.0,0.667,2026-06-05
388,treatment,BR,mobile,0,,,2026-06-02
389,control,CA,mobile,4,40.0,0.75,2026-06-05
390,control,DE,mobile,0,,,2026-06-03
391,treatment,US,mobile,2,57.5,0.5,2026-06-02
392,treatment,US,mobile,0,,,2026-06-01
393,treatment,AU,mobile,1,52.0,0.0,2026-06-01
394,treatment,DE,mobile,3,51.3,0.667,2026-06-02
395,control,IN,mobile,2,21.0,1.0,2026-06-01
396,control,US,desktop,0,,,2026-06-04
397,control,CA,mobile,2,42.0,0.0,2026-06-04
398,treatment,GB,mobile,5,43.0,0.8,2026-06-03
399,treatment,PH,desktop,3,51.0,0.667,2026-06-02
400,control,BR,desktop,3,27.0,1.0,2026-06-04
401,control,AU,desktop,5,27.8,0.4,2026-06-02
402,control,DE,mobile,1,11.0,1.0,2026-06-03
403,control,US,mobile,5,29.6,0.8,2026-06-02
404,control,IN,mobile,2,28.5,1.0,2026-06-03
405,treatment,BR,mobile,1,24.0,1.0,2026-06-05
406,control,US,tablet,0,,,2026-06-01
407,control,US,mobile,1,7.0,0.0,2026-06-01
408,control,US,mobile,0,,,2026-06-01
409,treatment,GB,mobile,3,55.0,1.0,2026-06-01
410,control,IN,mobile,3,65.7,1.0,2026-06-04
411,treatment,US,mobile,2,27.0,0.5,2026-06-05
412,control,CA,desktop,2,77.0,0.5,2026-06-04
413,treatment,GB,mobile,0,,,2026-06-03
414,control,US,mobile,1,14.0,1.0,2026-06-05
415,treatment,PH,desktop,9,34.1,0.667,2026-06-05
416,control,PH,mobile,12,40.3,0.917,2026-06-02
417,treatment,US,desktop,13,55.4,0.846,2026-06-02
418,treatment,BR,tablet,0,,,2026-06-04
419,treatment,GB,mobile,2,38.0,0.5,2026-06-03
420,treatment,AU,desktop,5,47.2,0.6,2026-06-02
421,control,GB,mobile,2,22.5,0.5,2026-06-03
422,control,PH,mobile,3,24.7,0.667,2026-06-01
423,treatment,US,mobile,1,69.0,1.0,2026-06-01
424,treatment,DE,mobile,16,45.8,0.5,2026-06-04
425,control,BR,desktop,3,40.7,0.333,2026-06-03
426,treatment,US,mobile,2,51.0,0.5,2026-06-04
427,treatment,IN,mobile,5,50.2,0.8,2026-06-05
428,control,US,mobile,1,35.0,0.0,2026-06-05
429,treatment,US,mobile,1,62.0,1.0,2026-06-04
430,control,GB,mobile,6,32.8,0.833,2026-06-03
431,control,US,mobile,2,27.0,0.5,2026-06-01
432,treatment,IN,mobile,0,,,2026-06-04
433,treatment,US,mobile,1,35.0,1.0,2026-06-05
434,control,GB,mobile,6,25.5,0.667,2026-06-03
435,control,PH,mobile,2,18.5,1.0,2026-06-02
436,control,GB,desktop,9,25.1,1.0,2026-06-03
437,control,GB,mobile,2,18.5,1.0,2026-06-01
438,control,IN,mobile,6,43.5,0.5,2026-06-01
439,control,IN,mobile,4,47.2,0.5,2026-06-01
440,control,US,mobile,2,37.0,1.0,2026-06-04
441,control,DE,desktop,2,36.0,1.0,2026-06-03
442,treatment,GB,mobile,8,62.9,0.75,2026-06-04
443,treatment,US,tablet,0,,,2026-06-01
444,treatment,IN,desktop,6,41.2,1.0,2026-06-03
445,treatment,IN,mobile,3,40.0,0.333,2026-06-05
446,control,PH,desktop,2,17.5,1.0,2026-06-01
447,treatment,US,mobile,2,52.5,0.5,2026-06-01
448,control,BR,mobile,1,15.0,1.0,2026-06-03
449,control,PH,mobile,2,120.0,1.0,2026-06-03
450,treatment,BR,mobile,5,42.2,0.8,2026-06-01
451,control,US,mobile,1,58.0,1.0,2026-06-01
452,control,IN,mobile,1,38.0,1.0,2026-06-05
453,treatment,AU,mobile,6,42.7,0.333,2026-06-03
454,control,US,desktop,3,36.0,0.667,2026-06-04
455,treatment,BR,tablet,2,51.0,1.0,2026-06-03
456,control,IN,desktop,4,43.2,0.75,2026-06-03
457,treatment,IN,mobile,3,45.3,0.667,2026-06-01
458,control,IN,mobile,1,27.0,1.0,2026-06-02
459,control,IN,desktop,6,36.2,1.0,2026-06-05
460,control,US,tablet,6,29.5,1.0,2026-06-02
461,treatment,US,mobile,4,42.8,0.5,2026-06-03
462,treatment,CA,desktop,2,30.0,1.0,2026-06-03
463,control,IN,mobile,2,65.0,0.0,2026-06-05
464,control,US,desktop,0,,,2026-06-03
465,treatment,CA,mobile,2,33.0,0.0,2026-06-05
466,control,US,desktop,0,,,2026-06-02
467,control,US,tablet,3,17.0,0.333,2026-06-01
468,control,PH,desktop,0,,,2026-06-05
469,treatment,CA,mobile,2,42.5,0.5,2026-06-01
470,treatment,AU,desktop,7,52.1,0.429,2026-06-05
471,control,IN,desktop,4,61.8,0.5,2026-06-02
472,treatment,AU,desktop,3,55.3,1.0,2026-06-02
473,control,PH,mobile,1,39.0,0.0,2026-06-04
474,treatment,AU,desktop,0,,,2026-06-05
475,treatment,IN,mobile,2,35.5,0.5,2026-06-02
476,control,CA,mobile,6,31.0,0.833,2026-06-02
477,treatment,IN,mobile,1,22.0,0.0,2026-06-01
478,treatment,AU,mobile,1,18.0,0.0,2026-06-04
479,control,IN,mobile,0,,,2026-06-04
480,treatment,BR,desktop,6,50.8,1.0,2026-06-01
481,control,GB,mobile,4,40.8,1.0,2026-06-04
482,treatment,US,mobile,3,39.0,0.333,2026-06-05
483,control,DE,mobile,8,38.4,0.875,2026-06-05
484,control,IN,desktop,6,36.5,0.667,2026-06-05
485,treatment,US,mobile,2,39.0,0.0,2026-06-03
486,control,US,desktop,2,20.0,0.5,2026-06-03
487,control,US,mobile,0,,,2026-06-02
488,treatment,US,mobile,0,,,2026-06-03
489,treatment,US,mobile,8,59.9,0.625,2026-06-02
490,treatment,US,mobile,3,60.0,0.667,2026-06-04
491,control,CA,desktop,10,48.0,0.6,2026-06-01
492,treatment,CA,mobile,4,64.2,0.5,2026-06-05
493,control,IN,desktop,3,15.0,0.667,2026-06-03
494,control,BR,tablet,5,22.0,0.2,2026-06-03
495,control,IN,mobile,2,44.0,1.0,2026-06-03
496,treatment,US,mobile,1,26.0,0.0,2026-06-01
497,treatment,US,mobile,5,35.2,0.4,2026-06-04
498,treatment,IN,mobile,5,40.4,0.4,2026-06-03
499,treatment,PH,desktop,1,17.0,0.0,2026-06-01
500,control,IN,desktop,8,29.8,0.625,2026-06-03
501,treatment,GB,mobile,0,,,2026-06-05
502,treatment,IN,mobile,1,23.0,1.0,2026-06-04
503,control,IN,desktop,1,29.0,1.0,2026-06-02
504,treatment,IN,tablet,2,49.5,0.0,2026-06-02
505,treatment,AU,desktop,3,83.0,0.333,2026-06-04
506,treatment,IN,desktop,2,51.5,0.5,2026-06-02
507,control,IN,desktop,1,34.0,1.0,2026-06-05
508,control,US,mobile,12,26.3,0.5,2026-06-03
509,treatment,DE,desktop,4,49.0,1.0,2026-06-04
510,control,DE,mobile,4,35.2,0.5,2026-06-02
511,treatment,IN,mobile,5,71.4,0.8,2026-06-03
512,treatment,US,mobile,3,58.0,0.333,2026-06-04
513,control,IN,desktop,0,,,2026-06-02
514,control,US,mobile,4,51.2,0.75,2026-06-02
515,control,US,desktop,0,,,2026-06-04
516,control,DE,mobile,5,40.4,1.0,2026-06-04
517,control,IN,mobile,3,34.0,0.667,2026-06-02
518,treatment,IN,mobile,3,37.7,0.333,2026-06-05
519,treatment,AU,mobile,7,55.0,0.286,2026-06-02
520,treatment,IN,desktop,7,44.4,0.714,2026-06-02
521,treatment,US,mobile,2,75.5,0.5,2026-06-02
522,control,PH,desktop,3,34.7,1.0,2026-06-01
523,control,IN,mobile,6,31.2,0.833,2026-06-05
524,treatment,CA,mobile,0,,,2026-06-04
525,control,US,mobile,2,60.0,1.0,2026-06-03
526,control,US,mobile,1,51.0,1.0,2026-06-01
527,control,IN,desktop,12,29.3,0.917,2026-06-03
528,treatment,US,mobile,0,,,2026-06-02
529,control,IN,mobile,0,,,2026-06-04
530,control,US,desktop,0,,,2026-06-04
531,control,US,desktop,1,43.0,1.0,2026-06-05
532,treatment,BR,mobile,5,51.8,0.6,2026-06-02
533,control,IN,mobile,1,29.0,1.0,2026-06-01
534,treatment,DE,mobile,3,37.7,0.667,2026-06-03
535,control,IN,desktop,3,37.3,0.667,2026-06-01
536,control,US,mobile,6,37.8,0.5,2026-06-05
537,treatment,US,mobile,8,58.5,0.875,2026-06-03
538,treatment,PH,desktop,4,32.2,1.0,2026-06-01
539,treatment,IN,mobile,6,41.0,0.833,2026-06-03
540,treatment,US,desktop,4,60.0,0.5,2026-06-03
541,control,US,desktop,2,24.0,1.0,2026-06-03
542,treatment,US,mobile,1,63.0,1.0,2026-06-03
543,treatment,PH,desktop,5,61.8,0.8,2026-06-04
544,treatment,AU,desktop,8,42.2,0.875,2026-06-03
545,treatment,IN,desktop,3,33.0,0.667,2026-06-01
546,treatment,IN,mobile,3,43.7,0.667,2026-06-05
547,treatment,US,desktop,0,,,2026-06-03
548,treatment,DE,mobile,0,,,2026-06-03
549,treatment,IN,mobile,4,59.2,0.5,2026-06-05
550,control,GB,mobile,2,12.5,0.0,2026-06-03
551,treatment,GB,desktop,0,,,2026-06-01
552,treatment,GB,mobile,0,,,2026-06-01
553,treatment,BR,mobile,0,,,2026-06-05
554,control,US,mobile,3,39.0,0.333,2026-06-03
555,control,CA,desktop,2,40.5,1.0,2026-06-02
556,control,US,mobile,3,39.7,0.667,2026-06-02
557,control,GB,mobile,0,,,2026-06-01
558,control,GB,tablet,7,28.6,0.857,2026-06-04
559,control,AU,desktop,1,27.0,1.0,2026-06-04
560,treatment,DE,mobile,0,,,2026-06-01
561,treatment,GB,mobile,5,39.4,0.4,2026-06-03
562,treatment,BR,tablet,0,,,2026-06-04
563,treatment,GB,mobile,7,41.4,0.571,2026-06-04
564,treatment,CA,mobile,4,42.5,0.75,2026-06-03
565,control,DE,desktop,5,35.4,0.6,2026-06-05
566,treatment,IN,tablet,1,109.0,1.0,2026-06-03
567,treatment,CA,mobile,2,24.5,1.0,2026-06-02
568,control,US,desktop,3,24.7,0.667,2026-06-03
569,treatment,US,mobile,2,21.0,1.0,2026-06-01
570,treatment,US,desktop,2,37.5,0.5,2026-06-05
571,control,US,mobile,1,15.0,0.0,2026-06-05
572,control,IN,mobile,0,,,2026-06-04
573,control,GB,desktop,1,7.0,0.0,2026-06-01
574,treatment,IN,mobile,2,36.0,1.0,2026-06-02
575,treatment,PH,desktop,2,64.0,1.0,2026-06-03
576,control,US,mobile,9,26.2,0.778,2026-06-02
577,treatment,IN,mobile,1,51.0,0.0,2026-06-03
578,treatment,DE,desktop,3,38.7,0.333,2026-06-04
579,treatment,DE,mobile,0,,,2026-06-04
580,control,PH,mobile,2,19.5,1.0,2026-06-02
581,control,IN,desktop,1,21.0,1.0,2026-06-03
582,control,BR,mobile,3,34.0,0.667,2026-06-02
583,treatment,US,desktop,4,35.2,0.25,2026-06-03
584,control,AU,mobile,3,15.0,0.333,2026-06-01
585,control,PH,desktop,5,32.8,0.8,2026-06-05
586,treatment,US,mobile,0,,,2026-06-03
587,control,CA,mobile,2,22.5,0.0,2026-06-02
588,treatment,US,mobile,1,65.0,1.0,2026-06-05
589,treatment,US,mobile,1,39.0,1.0,2026-06-03
590,treatment,IN,desktop,2,20.0,1.0,2026-06-01
591,control,US,tablet,5,28.2,0.8,2026-06-02
592,control,DE,mobile,2,18.0,0.5,2026-06-03
593,control,US,mobile,3,46.7,0.667,2026-06-02
594,control,BR,tablet,5,44.0,0.2,2026-06-02
595,treatment,DE,mobile,6,37.2,0.833,2026-06-02
596,treatment,IN,mobile,4,85.8,1.0,2026-06-01
597,control,BR,mobile,4,25.2,0.5,2026-06-04
598,control,CA,desktop,3,30.7,1.0,2026-06-02
599,control,IN,mobile,1,22.0,1.0,2026-06-02
600,treatment,IN,desktop,1,49.0,1.0,2026-06-01
601,control,US,tablet,2,46.5,1.0,2026-06-03
602,control,US,mobile,3,16.0,0.667,2026-06-02
603,control,PH,mobile,5,26.6,0.6,2026-06-05
604,treatment,IN,mobile,0,,,2026-06-05
605,treatment,PH,desktop,6,46.8,0.833,2026-06-05
606,treatment,CA,desktop,5,39.0,1.0,2026-06-01
607,control,IN,desktop,2,18.5,1.0,2026-06-01
608,treatment,CA,mobile,2,83.5,1.0,2026-06-03
609,control,IN,mobile,4,32.0,1.0,2026-06-03
610,treatment,US,mobile,1,79.0,1.0,2026-06-01
611,treatment,IN,mobile,0,,,2026-06-05
612,control,US,mobile,2,29.5,1.0,2026-06-03
613,treatment,IN,mobile,2,52.0,1.0,2026-06-05
614,treatment,GB,mobile,8,55.5,0.75,2026-06-02
615,control,PH,desktop,1,59.0,1.0,2026-06-01
616,control,BR,mobile,8,39.0,0.625,2026-06-03
617,treatment,AU,mobile,12,50.6,0.917,2026-06-01
618,control,IN,desktop,0,,,2026-06-04
619,treatment,PH,desktop,8,55.0,0.875,2026-06-03
620,control,GB,tablet,2,25.5,1.0,2026-06-04
621,control,US,mobile,1,32.0,0.0,2026-06-01
622,treatment,BR,mobile,4,52.8,0.75,2026-06-04
623,treatment,IN,mobile,2,62.5,1.0,2026-06-01
624,treatment,CA,mobile,0,,,2026-06-01
625,control,IN,mobile,2,21.0,0.5,2026-06-03
626,treatment,US,tablet,2,57.5,0.5,2026-06-05
627,treatment,US,desktop,6,35.2,0.833,2026-06-04
628,control,US,mobile,5,32.0,0.6,2026-06-01
629,treatment,US,desktop,2,23.5,0.5,2026-06-02
630,treatment,GB,desktop,0,,,2026-06-04
631,control,US,mobile,2,27.5,0.0,2026-06-03
632,control,IN,mobile,7,29.3,0.714,2026-06-03
633,treatment,US,mobile,10,55.4,0.6,2026-06-01
634,treatment,US,mobile,5,47.8,0.8,2026-06-03
635,treatment,PH,desktop,7,69.3,0.714,2026-06-03
636,control,IN,mobile,6,42.5,1.0,2026-06-02
637,treatment,US,mobile,7,72.6,0.857,2026-06-02
638,control,US,mobile,1,28.0,1.0,2026-06-02
639,treatment,US,mobile,6,48.7,0.833,2026-06-02
640,control,BR,mobile,2,25.5,0.5,2026-06-05
641,treatment,US,mobile,0,,,2026-06-05
642,treatment,US,mobile,5,61.6,0.6,2026-06-04
643,control,DE,mobile,4,23.5,0.5,2026-06-01
644,control,GB,tablet,0,,,2026-06-05
645,control,CA,mobile,1,43.0,0.0,2026-06-01
646,control,BR,desktop,1,29.0,1.0,2026-06-03
647,treatment,US,mobile,3,50.0,0.667,2026-06-02
648,treatment,US,desktop,8,41.0,0.625,2026-06-02
649,treatment,BR,mobile,1,29.0,1.0,2026-06-02
650,treatment,BR,mobile,1,103.0,0.0,2026-06-05
651,control,BR,mobile,7,25.0,0.857,2026-06-01
652,control,IN,desktop,0,,,2026-06-03
653,control,AU,mobile,2,27.0,1.0,2026-06-03
654,control,GB,mobile,3,31.3,0.333,2026-06-03
655,control,GB,mobile,1,48.0,0.0,2026-06-03
656,treatment,BR,mobile,4,39.0,0.75,2026-06-05
657,treatment,BR,mobile,2,34.5,1.0,2026-06-03
658,control,US,desktop,1,27.0,1.0,2026-06-02
659,treatment,IN,mobile,0,,,2026-06-02
660,control,BR,mobile,4,24.2,0.75,2026-06-02
661,control,GB,mobile,0,,,2026-06-04
662,treatment,US,tablet,4,59.5,0.5,2026-06-02
663,control,US,mobile,1,28.0,0.0,2026-06-01
664,treatment,BR,mobile,5,37.0,1.0,2026-06-04
665,control,PH,desktop,1,41.0,1.0,2026-06-01
666,treatment,DE,mobile,0,,,2026-06-05
667,treatment,IN,desktop,7,53.9,0.714,2026-06-01
668,treatment,US,desktop,16,47.1,0.625,2026-06-05
669,control,US,tablet,1,68.0,0.0,2026-06-05
670,treatment,US,mobile,1,27.0,1.0,2026-06-05
671,treatment,US,desktop,2,54.5,1.0,2026-06-03
672,treatment,US,desktop,2,50.0,0.5,2026-06-03
673,control,IN,tablet,4,26.8,0.75,2026-06-03
674,control,IN,desktop,2,73.0,1.0,2026-06-02
675,treatment,US,mobile,3,49.3,0.667,2026-06-01
676,treatment,PH,mobile,3,49.0,1.0,2026-06-01
677,control,IN,desktop,2,46.5,1.0,2026-06-03
678,control,IN,mobile,6,32.3,0.833,2026-06-04
679,treatment,IN,tablet,3,36.7,0.333,2026-06-03
680,control,GB,desktop,2,27.0,1.0,2026-06-02
681,control,IN,mobile,5,34.6,0.0,2026-06-05
682,control,PH,mobile,2,20.0,0.5,2026-06-01
683,control,IN,mobile,3,36.7,1.0,2026-06-03
684,treatment,IN,mobile,0,,,2026-06-04
685,treatment,IN,mobile,0,,,2026-06-05
686,treatment,US,tablet,13,37.8,0.692,2026-06-03
687,control,BR,desktop,2,35.5,1.0,2026-06-01
688,control,IN,desktop,5,30.4,0.4,2026-06-04
689,treatment,US,mobile,6,53.2,0.667,2026-06-02
690,treatment,IN,mobile,0,,,2026-06-05
691,treatment,IN,desktop,6,40.3,0.833,2026-06-04
692,control,GB,mobile,4,33.5,0.5,2026-06-04
693,treatment,PH,mobile,2,67.5,0.5,2026-06-03
694,control,PH,mobile,5,24.8,0.6,2026-06-03
695,treatment,US,mobile,5,52.8,0.8,2026-06-01
696,control,GB,desktop,3,34.0,0.667,2026-06-02
697,control,BR,mobile,2,19.0,1.0,2026-06-03
698,treatment,GB,mobile,4,54.8,0.25,2026-06-02
699,control,IN,mobile,7,34.0,0.714,2026-06-04
700,control,GB,desktop,2,39.0,0.5,2026-06-05
701,control,IN,mobile,4,45.2,0.25,2026-06-04
702,control,DE,desktop,9,36.6,1.0,2026-06-02
703,treatment,BR,mobile,1,47.0,0.0,2026-06-05
704,control,GB,desktop,1,49.0,0.0,2026-06-04
705,treatment,AU,desktop,3,51.3,1.0,2026-06-05
706,treatment,US,desktop,0,,,2026-06-04
707,control,IN,mobile,0,,,2026-06-04
708,treatment,US,tablet,9,40.7,0.667,2026-06-03
709,control,US,mobile,2,20.5,1.0,2026-06-02
710,treatment,BR,mobile,5,53.8,1.0,2026-06-05
711,control,DE,desktop,0,,,2026-06-03
712,control,US,desktop,2,45.0,1.0,2026-06-05
713,control,IN,mobile,1,34.0,1.0,2026-06-05
714,control,IN,desktop,1,33.0,1.0,2026-06-01
715,control,CA,mobile,6,20.2,0.667,2026-06-01
716,treatment,US,tablet,5,45.8,1.0,2026-06-05
717,treatment,US,mobile,6,44.7,1.0,2026-06-01
718,treatment,IN,mobile,4,64.5,1.0,2026-06-02
719,control,AU,desktop,6,38.7,0.833,2026-06-03
720,control,BR,mobile,2,44.0,0.5,2026-06-01
721,control,US,desktop,5,32.4,1.0,2026-06-01
722,control,US,desktop,2,37.0,0.5,2026-06-01
723,control,PH,mobile,6,44.5,0.833,2026-06-05
724,treatment,IN,mobile,1,40.0,1.0,2026-06-05
725,control,IN,mobile,6,34.3,0.667,2026-06-04
726,treatment,IN,mobile,1,13.0,0.0,2026-06-03
727,treatment,PH,mobile,6,36.7,1.0,2026-06-05
728,control,IN,mobile,0,,,2026-06-01
729,treatment,DE,mobile,3,42.3,0.667,2026-06-01
730,treatment,US,desktop,1,24.0,0.0,2026-06-02
731,control,PH,mobile,3,35.7,0.667,2026-06-05
732,treatment,BR,mobile,8,38.2,0.5,2026-06-05
733,control,US,desktop,1,33.0,1.0,2026-06-04
734,control,US,mobile,1,56.0,1.0,2026-06-02
735,treatment,US,mobile,2,54.5,0.5,2026-06-05
736,treatment,GB,desktop,4,39.0,0.75,2026-06-05
737,control,PH,mobile,2,41.5,1.0,2026-06-05
738,control,BR,mobile,1,37.0,1.0,2026-06-02
739,control,US,mobile,0,,,2026-06-02
740,treatment,BR,desktop,2,89.0,0.0,2026-06-02
741,treatment,GB,desktop,2,42.5,1.0,2026-06-05
742,control,IN,desktop,0,,,2026-06-01
743,treatment,US,mobile,6,40.3,1.0,2026-06-02
744,control,DE,tablet,4,43.2,1.0,2026-06-05
745,treatment,CA,mobile,3,49.0,0.667,2026-06-02
746,treatment,IN,mobile,4,42.5,0.75,2026-06-05
747,treatment,AU,mobile,1,42.0,1.0,2026-06-04
748,control,GB,mobile,9,35.7,0.556,2026-06-05
749,control,BR,mobile,9,40.0,0.667,2026-06-03
750,treatment,US,mobile,1,53.0,1.0,2026-06-05
751,control,US,mobile,4,21.2,0.5,2026-06-01
752,control,US,mobile,9,30.0,0.667,2026-06-04
753,control,BR,desktop,3,38.3,0.667,2026-06-05
754,control,CA,mobile,1,23.0,1.0,2026-06-03
755,control,IN,mobile,2,35.0,1.0,2026-06-01
756,treatment,IN,desktop,4,40.2,0.75,2026-06-02
757,control,PH,desktop,2,30.0,0.5,2026-06-01
758,treatment,IN,mobile,3,94.7,0.333,2026-06-02
759,control,PH,mobile,2,51.5,0.5,2026-06-04
760,treatment,IN,mobile,8,52.1,0.5,2026-06-04
761,control,US,mobile,2,19.5,1.0,2026-06-02
762,treatment,US,desktop,3,32.0,1.0,2026-06-04
763,control,BR,desktop,0,,,2026-06-04
764,control,IN,mobile,2,26.0,1.0,2026-06-01
765,treatment,BR,mobile,1,52.0,1.0,2026-06-04
766,treatment,IN,mobile,2,50.5,1.0,2026-06-03
767,treatment,GB,mobile,4,44.5,0.75,2026-06-02
768,treatment,US,mobile,2,34.0,1.0,2026-06-05
769,control,IN,mobile,4,24.8,0.5,2026-06-04
770,treatment,US,desktop,5,51.0,0.4,2026-06-02
771,treatment,GB,tablet,5,69.6,0.8,2026-06-03
772,control,PH,desktop,8,30.6,1.0,2026-06-02
773,treatment,IN,desktop,6,40.5,0.5,2026-06-04
774,treatment,US,mobile,1,40.0,0.0,2026-06-03
775,control,IN,desktop,2,34.0,1.0,2026-06-04
776,control,BR,mobile,1,38.0,0.0,2026-06-03
777,treatment,US,mobile,2,43.0,0.0,2026-06-03
778,treatment,GB,mobile,4,45.2,1.0,2026-06-04
779,control,IN,mobile,2,22.5,1.0,2026-06-01
780,treatment,DE,mobile,6,35.3,0.333,2026-06-01
781,control,US,desktop,2,63.0,1.0,2026-06-01
782,treatment,US,mobile,2,65.5,0.5,2026-06-01
783,treatment,IN,desktop,1,48.0,1.0,2026-06-04
784,control,IN,mobile,2,36.5,0.5,2026-06-01
785,control,IN,mobile,0,,,2026-06-04
786,control,PH,mobile,5,32.2,1.0,2026-06-02
787,treatment,GB,mobile,3,34.7,1.0,2026-06-03
788,control,IN,desktop,4,33.8,1.0,2026-06-02
789,control,IN,mobile,6,27.8,0.667,2026-06-01
790,control,IN,desktop,0,,,2026-06-01
791,control,PH,mobile,2,40.5,1.0,2026-06-01
792,treatment,US,mobile,8,43.1,0.75,2026-06-01
793,treatment,US,mobile,2,43.0,1.0,2026-06-02
794,treatment,DE,mobile,0,,,2026-06-01
795,control,US,desktop,3,18.7,0.667,2026-06-05
796,control,US,mobile,2,22.5,0.0,2026-06-04
797,treatment,US,desktop,0,,,2026-06-01
798,treatment,US,desktop,3,65.0,0.667,2026-06-03
799,treatment,US,desktop,2,32.0,0.5,2026-06-05
800,control,DE,mobile,9,29.9,0.444,2026-06-02
801,treatment,US,desktop,2,18.5,0.5,2026-06-01
802,treatment,IN,mobile,1,19.0,0.0,2026-06-01
803,control,IN,desktop,12,32.5,0.667,2026-06-02
804,control,CA,mobile,3,22.3,1.0,2026-06-03
805,control,US,mobile,0,,,2026-06-04
806,treatment,GB,mobile,1,103.0,0.0,2026-06-04
807,treatment,IN,mobile,3,40.3,0.333,2026-06-01
808,control,US,desktop,2,43.5,1.0,2026-06-04
809,control,US,mobile,6,29.5,0.833,2026-06-02
810,control,PH,mobile,0,,,2026-06-03
811,control,US,mobile,2,28.0,1.0,2026-06-01
812,control,IN,desktop,1,48.0,0.0,2026-06-03
813,treatment,US,desktop,4,36.5,0.5,2026-06-05
814,control,AU,mobile,6,32.8,0.833,2026-06-05
815,control,IN,desktop,1,34.0,1.0,2026-06-04
816,treatment,BR,mobile,2,39.0,1.0,2026-06-02
817,control,IN,mobile,8,34.1,0.375,2026-06-03
818,treatment,US,desktop,3,57.7,0.667,2026-06-05
819,control,BR,desktop,4,50.8,0.0,2026-06-05
820,treatment,GB,mobile,4,32.8,1.0,2026-06-04
821,control,US,mobile,1,32.0,1.0,2026-06-03
822,treatment,CA,mobile,1,39.0,0.0,2026-06-05
823,treatment,US,mobile,3,41.7,1.0,2026-06-03
824,treatment,BR,mobile,16,59.8,0.562,2026-06-03
825,control,AU,tablet,2,22.0,0.5,2026-06-05
826,control,IN,tablet,5,28.6,1.0,2026-06-05
827,treatment,AU,mobile,1,22.0,0.0,2026-06-02
828,control,CA,mobile,1,34.0,1.0,2026-06-01
829,control,US,mobile,2,56.5,0.5,2026-06-03
830,control,IN,mobile,4,39.5,0.75,2026-06-02
831,treatment,CA,mobile,5,44.2,0.8,2026-06-04
832,treatment,DE,mobile,4,62.8,0.75,2026-06-02
833,control,AU,mobile,6,34.2,0.5,2026-06-03
834,control,IN,mobile,1,22.0,1.0,2026-06-01
835,treatment,PH,mobile,4,75.0,0.75,2026-06-05
836,treatment,DE,mobile,6,50.8,1.0,2026-06-01
837,control,US,mobile,4,40.8,0.5,2026-06-03
838,treatment,GB,mobile,4,51.5,0.75,2026-06-05
839,treatment,PH,desktop,0,,,2026-06-04
840,control,IN,mobile,1,15.0,0.0,2026-06-04
841,control,IN,desktop,1,46.0,1.0,2026-06-04
842,treatment,US,desktop,0,,,2026-06-04
843,treatment,US,mobile,5,34.8,0.8,2026-06-05
844,treatment,US,mobile,0,,,2026-06-04
845,control,PH,mobile,2,32.0,1.0,2026-06-04
846,treatment,IN,desktop,2,54.0,1.0,2026-06-05
847,treatment,IN,desktop,2,68.5,1.0,2026-06-01
848,treatment,BR,mobile,2,91.5,0.5,2026-06-04
849,control,US,mobile,7,41.0,0.714,2026-06-05
850,treatment,CA,mobile,0,,,2026-06-02
851,control,CA,mobile,1,63.0,1.0,2026-06-05
852,treatment,GB,mobile,0,,,2026-06-05
853,treatment,GB,mobile,7,66.1,0.714,2026-06-05
854,treatment,IN,desktop,0,,,2026-06-02
855,control,GB,mobile,6,29.7,1.0,2026-06-02
856,control,BR,mobile,1,35.0,1.0,2026-06-02
857,control,IN,mobile,2,35.5,1.0,2026-06-04
858,treatment,CA,desktop,1,104.0,1.0,2026-06-04
859,treatment,BR,desktop,4,37.8,0.75,2026-06-02
860,control,BR,mobile,4,29.0,0.75,2026-06-02
861,treatment,US,mobile,2,76.5,0.5,2026-06-05
862,treatment,US,tablet,2,53.5,1.0,2026-06-05
863,treatment,US,mobile,1,57.0,0.0,2026-06-02
864,control,US,mobile,3,26.3,1.0,2026-06-02
865,treatment,US,mobile,3,53.3,0.667,2026-06-02
866,treatment,GB,desktop,2,92.0,1.0,2026-06-03
867,control,US,mobile,1,42.0,1.0,2026-06-01
868,treatment,CA,mobile,6,52.2,1.0,2026-06-04
869,control,PH,desktop,3,51.0,0.333,2026-06-03
870,control,PH,mobile,1,15.0,1.0,2026-06-01
871,treatment,IN,mobile,4,33.2,0.5,2026-06-05
872,control,BR,mobile,0,,,2026-06-02
873,control,CA,mobile,1,14.0,0.0,2026-06-04
874,treatment,BR,desktop,4,61.2,0.75,2026-06-05
875,control,US,desktop,3,27.7,0.333,2026-06-01
876,treatment,CA,mobile,1,47.0,1.0,2026-06-02
877,treatment,US,mobile,3,63.0,1.0,2026-06-02
878,control,PH,desktop,1,53.0,1.0,2026-06-04
879,control,US,desktop,1,33.0,0.0,2026-06-05
880,control,BR,mobile,1,20.0,1.0,2026-06-02
881,treatment,US,tablet,2,46.5,0.5,2026-06-05
882,treatment,IN,desktop,2,36.5,0.5,2026-06-05
883,treatment,CA,mobile,4,34.5,0.25,2026-06-02
884,control,IN,mobile,1,47.0,0.0,2026-06-05
885,treatment,CA,mobile,2,97.5,0.5,2026-06-05
886,treatment,IN,mobile,5,71.6,0.4,2026-06-01
887,control,PH,desktop,1,23.0,1.0,2026-06-04
888,treatment,BR,mobile,0,,,2026-06-05
889,control,GB,mobile,1,61.0,1.0,2026-06-03
890,treatment,US,mobile,1,22.0,0.0,2026-06-03
891,treatment,CA,mobile,0,,,2026-06-04
892,treatment,DE,tablet,2,41.0,0.5,2026-06-05
893,treatment,GB,mobile,1,66.0,0.0,2026-06-03
894,treatment,GB,mobile,4,39.0,1.0,2026-06-04
895,control,US,mobile,3,31.7,0.333,2026-06-02
896,control,US,mobile,9,35.6,0.778,2026-06-05
897,treatment,IN,mobile,3,32.0,0.667,2026-06-02
898,treatment,US,mobile,3,33.3,1.0,2026-06-02
899,treatment,US,mobile,3,41.7,1.0,2026-06-02
900,control,IN,tablet,1,16.0,1.0,2026-06-05
901,control,US,tablet,12,27.5,0.667,2026-06-05
902,control,IN,mobile,3,32.7,0.667,2026-06-02
903,treatment,BR,desktop,1,19.0,1.0,2026-06-05
904,control,US,desktop,2,30.0,1.0,2026-06-04
905,treatment,US,mobile,2,67.5,1.0,2026-06-02
906,control,US,desktop,2,32.0,1.0,2026-06-03
907,control,US,desktop,3,39.7,0.667,2026-06-04
908,control,BR,mobile,2,24.5,0.5,2026-06-04
909,treatment,US,mobile,3,46.0,1.0,2026-06-05
910,control,IN,mobile,4,27.0,0.25,2026-06-04
911,treatment,IN,tablet,21,47.6,0.714,2026-06-04
912,control,BR,mobile,2,42.0,0.5,2026-06-02
913,treatment,GB,desktop,1,33.0,1.0,2026-06-04
914,treatment,IN,mobile,6,48.2,1.0,2026-06-01
915,control,IN,desktop,2,37.0,1.0,2026-06-02
916,control,US,mobile,1,13.0,1.0,2026-06-03
917,control,IN,desktop,2,26.5,0.5,2026-06-01
918,control,DE,mobile,1,23.0,1.0,2026-06-04
919,control,CA,tablet,0,,,2026-06-02
920,control,US,mobile,7,38.3,0.429,2026-06-01
921,control,US,mobile,1,43.0,1.0,2026-06-03
922,control,PH,mobile,4,36.8,0.5,2026-06-03
923,control,DE,desktop,3,29.3,1.0,2026-06-02
924,treatment,US,desktop,6,64.2,0.833,2026-06-01
925,treatment,GB,desktop,1,46.0,1.0,2026-06-02
926,treatment,AU,mobile,9,43.0,0.556,2026-06-01
927,control,GB,mobile,1,13.0,0.0,2026-06-02
928,treatment,US,mobile,2,32.0,0.0,2026-06-03
929,control,DE,mobile,3,34.7,1.0,2026-06-04
930,control,US,mobile,0,,,2026-06-04
931,treatment,US,desktop,4,53.5,1.0,2026-06-01
932,treatment,IN,mobile,3,37.3,0.333,2026-06-04
933,treatment,US,mobile,6,59.3,0.833,2026-06-04
934,treatment,US,mobile,0,,,2026-06-05
935,treatment,US,mobile,2,64.5,0.5,2026-06-03
936,treatment,US,mobile,4,65.5,0.75,2026-06-05
937,treatment,IN,desktop,3,28.0,1.0,2026-06-03
938,control,US,mobile,1,30.0,0.0,2026-06-04
939,treatment,IN,mobile,2,60.0,1.0,2026-06-04
940,control,BR,desktop,1,97.0,1.0,2026-06-04
941,treatment,CA,desktop,2,71.0,1.0,2026-06-03
942,control,IN,mobile,2,44.0,1.0,2026-06-05
943,control,PH,tablet,1,48.0,1.0,2026-06-04
944,treatment,IN,tablet,1,54.0,0.0,2026-06-05
945,treatment,PH,mobile,3,35.0,0.667,2026-06-05
946,treatment,IN,desktop,6,41.7,1.0,2026-06-01
947,treatment,IN,mobile,0,,,2026-06-03
948,treatment,US,mobile,3,35.0,1.0,2026-06-05
949,treatment,IN,tablet,3,62.3,1.0,2026-06-02
950,control,US,desktop,3,36.0,1.0,2026-06-01
951,treatment,DE,desktop,4,47.5,1.0,2026-06-05
952,treatment,IN,tablet,7,54.1,0.857,2026-06-02
953,control,US,desktop,0,,,2026-06-02
954,control,CA,mobile,0,,,2026-06-03
955,treatment,PH,mobile,6,48.8,1.0,2026-06-01
956,treatment,CA,mobile,4,53.8,1.0,2026-06-04
957,treatment,IN,mobile,1,47.0,0.0,2026-06-03
958,treatment,IN,desktop,3,71.0,0.667,2026-06-05
959,control,CA,desktop,2,16.0,0.5,2026-06-03
960,treatment,US,mobile,0,,,2026-06-04
961,treatment,IN,desktop,2,45.5,0.0,2026-06-03
962,treatment,US,mobile,2,40.0,0.5,2026-06-04
963,control,US,mobile,2,29.5,0.5,2026-06-03
964,treatment,CA,mobile,3,44.0,1.0,2026-06-03
965,control,IN,desktop,2,22.5,0.5,2026-06-01
966,treatment,GB,mobile,3,47.7,0.667,2026-06-02
967,treatment,US,desktop,7,49.0,0.714,2026-06-04
968,treatment,US,desktop,4,58.8,0.25,2026-06-01
969,treatment,PH,mobile,5,62.6,1.0,2026-06-02
970,control,IN,desktop,8,28.8,0.875,2026-06-03
971,control,DE,desktop,8,33.6,0.5,2026-06-04
972,control,IN,mobile,2,36.0,1.0,2026-06-05
973,control,PH,mobile,2,33.0,0.0,2026-06-03
974,control,PH,mobile,2,18.0,1.0,2026-06-01
975,control,AU,mobile,4,20.8,0.5,2026-06-02
976,treatment,AU,mobile,0,,,2026-06-04
977,control,US,desktop,3,23.3,0.333,2026-06-04
978,treatment,BR,mobile,5,41.2,0.6,2026-06-04
979,treatment,IN,desktop,7,45.9,0.857,2026-06-03
980,treatment,BR,mobile,5,47.4,0.6,2026-06-03
981,control,US,mobile,5,28.0,0.4,2026-06-05
982,control,PH,mobile,2,30.0,1.0,2026-06-04
983,control,US,mobile,6,23.5,0.333,2026-06-05
984,control,IN,mobile,4,54.0,0.75,2026-06-04
985,treatment,US,mobile,4,52.2,0.75,2026-06-04
986,treatment,US,mobile,0,,,2026-06-02
987,treatment,BR,desktop,0,,,2026-06-04
988,treatment,US,mobile,9,62.4,0.667,2026-06-02
989,control,DE,mobile,6,47.5,1.0,2026-06-02
990,treatment,US,mobile,6,62.8,0.5,2026-06-04
991,control,GB,tablet,2,22.5,0.5,2026-06-04
992,treatment,BR,mobile,2,44.0,1.0,2026-06-03
993,control,GB,mobile,7,42.7,0.714,2026-06-02
994,treatment,BR,mobile,5,60.0,0.6,2026-06-03
995,control,CA,mobile,2,34.0,0.0,2026-06-04
996,treatment,PH,mobile,0,,,2026-06-04
997,control,DE,mobile,0,,,2026-06-04
998,treatment,IN,mobile,0,,,2026-06-03
999,control,BR,desktop,2,29.5,0.5,2026-06-04
1000,treatment,CA,tablet,2,89.0,0.5,2026-06-04
1001,treatment,CA,mobile,0,,,2026-06-02
1002,control,DE,mobile,3,21.7,0.333,2026-06-03
1003,control,GB,mobile,0,,,2026-06-03
1004,treatment,US,mobile,3,50.0,0.667,2026-06-04
1005,treatment,BR,desktop,2,68.0,1.0,2026-06-01
1006,treatment,IN,tablet,1,37.0,1.0,2026-06-01
1007,control,IN,desktop,1,41.0,1.0,2026-06-05
1008,control,US,mobile,2,21.5,0.5,2026-06-05
1009,treatment,BR,mobile,9,56.6,0.889,2026-06-05
1010,treatment,BR,mobile,5,64.8,0.8,2026-06-04
1011,treatment,IN,mobile,3,61.0,0.667,2026-06-03
1012,treatment,PH,mobile,1,61.0,1.0,2026-06-02
1013,control,BR,desktop,8,30.6,0.75,2026-06-05
1014,control,CA,mobile,2,27.5,1.0,2026-06-02
1015,treatment,US,mobile,2,24.5,0.0,2026-06-05
1016,control,IN,tablet,3,28.0,0.667,2026-06-05
1017,control,IN,desktop,3,17.3,0.667,2026-06-04
1018,control,IN,mobile,1,18.0,0.0,2026-06-05
1019,control,IN,desktop,2,52.5,0.5,2026-06-01
1020,treatment,DE,desktop,0,,,2026-06-04
1021,control,DE,mobile,5,32.4,0.6,2026-06-02
1022,control,PH,desktop,3,32.7,0.667,2026-06-01
1023,control,BR,mobile,1,28.0,1.0,2026-06-01
1024,control,US,desktop,3,32.3,0.333,2026-06-03
1025,control,BR,mobile,3,33.0,1.0,2026-06-03
1026,treatment,GB,desktop,1,12.0,0.0,2026-06-03
1027,control,IN,mobile,3,64.3,1.0,2026-06-01
1028,treatment,BR,desktop,7,61.6,0.857,2026-06-05
1029,control,US,mobile,5,30.0,0.8,2026-06-01
1030,treatment,GB,mobile,2,54.0,1.0,2026-06-05
1031,treatment,GB,mobile,5,43.0,1.0,2026-06-02
1032,control,PH,mobile,5,26.8,0.8,2026-06-02
1033,control,US,desktop,7,35.6,0.571,2026-06-02
1034,treatment,IN,mobile,1,69.0,1.0,2026-06-03
1035,treatment,DE,mobile,9,44.1,0.778,2026-06-04
1036,treatment,BR,mobile,7,38.9,0.429,2026-06-05
1037,control,CA,tablet,6,27.5,0.333,2026-06-02
1038,control,GB,mobile,2,32.0,1.0,2026-06-01
1039,control,CA,mobile,2,47.0,0.5,2026-06-02
1040,treatment,IN,mobile,6,48.2,0.833,2026-06-03
1041,control,DE,desktop,2,51.0,0.5,2026-06-01
1042,treatment,IN,desktop,7,34.1,0.857,2026-06-01
1043,control,IN,mobile,0,,,2026-06-02
1044,treatment,US,desktop,3,47.3,1.0,2026-06-02
1045,control,US,mobile,1,17.0,0.0,2026-06-03
1046,control,GB,mobile,1,59.0,1.0,2026-06-01
1047,treatment,GB,mobile,6,46.5,0.833,2026-06-02
1048,treatment,GB,desktop,0,,,2026-06-05
1049,control,IN,desktop,1,22.0,0.0,2026-06-03
1050,treatment,CA,desktop,10,36.2,0.9,2026-06-01
1051,control,IN,desktop,2,24.0,1.0,2026-06-02
1052,control,GB,mobile,2,40.0,0.5,2026-06-02
1053,control,BR,desktop,1,50.0,1.0,2026-06-04
1054,treatment,US,mobile,6,30.3,0.667,2026-06-02
1055,treatment,DE,mobile,1,25.0,1.0,2026-06-03
1056,treatment,DE,mobile,0,,,2026-06-03
1057,control,GB,mobile,0,,,2026-06-03
1058,control,GB,mobile,5,34.8,0.6,2026-06-02
1059,control,US,tablet,0,,,2026-06-04
1060,treatment,CA,mobile,2,68.5,0.5,2026-06-03
1061,control,PH,mobile,1,36.0,1.0,2026-06-04
1062,treatment,PH,desktop,3,51.0,1.0,2026-06-02
1063,control,PH,mobile,2,30.0,0.0,2026-06-05
1064,control,IN,desktop,2,18.0,0.5,2026-06-01
1065,control,IN,desktop,2,63.0,0.0,2026-06-05
1066,treatment,US,desktop,10,52.2,0.4,2026-06-03
1067,treatment,CA,desktop,6,47.5,0.833,2026-06-01
1068,treatment,DE,mobile,5,28.8,1.0,2026-06-04
1069,treatment,US,mobile,1,64.0,1.0,2026-06-01
1070,control,IN,desktop,1,72.0,1.0,2026-06-05
1071,treatment,BR,desktop,3,33.3,1.0,2026-06-01
1072,treatment,IN,mobile,8,48.2,0.75,2026-06-02
1073,control,IN,desktop,7,30.6,0.429,2026-06-04
1074,treatment,IN,desktop,7,30.7,0.714,2026-06-02
1075,treatment,CA,mobile,10,40.9,0.4,2026-06-04
1076,treatment,PH,mobile,4,41.0,0.75,2026-06-03
1077,treatment,BR,mobile,1,52.0,1.0,2026-06-05
1078,treatment,IN,desktop,1,126.0,1.0,2026-06-03
1079,control,US,mobile,1,19.0,1.0,2026-06-05
1080,control,AU,mobile,2,26.5,1.0,2026-06-05
1081,treatment,US,mobile,2,72.5,0.5,2026-06-01
1082,control,GB,mobile,4,53.2,1.0,2026-06-05
1083,treatment,BR,mobile,2,34.0,1.0,2026-06-04
1084,treatment,PH,mobile,0,,,2026-06-01
1085,treatment,GB,desktop,2,43.0,0.0,2026-06-05
1086,treatment,US,desktop,0,,,2026-06-03
1087,control,IN,mobile,0,,,2026-06-01
1088,treatment,AU,mobile,2,56.5,1.0,2026-06-05
1089,treatment,IN,mobile,3,54.7,0.333,2026-06-02
1090,treatment,BR,mobile,5,42.6,0.6,2026-06-02
1091,treatment,US,mobile,6,33.0,0.667,2026-06-03
1092,control,AU,mobile,1,31.0,1.0,2026-06-05
1093,control,AU,desktop,8,24.0,0.5,2026-06-04
1094,control,BR,mobile,1,17.0,0.0,2026-06-02
1095,treatment,BR,mobile,0,,,2026-06-01
1096,treatment,IN,mobile,8,52.8,0.75,2026-06-03
1097,control,US,tablet,0,,,2026-06-01
1098,treatment,US,mobile,6,45.0,0.667,2026-06-02
1099,treatment,US,mobile,0,,,2026-06-01
1100,treatment,IN,desktop,6,23.7,0.833,2026-06-05
1101,treatment,IN,mobile,1,38.0,1.0,2026-06-04
1102,control,US,desktop,2,17.0,0.5,2026-06-05
1103,treatment,IN,desktop,2,32.0,1.0,2026-06-05
1104,control,BR,desktop,2,37.0,0.5,2026-06-02
1105,treatment,IN,tablet,0,,,2026-06-03
1106,treatment,AU,mobile,1,39.0,0.0,2026-06-05
1107,treatment,IN,mobile,1,31.0,1.0,2026-06-05
1108,control,US,desktop,9,35.6,0.667,2026-06-01
1109,control,BR,mobile,4,28.0,1.0,2026-06-05
1110,control,IN,mobile,2,40.5,1.0,2026-06-05
1111,control,US,desktop,6,19.3,0.5,2026-06-02
1112,treatment,IN,desktop,2,65.0,0.5,2026-06-04
1113,control,US,mobile,1,67.0,1.0,2026-06-05
1114,control,BR,mobile,2,22.5,0.5,2026-06-01
1115,treatment,IN,desktop,4,93.0,0.75,2026-06-05
1116,control,GB,mobile,5,24.8,0.8,2026-06-02
1117,treatment,IN,mobile,6,43.8,0.833,2026-06-04
1118,control,IN,desktop,1,30.0,0.0,2026-06-04
1119,treatment,BR,mobile,1,18.0,1.0,2026-06-02
1120,control,DE,desktop,0,,,2026-06-04
1121,treatment,PH,mobile,1,25.0,0.0,2026-06-01
1122,treatment,US,mobile,1,29.0,0.0,2026-06-05
1123,treatment,PH,mobile,2,84.0,1.0,2026-06-01
1124,treatment,IN,mobile,0,,,2026-06-02
1125,control,IN,desktop,3,27.7,0.667,2026-06-05
1126,treatment,PH,desktop,2,44.5,0.5,2026-06-04
1127,control,CA,desktop,2,22.5,1.0,2026-06-05
1128,treatment,US,mobile,3,43.0,1.0,2026-06-01
1129,control,IN,mobile,3,38.0,0.667,2026-06-02
1130,treatment,IN,mobile,0,,,2026-06-03
1131,treatment,US,desktop,4,34.2,0.75,2026-06-02
1132,control,AU,mobile,4,20.2,0.75,2026-06-01
1133,treatment,US,mobile,1,50.0,1.0,2026-06-03
1134,control,IN,mobile,0,,,2026-06-04
1135,control,IN,desktop,6,19.8,0.833,2026-06-04
1136,treatment,IN,desktop,2,58.5,0.5,2026-06-04
1137,control,IN,mobile,2,34.5,0.5,2026-06-05
1138,treatment,CA,desktop,3,47.7,0.333,2026-06-04
1139,control,IN,desktop,4,26.5,0.5,2026-06-03
1140,treatment,CA,mobile,6,35.3,0.667,2026-06-02
1141,treatment,DE,desktop,2,34.5,1.0,2026-06-01
1142,control,US,mobile,4,36.8,1.0,2026-06-02
1143,control,IN,mobile,0,,,2026-06-01
1144,treatment,US,desktop,6,36.0,0.667,2026-06-02
1145,control,US,mobile,4,28.5,0.5,2026-06-04
1146,treatment,IN,desktop,6,33.3,0.667,2026-06-03
1147,treatment,CA,mobile,1,50.0,0.0,2026-06-01
1148,control,BR,desktop,2,22.5,0.5,2026-06-03
1149,control,US,desktop,3,37.3,0.333,2026-06-05
1150,treatment,US,desktop,0,,,2026-06-01
1151,control,IN,mobile,11,33.8,0.545,2026-06-02
1152,treatment,PH,desktop,8,44.8,0.75,2026-06-04
1153,control,IN,mobile,1,32.0,1.0,2026-06-01
1154,control,CA,mobile,0,,,2026-06-05
1155,treatment,IN,desktop,1,37.0,1.0,2026-06-03
1156,treatment,PH,mobile,2,24.5,1.0,2026-06-05
1157,control,US,mobile,5,26.0,0.4,2026-06-04
1158,treatment,US,desktop,6,54.2,0.667,2026-06-04
1159,control,DE,mobile,4,33.8,1.0,2026-06-03
1160,control,IN,mobile,2,35.5,1.0,2026-06-01
1161,treatment,IN,desktop,1,32.0,0.0,2026-06-02
1162,treatment,IN,desktop,7,52.4,0.286,2026-06-04
1163,treatment,IN,mobile,2,47.0,1.0,2026-06-04
1164,treatment,GB,mobile,3,51.0,1.0,2026-06-04
1165,treatment,CA,desktop,2,85.0,1.0,2026-06-02
1166,treatment,US,mobile,4,49.8,0.75,2026-06-02
1167,control,PH,desktop,2,38.0,0.5,2026-06-02
1168,treatment,IN,mobile,6,38.5,1.0,2026-06-03
1169,control,US,mobile,2,40.5,1.0,2026-06-05
1170,treatment,US,mobile,2,33.0,1.0,2026-06-01
1171,treatment,PH,desktop,0,,,2026-06-05
1172,treatment,CA,mobile,0,,,2026-06-03
1173,treatment,AU,mobile,3,30.7,0.0,2026-06-04
1174,control,PH,mobile,4,22.2,0.25,2026-06-01
1175,treatment,BR,mobile,9,40.6,0.667,2026-06-03
1176,treatment,AU,mobile,3,30.3,1.0,2026-06-01
1177,treatment,CA,mobile,6,68.0,1.0,2026-06-02
1178,control,PH,mobile,2,38.5,1.0,2026-06-01
1179,treatment,IN,mobile,0,,,2026-06-01
1180,control,PH,mobile,1,103.0,0.0,2026-06-02
1181,treatment,GB,mobile,1,25.0,1.0,2026-06-04
1182,treatment,AU,mobile,1,67.0,1.0,2026-06-02
1183,control,PH,mobile,0,,,2026-06-05
1184,treatment,US,desktop,3,48.0,1.0,2026-06-04
1185,control,IN,mobile,1,26.0,0.0,2026-06-04
1186,treatment,AU,desktop,1,17.0,0.0,2026-06-04
1187,treatment,US,mobile,5,75.0,0.6,2026-06-02
1188,control,US,desktop,4,32.0,0.75,2026-06-02
1189,treatment,IN,mobile,0,,,2026-06-03
1190,control,US,mobile,5,53.2,0.8,2026-06-05
1191,treatment,IN,desktop,2,71.0,1.0,2026-06-03
1192,control,US,mobile,5,34.4,0.4,2026-06-05
1193,control,US,mobile,8,27.1,1.0,2026-06-03
1194,control,US,desktop,4,33.2,0.75,2026-06-02
1195,control,BR,desktop,6,30.0,0.333,2026-06-03
1196,control,CA,desktop,2,48.5,1.0,2026-06-03
1197,treatment,US,desktop,2,24.0,0.5,2026-06-02
1198,control,US,desktop,1,41.0,1.0,2026-06-05
1199,control,US,mobile,3,42.3,0.667,2026-06-04
1200,control,US,mobile,1,14.0,1.0,2026-06-03
1201,treatment,IN,mobile,3,18.7,0.667,2026-06-05
1202,control,IN,desktop,7,37.9,0.571,2026-06-04
1203,control,US,mobile,1,24.0,0.0,2026-06-03
1204,treatment,BR,mobile,1,24.0,1.0,2026-06-05
1205,treatment,IN,desktop,1,85.0,0.0,2026-06-01
1206,treatment,IN,tablet,6,42.2,0.833,2026-06-05
1207,treatment,US,mobile,3,49.7,1.0,2026-06-03
1208,treatment,BR,mobile,2,22.0,1.0,2026-06-05
1209,treatment,PH,desktop,7,62.6,0.571,2026-06-03
1210,control,US,mobile,11,29.8,0.909,2026-06-01
1211,control,IN,desktop,2,23.0,0.5,2026-06-04
1212,control,IN,mobile,0,,,2026-06-04
1213,treatment,US,desktop,3,60.7,0.333,2026-06-02
1214,control,US,desktop,4,33.0,1.0,2026-06-03
1215,control,US,mobile,1,71.0,1.0,2026-06-03
1216,control,US,desktop,3,28.0,0.667,2026-06-02
1217,treatment,GB,mobile,1,44.0,1.0,2026-06-05
1218,control,CA,mobile,7,29.1,0.714,2026-06-05
1219,control,BR,desktop,3,21.3,0.333,2026-06-02
1220,treatment,GB,desktop,10,59.5,0.4,2026-06-04
1221,treatment,US,mobile,10,46.8,0.9,2026-06-02
1222,control,BR,tablet,0,,,2026-06-01
1223,treatment,IN,mobile,4,40.2,0.5,2026-06-04
1224,control,AU,mobile,3,23.3,1.0,2026-06-01
1225,control,US,desktop,6,29.3,0.667,2026-06-04
1226,treatment,IN,mobile,5,34.8,1.0,2026-06-04
1227,control,BR,tablet,0,,,2026-06-01
1228,control,CA,desktop,2,37.5,1.0,2026-06-05
1229,treatment,IN,mobile,14,37.3,0.643,2026-06-01
1230,treatment,IN,mobile,1,64.0,1.0,2026-06-04
1231,control,GB,tablet,2,48.0,1.0,2026-06-03
1232,treatment,BR,desktop,12,53.1,0.417,2026-06-02
1233,control,PH,mobile,3,27.0,1.0,2026-06-04
1234,control,US,desktop,3,36.0,0.333,2026-06-04
1235,treatment,US,mobile,0,,,2026-06-04
1236,control,US,desktop,2,51.0,0.0,2026-06-04
1237,control,CA,mobile,8,26.5,0.75,2026-06-05
1238,treatment,IN,desktop,0,,,2026-06-02
1239,treatment,GB,desktop,5,35.6,0.8,2026-06-02
1240,treatment,US,mobile,0,,,2026-06-05
1241,control,DE,desktop,3,26.0,1.0,2026-06-02
1242,control,DE,desktop,3,30.3,0.667,2026-06-04
1243,control,US,desktop,5,32.8,0.6,2026-06-05
1244,treatment,US,mobile,1,53.0,1.0,2026-06-04
1245,treatment,AU,desktop,1,77.0,1.0,2026-06-01
1246,control,PH,mobile,2,30.5,0.5,2026-06-02
1247,control,IN,tablet,12,37.3,0.75,2026-06-02
1248,control,BR,desktop,1,40.0,0.0,2026-06-05
1249,treatment,IN,mobile,0,,,2026-06-05
1250,treatment,BR,desktop,1,31.0,1.0,2026-06-02
1251,control,US,mobile,3,20.7,1.0,2026-06-05
1252,control,US,mobile,4,22.8,0.75,2026-06-03
1253,treatment,US,mobile,5,69.2,0.6,2026-06-02
1254,control,US,mobile,1,39.0,1.0,2026-06-02
1255,control,IN,mobile,1,25.0,0.0,2026-06-05
1256,treatment,PH,mobile,5,40.6,0.6,2026-06-02
1257,control,US,desktop,1,22.0,1.0,2026-06-05
1258,treatment,PH,mobile,1,51.0,1.0,2026-06-01
1259,treatment,DE,mobile,1,58.0,0.0,2026-06-04
1260,treatment,PH,mobile,3,42.0,1.0,2026-06-04
1261,treatment,IN,mobile,4,36.2,1.0,2026-06-04
1262,control,US,mobile,2,62.0,0.0,2026-06-02
1263,control,IN,tablet,10,31.6,0.9,2026-06-04
1264,control,BR,mobile,3,28.7,0.667,2026-06-05
1265,treatment,US,mobile,6,62.7,0.5,2026-06-04
1266,treatment,GB,mobile,3,47.3,0.333,2026-06-01
1267,control,PH,mobile,1,19.0,1.0,2026-06-02
1268,treatment,IN,tablet,2,69.0,1.0,2026-06-04
1269,control,US,mobile,5,32.8,0.8,2026-06-02
1270,treatment,BR,mobile,2,38.5,1.0,2026-06-04
1271,control,GB,desktop,3,33.3,0.667,2026-06-01
1272,treatment,US,mobile,2,30.0,1.0,2026-06-04
1273,treatment,US,desktop,2,24.5,0.5,2026-06-03
1274,treatment,IN,mobile,3,32.0,0.667,2026-06-05
1275,treatment,BR,mobile,1,68.0,1.0,2026-06-04
1276,control,US,desktop,4,28.0,0.75,2026-06-04
1277,control,PH,desktop,12,31.5,0.667,2026-06-05
1278,control,CA,mobile,2,85.0,0.5,2026-06-05
1279,treatment,US,desktop,3,32.7,0.667,2026-06-04
1280,treatment,CA,mobile,2,39.0,0.5,2026-06-03
1281,treatment,BR,desktop,3,61.0,1.0,2026-06-01
1282,control,CA,desktop,3,51.7,0.667,2026-06-03
1283,control,DE,mobile,3,36.3,0.333,2026-06-04
1284,control,DE,mobile,2,30.0,0.0,2026-06-05
1285,control,IN,mobile,0,,,2026-06-02
1286,treatment,IN,mobile,10,41.9,0.7,2026-06-05
1287,treatment,CA,desktop,3,31.3,0.333,2026-06-02
1288,treatment,US,desktop,5,60.2,0.8,2026-06-01
1289,control,US,tablet,4,30.8,0.75,2026-06-01
1290,treatment,PH,desktop,10,38.3,1.0,2026-06-03
1291,treatment,BR,mobile,1,64.0,0.0,2026-06-01
1292,treatment,US,mobile,2,32.5,1.0,2026-06-02
1293,treatment,US,mobile,4,39.0,1.0,2026-06-05
1294,treatment,US,mobile,3,53.0,1.0,2026-06-01
1295,treatment,US,desktop,8,40.8,0.75,2026-06-04
1296,control,US,mobile,1,32.0,0.0,2026-06-02
1297,treatment,US,mobile,7,34.1,0.714,2026-06-05
1298,treatment,PH,mobile,0,,,2026-06-03
1299,treatment,US,mobile,3,70.0,0.667,2026-06-03
1300,treatment,US,tablet,0,,,2026-06-01
1301,treatment,CA,desktop,0,,,2026-06-04
1302,control,IN,desktop,8,34.0,0.5,2026-06-02
1303,treatment,US,mobile,4,55.5,1.0,2026-06-03
1304,treatment,IN,mobile,7,37.9,0.857,2026-06-04
1305,control,GB,mobile,2,49.0,1.0,2026-06-04
1306,treatment,CA,mobile,4,51.2,1.0,2026-06-05
1307,treatment,CA,mobile,0,,,2026-06-02
1308,control,DE,mobile,2,43.5,0.5,2026-06-04
1309,control,US,mobile,9,32.8,1.0,2026-06-02
1310,treatment,IN,desktop,8,48.5,0.625,2026-06-04
1311,treatment,AU,mobile,3,132.7,1.0,2026-06-02
1312,control,PH,mobile,3,47.3,0.333,2026-06-03
1313,control,US,mobile,0,,,2026-06-05
1314,control,IN,mobile,4,31.2,0.5,2026-06-03
1315,control,GB,mobile,0,,,2026-06-03
1316,treatment,IN,mobile,1,43.0,1.0,2026-06-05
1317,control,US,mobile,1,31.0,0.0,2026-06-05
1318,treatment,BR,desktop,12,34.0,0.5,2026-06-03
1319,control,PH,mobile,1,31.0,1.0,2026-06-03
1320,treatment,US,mobile,1,42.0,1.0,2026-06-04
1321,treatment,IN,mobile,2,33.0,1.0,2026-06-02
1322,treatment,AU,mobile,9,48.9,0.889,2026-06-05
1323,control,US,mobile,0,,,2026-06-04
1324,control,US,mobile,2,29.0,1.0,2026-06-04
1325,treatment,US,tablet,9,60.7,0.333,2026-06-01
1326,treatment,US,desktop,11,37.3,0.727,2026-06-04
1327,treatment,US,mobile,1,38.0,0.0,2026-06-01
1328,treatment,US,desktop,1,36.0,0.0,2026-06-02
1329,control,BR,mobile,3,39.3,0.333,2026-06-04
1330,control,GB,desktop,2,36.5,1.0,2026-06-04
1331,control,GB,mobile,2,32.0,0.5,2026-06-01
1332,control,IN,mobile,2,20.0,0.5,2026-06-03
1333,control,IN,desktop,3,66.7,0.667,2026-06-05
1334,control,BR,mobile,0,,,2026-06-02
1335,treatment,AU,desktop,3,51.7,0.333,2026-06-02
1336,control,US,mobile,1,46.0,1.0,2026-06-05
1337,control,BR,mobile,1,32.0,1.0,2026-06-03
1338,treatment,IN,desktop,6,62.8,0.667,2026-06-05
1339,treatment,PH,desktop,1,41.0,1.0,2026-06-01
1340,treatment,BR,desktop,2,49.0,0.5,2026-06-03
1341,treatment,US,mobile,2,23.5,0.0,2026-06-04
1342,control,DE,mobile,3,36.3,1.0,2026-06-03
1343,treatment,US,mobile,0,,,2026-06-03
1344,control,US,mobile,0,,,2026-06-03
1345,control,IN,mobile,5,37.2,0.8,2026-06-01
1346,control,GB,desktop,4,40.5,0.5,2026-06-04
1347,treatment,GB,mobile,1,39.0,1.0,2026-06-01
1348,control,DE,desktop,6,27.5,0.667,2026-06-01
1349,treatment,US,mobile,1,50.0,1.0,2026-06-02
1350,treatment,IN,mobile,4,60.0,0.75,2026-06-04
1351,control,AU,mobile,2,40.5,1.0,2026-06-02
1352,treatment,US,desktop,0,,,2026-06-05
1353,treatment,BR,mobile,0,,,2026-06-01
1354,control,US,tablet,3,33.0,0.667,2026-06-02
1355,treatment,AU,desktop,2,25.0,0.5,2026-06-01
1356,control,PH,mobile,5,26.8,0.2,2026-06-03
1357,treatment,IN,desktop,0,,,2026-06-05
1358,control,IN,desktop,3,40.3,0.667,2026-06-03
1359,treatment,IN,mobile,1,13.0,1.0,2026-06-04
1360,treatment,DE,mobile,1,31.0,1.0,2026-06-01
1361,treatment,IN,mobile,4,100.0,0.5,2026-06-02
1362,control,IN,mobile,0,,,2026-06-02
1363,control,US,desktop,1,26.0,1.0,2026-06-03
1364,control,GB,mobile,2,43.0,1.0,2026-06-01
1365,treatment,GB,desktop,0,,,2026-06-01
1366,treatment,BR,desktop,1,76.0,1.0,2026-06-02
1367,control,BR,desktop,3,39.7,0.667,2026-06-05
1368,control,US,desktop,1,19.0,1.0,2026-06-03
1369,control,CA,desktop,3,41.7,0.667,2026-06-03
1370,control,US,desktop,2,36.5,1.0,2026-06-02
1371,control,BR,desktop,1,39.0,1.0,2026-06-05
1372,control,IN,tablet,5,40.4,0.6,2026-06-02
1373,treatment,US,mobile,7,56.4,0.714,2026-06-02
1374,control,US,desktop,1,16.0,0.0,2026-06-04
1375,control,DE,mobile,0,,,2026-06-04
1376,control,IN,tablet,0,,,2026-06-01
1377,control,US,desktop,8,26.4,0.5,2026-06-04
1378,control,PH,mobile,1,35.0,1.0,2026-06-02
1379,treatment,PH,mobile,4,46.8,0.5,2026-06-05
1380,control,US,mobile,2,28.5,0.5,2026-06-01
1381,treatment,PH,desktop,0,,,2026-06-02
1382,control,IN,desktop,0,,,2026-06-01
1383,control,AU,desktop,1,38.0,1.0,2026-06-05
1384,treatment,PH,desktop,4,48.2,0.75,2026-06-05
1385,treatment,BR,mobile,5,55.0,1.0,2026-06-05
1386,treatment,US,mobile,3,33.0,0.667,2026-06-01
1387,treatment,PH,mobile,0,,,2026-06-05
1388,control,DE,mobile,2,21.5,1.0,2026-06-05
1389,control,US,desktop,2,28.5,1.0,2026-06-03
1390,control,US,mobile,1,35.0,0.0,2026-06-04
1391,control,PH,mobile,6,29.0,0.5,2026-06-03
1392,treatment,BR,mobile,4,74.5,0.5,2026-06-04
1393,control,IN,mobile,4,26.5,0.75,2026-06-04
1394,control,US,mobile,0,,,2026-06-03
1395,control,GB,mobile,2,29.5,0.0,2026-06-01
1396,control,IN,desktop,7,26.6,0.571,2026-06-01
1397,treatment,GB,mobile,2,22.0,1.0,2026-06-03
1398,control,US,desktop,4,34.8,0.75,2026-06-04
1399,control,GB,mobile,1,137.0,1.0,2026-06-04
1400,treatment,CA,mobile,2,72.0,1.0,2026-06-02
1401,control,US,desktop,1,57.0,0.0,2026-06-05
1402,control,GB,tablet,8,32.0,0.75,2026-06-03
1403,treatment,IN,desktop,2,35.5,1.0,2026-06-02
1404,control,BR,mobile,2,31.0,1.0,2026-06-03
1405,control,US,desktop,0,,,2026-06-03
1406,treatment,BR,mobile,6,60.8,0.667,2026-06-02
1407,treatment,US,desktop,3,28.0,1.0,2026-06-02
1408,control,US,mobile,2,13.0,0.5,2026-06-05
1409,control,US,desktop,1,49.0,1.0,2026-06-04
1410,control,AU,mobile,1,74.0,1.0,2026-06-02
1411,control,IN,desktop,6,32.7,0.667,2026-06-01
1412,treatment,US,mobile,0,,,2026-06-03
1413,control,IN,mobile,6,30.3,0.667,2026-06-05
1414,control,AU,desktop,7,28.7,0.714,2026-06-01
1415,control,US,desktop,0,,,2026-06-03
1416,control,CA,mobile,2,30.0,0.0,2026-06-05
1417,control,DE,mobile,2,19.5,0.5,2026-06-02
1418,control,PH,desktop,5,36.8,0.6,2026-06-04
1419,control,CA,desktop,2,27.5,1.0,2026-06-01
1420,control,IN,mobile,0,,,2026-06-03
1421,control,US,desktop,3,26.0,0.333,2026-06-02
1422,control,US,desktop,2,47.0,1.0,2026-06-03
1423,control,IN,mobile,4,27.2,0.5,2026-06-02
1424,treatment,IN,mobile,5,45.2,0.6,2026-06-05
1425,control,US,mobile,2,34.0,1.0,2026-06-05
1426,control,IN,desktop,1,56.0,1.0,2026-06-02
1427,control,IN,desktop,0,,,2026-06-05
1428,control,PH,mobile,7,28.7,0.571,2026-06-01
1429,treatment,GB,mobile,4,50.0,1.0,2026-06-02
1430,control,GB,desktop,0,,,2026-06-01
1431,treatment,US,mobile,2,76.5,1.0,2026-06-01
1432,control,DE,mobile,2,29.0,1.0,2026-06-01
1433,treatment,US,desktop,2,51.5,0.5,2026-06-02
1434,control,US,mobile,2,41.5,1.0,2026-06-02
1435,treatment,PH,mobile,4,49.0,0.5,2026-06-03
1436,treatment,BR,desktop,1,29.0,0.0,2026-06-03
1437,treatment,AU,desktop,4,54.8,1.0,2026-06-02
1438,treatment,BR,desktop,1,27.0,1.0,2026-06-03
1439,treatment,US,mobile,1,58.0,1.0,2026-06-05
1440,control,BR,mobile,3,27.0,0.667,2026-06-01
1441,treatment,IN,mobile,4,51.5,1.0,2026-06-01
1442,treatment,DE,desktop,8,31.0,0.5,2026-06-02
1443,treatment,BR,mobile,4,48.0,1.0,2026-06-03
1444,control,US,mobile,6,29.0,0.5,2026-06-04
1445,treatment,IN,desktop,0,,,2026-06-03
1446,treatment,BR,mobile,1,73.0,0.0,2026-06-03
1447,control,GB,mobile,2,58.0,1.0,2026-06-05
1448,control,BR,tablet,16,30.9,0.438,2026-06-03
1449,control,CA,mobile,1,11.0,1.0,2026-06-05
1450,control,DE,mobile,1,15.0,0.0,2026-06-02
1451,treatment,IN,mobile,3,56.7,0.667,2026-06-03
1452,control,DE,desktop,1,47.0,1.0,2026-06-04
1453,control,CA,mobile,5,23.6,0.4,2026-06-04
1454,treatment,IN,mobile,2,19.0,0.5,2026-06-03
1455,control,GB,mobile,2,31.0,1.0,2026-06-02
1456,treatment,US,tablet,1,71.0,1.0,2026-06-01
1457,control,DE,desktop,3,51.3,0.667,2026-06-05
1458,treatment,US,mobile,0,,,2026-06-05
1459,control,US,mobile,2,36.0,0.5,2026-06-01
1460,treatment,CA,tablet,4,55.2,0.75,2026-06-05
1461,treatment,US,desktop,2,24.0,0.0,2026-06-01
1462,control,AU,mobile,4,36.8,0.75,2026-06-03
1463,control,IN,mobile,3,19.3,0.667,2026-06-04
1464,control,GB,mobile,1,23.0,1.0,2026-06-01
1465,control,CA,mobile,4,26.2,0.75,2026-06-02
1466,treatment,GB,mobile,2,39.5,1.0,2026-06-02
1467,control,CA,tablet,7,39.9,0.714,2026-06-04
1468,control,US,mobile,1,13.0,1.0,2026-06-01
1469,treatment,BR,tablet,3,32.0,1.0,2026-06-01
1470,treatment,IN,desktop,2,102.5,1.0,2026-06-05
1471,treatment,BR,mobile,5,42.8,1.0,2026-06-04
1472,control,IN,mobile,3,31.7,1.0,2026-06-02
1473,control,BR,desktop,3,18.3,1.0,2026-06-02
1474,control,PH,desktop,2,19.0,1.0,2026-06-05
1475,treatment,BR,desktop,0,,,2026-06-03
1476,control,BR,mobile,4,38.5,0.5,2026-06-05
1477,control,CA,mobile,2,25.0,0.5,2026-06-01
1478,treatment,US,desktop,4,43.5,0.75,2026-06-02
1479,control,IN,mobile,8,29.5,0.375,2026-06-02
1480,control,DE,mobile,6,38.3,0.667,2026-06-02
1481,control,AU,mobile,3,34.3,0.667,2026-06-03
1482,treatment,US,desktop,2,27.0,0.5,2026-06-02
1483,control,PH,desktop,1,42.0,1.0,2026-06-05
1484,treatment,BR,mobile,2,61.0,0.5,2026-06-01
1485,treatment,GB,mobile,2,60.5,1.0,2026-06-03
1486,treatment,IN,mobile,1,42.0,1.0,2026-06-03
1487,control,IN,mobile,4,18.5,0.75,2026-06-04
1488,control,IN,mobile,1,21.0,1.0,2026-06-04
1489,control,BR,mobile,3,45.0,0.0,2026-06-02
1490,control,IN,mobile,4,30.0,0.5,2026-06-05
1491,control,PH,desktop,9,26.0,0.556,2026-06-02
1492,control,US,tablet,4,24.8,0.5,2026-06-03
1493,treatment,PH,mobile,0,,,2026-06-02
1494,control,PH,mobile,7,47.9,0.714,2026-06-04
1495,control,PH,desktop,3,43.3,0.333,2026-06-03
1496,treatment,IN,mobile,5,51.8,0.4,2026-06-03
1497,control,GB,tablet,0,,,2026-06-05
1498,treatment,US,mobile,1,99.0,1.0,2026-06-04
1499,treatment,AU,mobile,2,50.5,1.0,2026-06-05
1500,control,IN,mobile,1,35.0,1.0,2026-06-02
1501,treatment,GB,mobile,0,,,2026-06-03
1502,control,IN,mobile,2,37.5,0.5,2026-06-01
1503,control,AU,mobile,6,34.8,0.833,2026-06-01
1504,control,BR,mobile,0,,,2026-06-02
1505,control,US,mobile,3,16.0,0.667,2026-06-02
1506,control,US,tablet,2,26.5,0.5,2026-06-01
1507,treatment,GB,mobile,0,,,2026-06-03
1508,control,US,tablet,2,28.0,1.0,2026-06-03
1509,treatment,GB,mobile,7,50.0,0.714,2026-06-04
1510,treatment,US,mobile,9,51.1,0.556,2026-06-05
1511,control,US,mobile,3,40.3,0.667,2026-06-05
1512,treatment,IN,mobile,3,27.7,0.333,2026-06-05
1513,treatment,IN,mobile,4,42.2,1.0,2026-06-04
1514,treatment,GB,mobile,0,,,2026-06-05
1515,control,US,mobile,2,36.0,0.5,2026-06-01
1516,treatment,CA,mobile,2,69.5,1.0,2026-06-01
1517,treatment,DE,desktop,0,,,2026-06-03
1518,treatment,GB,desktop,1,90.0,1.0,2026-06-05
1519,control,US,mobile,2,23.5,0.5,2026-06-04
1520,treatment,DE,desktop,2,41.0,1.0,2026-06-04
1521,control,IN,mobile,4,22.0,0.0,2026-06-01
1522,control,GB,mobile,3,48.3,0.667,2026-06-03
1523,treatment,IN,mobile,5,46.2,0.8,2026-06-03
1524,control,US,mobile,9,34.4,0.444,2026-06-03
1525,control,US,desktop,1,24.0,1.0,2026-06-05
1526,treatment,US,desktop,12,39.9,0.417,2026-06-03
1527,control,GB,desktop,4,43.5,0.5,2026-06-03
1528,treatment,IN,mobile,3,65.0,0.333,2026-06-05
1529,treatment,DE,mobile,2,46.0,0.5,2026-06-03
1530,treatment,US,mobile,8,47.5,0.875,2026-06-01
1531,control,IN,mobile,0,,,2026-06-01
1532,control,BR,desktop,1,56.0,1.0,2026-06-05
1533,control,IN,mobile,16,28.5,0.688,2026-06-03
1534,treatment,IN,tablet,3,60.0,0.667,2026-06-01
1535,control,IN,tablet,2,45.5,1.0,2026-06-03
1536,control,IN,mobile,15,45.9,0.667,2026-06-04
1537,control,PH,mobile,1,18.0,1.0,2026-06-02
1538,control,US,mobile,10,32.1,0.9,2026-06-05
1539,treatment,PH,mobile,3,31.0,1.0,2026-06-04
1540,treatment,US,desktop,4,67.0,0.5,2026-06-03
1541,treatment,IN,mobile,6,55.2,0.667,2026-06-01
1542,treatment,US,mobile,2,38.5,1.0,2026-06-02
1543,treatment,US,mobile,1,90.0,1.0,2026-06-03
1544,control,US,mobile,1,62.0,1.0,2026-06-01
1545,control,GB,desktop,1,23.0,1.0,2026-06-05
1546,treatment,US,desktop,1,13.0,0.0,2026-06-04
1547,treatment,IN,desktop,0,,,2026-06-02
1548,treatment,US,mobile,5,57.8,0.8,2026-06-03
1549,treatment,IN,desktop,8,44.0,0.625,2026-06-05
1550,treatment,US,desktop,1,65.0,1.0,2026-06-03
1551,control,US,mobile,8,40.9,0.875,2026-06-02
1552,treatment,US,mobile,2,48.5,1.0,2026-06-05
1553,treatment,PH,tablet,1,61.0,0.0,2026-06-03
1554,control,US,mobile,1,59.0,0.0,2026-06-04
1555,treatment,IN,mobile,3,41.7,1.0,2026-06-01
1556,treatment,GB,mobile,3,35.7,1.0,2026-06-03
1557,control,US,desktop,1,15.0,1.0,2026-06-04
1558,control,PH,mobile,1,56.0,1.0,2026-06-02
1559,treatment,US,mobile,3,67.0,1.0,2026-06-02
1560,treatment,GB,desktop,8,63.8,0.75,2026-06-01
1561,treatment,PH,mobile,4,68.8,0.75,2026-06-04
1562,control,BR,desktop,4,36.2,0.75,2026-06-02
1563,control,GB,desktop,0,,,2026-06-05
1564,control,CA,mobile,6,36.7,0.667,2026-06-02
1565,treatment,BR,desktop,3,41.7,0.667,2026-06-01
1566,control,US,mobile,3,35.7,1.0,2026-06-05
1567,control,IN,mobile,4,36.5,0.75,2026-06-05
1568,treatment,IN,desktop,3,36.3,0.667,2026-06-01
1569,control,IN,desktop,3,31.7,0.667,2026-06-04
1570,treatment,US,tablet,3,79.0,0.667,2026-06-04
1571,control,AU,mobile,1,13.0,1.0,2026-06-03
1572,control,BR,desktop,1,24.0,1.0,2026-06-05
1573,treatment,GB,desktop,3,86.7,0.333,2026-06-05
1574,control,CA,desktop,2,33.5,0.5,2026-06-03
1575,treatment,GB,mobile,0,,,2026-06-04
1576,treatment,US,mobile,4,25.0,1.0,2026-06-02
1577,control,AU,desktop,1,28.0,0.0,2026-06-03
1578,control,IN,desktop,0,,,2026-06-02
1579,control,IN,mobile,3,38.0,0.667,2026-06-02
1580,treatment,PH,mobile,2,35.5,1.0,2026-06-05
1581,control,US,mobile,8,30.5,0.125,2026-06-02
1582,treatment,GB,mobile,4,31.2,1.0,2026-06-03
1583,control,BR,mobile,1,37.0,1.0,2026-06-05
1584,control,US,mobile,3,28.3,0.667,2026-06-03
1585,control,IN,mobile,3,36.7,0.333,2026-06-05
1586,control,US,desktop,5,43.2,0.6,2026-06-01
1587,control,BR,desktop,2,51.0,1.0,2026-06-05
1588,control,AU,mobile,3,21.3,0.667,2026-06-01
1589,treatment,IN,mobile,12,39.7,0.75,2026-06-02
1590,treatment,BR,mobile,5,31.2,0.8,2026-06-04
1591,treatment,IN,mobile,12,65.8,0.75,2026-06-01
1592,control,DE,mobile,1,32.0,1.0,2026-06-02
1593,control,US,mobile,2,40.5,1.0,2026-06-02
1594,treatment,IN,desktop,2,79.0,0.5,2026-06-01
1595,control,IN,mobile,8,33.4,0.75,2026-06-02
1596,control,CA,tablet,5,26.0,0.8,2026-06-03
1597,treatment,PH,mobile,1,35.0,1.0,2026-06-01
1598,control,CA,desktop,1,21.0,0.0,2026-06-01
1599,treatment,IN,mobile,12,47.5,0.667,2026-06-05
1600,control,US,mobile,1,49.0,1.0,2026-06-04
1601,control,IN,mobile,0,,,2026-06-02
1602,treatment,IN,mobile,10,65.1,0.7,2026-06-03
1603,control,PH,mobile,4,31.2,0.75,2026-06-03
1604,treatment,IN,tablet,0,,,2026-06-04
1605,control,IN,desktop,5,38.0,0.4,2026-06-03
1606,control,CA,mobile,3,34.3,1.0,2026-06-02
1607,treatment,PH,mobile,3,44.3,1.0,2026-06-02
1608,control,US,desktop,3,31.0,0.667,2026-06-02
1609,control,US,mobile,5,19.6,1.0,2026-06-03
1610,control,AU,mobile,2,13.5,0.5,2026-06-05
1611,treatment,GB,desktop,1,17.0,1.0,2026-06-03
1612,treatment,GB,desktop,11,47.4,0.636,2026-06-03
1613,control,AU,mobile,4,48.8,1.0,2026-06-02
1614,control,BR,mobile,4,35.2,0.75,2026-06-04
1615,treatment,US,mobile,1,42.0,1.0,2026-06-04
1616,treatment,GB,desktop,3,34.7,0.667,2026-06-03
1617,treatment,DE,desktop,3,94.7,0.333,2026-06-04
1618,treatment,DE,mobile,3,88.3,1.0,2026-06-01
1619,treatment,US,tablet,1,83.0,0.0,2026-06-03
1620,control,IN,mobile,5,28.8,1.0,2026-06-05
1621,treatment,US,mobile,4,36.5,0.5,2026-06-04
1622,control,GB,mobile,1,29.0,1.0,2026-06-05
1623,treatment,AU,mobile,0,,,2026-06-05
1624,control,GB,mobile,0,,,2026-06-02
1625,control,GB,desktop,2,32.5,0.5,2026-06-04
1626,treatment,BR,mobile,5,29.8,0.4,2026-06-03
1627,treatment,AU,desktop,5,43.0,1.0,2026-06-05
1628,control,GB,mobile,1,20.0,0.0,2026-06-02
1629,control,US,mobile,2,13.5,0.0,2026-06-01
1630,treatment,US,mobile,2,45.5,1.0,2026-06-04
1631,control,US,tablet,0,,,2026-06-01
1632,control,US,tablet,2,26.5,1.0,2026-06-03
1633,control,IN,desktop,1,28.0,0.0,2026-06-04
1634,control,IN,desktop,2,56.0,1.0,2026-06-01
1635,control,IN,mobile,1,39.0,0.0,2026-06-01
1636,treatment,US,tablet,1,51.0,1.0,2026-06-05
1637,treatment,CA,desktop,0,,,2026-06-05
1638,treatment,US,mobile,0,,,2026-06-03
1639,control,US,mobile,1,20.0,1.0,2026-06-04
1640,control,IN,mobile,1,59.0,1.0,2026-06-05
1641,treatment,IN,desktop,6,37.7,0.833,2026-06-03
1642,treatment,CA,mobile,1,19.0,1.0,2026-06-02
1643,treatment,US,desktop,4,46.2,1.0,2026-06-05
1644,treatment,BR,mobile,8,51.0,0.75,2026-06-05
1645,control,IN,desktop,6,49.5,0.667,2026-06-02
1646,control,GB,desktop,3,33.7,0.667,2026-06-01
1647,control,DE,desktop,0,,,2026-06-05
1648,treatment,PH,mobile,0,,,2026-06-03
1649,treatment,IN,mobile,1,69.0,1.0,2026-06-03
1650,treatment,IN,mobile,1,59.0,1.0,2026-06-03
1651,control,IN,desktop,5,33.2,0.8,2026-06-04
1652,control,US,tablet,1,17.0,1.0,2026-06-03
1653,treatment,US,desktop,2,48.5,1.0,2026-06-05
1654,control,DE,mobile,2,43.5,1.0,2026-06-01
1655,control,AU,mobile,3,23.3,0.333,2026-06-04
1656,control,US,mobile,0,,,2026-06-02
1657,control,DE,desktop,1,20.0,0.0,2026-06-05
1658,control,GB,mobile,1,32.0,0.0,2026-06-02
1659,control,PH,desktop,6,27.8,0.333,2026-06-03
1660,treatment,US,desktop,0,,,2026-06-04
1661,control,PH,mobile,1,28.0,1.0,2026-06-03
1662,treatment,GB,mobile,2,57.0,0.0,2026-06-05
1663,treatment,DE,mobile,0,,,2026-06-02
1664,control,AU,desktop,2,20.5,1.0,2026-06-04
1665,treatment,US,mobile,0,,,2026-06-02
1666,control,IN,desktop,1,40.0,1.0,2026-06-02
1667,treatment,GB,mobile,5,53.2,0.8,2026-06-03
1668,control,AU,desktop,0,,,2026-06-02
1669,treatment,GB,mobile,1,31.0,1.0,2026-06-01
1670,treatment,IN,mobile,4,24.8,0.75,2026-06-05
1671,treatment,IN,mobile,5,32.4,0.4,2026-06-02
1672,control,CA,desktop,2,28.5,1.0,2026-06-02
1673,treatment,US,mobile,2,32.0,0.5,2026-06-04
1674,treatment,CA,mobile,2,49.5,0.5,2026-06-05
1675,control,US,mobile,2,39.5,1.0,2026-06-04
1676,treatment,US,mobile,3,28.0,0.667,2026-06-01
1677,control,US,mobile,4,56.0,0.25,2026-06-03
1678,control,CA,desktop,3,35.7,0.333,2026-06-03
1679,treatment,BR,mobile,3,59.0,1.0,2026-06-03
1680,control,IN,mobile,1,46.0,1.0,2026-06-04
1681,treatment,PH,desktop,3,31.3,1.0,2026-06-05
1682,control,IN,mobile,1,29.0,0.0,2026-06-05
1683,control,BR,desktop,6,26.8,0.667,2026-06-02
1684,treatment,DE,desktop,4,35.2,0.5,2026-06-04
1685,treatment,BR,mobile,1,75.0,1.0,2026-06-01
1686,control,IN,mobile,0,,,2026-06-05
1687,treatment,IN,mobile,1,50.0,1.0,2026-06-03
1688,treatment,US,mobile,3,28.3,0.667,2026-06-04
1689,control,IN,mobile,3,36.7,1.0,2026-06-03
1690,control,IN,mobile,1,30.0,0.0,2026-06-04
1691,treatment,CA,tablet,8,60.4,1.0,2026-06-04
1692,control,US,mobile,1,50.0,1.0,2026-06-04
1693,treatment,CA,desktop,4,47.2,0.75,2026-06-04
1694,control,US,mobile,2,34.5,1.0,2026-06-01
1695,control,PH,desktop,2,45.5,1.0,2026-06-04
1696,treatment,BR,mobile,1,226.0,0.0,2026-06-01
1697,control,US,desktop,0,,,2026-06-02
1698,treatment,IN,mobile,1,11.0,0.0,2026-06-05
1699,treatment,US,mobile,15,52.8,0.867,2026-06-03
1700,treatment,AU,desktop,0,,,2026-06-03
1701,control,IN,mobile,1,38.0,0.0,2026-06-03
1702,treatment,BR,mobile,0,,,2026-06-01
1703,control,US,desktop,2,37.0,1.0,2026-06-01
1704,treatment,US,mobile,2,30.5,1.0,2026-06-04
1705,control,BR,desktop,0,,,2026-06-03
1706,control,AU,mobile,1,41.0,1.0,2026-06-02
1707,control,US,mobile,4,26.2,1.0,2026-06-04
1708,treatment,CA,desktop,1,59.0,1.0,2026-06-01
1709,treatment,IN,desktop,4,32.0,1.0,2026-06-02
1710,treatment,DE,desktop,6,58.8,0.5,2026-06-04
1711,control,US,mobile,2,35.5,0.5,2026-06-04
1712,control,US,mobile,3,42.7,0.667,2026-06-01
1713,control,BR,desktop,5,27.4,0.4,2026-06-02
1714,control,IN,mobile,0,,,2026-06-03
1715,control,US,mobile,3,42.7,0.667,2026-06-03
1716,treatment,IN,mobile,2,37.0,1.0,2026-06-02
1717,control,US,mobile,1,18.0,0.0,2026-06-03
1718,control,GB,mobile,2,29.5,1.0,2026-06-01
1719,treatment,PH,mobile,5,50.6,0.8,2026-06-03
1720,treatment,IN,mobile,0,,,2026-06-04
1721,control,IN,mobile,10,31.3,0.7,2026-06-04
1722,treatment,CA,desktop,0,,,2026-06-04
1723,treatment,GB,mobile,2,45.0,1.0,2026-06-05
1724,treatment,DE,desktop,8,59.9,1.0,2026-06-02
1725,control,DE,tablet,9,38.6,0.333,2026-06-05
1726,control,IN,desktop,1,30.0,0.0,2026-06-01
1727,treatment,GB,mobile,3,34.7,0.667,2026-06-04
1728,treatment,PH,tablet,4,52.8,0.0,2026-06-04
1729,treatment,IN,desktop,2,49.5,0.5,2026-06-05
1730,treatment,IN,mobile,3,37.3,0.0,2026-06-02
1731,treatment,DE,mobile,8,40.6,0.75,2026-06-05
1732,treatment,US,desktop,1,22.0,0.0,2026-06-01
1733,control,US,mobile,0,,,2026-06-05
1734,control,US,mobile,5,26.6,0.4,2026-06-04
1735,control,CA,desktop,3,29.0,0.667,2026-06-03
1736,control,GB,mobile,5,35.6,0.8,2026-06-05
1737,control,US,mobile,2,19.5,0.5,2026-06-02
1738,treatment,PH,mobile,17,38.0,0.706,2026-06-05
1739,control,BR,mobile,5,33.8,0.4,2026-06-01
1740,treatment,GB,desktop,1,43.0,0.0,2026-06-03
1741,treatment,AU,mobile,1,38.0,1.0,2026-06-03
1742,control,CA,desktop,4,39.5,0.5,2026-06-05
1743,treatment,US,mobile,3,61.7,1.0,2026-06-03
1744,control,PH,desktop,2,38.5,0.5,2026-06-01
1745,treatment,PH,desktop,4,67.0,1.0,2026-06-02
1746,treatment,AU,mobile,1,39.0,1.0,2026-06-04
1747,control,DE,desktop,1,40.0,0.0,2026-06-01
1748,treatment,PH,desktop,2,38.0,1.0,2026-06-01
1749,control,BR,desktop,5,31.4,0.6,2026-06-03
1750,treatment,US,desktop,2,36.0,0.5,2026-06-04
1751,control,IN,desktop,1,39.0,1.0,2026-06-03
1752,treatment,DE,desktop,1,65.0,1.0,2026-06-02
1753,control,US,mobile,2,18.5,1.0,2026-06-03
1754,treatment,PH,mobile,1,30.0,0.0,2026-06-01
1755,control,IN,mobile,6,29.3,0.667,2026-06-02
1756,treatment,US,desktop,2,42.0,0.5,2026-06-05
1757,control,BR,mobile,2,26.5,0.5,2026-06-03
1758,control,IN,mobile,14,35.6,0.571,2026-06-03
1759,control,CA,mobile,3,34.7,1.0,2026-06-04
1760,control,US,desktop,4,31.2,0.75,2026-06-04
1761,treatment,IN,desktop,1,19.0,1.0,2026-06-04
1762,control,DE,mobile,1,39.0,1.0,2026-06-04
1763,treatment,PH,mobile,1,19.0,1.0,2026-06-01
1764,control,US,desktop,2,19.0,0.5,2026-06-04
1765,control,GB,mobile,1,28.0,1.0,2026-06-01
1766,treatment,GB,desktop,0,,,2026-06-04
1767,control,DE,desktop,0,,,2026-06-03
1768,control,IN,mobile,4,41.8,0.75,2026-06-03
1769,control,US,desktop,1,56.0,1.0,2026-06-04
1770,control,IN,desktop,0,,,2026-06-05
1771,control,IN,mobile,0,,,2026-06-04
1772,treatment,US,mobile,1,86.0,1.0,2026-06-01
1773,treatment,BR,mobile,1,43.0,1.0,2026-06-02
1774,treatment,DE,mobile,1,21.0,0.0,2026-06-02
1775,control,DE,desktop,2,50.5,0.0,2026-06-03
1776,treatment,US,mobile,4,42.0,0.75,2026-06-02
1777,treatment,US,mobile,3,54.0,1.0,2026-06-05
1778,treatment,IN,desktop,3,31.7,1.0,2026-06-05
1779,treatment,GB,desktop,6,62.8,0.667,2026-06-02
1780,control,BR,mobile,2,34.5,0.5,2026-06-03
1781,control,US,desktop,6,34.5,0.5,2026-06-04
1782,control,PH,desktop,9,30.9,0.556,2026-06-04
1783,treatment,IN,mobile,1,48.0,1.0,2026-06-05
1784,control,IN,mobile,1,20.0,1.0,2026-06-01
1785,treatment,US,desktop,2,83.0,0.5,2026-06-01
1786,treatment,PH,mobile,4,42.5,1.0,2026-06-04
1787,control,BR,mobile,0,,,2026-06-05
1788,control,IN,mobile,7,40.1,0.857,2026-06-04
1789,control,IN,mobile,0,,,2026-06-02
1790,control,US,mobile,1,37.0,0.0,2026-06-05
1791,control,DE,desktop,1,19.0,1.0,2026-06-03
1792,treatment,AU,desktop,13,37.8,0.692,2026-06-05
1793,control,US,tablet,1,21.0,1.0,2026-06-05
1794,treatment,US,mobile,16,39.8,0.375,2026-06-01
1795,treatment,CA,tablet,0,,,2026-06-01
1796,control,US,desktop,2,20.5,1.0,2026-06-02
1797,treatment,US,desktop,2,37.0,0.5,2026-06-05
1798,treatment,IN,desktop,2,35.0,1.0,2026-06-04
1799,treatment,BR,mobile,1,18.0,1.0,2026-06-04
1800,control,GB,mobile,8,33.9,0.75,2026-06-01
1801,control,IN,mobile,1,25.0,1.0,2026-06-01
1802,control,US,mobile,0,,,2026-06-03
1803,treatment,US,tablet,10,36.8,0.8,2026-06-04
1804,control,PH,mobile,3,41.7,0.667,2026-06-02
1805,treatment,US,desktop,0,,,2026-06-01
1806,control,IN,desktop,1,22.0,0.0,2026-06-02
1807,treatment,GB,desktop,16,42.6,0.562,2026-06-01
1808,treatment,IN,tablet,3,46.3,1.0,2026-06-03
1809,control,PH,mobile,3,28.3,0.0,2026-06-03
1810,control,IN,desktop,2,44.0,0.5,2026-06-03
1811,treatment,US,mobile,2,32.5,0.5,2026-06-01
1812,treatment,US,desktop,2,50.0,1.0,2026-06-01
1813,treatment,BR,mobile,2,64.0,1.0,2026-06-05
1814,treatment,PH,mobile,2,35.0,1.0,2026-06-05
1815,treatment,US,mobile,3,31.3,0.667,2026-06-04
1816,treatment,BR,mobile,1,54.0,1.0,2026-06-03
1817,treatment,IN,mobile,1,37.0,0.0,2026-06-02
1818,control,US,mobile,11,28.8,0.727,2026-06-04
1819,control,BR,mobile,4,27.0,1.0,2026-06-01
1820,treatment,DE,mobile,4,45.8,0.75,2026-06-01
1821,control,US,mobile,4,23.8,0.75,2026-06-04
1822,treatment,IN,mobile,4,40.5,0.5,2026-06-04
1823,treatment,US,mobile,1,50.0,1.0,2026-06-05
1824,treatment,AU,desktop,0,,,2026-06-01
1825,treatment,US,mobile,5,50.8,0.6,2026-06-04
1826,control,IN,desktop,3,22.7,1.0,2026-06-02
1827,treatment,BR,tablet,3,33.0,1.0,2026-06-01
1828,control,US,mobile,0,,,2026-06-02
1829,control,US,mobile,1,35.0,0.0,2026-06-04
1830,control,IN,mobile,4,28.2,1.0,2026-06-02
1831,treatment,IN,desktop,3,60.0,0.333,2026-06-03
1832,treatment,CA,mobile,9,35.7,0.556,2026-06-02
1833,treatment,GB,mobile,2,67.0,1.0,2026-06-02
1834,treatment,GB,mobile,10,49.4,0.8,2026-06-02
1835,control,BR,desktop,5,36.4,0.8,2026-06-05
1836,treatment,US,mobile,0,,,2026-06-01
1837,treatment,US,mobile,4,28.2,1.0,2026-06-05
1838,control,IN,desktop,2,29.5,0.0,2026-06-04
1839,control,IN,mobile,2,41.5,1.0,2026-06-02
1840,control,US,mobile,2,22.5,0.5,2026-06-04
1841,control,AU,mobile,2,18.5,1.0,2026-06-01
1842,treatment,IN,tablet,2,35.0,0.0,2026-06-05
1843,treatment,US,mobile,7,43.6,0.714,2026-06-02
1844,treatment,US,desktop,3,42.0,0.667,2026-06-01
1845,treatment,US,desktop,1,17.0,1.0,2026-06-04
1846,treatment,IN,desktop,4,54.8,0.5,2026-06-04
1847,treatment,PH,desktop,2,47.0,0.5,2026-06-02
1848,control,US,desktop,7,19.7,0.571,2026-06-05
1849,treatment,DE,desktop,18,49.1,0.778,2026-06-02
1850,treatment,GB,mobile,2,34.0,0.5,2026-06-01
1851,control,US,desktop,0,,,2026-06-03
1852,treatment,CA,desktop,1,53.0,0.0,2026-06-02
1853,treatment,US,mobile,0,,,2026-06-01
1854,treatment,IN,mobile,1,53.0,1.0,2026-06-03
1855,treatment,IN,desktop,1,37.0,1.0,2026-06-05
1856,control,GB,mobile,2,39.0,1.0,2026-06-03
1857,treatment,US,mobile,1,42.0,1.0,2026-06-04
1858,treatment,IN,mobile,0,,,2026-06-02
1859,treatment,US,mobile,2,19.5,0.5,2026-06-05
1860,treatment,US,mobile,0,,,2026-06-01
1861,control,GB,desktop,3,33.3,0.333,2026-06-01
1862,treatment,PH,mobile,0,,,2026-06-02
1863,treatment,US,mobile,5,63.0,0.6,2026-06-05
1864,treatment,DE,mobile,18,41.8,0.944,2026-06-03
1865,control,US,desktop,5,38.6,0.6,2026-06-04
1866,treatment,IN,desktop,0,,,2026-06-03
1867,treatment,PH,mobile,2,79.5,1.0,2026-06-02
1868,treatment,US,desktop,4,43.5,0.25,2026-06-05
1869,treatment,IN,tablet,0,,,2026-06-05
1870,treatment,US,mobile,3,52.3,1.0,2026-06-01
1871,treatment,IN,desktop,2,39.0,0.5,2026-06-04
1872,control,DE,mobile,6,30.0,0.833,2026-06-02
1873,treatment,PH,mobile,2,51.0,0.5,2026-06-01
1874,control,IN,desktop,15,36.5,0.333,2026-06-02
1875,control,US,mobile,4,22.0,0.75,2026-06-05
1876,treatment,DE,tablet,2,48.5,0.5,2026-06-05
1877,treatment,IN,mobile,0,,,2026-06-01
1878,control,AU,desktop,2,60.5,0.5,2026-06-03
1879,control,US,mobile,4,33.5,0.75,2026-06-04
1880,treatment,IN,desktop,5,46.6,0.6,2026-06-01
1881,control,US,mobile,9,38.1,0.556,2026-06-04
1882,control,DE,desktop,2,36.0,1.0,2026-06-05
1883,treatment,US,mobile,7,68.3,0.286,2026-06-01
1884,treatment,US,mobile,4,52.5,0.75,2026-06-03
1885,control,AU,desktop,2,30.0,0.0,2026-06-02
1886,treatment,PH,mobile,6,50.3,0.833,2026-06-03
1887,treatment,US,desktop,4,55.8,0.75,2026-06-04
1888,control,US,desktop,0,,,2026-06-04
1889,treatment,GB,desktop,6,33.3,0.5,2026-06-03
1890,control,US,mobile,3,27.0,1.0,2026-06-05
1891,treatment,IN,desktop,5,49.4,0.6,2026-06-03
1892,control,IN,tablet,2,16.0,0.0,2026-06-01
1893,control,GB,desktop,2,24.5,1.0,2026-06-01
1894,treatment,GB,mobile,2,41.5,0.5,2026-06-04
1895,treatment,BR,mobile,7,57.3,0.857,2026-06-03
1896,treatment,US,mobile,0,,,2026-06-03
1897,treatment,IN,tablet,6,59.0,0.667,2026-06-04
1898,control,CA,mobile,1,14.0,1.0,2026-06-03
1899,control,US,mobile,2,32.5,1.0,2026-06-01
1900,treatment,BR,mobile,2,68.0,1.0,2026-06-01
1901,control,IN,mobile,6,27.7,0.667,2026-06-01
1902,control,US,desktop,3,21.3,0.333,2026-06-02
1903,treatment,BR,mobile,2,47.5,1.0,2026-06-05
1904,treatment,IN,mobile,2,62.5,0.0,2026-06-04
1905,treatment,IN,desktop,2,55.5,1.0,2026-06-04
1906,treatment,DE,mobile,1,24.0,1.0,2026-06-05
1907,control,BR,mobile,1,8.0,0.0,2026-06-04
1908,treatment,IN,mobile,0,,,2026-06-04
1909,treatment,US,tablet,3,29.7,0.667,2026-06-02
1910,treatment,PH,desktop,7,61.0,0.857,2026-06-02
1911,treatment,US,mobile,1,56.0,1.0,2026-06-04
1912,control,BR,mobile,2,40.0,0.5,2026-06-04
1913,treatment,GB,desktop,3,34.0,0.667,2026-06-05
1914,control,US,desktop,3,17.3,0.667,2026-06-03
1915,control,IN,desktop,4,31.5,0.75,2026-06-04
1916,control,IN,mobile,7,34.3,0.714,2026-06-02
1917,control,CA,mobile,5,24.4,0.8,2026-06-01
1918,control,CA,mobile,0,,,2026-06-02
1919,treatment,BR,mobile,1,32.0,0.0,2026-06-01
1920,control,GB,tablet,2,34.0,1.0,2026-06-04
1921,control,US,mobile,2,29.0,0.5,2026-06-03
1922,control,PH,mobile,4,30.5,0.75,2026-06-05
1923,treatment,IN,mobile,2,20.5,0.5,2026-06-05
1924,treatment,IN,mobile,1,57.0,0.0,2026-06-03
1925,control,DE,desktop,7,25.3,0.714,2026-06-01
1926,treatment,BR,mobile,3,50.0,1.0,2026-06-02
1927,control,CA,mobile,15,35.6,0.6,2026-06-01
1928,treatment,US,desktop,3,38.3,0.667,2026-06-02
1929,treatment,BR,desktop,0,,,2026-06-04
1930,control,GB,desktop,3,37.7,1.0,2026-06-04
1931,control,PH,desktop,2,39.0,1.0,2026-06-05
1932,treatment,US,mobile,4,44.0,1.0,2026-06-01
1933,control,BR,mobile,2,30.0,0.5,2026-06-01
1934,treatment,CA,desktop,1,35.0,0.0,2026-06-01
1935,treatment,CA,desktop,1,57.0,1.0,2026-06-05
1936,control,US,mobile,1,40.0,0.0,2026-06-02
1937,treatment,IN,mobile,1,17.0,1.0,2026-06-01
1938,treatment,IN,mobile,1,111.0,1.0,2026-06-04
1939,treatment,IN,desktop,0,,,2026-06-04
1940,control,US,mobile,0,,,2026-06-03
1941,control,BR,desktop,2,44.0,0.0,2026-06-05
1942,control,IN,mobile,6,45.8,0.667,2026-06-02
1943,treatment,BR,desktop,3,53.3,0.667,2026-06-01
1944,control,IN,desktop,7,31.6,0.714,2026-06-01
1945,treatment,IN,desktop,3,27.0,0.667,2026-06-04
1946,control,IN,tablet,0,,,2026-06-01
1947,treatment,PH,mobile,2,34.5,1.0,2026-06-05
1948,treatment,US,desktop,2,28.0,0.0,2026-06-01
1949,treatment,US,mobile,7,43.3,0.429,2026-06-01
1950,control,DE,mobile,6,36.3,0.833,2026-06-03
1951,treatment,IN,mobile,3,40.0,0.667,2026-06-03
1952,treatment,IN,mobile,4,32.8,0.5,2026-06-05
1953,control,IN,tablet,2,34.0,1.0,2026-06-03
1954,treatment,BR,mobile,8,29.5,0.625,2026-06-02
1955,control,US,desktop,1,28.0,1.0,2026-06-03
1956,treatment,US,mobile,4,51.2,0.75,2026-06-01
1957,control,US,desktop,3,36.0,0.667,2026-06-01
1958,control,US,desktop,0,,,2026-06-03
1959,control,US,mobile,0,,,2026-06-05
1960,control,CA,desktop,9,40.1,0.556,2026-06-04
1961,treatment,US,desktop,8,57.4,0.875,2026-06-04
1962,control,CA,mobile,1,21.0,1.0,2026-06-02
1963,treatment,GB,desktop,5,53.0,0.8,2026-06-03
1964,treatment,US,desktop,4,60.2,0.75,2026-06-03
1965,control,BR,mobile,5,41.0,1.0,2026-06-02
1966,treatment,IN,desktop,7,45.7,0.286,2026-06-03
1967,control,GB,mobile,6,25.0,0.667,2026-06-05
1968,control,US,mobile,7,38.6,0.571,2026-06-03
1969,control,AU,mobile,6,37.2,0.833,2026-06-04
1970,treatment,US,desktop,7,38.0,0.857,2026-06-02
1971,control,IN,mobile,0,,,2026-06-05
1972,treatment,IN,mobile,11,34.5,0.727,2026-06-03
1973,treatment,BR,mobile,6,40.7,1.0,2026-06-02
1974,treatment,US,mobile,4,39.2,0.5,2026-06-05
1975,control,IN,mobile,6,43.8,0.667,2026-06-04
1976,control,GB,mobile,0,,,2026-06-01
1977,control,AU,desktop,0,,,2026-06-01
1978,treatment,US,mobile,0,,,2026-06-02
1979,control,PH,mobile,5,46.4,1.0,2026-06-03
1980,control,CA,mobile,5,27.8,0.4,2026-06-05
1981,treatment,GB,mobile,8,52.0,0.875,2026-06-03
1982,treatment,IN,mobile,2,41.5,0.5,2026-06-02
1983,control,AU,mobile,2,18.0,0.5,2026-06-01
1984,control,US,mobile,0,,,2026-06-02
1985,treatment,IN,desktop,4,36.5,0.75,2026-06-03
1986,treatment,US,mobile,3,35.3,1.0,2026-06-04
1987,control,DE,mobile,2,34.0,0.0,2026-06-03
1988,control,US,desktop,2,18.5,0.5,2026-06-05
1989,treatment,IN,tablet,1,71.0,1.0,2026-06-04
1990,control,IN,mobile,8,34.6,0.875,2026-06-04
1991,treatment,US,mobile,3,48.7,0.667,2026-06-02
1992,control,IN,mobile,4,20.5,0.25,2026-06-04
1993,control,US,desktop,1,23.0,1.0,2026-06-05
1994,control,IN,mobile,3,40.3,1.0,2026-06-05
1995,control,AU,mobile,3,36.0,0.333,2026-06-04
1996,control,US,mobile,4,31.0,1.0,2026-06-03
1997,treatment,IN,desktop,0,,,2026-06-04
1998,treatment,IN,mobile,2,35.0,1.0,2026-06-03
1999,treatment,GB,mobile,3,38.7,1.0,2026-06-02
2000,treatment,BR,desktop,2,84.5,1.0,2026-06-05
2001,treatment,IN,mobile,2,40.5,0.0,2026-06-03
2002,control,IN,desktop,2,16.0,1.0,2026-06-03
2003,control,BR,mobile,1,27.0,1.0,2026-06-02
2004,control,AU,mobile,3,22.7,0.667,2026-06-02
2005,treatment,IN,mobile,2,129.5,1.0,2026-06-03
2006,control,GB,mobile,2,20.0,0.5,2026-06-04
2007,control,IN,mobile,7,28.3,0.571,2026-06-02
2008,treatment,IN,desktop,2,50.5,0.5,2026-06-03
2009,control,IN,desktop,0,,,2026-06-03
2010,control,US,desktop,3,30.0,0.667,2026-06-03
2011,treatment,IN,desktop,3,62.7,1.0,2026-06-01
2012,treatment,BR,mobile,6,38.5,1.0,2026-06-03
2013,control,US,mobile,4,23.8,0.25,2026-06-02
2014,control,PH,desktop,7,34.6,0.429,2026-06-01
2015,control,DE,desktop,1,33.0,1.0,2026-06-03
2016,treatment,US,mobile,2,40.5,0.0,2026-06-04
2017,control,IN,tablet,0,,,2026-06-01
2018,treatment,US,desktop,1,26.0,0.0,2026-06-02
2019,treatment,PH,mobile,2,35.0,0.5,2026-06-03
2020,control,BR,mobile,7,37.7,0.571,2026-06-01
2021,control,IN,tablet,0,,,2026-06-02
2022,control,GB,tablet,5,41.8,0.6,2026-06-03
2023,treatment,DE,mobile,1,25.0,0.0,2026-06-03
2024,control,US,mobile,4,32.8,0.75,2026-06-02
2025,treatment,US,tablet,3,37.0,1.0,2026-06-02
2026,control,US,mobile,0,,,2026-06-03
2027,control,CA,desktop,6,31.7,0.833,2026-06-05
2028,treatment,GB,desktop,4,53.0,1.0,2026-06-03
2029,control,US,mobile,3,40.7,1.0,2026-06-02
2030,control,IN,desktop,4,30.5,0.75,2026-06-04
2031,control,US,mobile,2,38.0,1.0,2026-06-05
2032,control,BR,mobile,5,29.2,0.6,2026-06-01
2033,control,US,mobile,5,31.6,0.6,2026-06-05
2034,control,IN,mobile,1,19.0,1.0,2026-06-02
2035,treatment,PH,mobile,1,44.0,0.0,2026-06-01
2036,treatment,CA,mobile,4,44.8,0.25,2026-06-05
2037,treatment,PH,mobile,2,50.5,1.0,2026-06-03
2038,control,AU,tablet,4,28.8,0.75,2026-06-04
2039,treatment,PH,mobile,2,31.0,1.0,2026-06-04
2040,control,US,mobile,2,31.5,1.0,2026-06-04
2041,control,IN,mobile,1,23.0,1.0,2026-06-04
2042,control,US,mobile,8,35.2,0.5,2026-06-04
2043,treatment,BR,mobile,1,38.0,1.0,2026-06-04
2044,control,IN,desktop,4,25.5,0.75,2026-06-02
2045,control,IN,mobile,1,19.0,1.0,2026-06-03
2046,treatment,BR,mobile,5,30.2,1.0,2026-06-03
2047,control,US,mobile,1,24.0,1.0,2026-06-02
2048,treatment,PH,mobile,0,,,2026-06-01
2049,treatment,CA,mobile,3,39.7,0.333,2026-06-03
2050,treatment,US,mobile,5,47.8,1.0,2026-06-03
2051,treatment,US,mobile,1,93.0,0.0,2026-06-04
2052,treatment,US,tablet,2,45.5,0.0,2026-06-04
2053,control,IN,mobile,0,,,2026-06-02
2054,treatment,IN,mobile,5,48.4,0.6,2026-06-01
2055,treatment,IN,mobile,1,17.0,1.0,2026-06-04
2056,control,US,mobile,6,32.5,0.5,2026-06-04
2057,control,PH,mobile,5,34.0,0.4,2026-06-05
2058,control,BR,desktop,1,50.0,1.0,2026-06-02
2059,control,US,mobile,1,28.0,1.0,2026-06-02
2060,treatment,PH,mobile,4,41.0,0.5,2026-06-02
2061,treatment,IN,mobile,2,38.5,0.0,2026-06-05
2062,control,US,tablet,12,31.2,0.583,2026-06-02
2063,control,US,desktop,1,56.0,0.0,2026-06-02
2064,control,US,mobile,4,25.5,0.25,2026-06-05
2065,treatment,CA,mobile,7,49.3,0.857,2026-06-02
2066,treatment,IN,desktop,3,28.3,1.0,2026-06-01
2067,control,AU,desktop,0,,,2026-06-01
2068,control,US,mobile,3,23.7,1.0,2026-06-03
2069,treatment,AU,mobile,2,28.5,0.5,2026-06-02
2070,treatment,DE,desktop,5,62.4,0.4,2026-06-03
2071,control,US,mobile,1,31.0,1.0,2026-06-01
2072,control,IN,desktop,6,24.7,0.333,2026-06-03
2073,treatment,DE,desktop,12,45.0,0.833,2026-06-03
2074,control,IN,desktop,1,35.0,1.0,2026-06-04
2075,control,IN,mobile,3,35.7,1.0,2026-06-01
2076,treatment,US,desktop,5,48.0,0.8,2026-06-04
2077,control,US,mobile,3,43.0,1.0,2026-06-04
2078,control,IN,mobile,13,35.5,0.615,2026-06-03
2079,control,US,desktop,0,,,2026-06-04
2080,treatment,PH,mobile,10,62.0,0.7,2026-06-01
2081,treatment,PH,mobile,2,62.5,1.0,2026-06-01
2082,control,DE,mobile,1,18.0,1.0,2026-06-03
2083,control,IN,mobile,2,33.0,1.0,2026-06-05
2084,control,CA,mobile,4,31.5,0.5,2026-06-01
2085,treatment,PH,desktop,7,77.0,0.571,2026-06-05
2086,treatment,US,mobile,0,,,2026-06-05
2087,treatment,GB,mobile,2,61.0,1.0,2026-06-03
2088,control,US,mobile,2,11.5,0.5,2026-06-03
2089,treatment,DE,desktop,2,102.0,0.5,2026-06-05
2090,treatment,GB,desktop,0,,,2026-06-05
2091,treatment,US,mobile,3,31.0,0.333,2026-06-03
2092,treatment,AU,desktop,4,24.8,0.5,2026-06-05
2093,treatment,IN,mobile,6,63.5,0.5,2026-06-05
2094,treatment,CA,mobile,4,65.5,1.0,2026-06-01
2095,control,BR,mobile,1,45.0,0.0,2026-06-01
2096,control,IN,mobile,1,24.0,1.0,2026-06-03
2097,treatment,BR,mobile,5,33.8,1.0,2026-06-02
2098,treatment,IN,desktop,8,47.5,0.375,2026-06-02
2099,control,GB,mobile,0,,,2026-06-01
2100,control,IN,mobile,6,38.0,1.0,2026-06-05
2101,control,AU,mobile,2,16.0,1.0,2026-06-05
2102,treatment,PH,mobile,2,51.5,0.5,2026-06-03
2103,control,PH,mobile,4,38.2,0.75,2026-06-01
2104,control,IN,desktop,3,18.7,0.667,2026-06-01
2105,control,US,mobile,2,33.0,1.0,2026-06-04
2106,treatment,PH,mobile,4,68.5,0.75,2026-06-04
2107,treatment,GB,desktop,2,36.5,1.0,2026-06-02
2108,treatment,US,mobile,3,50.3,1.0,2026-06-02
2109,control,BR,mobile,6,38.5,1.0,2026-06-05
2110,control,AU,mobile,4,25.0,1.0,2026-06-04
2111,control,US,mobile,1,26.0,1.0,2026-06-05
2112,treatment,GB,mobile,2,44.5,1.0,2026-06-05
2113,treatment,US,mobile,1,21.0,1.0,2026-06-01
2114,treatment,DE,mobile,1,57.0,0.0,2026-06-02
2115,control,IN,mobile,2,27.0,0.5,2026-06-01
2116,control,BR,tablet,1,31.0,1.0,2026-06-03
2117,control,IN,mobile,3,24.7,0.333,2026-06-02
2118,treatment,BR,mobile,1,69.0,1.0,2026-06-03
2119,treatment,AU,mobile,1,35.0,1.0,2026-06-02
2120,treatment,CA,mobile,11,55.2,0.455,2026-06-01
2121,treatment,BR,mobile,7,45.7,0.714,2026-06-05
2122,treatment,US,mobile,1,35.0,1.0,2026-06-01
2123,control,US,mobile,1,15.0,0.0,2026-06-01
2124,control,US,desktop,2,53.5,0.5,2026-06-03
2125,treatment,AU,desktop,3,58.7,0.667,2026-06-05
2126,control,IN,desktop,1,52.0,0.0,2026-06-05
2127,control,CA,tablet,0,,,2026-06-05
2128,control,GB,mobile,5,30.2,0.6,2026-06-04
2129,treatment,US,mobile,1,49.0,0.0,2026-06-05
2130,treatment,IN,mobile,3,37.0,1.0,2026-06-03
2131,control,US,desktop,0,,,2026-06-03
2132,control,US,desktop,1,25.0,0.0,2026-06-02
2133,control,DE,mobile,1,25.0,1.0,2026-06-03
2134,control,BR,desktop,1,32.0,1.0,2026-06-04
2135,treatment,GB,mobile,5,75.2,0.8,2026-06-01
2136,control,IN,desktop,0,,,2026-06-03
2137,control,US,desktop,7,34.1,0.857,2026-06-03
2138,treatment,CA,mobile,4,42.2,0.75,2026-06-01
2139,control,DE,mobile,2,34.5,1.0,2026-06-01
2140,treatment,IN,mobile,0,,,2026-06-02
2141,treatment,IN,mobile,1,67.0,0.0,2026-06-04
2142,treatment,US,mobile,7,44.4,0.714,2026-06-04
2143,treatment,CA,desktop,2,44.5,0.5,2026-06-02
2144,treatment,US,mobile,0,,,2026-06-01
2145,treatment,AU,mobile,4,67.2,1.0,2026-06-05
2146,control,CA,mobile,1,53.0,0.0,2026-06-03
2147,control,BR,desktop,5,28.2,0.8,2026-06-04
2148,control,DE,tablet,1,43.0,0.0,2026-06-02
2149,treatment,PH,mobile,0,,,2026-06-04
2150,control,IN,desktop,3,37.3,0.667,2026-06-04
2151,control,CA,mobile,2,24.0,1.0,2026-06-03
2152,treatment,US,mobile,0,,,2026-06-04
2153,treatment,DE,mobile,2,32.5,1.0,2026-06-04
2154,control,PH,desktop,2,26.5,0.5,2026-06-05
2155,control,PH,desktop,5,26.4,0.8,2026-06-01
2156,control,PH,mobile,2,22.5,1.0,2026-06-04
2157,control,GB,desktop,2,24.5,1.0,2026-06-05
2158,treatment,BR,desktop,9,49.0,0.667,2026-06-02
2159,treatment,US,mobile,4,35.5,1.0,2026-06-01
2160,control,GB,mobile,6,29.2,0.333,2026-06-04
2161,control,IN,mobile,10,31.0,0.6,2026-06-05
2162,treatment,CA,mobile,1,176.0,1.0,2026-06-01
2163,control,BR,mobile,3,35.3,0.667,2026-06-03
2164,treatment,DE,mobile,0,,,2026-06-01
2165,treatment,CA,mobile,2,39.5,0.5,2026-06-05
2166,control,US,mobile,4,36.8,0.25,2026-06-02
2167,treatment,GB,mobile,3,37.7,0.667,2026-06-04
2168,treatment,US,mobile,2,84.5,0.5,2026-06-04
2169,treatment,CA,mobile,4,44.8,1.0,2026-06-01
2170,treatment,US,desktop,1,39.0,1.0,2026-06-02
2171,control,CA,mobile,0,,,2026-06-01
2172,control,GB,tablet,6,27.2,0.667,2026-06-01
2173,control,DE,mobile,0,,,2026-06-01
2174,control,IN,desktop,1,15.0,1.0,2026-06-01
2175,treatment,US,desktop,3,32.7,0.667,2026-06-02
2176,control,BR,tablet,1,21.0,1.0,2026-06-05
2177,treatment,GB,tablet,1,36.0,0.0,2026-06-04
2178,control,CA,desktop,3,46.3,0.667,2026-06-02
2179,control,US,tablet,1,31.0,1.0,2026-06-02
2180,control,CA,mobile,6,31.5,0.333,2026-06-02
2181,control,US,desktop,2,29.0,0.5,2026-06-05
2182,control,BR,mobile,1,141.0,1.0,2026-06-01
2183,control,DE,mobile,6,32.8,0.5,2026-06-01
2184,control,IN,mobile,5,29.4,1.0,2026-06-02
2185,treatment,IN,desktop,10,39.3,0.9,2026-06-05
2186,control,PH,mobile,6,26.7,0.667,2026-06-01
2187,treatment,IN,mobile,2,33.5,0.5,2026-06-01
2188,control,IN,desktop,4,20.5,1.0,2026-06-01
2189,control,IN,mobile,2,39.5,1.0,2026-06-03
2190,control,US,mobile,7,35.3,1.0,2026-06-01
2191,control,DE,desktop,2,45.0,0.5,2026-06-05
2192,treatment,US,mobile,1,58.0,1.0,2026-06-03
2193,treatment,BR,mobile,2,56.0,1.0,2026-06-05
2194,treatment,IN,desktop,1,17.0,1.0,2026-06-04
2195,control,CA,mobile,1,20.0,0.0,2026-06-02
2196,control,US,desktop,7,39.6,0.714,2026-06-04
2197,control,BR,desktop,1,13.0,0.0,2026-06-03
2198,treatment,BR,desktop,3,42.3,0.667,2026-06-03
2199,control,IN,mobile,3,47.7,1.0,2026-06-05
2200,control,IN,desktop,3,22.3,0.667,2026-06-03
2201,treatment,IN,mobile,0,,,2026-06-04
2202,treatment,IN,mobile,3,48.0,1.0,2026-06-01
2203,treatment,PH,tablet,1,26.0,1.0,2026-06-02
2204,control,BR,mobile,6,28.3,0.667,2026-06-03
2205,treatment,PH,desktop,5,45.0,0.8,2026-06-02
2206,control,BR,mobile,1,37.0,1.0,2026-06-01
2207,control,IN,desktop,1,18.0,0.0,2026-06-05
2208,control,IN,mobile,2,27.0,0.5,2026-06-05
2209,treatment,AU,desktop,12,55.2,0.833,2026-06-02
2210,treatment,AU,desktop,4,40.2,1.0,2026-06-03
2211,control,US,desktop,3,40.0,0.333,2026-06-05
2212,control,IN,mobile,9,35.3,0.889,2026-06-01
2213,treatment,US,mobile,15,60.3,0.733,2026-06-05
2214,control,BR,mobile,3,31.3,0.667,2026-06-05
2215,treatment,IN,mobile,4,37.5,0.75,2026-06-02
2216,control,BR,tablet,3,16.7,1.0,2026-06-04
2217,treatment,PH,mobile,3,59.7,1.0,2026-06-01
2218,treatment,US,mobile,7,34.3,0.286,2026-06-04
2219,treatment,CA,mobile,7,45.9,0.857,2026-06-05
2220,control,US,mobile,2,31.5,1.0,2026-06-04
2221,control,IN,mobile,8,27.8,0.5,2026-06-01
2222,treatment,IN,desktop,0,,,2026-06-01
2223,treatment,BR,desktop,2,56.5,1.0,2026-06-05
2224,treatment,IN,mobile,0,,,2026-06-01
2225,control,AU,mobile,5,40.8,0.6,2026-06-01
2226,control,PH,desktop,4,45.8,0.25,2026-06-03
2227,treatment,AU,desktop,2,60.5,0.5,2026-06-05
2228,control,GB,desktop,1,20.0,1.0,2026-06-02
2229,control,PH,mobile,2,42.5,0.5,2026-06-02
2230,control,US,mobile,2,32.0,1.0,2026-06-02
2231,treatment,US,mobile,2,52.5,1.0,2026-06-02
2232,control,IN,mobile,3,29.7,0.667,2026-06-05
2233,control,US,desktop,5,27.8,0.4,2026-06-03
2234,control,US,mobile,0,,,2026-06-04
2235,treatment,US,mobile,3,47.3,1.0,2026-06-05
2236,control,US,desktop,12,42.1,0.5,2026-06-03
2237,control,US,desktop,9,27.3,0.444,2026-06-02
2238,control,US,desktop,0,,,2026-06-05
2239,control,CA,mobile,2,32.5,1.0,2026-06-04
2240,control,AU,mobile,2,25.5,0.5,2026-06-01
2241,control,GB,desktop,5,45.6,0.8,2026-06-05
2242,control,BR,desktop,5,31.4,0.4,2026-06-02
2243,treatment,IN,desktop,1,34.0,1.0,2026-06-01
2244,control,US,desktop,1,16.0,1.0,2026-06-02
2245,control,US,mobile,3,29.7,1.0,2026-06-05
2246,control,US,mobile,2,27.0,0.5,2026-06-05
2247,treatment,US,mobile,1,45.0,0.0,2026-06-03
2248,treatment,DE,desktop,2,50.0,0.5,2026-06-03
2249,treatment,US,desktop,2,39.5,1.0,2026-06-02
2250,control,IN,tablet,1,35.0,0.0,2026-06-05
2251,treatment,US,desktop,5,39.4,1.0,2026-06-03
2252,control,AU,tablet,3,41.7,0.667,2026-06-03
2253,control,US,mobile,1,53.0,1.0,2026-06-01
2254,treatment,DE,mobile,2,53.0,1.0,2026-06-03
2255,control,IN,desktop,4,40.5,0.25,2026-06-05
2256,control,BR,desktop,4,28.2,0.5,2026-06-05
2257,control,BR,desktop,2,29.0,0.5,2026-06-02
2258,treatment,US,desktop,2,28.0,1.0,2026-06-03
2259,treatment,IN,desktop,14,38.9,0.714,2026-06-03
2260,treatment,BR,mobile,9,48.4,0.889,2026-06-04
2261,treatment,CA,mobile,4,46.2,1.0,2026-06-03
2262,control,BR,desktop,5,36.4,0.8,2026-06-01
2263,treatment,BR,mobile,3,52.7,1.0,2026-06-01
2264,treatment,US,mobile,2,47.5,1.0,2026-06-02
2265,control,IN,mobile,2,48.0,0.0,2026-06-03
2266,treatment,US,desktop,2,26.5,1.0,2026-06-01
2267,control,BR,mobile,2,31.0,1.0,2026-06-02
2268,treatment,IN,mobile,10,43.9,0.9,2026-06-04
2269,treatment,IN,mobile,1,13.0,0.0,2026-06-02
2270,control,US,mobile,2,34.5,1.0,2026-06-03
2271,treatment,PH,desktop,3,33.7,0.333,2026-06-05
2272,control,IN,mobile,13,34.8,0.769,2026-06-01
2273,control,PH,desktop,7,25.1,0.571,2026-06-03
2274,control,US,mobile,3,23.7,0.333,2026-06-04
2275,treatment,US,mobile,6,49.7,0.333,2026-06-04
2276,treatment,US,tablet,0,,,2026-06-03
2277,control,US,desktop,2,45.5,0.5,2026-06-04
2278,control,IN,mobile,3,37.0,0.667,2026-06-02
2279,control,US,mobile,1,14.0,0.0,2026-06-02
2280,control,US,desktop,1,34.0,0.0,2026-06-02
2281,control,US,mobile,3,35.3,0.333,2026-06-01
2282,control,PH,mobile,1,38.0,1.0,2026-06-04
2283,control,PH,mobile,0,,,2026-06-01
2284,treatment,IN,desktop,2,79.0,0.5,2026-06-03
2285,control,IN,desktop,2,39.0,1.0,2026-06-01
2286,control,IN,mobile,1,16.0,1.0,2026-06-04
2287,control,US,desktop,4,50.0,1.0,2026-06-02
2288,control,US,desktop,0,,,2026-06-04
2289,treatment,IN,desktop,4,33.0,0.5,2026-06-03
2290,treatment,IN,mobile,4,65.5,0.75,2026-06-03
2291,treatment,US,mobile,2,60.5,1.0,2026-06-04
2292,treatment,GB,mobile,1,35.0,1.0,2026-06-04
2293,treatment,US,desktop,0,,,2026-06-03
2294,control,IN,desktop,0,,,2026-06-04
2295,control,US,desktop,4,27.8,0.75,2026-06-05
2296,control,DE,desktop,2,30.5,1.0,2026-06-02
2297,treatment,DE,mobile,5,46.0,0.8,2026-06-04
2298,control,GB,mobile,9,29.6,0.889,2026-06-05
2299,control,IN,mobile,5,57.6,0.8,2026-06-01
2300,control,US,desktop,3,25.3,0.667,2026-06-02
2301,treatment,AU,mobile,2,41.5,0.5,2026-06-03
2302,treatment,AU,desktop,2,58.0,1.0,2026-06-01
2303,treatment,IN,mobile,3,47.3,0.667,2026-06-01
2304,treatment,US,desktop,6,35.2,0.5,2026-06-02
2305,control,IN,mobile,2,29.5,0.0,2026-06-02
2306,treatment,PH,mobile,0,,,2026-06-05
2307,treatment,IN,tablet,5,51.0,0.6,2026-06-01
2308,control,BR,mobile,0,,,2026-06-03
2309,treatment,IN,mobile,2,39.0,1.0,2026-06-02
2310,treatment,BR,mobile,3,40.3,0.667,2026-06-02
2311,control,US,tablet,2,48.0,0.5,2026-06-05
2312,control,IN,desktop,1,25.0,0.0,2026-06-04
2313,control,GB,desktop,1,58.0,1.0,2026-06-03
2314,control,IN,mobile,2,16.0,1.0,2026-06-03
2315,control,US,mobile,2,23.5,0.5,2026-06-03
2316,control,BR,mobile,7,29.9,0.571,2026-06-03
2317,control,IN,mobile,4,33.2,0.75,2026-06-01
2318,treatment,US,mobile,4,28.5,1.0,2026-06-01
2319,treatment,GB,desktop,2,54.0,1.0,2026-06-01
2320,control,BR,mobile,1,40.0,1.0,2026-06-05
2321,treatment,PH,desktop,1,31.0,0.0,2026-06-04
2322,treatment,GB,mobile,0,,,2026-06-04
2323,control,US,mobile,5,36.2,0.6,2026-06-05
2324,control,US,mobile,7,30.6,1.0,2026-06-02
2325,treatment,US,mobile,1,80.0,1.0,2026-06-05
2326,treatment,IN,desktop,0,,,2026-06-04
2327,treatment,BR,mobile,5,68.6,0.6,2026-06-04
2328,control,IN,mobile,1,16.0,0.0,2026-06-02
2329,control,IN,desktop,8,28.6,0.625,2026-06-04
2330,control,BR,mobile,1,18.0,0.0,2026-06-04
2331,control,IN,desktop,4,28.8,1.0,2026-06-03
2332,control,GB,desktop,10,27.7,0.4,2026-06-01
2333,control,PH,desktop,13,35.8,0.923,2026-06-02
2334,treatment,BR,desktop,4,39.5,0.75,2026-06-03
2335,treatment,IN,mobile,6,40.2,0.833,2026-06-05
2336,treatment,US,desktop,7,48.1,0.714,2026-06-05
2337,treatment,IN,mobile,5,56.2,0.8,2026-06-04
2338,treatment,GB,desktop,5,42.4,0.8,2026-06-03
2339,control,IN,mobile,2,18.5,1.0,2026-06-03
2340,control,US,desktop,1,19.0,1.0,2026-06-04
2341,treatment,CA,mobile,5,41.8,1.0,2026-06-01
2342,control,US,mobile,1,30.0,0.0,2026-06-01
2343,control,AU,desktop,2,30.5,1.0,2026-06-03
2344,treatment,IN,mobile,0,,,2026-06-05
2345,control,IN,mobile,7,29.1,0.571,2026-06-04
2346,treatment,IN,mobile,1,37.0,1.0,2026-06-05
2347,treatment,BR,mobile,0,,,2026-06-04
2348,control,US,mobile,2,39.5,0.5,2026-06-02
2349,control,US,mobile,3,39.3,1.0,2026-06-03
2350,control,BR,mobile,5,36.0,1.0,2026-06-02
2351,treatment,BR,tablet,11,55.7,0.727,2026-06-04
2352,control,US,desktop,5,29.6,0.8,2026-06-05
2353,treatment,PH,tablet,0,,,2026-06-05
2354,treatment,US,tablet,3,29.0,0.667,2026-06-01
2355,treatment,AU,tablet,5,44.4,1.0,2026-06-04
2356,treatment,IN,tablet,2,53.5,0.5,2026-06-04
2357,treatment,CA,mobile,1,46.0,0.0,2026-06-04
2358,control,BR,mobile,4,39.8,1.0,2026-06-04
2359,control,BR,mobile,10,32.2,0.6,2026-06-04
2360,control,US,mobile,1,38.0,1.0,2026-06-01
2361,control,GB,mobile,2,37.0,1.0,2026-06-05
2362,control,DE,mobile,3,37.3,0.667,2026-06-05
2363,control,AU,desktop,0,,,2026-06-01
2364,control,CA,desktop,0,,,2026-06-01
2365,control,US,mobile,6,57.8,0.667,2026-06-02
2366,control,US,mobile,5,25.8,0.8,2026-06-05
2367,treatment,US,mobile,8,47.8,0.75,2026-06-01
2368,control,PH,mobile,10,35.0,0.6,2026-06-05
2369,treatment,GB,mobile,7,48.6,0.857,2026-06-03
2370,control,GB,mobile,3,31.3,0.0,2026-06-05
2371,control,CA,desktop,4,18.5,0.5,2026-06-01
2372,control,IN,mobile,1,11.0,0.0,2026-06-04
2373,control,BR,mobile,3,22.7,0.667,2026-06-03
2374,control,CA,desktop,1,28.0,1.0,2026-06-04
2375,treatment,DE,desktop,3,64.3,1.0,2026-06-02
2376,treatment,US,desktop,1,17.0,1.0,2026-06-03
2377,control,PH,mobile,3,39.7,0.333,2026-06-05
2378,treatment,IN,mobile,5,26.0,1.0,2026-06-03
2379,treatment,US,mobile,4,54.5,0.75,2026-06-01
2380,control,PH,desktop,2,23.5,1.0,2026-06-05
2381,control,US,mobile,4,25.8,0.5,2026-06-04
2382,treatment,IN,mobile,1,38.0,1.0,2026-06-02
2383,control,US,mobile,0,,,2026-06-04
2384,control,PH,desktop,2,39.5,1.0,2026-06-04
2385,treatment,US,mobile,5,60.0,0.6,2026-06-04
2386,control,US,mobile,1,51.0,0.0,2026-06-03
2387,control,US,desktop,4,27.0,1.0,2026-06-01
2388,treatment,PH,mobile,2,81.0,0.5,2026-06-03
2389,treatment,BR,mobile,0,,,2026-06-02
2390,control,BR,desktop,2,53.5,0.5,2026-06-04
2391,control,US,mobile,0,,,2026-06-04
2392,control,PH,mobile,3,23.7,0.333,2026-06-03
2393,control,US,desktop,1,19.0,1.0,2026-06-01
2394,treatment,IN,desktop,5,76.8,0.4,2026-06-01
2395,treatment,AU,mobile,5,47.2,0.8,2026-06-04
2396,control,US,desktop,3,28.3,1.0,2026-06-03
2397,control,AU,mobile,6,29.2,0.667,2026-06-04
2398,treatment,PH,mobile,4,49.8,1.0,2026-06-05
2399,control,US,tablet,3,30.0,0.667,2026-06-01
2400,treatment,BR,desktop,4,43.0,1.0,2026-06-01
2401,control,IN,desktop,1,48.0,1.0,2026-06-03
2402,treatment,DE,desktop,8,44.1,0.875,2026-06-01
2403,treatment,IN,desktop,5,31.6,1.0,2026-06-01
2404,treatment,US,mobile,3,44.3,0.667,2026-06-05
2405,control,GB,mobile,2,37.5,0.5,2026-06-05
2406,control,IN,mobile,1,23.0,0.0,2026-06-04
2407,control,IN,mobile,1,29.0,1.0,2026-06-02
2408,control,PH,mobile,2,14.5,1.0,2026-06-01
2409,treatment,IN,desktop,0,,,2026-06-05
2410,control,US,mobile,2,61.0,0.5,2026-06-04
2411,control,AU,desktop,8,25.1,0.625,2026-06-05
2412,treatment,GB,desktop,3,45.3,0.333,2026-06-04
2413,treatment,BR,mobile,1,49.0,0.0,2026-06-02
2414,treatment,US,mobile,1,59.0,1.0,2026-06-02
2415,control,US,mobile,4,26.5,1.0,2026-06-01
2416,treatment,IN,mobile,1,43.0,1.0,2026-06-04
2417,control,US,mobile,1,34.0,0.0,2026-06-02
2418,control,IN,mobile,2,39.0,1.0,2026-06-05
2419,control,BR,desktop,2,50.0,1.0,2026-06-02
2420,control,CA,mobile,2,30.5,0.5,2026-06-03
2421,treatment,US,mobile,1,62.0,1.0,2026-06-04
2422,treatment,IN,desktop,1,18.0,0.0,2026-06-03
2423,treatment,US,desktop,5,58.8,0.6,2026-06-02
2424,control,US,mobile,3,38.7,0.333,2026-06-02
2425,treatment,IN,mobile,12,55.8,0.5,2026-06-05
2426,control,IN,mobile,2,28.5,1.0,2026-06-04
2427,control,IN,mobile,3,27.7,1.0,2026-06-05
2428,control,IN,mobile,5,19.0,0.4,2026-06-05
2429,treatment,IN,mobile,2,83.5,1.0,2026-06-04
2430,control,US,mobile,7,33.9,0.857,2026-06-02
2431,treatment,US,tablet,1,52.0,1.0,2026-06-05
2432,control,IN,tablet,0,,,2026-06-01
2433,treatment,IN,mobile,1,17.0,1.0,2026-06-05
2434,control,US,mobile,6,23.5,0.667,2026-06-03
2435,control,US,mobile,1,18.0,1.0,2026-06-05
2436,control,IN,mobile,0,,,2026-06-05
2437,treatment,US,desktop,1,8.0,1.0,2026-06-02
2438,control,CA,desktop,3,39.7,1.0,2026-06-03
2439,treatment,AU,desktop,2,46.0,1.0,2026-06-01
2440,control,PH,mobile,7,32.9,0.429,2026-06-02
2441,control,US,mobile,5,31.4,1.0,2026-06-05
2442,treatment,IN,desktop,3,33.3,0.0,2026-06-01
2443,treatment,IN,mobile,0,,,2026-06-05
2444,treatment,US,mobile,7,44.7,0.571,2026-06-01
2445,control,CA,mobile,6,31.7,0.5,2026-06-04
2446,control,GB,mobile,1,25.0,1.0,2026-06-04
2447,control,US,mobile,2,41.0,1.0,2026-06-05
2448,control,AU,mobile,3,28.0,0.667,2026-06-03
2449,control,IN,mobile,3,29.0,0.667,2026-06-02
2450,control,GB,tablet,0,,,2026-06-03
2451,treatment,US,mobile,1,31.0,1.0,2026-06-04
2452,treatment,CA,mobile,2,37.0,1.0,2026-06-04
2453,control,AU,mobile,3,13.0,0.667,2026-06-04
2454,treatment,CA,desktop,4,87.2,0.75,2026-06-03
2455,treatment,IN,desktop,3,37.3,0.667,2026-06-03
2456,control,DE,mobile,1,28.0,1.0,2026-06-03
2457,treatment,BR,mobile,4,41.8,0.5,2026-06-03
2458,treatment,IN,mobile,14,55.4,0.857,2026-06-02
2459,treatment,IN,mobile,2,45.5,1.0,2026-06-03
2460,treatment,IN,mobile,4,41.8,0.75,2026-06-03
2461,treatment,DE,mobile,2,40.5,0.5,2026-06-03
2462,control,US,desktop,5,28.2,1.0,2026-06-03
2463,treatment,BR,mobile,2,47.5,1.0,2026-06-02
2464,treatment,US,mobile,2,40.5,0.5,2026-06-02
2465,treatment,DE,mobile,5,80.8,0.4,2026-06-01
2466,treatment,AU,desktop,1,15.0,1.0,2026-06-05
2467,control,IN,mobile,2,36.5,1.0,2026-06-01
2468,control,PH,desktop,2,27.5,0.0,2026-06-02
2469,treatment,BR,mobile,11,45.3,0.636,2026-06-05
2470,control,PH,mobile,5,30.6,0.8,2026-06-03
2471,control,PH,desktop,4,30.2,0.25,2026-06-01
2472,treatment,IN,mobile,2,62.5,0.0,2026-06-05
2473,treatment,IN,mobile,1,39.0,0.0,2026-06-01
2474,treatment,US,mobile,0,,,2026-06-05
2475,treatment,US,mobile,3,20.7,1.0,2026-06-05
2476,treatment,CA,mobile,2,19.0,0.5,2026-06-03
2477,control,PH,desktop,1,42.0,1.0,2026-06-02
2478,treatment,AU,mobile,1,39.0,1.0,2026-06-01
2479,control,CA,mobile,0,,,2026-06-05
2480,treatment,GB,desktop,4,44.2,1.0,2026-06-04
2481,control,US,desktop,3,40.7,0.667,2026-06-05
2482,control,IN,desktop,1,16.0,0.0,2026-06-03
2483,control,US,desktop,5,46.8,0.8,2026-06-01
2484,treatment,IN,mobile,2,55.5,0.5,2026-06-02
2485,control,IN,mobile,8,22.6,0.625,2026-06-04
2486,control,CA,mobile,2,20.0,0.5,2026-06-01
2487,control,GB,mobile,3,17.7,1.0,2026-06-01
2488,treatment,US,mobile,5,39.2,0.4,2026-06-05
2489,treatment,IN,mobile,9,45.1,0.778,2026-06-01
2490,treatment,IN,mobile,1,53.0,0.0,2026-06-05
2491,treatment,IN,mobile,2,37.5,0.5,2026-06-05
2492,control,GB,tablet,2,26.0,1.0,2026-06-03
2493,control,DE,desktop,10,28.4,0.5,2026-06-01
2494,treatment,PH,mobile,1,66.0,1.0,2026-06-01
2495,treatment,AU,desktop,0,,,2026-06-02
2496,treatment,IN,mobile,5,37.6,0.4,2026-06-05
2497,control,GB,mobile,1,46.0,1.0,2026-06-02
2498,treatment,DE,mobile,0,,,2026-06-03
2499,treatment,GB,desktop,7,58.9,0.857,2026-06-01
2500,treatment,IN,mobile,0,,,2026-06-02
2501,control,US,mobile,1,20.0,1.0,2026-06-02
2502,treatment,IN,mobile,0,,,2026-06-05
2503,treatment,IN,desktop,2,21.0,0.5,2026-06-01
2504,treatment,PH,mobile,0,,,2026-06-02
2505,control,AU,desktop,0,,,2026-06-04
2506,control,AU,desktop,4,28.8,1.0,2026-06-05
2507,control,PH,mobile,7,32.7,0.571,2026-06-05
2508,treatment,PH,mobile,1,41.0,1.0,2026-06-05
2509,control,BR,tablet,2,24.0,1.0,2026-06-05
2510,control,US,mobile,2,35.5,1.0,2026-06-03
2511,control,US,mobile,7,39.0,0.429,2026-06-03
2512,control,US,mobile,4,44.0,0.25,2026-06-05
2513,control,US,mobile,1,38.0,1.0,2026-06-05
2514,control,BR,mobile,0,,,2026-06-01
2515,treatment,IN,mobile,2,59.5,1.0,2026-06-02
2516,treatment,PH,mobile,1,14.0,0.0,2026-06-05
2517,treatment,CA,desktop,0,,,2026-06-01
2518,treatment,IN,desktop,4,51.2,0.75,2026-06-04
2519,control,IN,mobile,6,22.5,0.333,2026-06-05
2520,control,US,mobile,7,39.1,0.571,2026-06-05
2521,control,US,desktop,1,29.0,1.0,2026-06-05
2522,treatment,IN,mobile,4,24.8,0.75,2026-06-04
2523,treatment,IN,desktop,2,46.5,1.0,2026-06-03
2524,control,AU,mobile,1,42.0,0.0,2026-06-02
2525,control,IN,desktop,2,42.0,1.0,2026-06-05
2526,control,IN,tablet,0,,,2026-06-02
2527,control,US,mobile,2,22.0,1.0,2026-06-01
2528,treatment,AU,mobile,0,,,2026-06-03
2529,treatment,DE,desktop,4,48.2,1.0,2026-06-01
2530,control,US,desktop,1,47.0,0.0,2026-06-05
2531,treatment,PH,mobile,2,31.5,1.0,2026-06-05
2532,control,US,mobile,5,33.2,0.8,2026-06-04
2533,treatment,US,mobile,2,66.5,1.0,2026-06-04
2534,treatment,IN,mobile,2,41.0,1.0,2026-06-05
2535,control,BR,desktop,3,22.3,0.333,2026-06-01
2536,treatment,IN,mobile,6,36.2,0.5,2026-06-02
2537,treatment,US,mobile,4,32.5,0.25,2026-06-04
2538,treatment,PH,desktop,2,31.5,0.5,2026-06-05
2539,control,US,mobile,9,21.8,0.667,2026-06-02
2540,treatment,IN,desktop,7,41.7,0.571,2026-06-05
2541,control,US,mobile,2,40.5,1.0,2026-06-01
2542,treatment,BR,tablet,2,53.5,0.5,2026-06-03
2543,control,US,mobile,2,30.0,1.0,2026-06-05
2544,control,CA,desktop,2,24.5,0.5,2026-06-05
2545,treatment,DE,desktop,4,35.2,1.0,2026-06-05
2546,treatment,IN,desktop,0,,,2026-06-01
2547,control,GB,mobile,2,43.0,1.0,2026-06-03
2548,treatment,US,mobile,1,31.0,0.0,2026-06-01
2549,treatment,BR,mobile,0,,,2026-06-02
2550,treatment,IN,desktop,2,66.5,0.5,2026-06-04
2551,control,US,desktop,1,24.0,0.0,2026-06-03
2552,control,US,mobile,1,80.0,1.0,2026-06-04
2553,control,DE,tablet,0,,,2026-06-04
2554,treatment,US,desktop,2,65.5,1.0,2026-06-03
2555,treatment,DE,mobile,1,39.0,1.0,2026-06-01
2556,control,US,mobile,2,41.0,0.5,2026-06-05
2557,control,BR,mobile,4,40.5,0.75,2026-06-03
2558,control,IN,desktop,5,50.4,0.8,2026-06-02
2559,control,GB,desktop,4,29.2,0.75,2026-06-05
2560,treatment,GB,mobile,5,47.0,0.6,2026-06-03
2561,treatment,GB,mobile,6,50.5,0.5,2026-06-03
2562,treatment,IN,tablet,5,84.6,0.4,2026-06-05
2563,treatment,GB,desktop,5,67.2,1.0,2026-06-04
2564,control,US,desktop,0,,,2026-06-01
2565,treatment,US,mobile,1,102.0,1.0,2026-06-05
2566,control,GB,mobile,2,48.0,0.5,2026-06-02
2567,treatment,IN,tablet,0,,,2026-06-03
2568,treatment,CA,tablet,2,38.5,0.5,2026-06-05
2569,control,PH,mobile,4,44.5,0.5,2026-06-04
2570,treatment,GB,mobile,6,44.7,1.0,2026-06-05
2571,control,DE,mobile,6,25.2,0.833,2026-06-02
2572,control,US,mobile,5,28.0,0.6,2026-06-04
2573,treatment,US,mobile,3,71.3,1.0,2026-06-02
2574,treatment,US,mobile,4,30.5,0.5,2026-06-03
2575,control,IN,desktop,1,18.0,0.0,2026-06-02
2576,control,BR,mobile,7,28.7,0.714,2026-06-01
2577,control,US,mobile,4,43.5,1.0,2026-06-02
2578,control,AU,desktop,7,30.3,0.571,2026-06-01
2579,control,US,desktop,2,77.0,1.0,2026-06-04
2580,control,IN,desktop,2,36.0,0.5,2026-06-04
2581,control,US,desktop,8,39.2,0.75,2026-06-01
2582,treatment,DE,mobile,2,37.5,0.5,2026-06-01
2583,treatment,US,desktop,4,67.8,0.5,2026-06-05
2584,control,IN,mobile,5,29.8,0.6,2026-06-02
2585,treatment,BR,mobile,3,38.7,1.0,2026-06-04
2586,control,US,mobile,2,30.5,1.0,2026-06-04
2587,control,CA,mobile,2,26.5,0.5,2026-06-01
2588,control,AU,mobile,11,41.0,0.727,2026-06-03
2589,treatment,US,mobile,4,48.5,0.75,2026-06-05
2590,control,PH,mobile,0,,,2026-06-02
2591,control,CA,desktop,0,,,2026-06-05
2592,treatment,DE,mobile,4,47.0,1.0,2026-06-01
2593,treatment,US,desktop,2,81.5,0.5,2026-06-03
2594,control,US,mobile,4,27.8,0.5,2026-06-03
2595,treatment,IN,mobile,0,,,2026-06-05
2596,control,IN,desktop,0,,,2026-06-01
2597,control,IN,mobile,0,,,2026-06-03
2598,treatment,US,mobile,2,60.0,1.0,2026-06-04
2599,control,GB,desktop,0,,,2026-06-05
2600,control,GB,mobile,1,21.0,1.0,2026-06-02
2601,treatment,US,desktop,4,51.8,1.0,2026-06-02
2602,control,CA,mobile,3,18.3,0.667,2026-06-04
2603,treatment,PH,tablet,6,53.7,0.667,2026-06-03
2604,treatment,US,mobile,5,41.0,0.4,2026-06-04
2605,control,IN,mobile,0,,,2026-06-04
2606,treatment,BR,mobile,7,52.3,0.857,2026-06-03
2607,treatment,IN,desktop,7,38.4,0.571,2026-06-02
2608,treatment,US,desktop,0,,,2026-06-03
2609,control,AU,desktop,2,26.5,0.5,2026-06-04
2610,treatment,IN,desktop,6,46.8,0.5,2026-06-01
2611,treatment,AU,mobile,0,,,2026-06-02
2612,control,DE,mobile,1,13.0,0.0,2026-06-03
2613,control,PH,desktop,2,40.0,0.5,2026-06-04
2614,treatment,IN,mobile,11,49.6,0.909,2026-06-02
2615,treatment,PH,desktop,2,40.5,0.5,2026-06-01
2616,treatment,US,mobile,3,43.0,0.667,2026-06-05
2617,treatment,IN,desktop,1,32.0,1.0,2026-06-02
2618,control,PH,mobile,4,26.5,0.0,2026-06-01
2619,treatment,PH,mobile,4,58.0,1.0,2026-06-01
2620,control,US,tablet,6,39.8,0.667,2026-06-03
2621,treatment,IN,tablet,8,42.9,1.0,2026-06-03
2622,control,BR,desktop,3,28.7,1.0,2026-06-01
2623,control,GB,desktop,6,34.5,0.667,2026-06-03
2624,treatment,IN,mobile,2,75.0,1.0,2026-06-01
2625,control,PH,mobile,11,38.6,0.818,2026-06-04
2626,control,US,desktop,1,8.0,1.0,2026-06-02
2627,control,BR,desktop,4,25.5,1.0,2026-06-01
2628,control,AU,mobile,3,31.3,1.0,2026-06-02
2629,treatment,US,mobile,2,60.5,0.0,2026-06-02
2630,treatment,DE,tablet,2,40.5,0.5,2026-06-04
2631,control,BR,mobile,2,24.5,0.5,2026-06-04
2632,control,GB,mobile,1,22.0,1.0,2026-06-02
2633,control,IN,desktop,0,,,2026-06-02
2634,treatment,GB,desktop,1,26.0,1.0,2026-06-01
2635,control,IN,mobile,8,37.9,1.0,2026-06-01
2636,control,IN,mobile,5,22.6,0.4,2026-06-01
2637,treatment,US,desktop,3,41.0,1.0,2026-06-03
2638,treatment,IN,mobile,2,23.0,0.5,2026-06-02
2639,control,IN,mobile,0,,,2026-06-01
2640,treatment,IN,mobile,0,,,2026-06-02
2641,control,US,desktop,0,,,2026-06-01
2642,control,US,desktop,1,16.0,0.0,2026-06-04
2643,control,US,mobile,0,,,2026-06-02
2644,treatment,IN,desktop,0,,,2026-06-05
2645,treatment,IN,desktop,0,,,2026-06-05
2646,control,US,desktop,1,44.0,1.0,2026-06-03
2647,control,DE,mobile,6,34.7,0.5,2026-06-02
2648,control,GB,mobile,8,52.9,0.5,2026-06-03
2649,control,US,mobile,3,43.3,1.0,2026-06-05
2650,treatment,GB,mobile,3,56.0,0.667,2026-06-04
2651,control,US,desktop,5,31.2,0.4,2026-06-04
2652,treatment,US,mobile,2,100.5,0.0,2026-06-03
2653,treatment,CA,desktop,4,43.2,0.25,2026-06-03
2654,control,US,desktop,0,,,2026-06-02
2655,treatment,US,desktop,2,79.0,0.5,2026-06-04
2656,treatment,BR,desktop,3,34.3,1.0,2026-06-02
2657,treatment,US,mobile,4,38.8,1.0,2026-06-02
2658,treatment,CA,desktop,1,35.0,1.0,2026-06-05
2659,treatment,US,mobile,4,36.8,1.0,2026-06-03
2660,treatment,US,mobile,3,53.0,0.667,2026-06-03
2661,treatment,US,mobile,2,36.0,1.0,2026-06-05
2662,control,US,mobile,4,33.0,0.75,2026-06-04
2663,treatment,DE,mobile,0,,,2026-06-03
2664,control,DE,mobile,4,28.5,0.75,2026-06-02
2665,treatment,US,desktop,4,38.8,0.5,2026-06-04
2666,treatment,AU,mobile,5,39.2,0.6,2026-06-03
2667,control,IN,mobile,3,21.0,1.0,2026-06-01
2668,treatment,CA,mobile,3,37.3,0.667,2026-06-04
2669,treatment,BR,mobile,11,50.6,1.0,2026-06-04
2670,control,BR,mobile,2,31.0,0.5,2026-06-04
2671,control,AU,mobile,0,,,2026-06-01
2672,control,GB,mobile,5,41.2,0.8,2026-06-05
2673,treatment,IN,desktop,6,37.5,0.667,2026-06-05
2674,treatment,PH,desktop,6,93.5,0.5,2026-06-05
2675,control,PH,mobile,3,44.3,1.0,2026-06-01
2676,treatment,GB,mobile,7,67.3,0.714,2026-06-01
2677,treatment,IN,desktop,3,35.7,1.0,2026-06-02
2678,control,IN,mobile,5,27.6,0.8,2026-06-04
2679,control,US,mobile,6,26.8,0.833,2026-06-02
2680,treatment,IN,desktop,12,42.7,0.667,2026-06-05
2681,treatment,US,desktop,2,71.5,1.0,2026-06-04
2682,control,CA,mobile,1,137.0,0.0,2026-06-04
2683,treatment,AU,desktop,2,119.0,0.5,2026-06-02
2684,control,US,mobile,4,29.8,1.0,2026-06-03
2685,treatment,AU,mobile,4,64.8,0.75,2026-06-01
2686,control,BR,mobile,0,,,2026-06-04
2687,control,US,mobile,0,,,2026-06-02
2688,control,GB,mobile,1,41.0,0.0,2026-06-04
2689,treatment,IN,desktop,4,56.8,0.75,2026-06-01
2690,control,IN,mobile,4,52.5,0.5,2026-06-03
2691,control,IN,mobile,3,30.0,0.333,2026-06-01
2692,treatment,US,mobile,2,78.5,0.5,2026-06-03
2693,control,PH,desktop,2,14.5,1.0,2026-06-05
2694,control,US,mobile,7,31.7,0.714,2026-06-03
2695,control,GB,mobile,1,20.0,1.0,2026-06-03
2696,control,US,desktop,1,18.0,1.0,2026-06-02
2697,treatment,PH,desktop,2,30.0,0.5,2026-06-02
2698,treatment,IN,mobile,3,38.3,0.667,2026-06-01
2699,control,US,mobile,3,28.0,1.0,2026-06-03
2700,control,GB,mobile,4,42.8,0.75,2026-06-03
2701,control,IN,mobile,2,26.5,1.0,2026-06-02
2702,control,US,mobile,8,31.2,0.75,2026-06-01
2703,control,US,mobile,3,27.7,0.333,2026-06-01
2704,treatment,US,mobile,0,,,2026-06-01
2705,treatment,AU,mobile,3,40.3,0.667,2026-06-05
2706,treatment,PH,mobile,3,49.3,0.0,2026-06-04
2707,control,US,desktop,3,43.3,0.667,2026-06-04
2708,treatment,US,mobile,6,57.3,0.833,2026-06-01
2709,control,BR,mobile,2,20.0,0.5,2026-06-05
2710,control,DE,mobile,4,29.8,0.75,2026-06-03
2711,control,GB,mobile,2,38.0,0.5,2026-06-02
2712,control,CA,mobile,0,,,2026-06-04
2713,treatment,US,mobile,10,37.1,0.5,2026-06-05
2714,treatment,US,mobile,0,,,2026-06-04
2715,treatment,IN,desktop,2,52.5,1.0,2026-06-05
2716,control,IN,desktop,2,24.0,1.0,2026-06-03
2717,treatment,GB,desktop,3,45.0,0.667,2026-06-01
2718,control,BR,mobile,7,26.3,0.286,2026-06-01
2719,treatment,BR,mobile,4,44.5,0.75,2026-06-04
2720,control,DE,mobile,2,30.5,0.5,2026-06-02
2721,treatment,BR,mobile,5,56.4,1.0,2026-06-05
2722,treatment,GB,mobile,1,41.0,1.0,2026-06-02
2723,treatment,GB,mobile,0,,,2026-06-05
2724,treatment,US,mobile,2,31.0,1.0,2026-06-03
2725,treatment,IN,mobile,1,41.0,1.0,2026-06-01
2726,control,IN,mobile,6,34.5,0.833,2026-06-04
2727,control,US,desktop,4,32.0,0.75,2026-06-04
2728,control,IN,desktop,6,41.2,0.667,2026-06-05
2729,treatment,IN,desktop,2,65.0,0.5,2026-06-05
2730,control,CA,desktop,3,43.0,1.0,2026-06-02
2731,control,DE,mobile,0,,,2026-06-02
2732,treatment,US,mobile,0,,,2026-06-05
2733,treatment,DE,mobile,2,82.0,0.5,2026-06-03
2734,treatment,PH,desktop,1,44.0,1.0,2026-06-01
2735,control,PH,mobile,2,39.5,0.5,2026-06-05
2736,treatment,US,mobile,2,63.0,0.5,2026-06-03
2737,control,PH,desktop,2,35.0,0.5,2026-06-04
2738,treatment,US,mobile,6,31.5,0.5,2026-06-01
2739,treatment,BR,mobile,1,19.0,1.0,2026-06-03
2740,control,US,desktop,1,17.0,1.0,2026-06-03
2741,treatment,CA,desktop,1,97.0,1.0,2026-06-02
2742,treatment,CA,mobile,3,31.3,0.667,2026-06-01
2743,treatment,IN,mobile,2,49.5,1.0,2026-06-05
2744,control,PH,desktop,2,31.0,0.0,2026-06-05
2745,control,IN,mobile,5,38.0,1.0,2026-06-04
2746,control,IN,tablet,2,37.5,1.0,2026-06-02
2747,treatment,US,mobile,2,39.5,0.5,2026-06-02
2748,treatment,US,mobile,3,71.7,1.0,2026-06-02
2749,treatment,US,mobile,5,72.4,0.6,2026-06-01
2750,control,US,tablet,8,37.1,0.875,2026-06-03
2751,treatment,BR,mobile,0,,,2026-06-01
2752,treatment,US,mobile,1,42.0,1.0,2026-06-05
2753,control,US,mobile,3,31.3,0.333,2026-06-05
2754,control,PH,tablet,1,11.0,1.0,2026-06-03
2755,control,IN,mobile,5,28.2,0.6,2026-06-05
2756,control,PH,mobile,4,26.8,0.75,2026-06-03
2757,treatment,US,tablet,3,32.0,0.333,2026-06-04
2758,treatment,IN,desktop,3,52.7,0.667,2026-06-05
2759,control,IN,desktop,3,41.0,0.667,2026-06-01
2760,control,US,mobile,7,27.7,0.714,2026-06-02
2761,control,US,desktop,2,21.5,1.0,2026-06-01
2762,control,PH,tablet,1,18.0,1.0,2026-06-02
2763,treatment,BR,desktop,0,,,2026-06-02
2764,treatment,US,desktop,0,,,2026-06-04
2765,treatment,IN,mobile,2,40.5,1.0,2026-06-03
2766,treatment,IN,mobile,6,58.5,0.667,2026-06-02
2767,treatment,IN,mobile,5,60.2,0.8,2026-06-05
2768,treatment,AU,mobile,3,35.7,1.0,2026-06-03
2769,control,BR,mobile,8,44.1,0.625,2026-06-02
2770,treatment,BR,mobile,1,32.0,0.0,2026-06-04
2771,control,IN,mobile,8,40.0,0.875,2026-06-03
2772,treatment,PH,mobile,4,36.8,1.0,2026-06-01
2773,treatment,US,desktop,7,44.6,0.714,2026-06-02
2774,control,US,desktop,1,15.0,1.0,2026-06-04
2775,control,CA,mobile,3,32.7,0.667,2026-06-04
2776,control,GB,mobile,3,28.0,1.0,2026-06-04
2777,treatment,US,mobile,8,43.6,0.875,2026-06-01
2778,treatment,BR,mobile,1,33.0,0.0,2026-06-02
2779,treatment,US,mobile,0,,,2026-06-01
2780,treatment,US,mobile,3,73.7,0.333,2026-06-03
2781,control,CA,mobile,0,,,2026-06-05
2782,treatment,PH,desktop,6,42.0,1.0,2026-06-01
2783,treatment,US,desktop,0,,,2026-06-04
2784,treatment,GB,mobile,5,52.6,0.8,2026-06-02
2785,control,US,mobile,0,,,2026-06-02
2786,treatment,PH,mobile,6,46.3,0.333,2026-06-03
2787,control,US,mobile,2,31.0,0.5,2026-06-02
2788,control,CA,desktop,2,62.5,0.5,2026-06-04
2789,control,US,mobile,5,30.8,1.0,2026-06-05
2790,control,IN,desktop,4,47.8,1.0,2026-06-02
2791,control,DE,mobile,1,13.0,1.0,2026-06-04
2792,control,US,desktop,1,55.0,0.0,2026-06-04
2793,control,IN,desktop,2,36.0,1.0,2026-06-05
2794,control,US,mobile,1,74.0,1.0,2026-06-01
2795,treatment,IN,mobile,5,40.6,0.6,2026-06-04
2796,control,PH,desktop,3,17.0,0.333,2026-06-03
2797,control,PH,mobile,0,,,2026-06-05
2798,control,BR,mobile,4,37.0,0.75,2026-06-01
2799,treatment,US,mobile,1,52.0,1.0,2026-06-01
2800,treatment,AU,mobile,7,46.0,0.857,2026-06-05
2801,control,US,desktop,4,50.0,1.0,2026-06-03
2802,control,AU,desktop,8,31.1,0.5,2026-06-04
2803,treatment,US,mobile,5,55.2,1.0,2026-06-02
2804,control,BR,mobile,7,29.9,0.286,2026-06-01
2805,treatment,DE,mobile,3,38.0,1.0,2026-06-02
2806,treatment,DE,mobile,0,,,2026-06-01
2807,control,US,mobile,4,27.2,0.75,2026-06-02
2808,control,US,desktop,5,46.6,0.8,2026-06-03
2809,control,PH,desktop,1,33.0,1.0,2026-06-05
2810,control,BR,desktop,4,31.5,0.75,2026-06-03
2811,treatment,PH,mobile,6,33.0,0.333,2026-06-01
2812,control,US,desktop,2,39.0,0.5,2026-06-01
2813,treatment,CA,desktop,1,98.0,0.0,2026-06-02
2814,treatment,IN,mobile,5,52.6,0.6,2026-06-04
2815,treatment,BR,tablet,3,47.0,1.0,2026-06-04
2816,treatment,GB,mobile,1,37.0,0.0,2026-06-04
2817,treatment,BR,mobile,5,33.4,0.6,2026-06-02
2818,treatment,IN,desktop,2,46.0,1.0,2026-06-05
2819,control,IN,mobile,4,38.2,0.5,2026-06-02
2820,control,BR,desktop,3,63.0,0.667,2026-06-05
2821,control,BR,mobile,6,36.8,0.667,2026-06-01
2822,treatment,IN,mobile,2,36.5,0.5,2026-06-02
2823,control,PH,mobile,3,25.0,1.0,2026-06-02
2824,treatment,US,mobile,0,,,2026-06-03
2825,treatment,US,mobile,0,,,2026-06-04
2826,treatment,PH,desktop,2,51.5,0.5,2026-06-05
2827,treatment,BR,mobile,6,39.0,0.833,2026-06-04
2828,control,IN,desktop,0,,,2026-06-01
2829,treatment,PH,desktop,5,35.4,1.0,2026-06-04
2830,control,US,mobile,2,32.0,1.0,2026-06-05
2831,treatment,CA,tablet,0,,,2026-06-05
2832,treatment,US,desktop,2,58.0,0.0,2026-06-02
2833,control,PH,mobile,4,47.0,0.5,2026-06-03
2834,treatment,IN,mobile,0,,,2026-06-05
2835,control,PH,mobile,11,34.2,0.636,2026-06-04
2836,treatment,US,mobile,0,,,2026-06-03
2837,control,IN,desktop,6,29.3,0.833,2026-06-03
2838,control,US,desktop,8,31.5,0.875,2026-06-01
2839,treatment,US,mobile,0,,,2026-06-04
2840,control,US,mobile,2,46.0,0.5,2026-06-03
2841,treatment,IN,mobile,1,122.0,1.0,2026-06-02
2842,treatment,AU,mobile,6,57.8,1.0,2026-06-02
2843,control,IN,desktop,14,41.1,0.714,2026-06-02
2844,treatment,DE,mobile,2,61.5,0.5,2026-06-04
2845,control,GB,mobile,1,10.0,0.0,2026-06-01
2846,control,US,mobile,0,,,2026-06-01
2847,treatment,US,desktop,0,,,2026-06-05
2848,control,GB,mobile,3,22.7,0.333,2026-06-04
2849,treatment,IN,mobile,0,,,2026-06-05
2850,control,CA,mobile,3,48.0,1.0,2026-06-03
2851,treatment,US,tablet,1,55.0,0.0,2026-06-05
2852,treatment,GB,mobile,3,42.3,0.667,2026-06-02
2853,control,AU,mobile,4,22.5,0.75,2026-06-05
2854,treatment,CA,mobile,4,47.2,0.75,2026-06-04
2855,treatment,IN,mobile,3,37.0,0.667,2026-06-03
2856,treatment,GB,mobile,1,57.0,1.0,2026-06-04
2857,treatment,BR,desktop,6,75.3,0.833,2026-06-04
2858,treatment,IN,desktop,6,31.3,0.5,2026-06-02
2859,treatment,IN,desktop,2,36.0,0.5,2026-06-03
2860,treatment,DE,tablet,5,55.6,0.8,2026-06-02
2861,control,IN,mobile,1,47.0,1.0,2026-06-02
2862,control,US,mobile,0,,,2026-06-01
2863,control,US,mobile,3,50.7,0.667,2026-06-04
2864,control,CA,mobile,3,53.3,0.667,2026-06-03
2865,control,DE,mobile,2,37.0,0.5,2026-06-05
2866,control,US,desktop,1,15.0,0.0,2026-06-01
2867,treatment,US,desktop,4,41.0,1.0,2026-06-02
2868,control,BR,tablet,1,12.0,1.0,2026-06-01
2869,treatment,IN,tablet,7,37.3,0.714,2026-06-01
2870,control,PH,mobile,5,28.8,0.4,2026-06-01
2871,control,CA,desktop,2,21.5,0.5,2026-06-04
2872,control,US,desktop,2,29.5,0.5,2026-06-05
2873,control,IN,desktop,6,30.5,0.5,2026-06-05
2874,control,US,tablet,3,25.3,1.0,2026-06-04
2875,treatment,IN,mobile,5,36.4,0.8,2026-06-05
2876,control,PH,mobile,3,31.7,0.333,2026-06-01
2877,treatment,PH,mobile,3,51.7,1.0,2026-06-05
2878,treatment,IN,mobile,0,,,2026-06-04
2879,control,GB,mobile,12,37.5,0.833,2026-06-01
2880,control,US,mobile,0,,,2026-06-05
2881,control,US,mobile,4,24.8,0.75,2026-06-02
2882,treatment,US,desktop,2,73.5,1.0,2026-06-03
2883,treatment,IN,mobile,3,56.0,0.333,2026-06-01
2884,treatment,PH,mobile,1,53.0,0.0,2026-06-05
2885,control,US,desktop,2,24.5,0.5,2026-06-03
2886,treatment,GB,mobile,2,46.0,1.0,2026-06-03
2887,control,US,mobile,1,48.0,1.0,2026-06-01
2888,control,US,desktop,4,24.2,1.0,2026-06-04
2889,control,GB,tablet,1,19.0,1.0,2026-06-04
2890,treatment,PH,desktop,6,32.3,0.5,2026-06-01
2891,control,US,desktop,9,39.4,0.778,2026-06-02
2892,control,US,mobile,1,34.0,0.0,2026-06-03
2893,control,IN,mobile,1,8.0,0.0,2026-06-02
2894,treatment,IN,desktop,1,25.0,0.0,2026-06-04
2895,control,BR,tablet,4,35.0,0.75,2026-06-01
2896,treatment,BR,desktop,4,41.8,0.5,2026-06-02
2897,control,BR,desktop,0,,,2026-06-05
2898,treatment,PH,desktop,1,39.0,1.0,2026-06-04
2899,treatment,BR,mobile,8,39.5,1.0,2026-06-01
2900,treatment,IN,mobile,2,61.0,1.0,2026-06-05
2901,control,GB,desktop,2,44.0,0.0,2026-06-05
2902,treatment,US,desktop,1,66.0,1.0,2026-06-04
2903,control,BR,mobile,10,30.3,0.6,2026-06-05
2904,control,US,desktop,2,29.0,0.0,2026-06-01
2905,treatment,IN,mobile,9,48.2,0.889,2026-06-01
2906,control,US,mobile,10,36.8,0.6,2026-06-05
2907,control,GB,desktop,5,42.0,1.0,2026-06-02
2908,control,IN,mobile,3,38.0,0.667,2026-06-03
2909,control,DE,desktop,5,32.2,0.8,2026-06-01
2910,treatment,US,mobile,1,22.0,1.0,2026-06-02
2911,control,IN,mobile,1,57.0,1.0,2026-06-02
2912,treatment,IN,mobile,1,58.0,1.0,2026-06-03
2913,treatment,IN,desktop,7,39.1,0.429,2026-06-05
2914,control,AU,mobile,4,46.2,0.5,2026-06-02
2915,control,CA,desktop,1,13.0,1.0,2026-06-04
2916,control,IN,mobile,1,14.0,1.0,2026-06-01
2917,treatment,PH,mobile,5,36.8,0.4,2026-06-05
2918,treatment,CA,mobile,0,,,2026-06-02
2919,treatment,GB,desktop,1,61.0,0.0,2026-06-04
2920,treatment,GB,mobile,9,57.9,1.0,2026-06-01
2921,treatment,CA,desktop,1,81.0,0.0,2026-06-05
2922,control,BR,mobile,5,40.0,0.6,2026-06-02
2923,control,US,mobile,8,29.5,0.75,2026-06-05
2924,control,US,desktop,3,57.3,1.0,2026-06-03
2925,treatment,IN,mobile,0,,,2026-06-04
2926,control,GB,mobile,6,28.5,0.333,2026-06-05
2927,treatment,CA,desktop,8,59.6,0.5,2026-06-04
2928,treatment,BR,mobile,6,65.3,0.333,2026-06-04
2929,control,US,mobile,3,40.3,0.333,2026-06-05
2930,treatment,BR,desktop,7,57.4,0.571,2026-06-02
2931,treatment,AU,mobile,5,50.8,0.8,2026-06-05
2932,treatment,US,mobile,0,,,2026-06-02
2933,control,IN,desktop,2,20.5,0.5,2026-06-01
2934,treatment,AU,mobile,4,51.0,0.5,2026-06-02
2935,treatment,GB,mobile,6,57.7,0.833,2026-06-01
2936,control,IN,desktop,1,31.0,0.0,2026-06-03
2937,control,PH,mobile,0,,,2026-06-01
2938,treatment,US,mobile,1,37.0,1.0,2026-06-05
2939,control,DE,mobile,2,26.0,0.5,2026-06-02
2940,treatment,PH,mobile,0,,,2026-06-05
2941,treatment,GB,desktop,2,64.5,0.5,2026-06-02
2942,control,IN,desktop,1,38.0,1.0,2026-06-01
2943,treatment,GB,mobile,3,67.7,1.0,2026-06-02
2944,control,US,desktop,2,32.0,0.5,2026-06-04
2945,treatment,DE,mobile,2,85.0,1.0,2026-06-05
2946,control,PH,tablet,5,45.6,0.8,2026-06-04
2947,control,IN,mobile,0,,,2026-06-05
2948,control,US,mobile,5,27.6,0.8,2026-06-02
2949,control,US,mobile,6,24.7,0.5,2026-06-02
2950,treatment,US,mobile,4,33.2,0.5,2026-06-01
2951,treatment,US,mobile,1,33.0,1.0,2026-06-02
2952,control,BR,desktop,5,31.2,0.8,2026-06-04
2953,control,US,mobile,12,32.1,0.5,2026-06-05
2954,treatment,IN,mobile,2,29.5,0.5,2026-06-01
2955,treatment,PH,mobile,1,45.0,1.0,2026-06-04
2956,control,IN,mobile,5,32.8,0.8,2026-06-01
2957,control,DE,desktop,1,18.0,0.0,2026-06-05
2958,treatment,BR,desktop,0,,,2026-06-01
2959,control,PH,mobile,1,27.0,1.0,2026-06-02
2960,treatment,GB,mobile,6,43.8,0.5,2026-06-05
2961,control,AU,mobile,8,41.0,0.625,2026-06-04
2962,control,CA,mobile,1,25.0,1.0,2026-06-05
2963,treatment,GB,mobile,4,35.5,0.75,2026-06-05
2964,control,PH,mobile,4,32.2,0.75,2026-06-02
2965,control,BR,mobile,1,30.0,1.0,2026-06-04
2966,treatment,US,mobile,0,,,2026-06-02
2967,control,CA,desktop,10,29.9,0.8,2026-06-04
2968,treatment,IN,desktop,4,39.2,1.0,2026-06-03
2969,control,IN,desktop,4,20.5,0.25,2026-06-03
2970,control,IN,mobile,1,50.0,1.0,2026-06-03
2971,treatment,IN,mobile,4,35.0,0.25,2026-06-01
2972,treatment,CA,mobile,3,38.3,0.333,2026-06-04
2973,treatment,BR,mobile,3,26.0,0.667,2026-06-05
2974,control,IN,mobile,2,34.0,1.0,2026-06-03
2975,treatment,US,mobile,1,24.0,1.0,2026-06-05
2976,treatment,DE,mobile,5,60.2,0.8,2026-06-03
2977,treatment,PH,mobile,1,64.0,1.0,2026-06-03
2978,treatment,US,mobile,0,,,2026-06-03
2979,control,PH,desktop,5,28.4,0.6,2026-06-01
2980,control,IN,mobile,5,26.8,0.4,2026-06-04
2981,control,CA,mobile,1,37.0,1.0,2026-06-01
2982,treatment,US,mobile,3,83.7,0.333,2026-06-03
2983,control,IN,desktop,1,28.0,0.0,2026-06-03
2984,control,US,mobile,2,27.5,1.0,2026-06-01
2985,control,IN,mobile,0,,,2026-06-04
2986,treatment,US,mobile,4,102.2,0.75,2026-06-03
2987,control,US,desktop,1,17.0,0.0,2026-06-01
2988,control,US,mobile,11,35.4,0.636,2026-06-02
2989,treatment,IN,mobile,8,53.6,0.75,2026-06-03
2990,control,PH,mobile,1,29.0,1.0,2026-06-04
2991,control,US,desktop,4,21.8,1.0,2026-06-05
2992,control,PH,desktop,0,,,2026-06-03
2993,treatment,IN,desktop,0,,,2026-06-03
2994,control,CA,tablet,4,32.2,0.75,2026-06-03
2995,control,GB,mobile,8,40.9,0.75,2026-06-03
2996,treatment,PH,desktop,0,,,2026-06-02
2997,treatment,PH,mobile,7,35.6,0.429,2026-06-05
2998,control,US,mobile,5,53.8,0.4,2026-06-03
2999,control,CA,mobile,1,49.0,0.0,2026-06-04
3000,control,IN,mobile,13,33.3,0.615,2026-06-03
3001,control,US,mobile,4,29.5,0.75,2026-06-01
3002,control,CA,mobile,2,91.0,1.0,2026-06-05
3003,control,AU,mobile,1,18.0,1.0,2026-06-03
3004,control,CA,desktop,7,24.3,0.857,2026-06-03
3005,treatment,US,mobile,3,60.3,1.0,2026-06-04
3006,treatment,AU,tablet,5,47.4,1.0,2026-06-04
3007,control,DE,tablet,5,37.0,0.8,2026-06-01
3008,control,US,mobile,4,36.5,1.0,2026-06-02
3009,treatment,US,mobile,0,,,2026-06-04
3010,control,BR,mobile,2,68.0,0.5,2026-06-05
3011,treatment,US,desktop,1,18.0,0.0,2026-06-04
3012,control,GB,desktop,1,38.0,1.0,2026-06-03
3013,control,IN,mobile,0,,,2026-06-04
3014,control,US,desktop,0,,,2026-06-01
3015,treatment,US,desktop,2,53.0,1.0,2026-06-04
3016,control,DE,mobile,3,23.3,1.0,2026-06-04
3017,control,IN,mobile,1,56.0,0.0,2026-06-05
3018,control,US,mobile,3,31.7,1.0,2026-06-05
3019,control,US,desktop,0,,,2026-06-05
3020,treatment,GB,mobile,5,50.2,1.0,2026-06-05
3021,control,PH,mobile,3,26.7,1.0,2026-06-05
3022,treatment,IN,desktop,4,57.8,1.0,2026-06-05
3023,treatment,GB,desktop,5,47.4,1.0,2026-06-02
3024,treatment,US,desktop,5,65.8,0.8,2026-06-04
3025,control,US,desktop,2,18.5,1.0,2026-06-01
3026,control,BR,mobile,10,31.9,0.7,2026-06-01
3027,control,US,desktop,1,25.0,1.0,2026-06-03
3028,treatment,US,mobile,3,67.3,1.0,2026-06-04
3029,control,US,mobile,2,35.0,1.0,2026-06-05
3030,treatment,US,mobile,5,36.2,0.6,2026-06-04
3031,treatment,US,mobile,2,34.0,1.0,2026-06-05
3032,control,US,mobile,4,24.0,0.75,2026-06-03
3033,control,DE,desktop,1,80.0,1.0,2026-06-01
3034,treatment,GB,desktop,4,59.0,0.75,2026-06-05
3035,control,AU,desktop,0,,,2026-06-01
3036,treatment,US,mobile,0,,,2026-06-04
3037,control,IN,mobile,2,38.0,1.0,2026-06-03
3038,treatment,DE,mobile,0,,,2026-06-05
3039,control,US,tablet,4,27.5,0.75,2026-06-03
3040,control,GB,mobile,4,41.0,0.75,2026-06-02
3041,treatment,DE,mobile,4,78.0,0.75,2026-06-03
3042,treatment,US,mobile,3,15.3,0.667,2026-06-03
3043,control,CA,mobile,0,,,2026-06-03
3044,control,PH,mobile,4,42.8,1.0,2026-06-05
3045,control,PH,mobile,3,21.0,1.0,2026-06-03
3046,control,PH,mobile,1,19.0,1.0,2026-06-01
3047,control,BR,mobile,0,,,2026-06-03
3048,control,CA,mobile,0,,,2026-06-05
3049,control,US,mobile,1,30.0,1.0,2026-06-05
3050,control,GB,mobile,1,32.0,1.0,2026-06-01
3051,treatment,CA,mobile,3,33.0,0.667,2026-06-03
3052,control,PH,tablet,8,27.0,0.75,2026-06-03
3053,treatment,CA,mobile,5,40.0,0.6,2026-06-05
3054,control,US,mobile,2,17.5,0.5,2026-06-01
3055,treatment,GB,mobile,1,53.0,1.0,2026-06-04
3056,control,IN,desktop,2,49.0,1.0,2026-06-01
3057,treatment,IN,mobile,2,35.0,1.0,2026-06-05
3058,treatment,DE,mobile,5,39.4,0.6,2026-06-03
3059,control,GB,mobile,7,32.1,0.429,2026-06-01
3060,control,AU,mobile,5,23.8,0.6,2026-06-04
3061,control,PH,mobile,2,14.0,0.5,2026-06-01
3062,treatment,PH,mobile,3,31.3,0.667,2026-06-03
3063,control,US,desktop,5,32.6,0.4,2026-06-03
3064,control,IN,mobile,1,26.0,1.0,2026-06-03
3065,treatment,PH,mobile,1,26.0,1.0,2026-06-02
3066,control,IN,desktop,5,42.0,0.8,2026-06-02
3067,treatment,GB,mobile,1,61.0,1.0,2026-06-05
3068,control,GB,mobile,0,,,2026-06-03
3069,control,US,desktop,4,18.5,0.5,2026-06-01
3070,treatment,IN,mobile,1,24.0,1.0,2026-06-02
3071,treatment,BR,mobile,2,54.0,0.0,2026-06-04
3072,control,PH,desktop,2,39.5,0.5,2026-06-01
3073,treatment,IN,tablet,2,67.0,0.5,2026-06-01
3074,control,US,desktop,6,37.0,0.5,2026-06-05
3075,treatment,IN,desktop,3,48.3,0.333,2026-06-05
3076,control,DE,mobile,2,24.0,1.0,2026-06-05
3077,control,BR,mobile,2,28.5,0.5,2026-06-04
3078,control,US,desktop,2,35.0,1.0,2026-06-02
3079,treatment,IN,desktop,1,33.0,0.0,2026-06-05
3080,treatment,PH,mobile,4,45.2,1.0,2026-06-03
3081,treatment,US,mobile,6,53.8,0.833,2026-06-05
3082,treatment,IN,desktop,3,51.7,1.0,2026-06-03
3083,control,IN,mobile,1,24.0,1.0,2026-06-04
3084,treatment,IN,desktop,1,26.0,0.0,2026-06-03
3085,control,CA,mobile,0,,,2026-06-03
3086,treatment,BR,mobile,10,50.7,0.3,2026-06-01
3087,treatment,GB,desktop,0,,,2026-06-01
3088,treatment,US,mobile,0,,,2026-06-05
3089,treatment,BR,mobile,4,40.0,0.75,2026-06-03
3090,control,IN,desktop,5,29.8,1.0,2026-06-05
3091,control,US,mobile,8,30.2,0.5,2026-06-05
3092,treatment,GB,mobile,3,56.3,0.333,2026-06-04
3093,treatment,US,tablet,14,33.6,0.571,2026-06-03
3094,control,GB,mobile,2,27.0,1.0,2026-06-02
3095,treatment,GB,desktop,4,27.0,0.75,2026-06-03
3096,treatment,US,mobile,3,63.0,1.0,2026-06-05
3097,treatment,PH,mobile,0,,,2026-06-03
3098,control,IN,desktop,13,28.7,0.692,2026-06-01
3099,treatment,DE,desktop,0,,,2026-06-02
3100,control,BR,desktop,3,29.7,0.667,2026-06-05
3101,treatment,IN,mobile,2,44.5,1.0,2026-06-05
3102,control,IN,mobile,10,38.0,0.5,2026-06-05
3103,treatment,US,mobile,2,58.5,1.0,2026-06-04
3104,treatment,US,mobile,0,,,2026-06-02
3105,control,IN,mobile,7,34.6,0.714,2026-06-05
3106,control,US,mobile,5,32.8,0.8,2026-06-05
3107,treatment,BR,tablet,6,31.5,0.667,2026-06-01
3108,control,US,mobile,0,,,2026-06-04
3109,treatment,PH,mobile,1,34.0,0.0,2026-06-02
3110,control,US,desktop,2,24.0,0.5,2026-06-02
3111,control,GB,mobile,1,19.0,1.0,2026-06-05
3112,treatment,CA,mobile,6,73.7,0.833,2026-06-04
3113,treatment,US,mobile,0,,,2026-06-04
3114,treatment,PH,mobile,2,47.5,1.0,2026-06-03
3115,treatment,US,desktop,0,,,2026-06-01
3116,treatment,GB,desktop,5,51.8,0.8,2026-06-03
3117,control,IN,mobile,4,25.2,0.0,2026-06-01
3118,treatment,BR,desktop,6,37.3,0.167,2026-06-05
3119,treatment,IN,mobile,3,39.3,0.333,2026-06-02
3120,treatment,AU,mobile,1,48.0,1.0,2026-06-05
3121,treatment,DE,desktop,7,55.9,1.0,2026-06-04
3122,treatment,PH,mobile,2,36.0,1.0,2026-06-01
3123,treatment,US,mobile,3,50.0,0.667,2026-06-01
3124,treatment,IN,mobile,6,39.8,0.333,2026-06-02
3125,treatment,PH,mobile,1,48.0,0.0,2026-06-02
3126,treatment,PH,mobile,3,43.0,1.0,2026-06-01
3127,treatment,US,mobile,0,,,2026-06-03
3128,control,US,tablet,0,,,2026-06-02
3129,control,IN,mobile,4,29.8,0.5,2026-06-01
3130,control,IN,mobile,7,31.4,0.714,2026-06-04
3131,treatment,PH,mobile,8,45.6,1.0,2026-06-01
3132,treatment,IN,mobile,0,,,2026-06-05
3133,treatment,PH,desktop,0,,,2026-06-04
3134,treatment,IN,desktop,6,46.8,0.667,2026-06-03
3135,treatment,US,mobile,5,63.6,0.6,2026-06-02
3136,treatment,GB,mobile,3,60.0,1.0,2026-06-03
3137,treatment,US,mobile,0,,,2026-06-01
3138,treatment,PH,mobile,4,38.0,1.0,2026-06-04
3139,treatment,BR,desktop,3,86.0,0.333,2026-06-05
3140,treatment,US,mobile,1,93.0,0.0,2026-06-02
3141,control,IN,desktop,6,33.7,0.333,2026-06-04
3142,treatment,CA,desktop,0,,,2026-06-04
3143,control,IN,mobile,6,32.3,0.667,2026-06-01
3144,control,US,desktop,0,,,2026-06-04
3145,control,AU,mobile,9,33.3,0.778,2026-06-01
3146,treatment,US,desktop,5,64.8,1.0,2026-06-05
3147,treatment,US,mobile,2,29.0,1.0,2026-06-02
3148,treatment,BR,mobile,8,48.4,0.75,2026-06-01
3149,control,GB,mobile,4,34.5,0.75,2026-06-03
3150,treatment,IN,mobile,1,20.0,1.0,2026-06-02
3151,control,PH,mobile,0,,,2026-06-03
3152,treatment,DE,mobile,2,56.0,1.0,2026-06-01
3153,treatment,DE,mobile,0,,,2026-06-02
3154,treatment,US,desktop,2,37.0,1.0,2026-06-04
3155,control,US,desktop,2,17.5,1.0,2026-06-04
3156,control,IN,mobile,19,41.8,0.579,2026-06-05
3157,treatment,GB,mobile,3,49.0,1.0,2026-06-05
3158,treatment,BR,mobile,2,37.5,0.0,2026-06-04
3159,control,IN,mobile,4,24.2,0.75,2026-06-02
3160,treatment,US,mobile,0,,,2026-06-04
3161,treatment,US,tablet,5,39.2,0.6,2026-06-05
3162,control,US,mobile,1,34.0,1.0,2026-06-05
3163,control,BR,mobile,0,,,2026-06-05
3164,control,US,mobile,2,19.5,1.0,2026-06-04
3165,treatment,IN,mobile,4,45.8,0.5,2026-06-02
3166,treatment,US,mobile,6,42.5,0.667,2026-06-04
3167,control,IN,desktop,7,35.1,0.714,2026-06-03
3168,control,US,mobile,2,14.5,0.5,2026-06-05
3169,treatment,US,mobile,8,37.6,0.875,2026-06-02
3170,control,GB,mobile,1,15.0,1.0,2026-06-01
3171,control,BR,mobile,3,20.3,0.333,2026-06-02
3172,control,IN,mobile,2,35.5,1.0,2026-06-01
3173,treatment,CA,mobile,2,38.5,0.5,2026-06-01
3174,treatment,BR,mobile,6,49.0,0.833,2026-06-04
3175,treatment,BR,mobile,2,49.0,1.0,2026-06-02
3176,control,IN,mobile,2,16.0,0.5,2026-06-04
3177,control,BR,mobile,4,43.2,0.25,2026-06-01
3178,control,IN,desktop,4,31.0,1.0,2026-06-02
3179,treatment,US,tablet,5,54.4,0.4,2026-06-04
3180,treatment,IN,desktop,10,34.9,0.8,2026-06-04
3181,treatment,CA,mobile,5,35.2,0.6,2026-06-04
3182,treatment,IN,mobile,3,46.0,1.0,2026-06-01
3183,treatment,US,mobile,4,42.2,1.0,2026-06-03
3184,control,US,mobile,4,35.5,0.75,2026-06-01
3185,control,US,tablet,2,29.0,1.0,2026-06-04
3186,control,BR,mobile,4,29.2,0.5,2026-06-01
3187,treatment,US,desktop,4,47.0,0.5,2026-06-05
3188,treatment,AU,desktop,5,48.6,0.8,2026-06-02
3189,treatment,BR,mobile,3,59.7,0.667,2026-06-02
3190,control,US,mobile,1,29.0,1.0,2026-06-03
3191,control,IN,mobile,1,41.0,1.0,2026-06-04
3192,treatment,BR,mobile,1,30.0,0.0,2026-06-04
3193,control,PH,desktop,6,26.8,0.5,2026-06-02
3194,treatment,CA,mobile,2,89.5,0.5,2026-06-05
3195,control,BR,tablet,3,40.3,0.667,2026-06-03
3196,control,IN,desktop,5,32.4,0.8,2026-06-02
3197,control,BR,desktop,6,41.7,0.5,2026-06-05
3198,control,CA,desktop,0,,,2026-06-05
3199,treatment,BR,tablet,1,34.0,1.0,2026-06-05
3200,treatment,GB,desktop,0,,,2026-06-03
3201,treatment,GB,mobile,6,47.8,0.5,2026-06-02
3202,treatment,IN,tablet,0,,,2026-06-04
3203,control,US,mobile,6,31.5,0.5,2026-06-03
3204,treatment,IN,mobile,2,47.0,1.0,2026-06-04
3205,control,US,mobile,8,26.6,0.5,2026-06-01
3206,treatment,CA,mobile,2,32.0,0.5,2026-06-04
3207,control,IN,mobile,1,21.0,1.0,2026-06-01
3208,control,DE,desktop,2,59.0,1.0,2026-06-05
3209,treatment,US,mobile,5,54.6,0.2,2026-06-03
3210,control,US,tablet,2,12.5,0.5,2026-06-02
3211,control,US,mobile,1,22.0,0.0,2026-06-03
3212,treatment,IN,desktop,4,25.2,0.75,2026-06-03
3213,control,US,mobile,1,19.0,0.0,2026-06-04
3214,treatment,GB,desktop,0,,,2026-06-03
3215,treatment,US,desktop,5,46.4,0.6,2026-06-03
3216,control,GB,mobile,2,17.5,0.5,2026-06-01
3217,control,GB,desktop,6,31.5,0.833,2026-06-05
3218,treatment,PH,mobile,1,28.0,1.0,2026-06-02
3219,control,PH,desktop,2,28.0,1.0,2026-06-05
3220,control,US,mobile,0,,,2026-06-02
3221,control,BR,mobile,3,15.0,0.667,2026-06-04
3222,control,PH,mobile,5,26.2,0.4,2026-06-01
3223,treatment,US,mobile,4,59.0,0.25,2026-06-02
3224,treatment,US,mobile,2,49.5,0.5,2026-06-01
3225,treatment,AU,mobile,1,22.0,1.0,2026-06-05
3226,treatment,CA,mobile,4,46.8,1.0,2026-06-05
3227,treatment,CA,tablet,1,30.0,1.0,2026-06-03
3228,control,IN,mobile,1,30.0,0.0,2026-06-03
3229,control,IN,mobile,6,47.0,0.667,2026-06-02
3230,treatment,US,desktop,0,,,2026-06-02
3231,treatment,IN,tablet,3,50.3,0.667,2026-06-05
3232,control,US,tablet,7,28.4,0.571,2026-06-01
3233,treatment,CA,mobile,5,40.2,0.8,2026-06-03
3234,treatment,IN,desktop,0,,,2026-06-01
3235,control,US,mobile,2,28.5,1.0,2026-06-04
3236,treatment,IN,mobile,6,34.8,0.833,2026-06-04
3237,treatment,BR,tablet,0,,,2026-06-04
3238,treatment,CA,mobile,16,39.2,0.625,2026-06-04
3239,treatment,US,desktop,3,44.3,0.333,2026-06-02
3240,control,PH,desktop,5,22.0,0.2,2026-06-01
3241,control,GB,mobile,2,48.5,1.0,2026-06-03
3242,control,IN,mobile,3,54.7,0.667,2026-06-03
3243,treatment,US,desktop,3,51.3,0.333,2026-06-02
3244,control,BR,mobile,0,,,2026-06-04
3245,treatment,US,mobile,2,84.0,1.0,2026-06-02
3246,control,AU,desktop,8,32.1,0.875,2026-06-04
3247,treatment,BR,mobile,3,78.0,0.667,2026-06-03
3248,control,CA,mobile,1,26.0,1.0,2026-06-03
3249,treatment,GB,mobile,5,38.4,0.4,2026-06-05
3250,control,DE,mobile,2,17.0,0.5,2026-06-04
3251,treatment,BR,mobile,8,42.5,0.75,2026-06-02
3252,treatment,AU,desktop,0,,,2026-06-04
3253,control,US,mobile,0,,,2026-06-02
3254,treatment,PH,mobile,2,33.5,0.0,2026-06-05
3255,control,IN,mobile,1,33.0,1.0,2026-06-04
3256,treatment,US,mobile,2,46.5,0.0,2026-06-05
3257,control,AU,mobile,12,37.5,0.917,2026-06-02
3258,control,GB,desktop,1,30.0,1.0,2026-06-01
3259,control,IN,tablet,1,27.0,1.0,2026-06-05
3260,treatment,US,mobile,4,64.5,0.75,2026-06-01
3261,treatment,IN,mobile,2,55.5,1.0,2026-06-02
3262,control,US,desktop,6,28.3,0.833,2026-06-01
3263,control,CA,mobile,0,,,2026-06-04
3264,control,PH,desktop,5,36.2,0.8,2026-06-05
3265,control,PH,mobile,0,,,2026-06-01
3266,treatment,US,mobile,2,54.0,1.0,2026-06-03
3267,control,PH,mobile,4,21.5,0.75,2026-06-04
3268,control,DE,desktop,1,43.0,1.0,2026-06-04
3269,control,US,mobile,0,,,2026-06-02
3270,control,US,mobile,4,40.0,0.75,2026-06-04
3271,treatment,US,mobile,3,52.0,1.0,2026-06-01
3272,control,BR,mobile,1,49.0,1.0,2026-06-03
3273,control,IN,desktop,5,34.4,0.8,2026-06-04
3274,control,IN,desktop,1,37.0,0.0,2026-06-02
3275,control,IN,mobile,6,31.0,0.833,2026-06-05
3276,control,US,mobile,1,18.0,0.0,2026-06-03
3277,treatment,US,mobile,4,43.0,1.0,2026-06-01
3278,control,IN,mobile,4,43.5,1.0,2026-06-01
3279,treatment,PH,mobile,3,37.7,0.667,2026-06-03
3280,treatment,PH,mobile,1,26.0,1.0,2026-06-05
3281,treatment,DE,mobile,0,,,2026-06-05
3282,control,CA,mobile,2,43.0,0.0,2026-06-05
3283,treatment,CA,mobile,0,,,2026-06-01
3284,control,BR,mobile,6,31.2,0.667,2026-06-02
3285,treatment,DE,mobile,4,37.8,0.75,2026-06-01
3286,control,US,mobile,1,42.0,1.0,2026-06-05
3287,control,BR,mobile,7,37.6,0.714,2026-06-04
3288,control,PH,mobile,5,33.8,1.0,2026-06-03
3289,control,IN,mobile,2,30.5,0.5,2026-06-05
3290,control,US,desktop,5,24.6,0.6,2026-06-01
3291,control,CA,mobile,1,16.0,0.0,2026-06-02
3292,treatment,IN,desktop,0,,,2026-06-03
3293,treatment,US,mobile,4,34.2,0.25,2026-06-03
3294,control,DE,mobile,1,40.0,1.0,2026-06-01
3295,treatment,US,mobile,1,79.0,1.0,2026-06-02
3296,control,PH,mobile,0,,,2026-06-02
3297,control,IN,mobile,2,16.5,0.5,2026-06-01
3298,treatment,US,mobile,5,71.6,0.6,2026-06-02
3299,control,US,mobile,6,41.5,0.667,2026-06-04
3300,control,PH,desktop,2,79.5,0.5,2026-06-03
3301,control,US,mobile,1,9.0,1.0,2026-06-01
3302,control,US,mobile,1,13.0,0.0,2026-06-04
3303,treatment,DE,mobile,7,32.4,0.571,2026-06-03
3304,treatment,BR,desktop,4,45.8,0.5,2026-06-01
3305,control,US,mobile,2,26.0,0.5,2026-06-02
3306,treatment,GB,mobile,0,,,2026-06-01
3307,treatment,IN,mobile,0,,,2026-06-01
3308,control,US,desktop,6,44.5,1.0,2026-06-02
3309,control,IN,mobile,0,,,2026-06-04
3310,treatment,US,mobile,4,31.8,0.5,2026-06-04
3311,treatment,PH,desktop,1,37.0,1.0,2026-06-05
3312,treatment,DE,desktop,3,34.3,0.667,2026-06-02
3313,treatment,CA,mobile,2,46.0,1.0,2026-06-04
3314,control,IN,desktop,0,,,2026-06-01
3315,control,US,mobile,0,,,2026-06-02
3316,treatment,CA,desktop,10,50.8,0.9,2026-06-04
3317,control,US,desktop,2,41.0,0.5,2026-06-03
3318,control,US,desktop,1,21.0,1.0,2026-06-02
3319,treatment,AU,mobile,2,45.0,0.5,2026-06-01
3320,control,BR,mobile,3,27.0,0.333,2026-06-02
3321,control,PH,mobile,1,17.0,1.0,2026-06-05
3322,control,GB,mobile,1,13.0,1.0,2026-06-02
3323,control,BR,desktop,0,,,2026-06-05
3324,treatment,AU,mobile,6,48.3,0.667,2026-06-02
3325,control,GB,mobile,7,30.7,0.857,2026-06-03
3326,treatment,US,desktop,3,44.0,1.0,2026-06-04
3327,control,US,mobile,5,32.8,0.6,2026-06-04
3328,control,IN,mobile,3,22.0,1.0,2026-06-04
3329,control,US,mobile,0,,,2026-06-04
3330,control,US,mobile,3,42.7,0.333,2026-06-05
3331,treatment,GB,mobile,0,,,2026-06-02
3332,control,PH,mobile,6,34.5,0.833,2026-06-01
3333,control,BR,mobile,7,23.4,0.429,2026-06-01
3334,treatment,PH,mobile,0,,,2026-06-04
3335,control,GB,mobile,0,,,2026-06-04
3336,treatment,US,mobile,1,30.0,1.0,2026-06-03
3337,treatment,BR,tablet,5,49.6,1.0,2026-06-05
3338,control,US,desktop,5,30.6,0.4,2026-06-03
3339,control,DE,mobile,0,,,2026-06-04
3340,control,PH,mobile,2,18.0,1.0,2026-06-05
3341,treatment,US,mobile,0,,,2026-06-05
3342,treatment,US,mobile,2,89.5,0.5,2026-06-01
3343,control,GB,mobile,1,19.0,1.0,2026-06-01
3344,treatment,IN,mobile,4,43.5,0.75,2026-06-03
3345,treatment,US,mobile,3,56.0,0.667,2026-06-02
3346,control,US,desktop,2,29.0,1.0,2026-06-01
3347,control,PH,mobile,0,,,2026-06-03
3348,treatment,BR,mobile,2,44.5,0.0,2026-06-04
3349,control,IN,mobile,3,30.7,0.0,2026-06-05
3350,control,IN,mobile,2,16.0,1.0,2026-06-05
3351,control,IN,desktop,9,28.8,0.556,2026-06-04
3352,treatment,PH,desktop,4,51.0,1.0,2026-06-03
3353,control,US,desktop,2,23.5,1.0,2026-06-01
3354,control,IN,desktop,2,31.0,1.0,2026-06-01
3355,treatment,PH,desktop,0,,,2026-06-04
3356,control,GB,mobile,9,32.9,0.667,2026-06-02
3357,control,US,mobile,1,40.0,0.0,2026-06-02
3358,control,BR,mobile,5,41.4,0.6,2026-06-01
3359,treatment,DE,tablet,1,31.0,1.0,2026-06-03
3360,control,BR,mobile,1,17.0,1.0,2026-06-04
3361,control,US,desktop,3,48.3,1.0,2026-06-01
3362,treatment,PH,mobile,10,52.8,0.7,2026-06-04
3363,treatment,AU,mobile,6,57.0,0.667,2026-06-03
3364,treatment,IN,desktop,3,54.7,0.667,2026-06-03
3365,treatment,PH,mobile,6,54.5,0.833,2026-06-02
3366,control,US,tablet,2,54.5,1.0,2026-06-02
3367,treatment,GB,mobile,2,45.5,1.0,2026-06-01
3368,treatment,AU,mobile,1,29.0,0.0,2026-06-01
3369,treatment,IN,desktop,1,32.0,0.0,2026-06-04
3370,treatment,IN,desktop,2,19.5,1.0,2026-06-05
3371,control,PH,mobile,3,36.7,0.667,2026-06-01
3372,control,US,mobile,2,22.0,0.5,2026-06-03
3373,control,DE,desktop,1,27.0,1.0,2026-06-05
3374,treatment,US,mobile,1,88.0,1.0,2026-06-01
3375,treatment,IN,desktop,6,28.5,0.833,2026-06-01
3376,treatment,GB,desktop,6,43.5,0.5,2026-06-05
3377,treatment,IN,desktop,6,52.7,0.667,2026-06-05
3378,treatment,IN,mobile,5,34.8,0.8,2026-06-02
3379,control,BR,desktop,2,15.0,0.0,2026-06-04
3380,control,CA,desktop,5,32.0,0.8,2026-06-03
3381,treatment,US,mobile,3,47.0,1.0,2026-06-05
3382,control,US,tablet,5,18.6,0.2,2026-06-01
3383,treatment,IN,desktop,0,,,2026-06-03
3384,control,US,desktop,2,33.0,0.5,2026-06-05
3385,treatment,PH,mobile,2,43.0,1.0,2026-06-01
3386,control,US,tablet,3,30.7,1.0,2026-06-05
3387,control,IN,mobile,2,23.0,1.0,2026-06-01
3388,treatment,BR,desktop,15,40.5,0.8,2026-06-04
3389,treatment,AU,mobile,4,58.5,0.75,2026-06-02
3390,treatment,GB,mobile,1,44.0,1.0,2026-06-04
3391,treatment,IN,desktop,10,47.5,0.6,2026-06-04
3392,treatment,US,mobile,3,40.3,0.667,2026-06-01
3393,control,US,desktop,6,27.0,0.667,2026-06-05
3394,control,CA,desktop,2,23.0,0.5,2026-06-04
3395,treatment,AU,mobile,1,19.0,1.0,2026-06-01
3396,treatment,IN,desktop,1,40.0,0.0,2026-06-03
3397,control,US,tablet,10,38.1,0.8,2026-06-02
3398,treatment,US,desktop,0,,,2026-06-03
3399,treatment,BR,tablet,5,36.2,0.8,2026-06-02
3400,treatment,US,desktop,0,,,2026-06-04
3401,control,US,mobile,1,19.0,1.0,2026-06-01
3402,treatment,IN,mobile,2,21.5,1.0,2026-06-05
3403,treatment,US,desktop,0,,,2026-06-02
3404,control,IN,desktop,0,,,2026-06-03
3405,control,GB,mobile,2,28.0,0.5,2026-06-03
3406,treatment,US,mobile,2,42.0,0.5,2026-06-01
3407,treatment,AU,desktop,4,37.0,0.5,2026-06-02
3408,control,CA,desktop,3,25.0,0.667,2026-06-05
3409,control,US,mobile,0,,,2026-06-05
3410,control,CA,mobile,5,55.0,0.6,2026-06-03
3411,treatment,US,desktop,1,16.0,0.0,2026-06-04
3412,control,IN,mobile,2,42.5,1.0,2026-06-05
3413,control,GB,mobile,0,,,2026-06-05
3414,control,DE,mobile,2,52.5,1.0,2026-06-04
3415,control,US,desktop,1,27.0,0.0,2026-06-02
3416,treatment,IN,desktop,4,45.5,1.0,2026-06-05
3417,control,BR,mobile,2,44.5,0.5,2026-06-03
3418,treatment,US,mobile,7,52.6,0.714,2026-06-02
3419,control,GB,mobile,2,23.5,1.0,2026-06-01
3420,treatment,US,mobile,6,47.3,0.833,2026-06-01
3421,control,IN,desktop,1,23.0,1.0,2026-06-02
3422,treatment,IN,mobile,2,68.0,1.0,2026-06-04
3423,treatment,PH,mobile,2,44.5,1.0,2026-06-01
3424,control,IN,mobile,0,,,2026-06-04
3425,treatment,DE,desktop,2,47.0,0.5,2026-06-05
3426,control,US,mobile,0,,,2026-06-02
3427,treatment,GB,mobile,0,,,2026-06-01
3428,treatment,US,mobile,0,,,2026-06-01
3429,control,BR,desktop,2,55.0,0.5,2026-06-01
3430,control,US,mobile,0,,,2026-06-01
3431,treatment,IN,mobile,4,61.2,0.75,2026-06-01
3432,treatment,DE,mobile,5,35.8,0.2,2026-06-03
3433,treatment,IN,mobile,8,30.1,0.625,2026-06-04
3434,control,IN,desktop,2,39.5,0.5,2026-06-03
3435,treatment,DE,mobile,1,38.0,1.0,2026-06-04
3436,treatment,IN,mobile,6,48.8,0.833,2026-06-01
3437,treatment,IN,mobile,1,22.0,1.0,2026-06-02
3438,treatment,BR,mobile,1,39.0,1.0,2026-06-01
3439,treatment,US,mobile,0,,,2026-06-02
3440,treatment,US,mobile,2,44.5,1.0,2026-06-03
3441,control,PH,mobile,8,34.5,0.875,2026-06-03
3442,control,PH,mobile,1,31.0,1.0,2026-06-03
3443,treatment,BR,mobile,0,,,2026-06-01
3444,control,GB,mobile,4,26.5,0.25,2026-06-03
3445,treatment,US,desktop,3,73.0,0.333,2026-06-04
3446,control,US,mobile,1,30.0,0.0,2026-06-04
3447,treatment,IN,desktop,5,60.2,0.6,2026-06-02
3448,treatment,GB,mobile,0,,,2026-06-01
3449,control,IN,mobile,3,47.3,0.333,2026-06-02
3450,control,PH,mobile,2,46.5,0.5,2026-06-01
3451,control,DE,mobile,2,33.5,0.0,2026-06-02
3452,treatment,US,mobile,0,,,2026-06-05
3453,treatment,CA,mobile,9,44.9,0.667,2026-06-03
3454,treatment,US,tablet,4,51.2,0.75,2026-06-04
3455,treatment,IN,mobile,1,26.0,1.0,2026-06-03
3456,control,US,mobile,4,32.2,0.75,2026-06-05
3457,control,US,desktop,2,24.0,0.5,2026-06-04
3458,control,IN,mobile,2,33.5,0.5,2026-06-01
3459,treatment,CA,desktop,2,36.0,0.5,2026-06-01
3460,treatment,BR,mobile,4,48.8,0.5,2026-06-02
3461,treatment,US,desktop,8,37.0,0.75,2026-06-02
3462,treatment,GB,mobile,1,22.0,1.0,2026-06-03
3463,treatment,BR,tablet,8,53.8,0.625,2026-06-02
3464,control,BR,mobile,0,,,2026-06-01
3465,treatment,CA,mobile,3,36.3,0.333,2026-06-03
3466,treatment,PH,mobile,2,47.0,0.5,2026-06-02
3467,treatment,US,desktop,3,50.7,0.667,2026-06-05
3468,treatment,DE,mobile,1,36.0,1.0,2026-06-03
3469,treatment,IN,desktop,4,56.2,0.5,2026-06-05
3470,control,PH,mobile,2,63.5,0.0,2026-06-02
3471,treatment,IN,mobile,0,,,2026-06-02
3472,control,PH,desktop,0,,,2026-06-02
3473,treatment,US,tablet,6,38.5,0.833,2026-06-04
3474,control,DE,desktop,2,60.5,0.5,2026-06-02
3475,treatment,BR,desktop,6,41.2,0.667,2026-06-01
3476,treatment,DE,mobile,7,37.0,0.714,2026-06-01
3477,control,DE,desktop,4,33.0,0.25,2026-06-05
3478,control,US,mobile,6,33.7,0.5,2026-06-03
3479,treatment,BR,desktop,0,,,2026-06-01
3480,control,US,desktop,2,27.0,0.5,2026-06-01
3481,treatment,IN,desktop,5,45.0,0.6,2026-06-01
3482,treatment,US,mobile,6,45.5,0.667,2026-06-03
3483,treatment,CA,desktop,1,59.0,1.0,2026-06-03
3484,control,CA,mobile,2,42.0,0.0,2026-06-04
3485,control,PH,mobile,2,41.5,1.0,2026-06-01
3486,control,GB,mobile,3,20.7,0.667,2026-06-04
3487,control,IN,mobile,0,,,2026-06-02
3488,control,US,desktop,4,49.0,1.0,2026-06-02
3489,control,AU,desktop,1,54.0,1.0,2026-06-01
3490,treatment,GB,mobile,4,46.2,1.0,2026-06-01
3491,treatment,GB,mobile,6,40.5,0.833,2026-06-03
3492,treatment,US,mobile,1,19.0,1.0,2026-06-02
3493,control,PH,mobile,0,,,2026-06-03
3494,treatment,US,mobile,4,53.2,0.25,2026-06-03
3495,treatment,IN,mobile,4,48.8,1.0,2026-06-02
3496,treatment,GB,mobile,0,,,2026-06-04
3497,control,GB,mobile,2,33.5,1.0,2026-06-03
3498,treatment,CA,mobile,4,46.0,1.0,2026-06-01
3499,treatment,US,mobile,0,,,2026-06-05
3500,treatment,US,desktop,4,37.2,1.0,2026-06-03
3501,treatment,US,mobile,3,27.0,0.667,2026-06-05
3502,control,AU,mobile,2,22.5,0.5,2026-06-04
3503,control,IN,mobile,4,27.8,0.75,2026-06-04
3504,control,AU,mobile,2,46.5,1.0,2026-06-01
3505,control,BR,tablet,0,,,2026-06-01
3506,control,BR,desktop,3,36.0,0.333,2026-06-03
3507,treatment,IN,mobile,9,35.0,0.667,2026-06-02
3508,control,US,mobile,2,38.0,1.0,2026-06-04
3509,control,PH,mobile,1,31.0,1.0,2026-06-04
3510,treatment,IN,desktop,4,72.2,1.0,2026-06-02
3511,control,IN,desktop,5,31.2,0.4,2026-06-05
3512,control,BR,mobile,1,49.0,1.0,2026-06-02
3513,control,US,mobile,2,21.0,1.0,2026-06-02
3514,control,IN,desktop,4,30.0,1.0,2026-06-04
3515,treatment,US,desktop,2,91.0,1.0,2026-06-03
3516,control,US,mobile,5,38.4,0.8,2026-06-05
3517,control,IN,mobile,3,52.3,0.667,2026-06-01
3518,control,IN,mobile,1,16.0,0.0,2026-06-02
3519,control,US,desktop,3,29.7,0.667,2026-06-01
3520,treatment,GB,desktop,2,76.0,1.0,2026-06-03
3521,treatment,DE,mobile,12,46.1,0.583,2026-06-04
3522,treatment,US,desktop,5,63.2,0.6,2026-06-02
3523,control,PH,mobile,0,,,2026-06-03
3524,control,BR,mobile,1,16.0,0.0,2026-06-02
3525,treatment,BR,desktop,1,33.0,0.0,2026-06-05
3526,control,IN,tablet,2,12.0,0.5,2026-06-04
3527,control,AU,mobile,3,33.3,1.0,2026-06-05
3528,treatment,GB,mobile,7,30.0,0.429,2026-06-03
3529,control,CA,mobile,3,21.3,1.0,2026-06-02
3530,treatment,IN,mobile,0,,,2026-06-02
3531,treatment,US,mobile,3,32.3,1.0,2026-06-04
3532,treatment,US,mobile,1,74.0,0.0,2026-06-03
3533,control,IN,mobile,0,,,2026-06-01
3534,control,IN,mobile,19,34.4,0.684,2026-06-05
3535,control,US,desktop,6,31.7,0.667,2026-06-01
3536,control,IN,desktop,0,,,2026-06-02
3537,control,AU,desktop,1,68.0,1.0,2026-06-01
3538,treatment,IN,mobile,1,93.0,1.0,2026-06-01
3539,treatment,BR,mobile,5,39.0,0.6,2026-06-03
3540,control,US,desktop,1,30.0,1.0,2026-06-04
3541,control,PH,mobile,0,,,2026-06-02
3542,treatment,IN,mobile,1,18.0,0.0,2026-06-02
3543,control,AU,mobile,5,22.6,0.6,2026-06-02
3544,treatment,GB,mobile,2,46.0,1.0,2026-06-05
3545,treatment,DE,desktop,4,39.2,1.0,2026-06-02
3546,treatment,IN,mobile,7,47.0,0.571,2026-06-04
3547,treatment,BR,desktop,1,59.0,1.0,2026-06-01
3548,treatment,US,mobile,1,41.0,0.0,2026-06-02
3549,treatment,IN,mobile,11,36.0,0.273,2026-06-03
3550,treatment,US,mobile,2,41.0,1.0,2026-06-04
3551,control,BR,mobile,1,37.0,0.0,2026-06-01
3552,treatment,BR,mobile,4,41.2,1.0,2026-06-03
3553,control,BR,desktop,0,,,2026-06-01
3554,treatment,CA,mobile,1,37.0,1.0,2026-06-02
3555,control,DE,mobile,4,45.0,0.5,2026-06-05
3556,control,AU,mobile,1,23.0,1.0,2026-06-05
3557,treatment,US,mobile,2,90.0,0.5,2026-06-04
3558,treatment,IN,mobile,1,64.0,0.0,2026-06-01
3559,control,BR,mobile,0,,,2026-06-03
3560,control,PH,mobile,5,35.4,0.6,2026-06-01
3561,treatment,US,tablet,9,37.4,0.556,2026-06-04
3562,treatment,BR,desktop,1,13.0,1.0,2026-06-04
3563,treatment,US,desktop,7,63.7,0.429,2026-06-04
3564,control,DE,mobile,5,24.8,0.4,2026-06-03
3565,control,IN,mobile,3,59.0,1.0,2026-06-05
3566,treatment,CA,mobile,4,62.5,1.0,2026-06-02
3567,control,US,desktop,3,37.0,0.667,2026-06-02
3568,treatment,IN,mobile,1,53.0,1.0,2026-06-04
3569,treatment,IN,mobile,5,52.4,1.0,2026-06-01
3570,control,IN,mobile,2,37.0,0.5,2026-06-03
3571,control,US,desktop,1,12.0,0.0,2026-06-01
3572,treatment,IN,mobile,3,45.0,0.667,2026-06-01
3573,treatment,IN,desktop,4,35.2,0.5,2026-06-05
3574,treatment,US,desktop,2,39.5,1.0,2026-06-02
3575,control,IN,tablet,3,36.3,1.0,2026-06-03
3576,control,US,mobile,3,32.3,1.0,2026-06-03
3577,treatment,PH,mobile,6,51.7,0.667,2026-06-02
3578,treatment,IN,mobile,11,42.1,0.818,2026-06-02
3579,control,CA,tablet,3,29.7,1.0,2026-06-03
3580,treatment,BR,desktop,2,28.5,0.0,2026-06-05
3581,control,IN,desktop,1,46.0,1.0,2026-06-02
3582,treatment,PH,tablet,3,85.0,1.0,2026-06-03
3583,control,US,mobile,3,45.3,0.667,2026-06-05
3584,treatment,IN,mobile,1,86.0,1.0,2026-06-01
3585,treatment,GB,desktop,6,58.0,0.667,2026-06-02
3586,treatment,PH,tablet,2,39.0,1.0,2026-06-04
3587,control,US,desktop,2,72.5,0.5,2026-06-03
3588,treatment,US,mobile,5,33.6,1.0,2026-06-05
3589,treatment,BR,desktop,0,,,2026-06-01
3590,control,GB,mobile,3,26.7,1.0,2026-06-01
3591,treatment,IN,mobile,0,,,2026-06-04
3592,treatment,IN,desktop,8,60.2,0.75,2026-06-01
3593,control,US,mobile,2,24.0,0.5,2026-06-03
3594,treatment,AU,mobile,2,19.5,0.5,2026-06-01
3595,control,BR,mobile,1,18.0,1.0,2026-06-05
3596,control,DE,mobile,4,26.8,0.75,2026-06-04
3597,treatment,IN,mobile,8,51.6,0.75,2026-06-05
3598,control,IN,mobile,7,27.4,0.857,2026-06-03
3599,control,IN,desktop,9,29.9,0.556,2026-06-04
3600,treatment,BR,mobile,6,65.2,0.667,2026-06-02
3601,control,US,desktop,0,,,2026-06-02
3602,control,PH,mobile,6,26.3,1.0,2026-06-01
3603,control,US,mobile,14,24.1,0.714,2026-06-04
3604,treatment,US,desktop,5,49.8,0.6,2026-06-02
3605,control,US,mobile,8,32.0,0.5,2026-06-01
3606,control,US,mobile,2,27.5,1.0,2026-06-01
3607,control,US,desktop,3,30.3,0.667,2026-06-05
3608,control,AU,mobile,5,42.2,0.4,2026-06-04
3609,treatment,DE,mobile,0,,,2026-06-02
3610,treatment,US,mobile,2,47.5,0.0,2026-06-01
3611,treatment,PH,mobile,1,40.0,1.0,2026-06-05
3612,control,PH,desktop,2,43.5,0.5,2026-06-01
3613,control,PH,mobile,5,29.2,0.2,2026-06-04
3614,control,US,mobile,4,26.5,0.75,2026-06-05
3615,control,US,mobile,9,34.2,0.778,2026-06-03
3616,treatment,US,desktop,2,70.0,0.5,2026-06-05
3617,treatment,IN,mobile,2,22.5,0.0,2026-06-04
3618,control,GB,desktop,10,34.8,0.7,2026-06-01
3619,treatment,IN,mobile,2,32.0,0.0,2026-06-04
3620,treatment,IN,mobile,8,37.9,0.625,2026-06-05
3621,control,IN,mobile,2,22.0,1.0,2026-06-05
3622,treatment,IN,mobile,4,34.2,1.0,2026-06-04
3623,control,IN,tablet,18,30.4,0.611,2026-06-05
3624,control,GB,desktop,2,33.0,0.0,2026-06-01
3625,treatment,BR,mobile,4,58.2,0.75,2026-06-05
3626,treatment,US,tablet,7,49.9,0.857,2026-06-04
3627,control,BR,mobile,9,39.9,0.889,2026-06-02
3628,treatment,BR,tablet,2,25.0,1.0,2026-06-05
3629,treatment,DE,desktop,1,40.0,1.0,2026-06-01
3630,control,US,mobile,2,67.5,0.5,2026-06-03
3631,treatment,US,desktop,3,35.0,0.0,2026-06-01
3632,treatment,US,mobile,6,42.7,1.0,2026-06-02
3633,treatment,DE,tablet,3,39.7,1.0,2026-06-02
3634,treatment,IN,mobile,2,47.5,1.0,2026-06-03
3635,treatment,US,mobile,4,47.8,0.25,2026-06-03
3636,treatment,GB,desktop,2,31.5,1.0,2026-06-02
3637,control,AU,mobile,1,67.0,1.0,2026-06-01
3638,treatment,GB,mobile,2,61.5,0.5,2026-06-05
3639,control,AU,desktop,4,36.2,1.0,2026-06-03
3640,treatment,US,mobile,2,26.0,0.0,2026-06-03
3641,control,IN,desktop,3,29.7,0.667,2026-06-04
3642,treatment,BR,mobile,0,,,2026-06-05
3643,treatment,GB,mobile,7,30.9,0.714,2026-06-03
3644,control,AU,mobile,3,34.0,1.0,2026-06-02
3645,treatment,BR,mobile,6,44.2,0.833,2026-06-04
3646,control,IN,mobile,1,36.0,1.0,2026-06-03
3647,treatment,DE,mobile,1,15.0,0.0,2026-06-03
3648,control,IN,mobile,4,35.2,1.0,2026-06-05
3649,control,US,desktop,2,27.5,0.0,2026-06-04
3650,control,US,mobile,4,39.0,0.5,2026-06-05
3651,treatment,US,mobile,0,,,2026-06-05
3652,control,US,mobile,0,,,2026-06-02
3653,treatment,DE,mobile,1,29.0,1.0,2026-06-01
3654,treatment,IN,mobile,1,37.0,1.0,2026-06-04
3655,treatment,GB,desktop,2,48.0,0.5,2026-06-04
3656,treatment,GB,mobile,2,47.5,1.0,2026-06-02
3657,control,PH,desktop,3,41.3,1.0,2026-06-04
3658,treatment,GB,mobile,4,72.8,0.75,2026-06-03
3659,treatment,IN,desktop,5,33.6,0.6,2026-06-02
3660,control,BR,mobile,3,37.3,0.667,2026-06-05
3661,control,GB,desktop,10,28.8,0.4,2026-06-01
3662,control,BR,mobile,2,38.5,1.0,2026-06-05
3663,treatment,BR,mobile,0,,,2026-06-05
3664,treatment,BR,mobile,1,29.0,0.0,2026-06-01
3665,treatment,US,desktop,5,56.4,0.8,2026-06-04
3666,control,US,mobile,5,35.2,0.8,2026-06-02
3667,control,IN,mobile,1,16.0,1.0,2026-06-01
3668,treatment,US,desktop,2,55.5,0.5,2026-06-04
3669,treatment,US,desktop,10,47.0,0.7,2026-06-01
3670,treatment,US,desktop,3,46.0,1.0,2026-06-05
3671,control,DE,desktop,1,47.0,1.0,2026-06-01
3672,treatment,IN,desktop,2,24.0,0.5,2026-06-01
3673,control,BR,mobile,3,31.7,1.0,2026-06-02
3674,treatment,US,desktop,1,102.0,1.0,2026-06-05
3675,treatment,IN,mobile,5,34.0,0.8,2026-06-03
3676,control,US,mobile,2,26.5,1.0,2026-06-05
3677,control,IN,mobile,0,,,2026-06-01
3678,control,US,desktop,2,37.5,1.0,2026-06-03
3679,control,PH,desktop,1,14.0,0.0,2026-06-04
3680,treatment,IN,desktop,1,36.0,1.0,2026-06-04
3681,treatment,BR,mobile,1,33.0,1.0,2026-06-05
3682,control,US,mobile,19,34.8,0.842,2026-06-01
3683,treatment,IN,mobile,2,46.0,0.0,2026-06-01
3684,treatment,US,mobile,3,42.7,1.0,2026-06-03
3685,treatment,GB,mobile,2,98.0,0.0,2026-06-05
3686,control,US,mobile,1,33.0,0.0,2026-06-01
3687,control,US,tablet,9,22.4,0.222,2026-06-05
3688,treatment,DE,mobile,3,59.7,1.0,2026-06-03
3689,control,IN,desktop,1,42.0,1.0,2026-06-01
3690,treatment,PH,mobile,2,65.5,1.0,2026-06-05
3691,treatment,US,mobile,2,23.5,1.0,2026-06-02
3692,control,US,mobile,3,28.0,0.333,2026-06-02
3693,treatment,BR,desktop,3,21.7,0.667,2026-06-02
3694,control,PH,desktop,3,23.3,0.667,2026-06-05
3695,control,BR,tablet,2,36.0,1.0,2026-06-04
3696,control,DE,mobile,1,74.0,1.0,2026-06-05
3697,treatment,IN,desktop,2,38.0,1.0,2026-06-03
3698,control,US,mobile,0,,,2026-06-01
3699,control,GB,mobile,1,33.0,1.0,2026-06-04
3700,control,US,mobile,1,6.0,1.0,2026-06-03
3701,control,IN,mobile,8,25.9,0.75,2026-06-05
3702,treatment,US,desktop,6,66.7,0.667,2026-06-01
3703,treatment,IN,mobile,0,,,2026-06-02
3704,treatment,US,mobile,2,32.0,0.0,2026-06-01
3705,treatment,IN,desktop,4,32.8,0.25,2026-06-04
3706,control,US,mobile,2,21.0,0.5,2026-06-04
3707,treatment,IN,mobile,4,46.2,0.25,2026-06-03
3708,control,US,desktop,3,49.0,0.333,2026-06-03
3709,control,AU,mobile,2,24.0,1.0,2026-06-01
3710,control,GB,mobile,1,15.0,1.0,2026-06-02
3711,control,US,desktop,2,23.5,0.5,2026-06-05
3712,control,IN,mobile,0,,,2026-06-01
3713,control,US,desktop,2,41.5,0.5,2026-06-05
3714,treatment,GB,mobile,1,51.0,0.0,2026-06-03
3715,control,US,mobile,2,33.0,1.0,2026-06-01
3716,control,IN,mobile,0,,,2026-06-01
3717,treatment,IN,mobile,3,40.7,0.667,2026-06-01
3718,treatment,IN,desktop,4,41.8,0.75,2026-06-02
3719,treatment,BR,mobile,8,50.4,0.875,2026-06-04
3720,control,US,mobile,2,30.0,0.5,2026-06-01
3721,treatment,PH,mobile,1,21.0,0.0,2026-06-05
3722,treatment,IN,mobile,2,36.5,1.0,2026-06-05
3723,control,AU,desktop,4,46.8,1.0,2026-06-05
3724,control,US,desktop,3,28.0,0.667,2026-06-04
3725,control,BR,mobile,3,22.0,0.667,2026-06-02
3726,control,CA,desktop,5,51.0,1.0,2026-06-03
3727,treatment,US,mobile,2,36.0,1.0,2026-06-05
3728,treatment,BR,mobile,6,55.7,0.833,2026-06-02
3729,treatment,US,mobile,2,48.0,1.0,2026-06-05
3730,treatment,PH,desktop,1,71.0,1.0,2026-06-05
3731,control,US,desktop,0,,,2026-06-05
3732,control,AU,mobile,1,44.0,0.0,2026-06-03
3733,control,DE,desktop,0,,,2026-06-03
3734,control,AU,mobile,1,49.0,1.0,2026-06-03
3735,control,US,mobile,8,41.6,0.625,2026-06-05
3736,treatment,DE,desktop,8,47.8,0.375,2026-06-05
3737,control,CA,mobile,3,34.3,0.667,2026-06-04
3738,treatment,CA,desktop,3,52.3,0.667,2026-06-05
3739,treatment,PH,mobile,3,52.0,0.333,2026-06-05
3740,control,AU,mobile,0,,,2026-06-02
3741,treatment,US,desktop,4,33.8,1.0,2026-06-03
3742,treatment,GB,mobile,8,48.4,0.75,2026-06-02
3743,treatment,AU,desktop,2,59.0,0.5,2026-06-04
3744,treatment,US,desktop,2,48.0,0.5,2026-06-05
3745,control,CA,desktop,1,88.0,1.0,2026-06-03
3746,treatment,US,mobile,3,51.7,0.667,2026-06-02
3747,treatment,IN,mobile,5,35.6,0.6,2026-06-04
3748,treatment,PH,mobile,0,,,2026-06-02
3749,treatment,DE,mobile,4,79.0,0.75,2026-06-04
3750,treatment,BR,mobile,4,36.8,0.75,2026-06-01
3751,treatment,US,mobile,3,45.3,1.0,2026-06-05
3752,control,US,mobile,0,,,2026-06-04
3753,treatment,US,mobile,0,,,2026-06-04
3754,treatment,BR,desktop,1,58.0,1.0,2026-06-03
3755,control,IN,desktop,0,,,2026-06-04
3756,control,US,mobile,4,28.0,0.5,2026-06-01
3757,control,PH,desktop,3,49.3,0.667,2026-06-02
3758,control,PH,desktop,0,,,2026-06-05
3759,control,US,mobile,0,,,2026-06-05
3760,treatment,CA,desktop,1,22.0,0.0,2026-06-05
3761,treatment,CA,mobile,0,,,2026-06-05
3762,control,US,tablet,2,18.0,0.5,2026-06-03
3763,control,US,mobile,3,22.3,0.667,2026-06-05
3764,control,US,tablet,4,50.0,0.5,2026-06-05
3765,control,IN,mobile,8,32.2,0.625,2026-06-05
3766,treatment,IN,desktop,3,46.7,0.667,2026-06-04
3767,treatment,US,mobile,2,40.5,1.0,2026-06-02
3768,treatment,US,mobile,11,48.6,0.727,2026-06-03
3769,treatment,DE,mobile,0,,,2026-06-03
3770,control,IN,mobile,3,37.7,1.0,2026-06-01
3771,treatment,IN,mobile,2,52.0,0.5,2026-06-04
3772,control,IN,desktop,4,37.2,0.5,2026-06-02
3773,control,US,mobile,2,37.0,1.0,2026-06-01
3774,treatment,DE,mobile,11,57.7,0.636,2026-06-05
3775,control,PH,mobile,13,37.1,0.615,2026-06-01
3776,treatment,DE,mobile,1,105.0,1.0,2026-06-05
3777,control,IN,mobile,2,25.0,1.0,2026-06-04
3778,treatment,IN,mobile,3,31.0,1.0,2026-06-02
3779,treatment,DE,desktop,2,43.0,1.0,2026-06-05
3780,control,IN,mobile,2,15.5,1.0,2026-06-04
3781,treatment,IN,desktop,0,,,2026-06-05
3782,control,IN,mobile,11,33.7,0.727,2026-06-01
3783,treatment,CA,desktop,4,47.5,0.75,2026-06-01
3784,control,IN,mobile,3,36.0,0.667,2026-06-05
3785,control,AU,desktop,2,20.0,1.0,2026-06-03
3786,control,IN,mobile,2,21.0,0.0,2026-06-04
3787,control,DE,desktop,6,24.3,0.833,2026-06-02
3788,control,DE,desktop,2,46.5,0.5,2026-06-03
3789,control,PH,mobile,5,35.0,0.6,2026-06-04
3790,treatment,US,mobile,5,62.0,0.4,2026-06-05
3791,control,US,desktop,2,33.5,1.0,2026-06-03
3792,treatment,US,mobile,3,62.7,0.333,2026-06-01
3793,control,PH,desktop,6,37.2,0.5,2026-06-04
3794,control,DE,mobile,10,26.0,0.8,2026-06-05
3795,control,US,desktop,2,50.0,1.0,2026-06-05
3796,control,PH,desktop,3,27.7,1.0,2026-06-04
3797,treatment,IN,mobile,0,,,2026-06-01
3798,treatment,CA,tablet,3,55.7,1.0,2026-06-02
3799,treatment,AU,mobile,6,45.7,0.167,2026-06-05
3800,control,GB,mobile,5,34.4,0.6,2026-06-02
3801,control,GB,desktop,3,18.7,0.667,2026-06-03
3802,treatment,PH,mobile,0,,,2026-06-05
3803,treatment,IN,mobile,6,53.8,1.0,2026-06-02
3804,control,IN,mobile,2,26.0,0.0,2026-06-01
3805,treatment,US,mobile,2,37.5,0.5,2026-06-01
3806,treatment,IN,mobile,1,57.0,1.0,2026-06-02
3807,treatment,IN,mobile,2,37.0,0.0,2026-06-05
3808,treatment,GB,mobile,1,65.0,1.0,2026-06-01
3809,control,US,mobile,5,37.2,0.4,2026-06-01
3810,control,GB,desktop,0,,,2026-06-01
3811,treatment,PH,desktop,1,95.0,1.0,2026-06-05
3812,treatment,PH,desktop,2,48.5,1.0,2026-06-05
3813,control,IN,mobile,1,21.0,1.0,2026-06-03
3814,control,IN,mobile,2,27.5,0.5,2026-06-02
3815,control,US,mobile,5,43.4,0.6,2026-06-03
3816,control,US,tablet,3,31.3,1.0,2026-06-04
3817,control,GB,mobile,1,11.0,1.0,2026-06-01
3818,control,IN,desktop,2,38.0,1.0,2026-06-05
3819,treatment,GB,mobile,2,53.0,0.5,2026-06-04
3820,treatment,DE,desktop,6,45.0,0.667,2026-06-05
3821,treatment,US,mobile,10,62.8,0.7,2026-06-04
3822,control,IN,desktop,14,30.6,0.786,2026-06-03
3823,control,AU,mobile,9,26.9,0.556,2026-06-02
3824,control,US,mobile,2,48.0,0.5,2026-06-02
3825,treatment,DE,mobile,2,28.5,0.5,2026-06-04
3826,control,US,mobile,0,,,2026-06-01
3827,treatment,IN,mobile,3,59.3,0.667,2026-06-04
3828,control,PH,mobile,3,36.3,0.333,2026-06-04
3829,control,IN,mobile,3,26.7,0.333,2026-06-02
3830,control,US,desktop,7,25.0,1.0,2026-06-03
3831,treatment,US,desktop,3,34.0,0.333,2026-06-02
3832,control,US,desktop,7,50.0,0.571,2026-06-03
3833,control,US,desktop,3,55.7,1.0,2026-06-05
3834,treatment,US,mobile,6,56.8,0.833,2026-06-04
3835,control,GB,mobile,1,14.0,1.0,2026-06-05
3836,treatment,PH,desktop,1,31.0,1.0,2026-06-01
3837,treatment,IN,mobile,2,28.0,0.0,2026-06-03
3838,treatment,GB,mobile,2,39.5,1.0,2026-06-04
3839,control,IN,mobile,1,24.0,1.0,2026-06-02
3840,control,BR,mobile,3,25.3,1.0,2026-06-04
3841,control,US,mobile,2,25.0,0.5,2026-06-05
3842,treatment,IN,mobile,4,48.5,1.0,2026-06-02
3843,control,IN,mobile,3,37.3,0.0,2026-06-02
3844,control,US,mobile,3,45.0,0.333,2026-06-05
3845,control,US,tablet,5,26.6,0.6,2026-06-02
3846,treatment,DE,mobile,1,64.0,0.0,2026-06-03
3847,treatment,US,mobile,4,43.8,0.75,2026-06-03
3848,control,US,mobile,0,,,2026-06-01
3849,treatment,US,desktop,3,24.7,0.667,2026-06-02
3850,control,IN,desktop,10,34.8,0.7,2026-06-02
3851,treatment,IN,mobile,1,128.0,1.0,2026-06-01
3852,treatment,AU,desktop,0,,,2026-06-05
3853,treatment,IN,desktop,4,49.5,0.5,2026-06-05
3854,treatment,PH,mobile,1,24.0,1.0,2026-06-02
3855,control,DE,mobile,3,29.3,1.0,2026-06-05
3856,treatment,IN,mobile,3,37.7,1.0,2026-06-05
3857,control,IN,mobile,7,30.0,0.714,2026-06-04
3858,treatment,BR,desktop,8,52.6,0.5,2026-06-03
3859,control,US,mobile,5,32.2,0.8,2026-06-02
3860,control,CA,desktop,1,30.0,0.0,2026-06-05
3861,treatment,DE,mobile,6,44.8,0.667,2026-06-05
3862,control,BR,desktop,2,36.0,1.0,2026-06-02
3863,control,US,desktop,0,,,2026-06-02
3864,control,IN,desktop,5,43.2,0.4,2026-06-04
3865,treatment,US,desktop,1,26.0,1.0,2026-06-05
3866,treatment,GB,mobile,9,38.8,0.667,2026-06-03
3867,treatment,IN,mobile,3,89.0,0.333,2026-06-01
3868,control,IN,desktop,1,16.0,1.0,2026-06-04
3869,control,IN,mobile,2,37.5,0.5,2026-06-02
3870,treatment,IN,tablet,1,64.0,0.0,2026-06-01
3871,treatment,US,mobile,5,36.0,0.8,2026-06-01
3872,treatment,BR,mobile,4,33.0,1.0,2026-06-05
3873,treatment,BR,mobile,0,,,2026-06-05
3874,treatment,US,mobile,2,60.0,0.5,2026-06-05
3875,control,US,mobile,1,41.0,1.0,2026-06-05
3876,control,US,mobile,3,43.0,0.667,2026-06-02
3877,control,IN,desktop,3,33.3,0.333,2026-06-03
3878,control,IN,mobile,4,26.5,0.5,2026-06-03
3879,control,US,mobile,17,29.5,0.588,2026-06-02
3880,treatment,US,desktop,2,57.0,1.0,2026-06-01
3881,treatment,DE,mobile,5,40.4,0.2,2026-06-01
3882,control,US,mobile,3,20.0,0.333,2026-06-01
3883,treatment,PH,tablet,1,27.0,1.0,2026-06-02
3884,control,CA,desktop,2,34.0,0.5,2026-06-05
3885,control,CA,mobile,3,57.0,0.667,2026-06-01
3886,treatment,DE,desktop,0,,,2026-06-01
3887,treatment,IN,mobile,5,29.2,0.8,2026-06-03
3888,treatment,IN,mobile,8,46.0,0.5,2026-06-02
3889,control,US,mobile,4,28.5,0.75,2026-06-05
3890,control,US,mobile,6,30.0,0.833,2026-06-03
3891,treatment,BR,desktop,8,72.2,1.0,2026-06-03
3892,control,BR,mobile,4,65.0,1.0,2026-06-03
3893,control,US,mobile,1,34.0,0.0,2026-06-01
3894,control,PH,mobile,6,36.3,0.667,2026-06-04
3895,control,US,mobile,4,27.5,0.5,2026-06-01
3896,control,IN,desktop,3,25.7,1.0,2026-06-03
3897,treatment,IN,mobile,4,41.2,0.25,2026-06-05
3898,control,US,tablet,4,23.8,0.5,2026-06-03
3899,treatment,US,desktop,3,35.7,0.333,2026-06-03
3900,treatment,GB,mobile,1,36.0,0.0,2026-06-02
3901,control,IN,mobile,2,27.0,0.5,2026-06-03
3902,treatment,GB,desktop,0,,,2026-06-01
3903,control,US,mobile,1,53.0,1.0,2026-06-04
3904,treatment,PH,desktop,0,,,2026-06-02
3905,treatment,PH,desktop,4,80.5,0.75,2026-06-01
3906,treatment,US,mobile,19,53.2,0.737,2026-06-03
3907,control,US,mobile,1,23.0,1.0,2026-06-01
3908,treatment,US,mobile,1,49.0,1.0,2026-06-05
3909,treatment,GB,mobile,1,52.0,0.0,2026-06-04
3910,control,IN,mobile,2,39.0,0.5,2026-06-03
3911,control,AU,mobile,1,15.0,1.0,2026-06-03
3912,treatment,AU,mobile,4,63.2,0.5,2026-06-01
3913,treatment,US,desktop,5,60.8,0.6,2026-06-04
3914,treatment,IN,mobile,11,48.2,0.545,2026-06-04
3915,control,IN,mobile,2,27.5,1.0,2026-06-01
3916,treatment,CA,desktop,3,67.7,1.0,2026-06-03
3917,treatment,US,desktop,1,40.0,0.0,2026-06-05
3918,treatment,CA,desktop,4,41.2,0.75,2026-06-01
3919,treatment,IN,mobile,1,35.0,1.0,2026-06-03
3920,control,US,mobile,2,63.0,1.0,2026-06-03
3921,treatment,BR,mobile,5,43.0,0.4,2026-06-03
3922,treatment,IN,mobile,1,90.0,1.0,2026-06-02
3923,treatment,US,mobile,12,43.7,0.667,2026-06-02
3924,control,IN,mobile,9,28.6,0.667,2026-06-02
3925,treatment,IN,mobile,2,48.0,0.5,2026-06-02
3926,treatment,US,mobile,4,29.5,0.5,2026-06-03
3927,treatment,GB,mobile,3,40.0,0.667,2026-06-05
3928,treatment,PH,mobile,2,30.5,1.0,2026-06-02
3929,control,GB,mobile,3,30.3,1.0,2026-06-03
3930,control,US,mobile,9,39.7,0.667,2026-06-01
3931,control,BR,desktop,2,48.5,0.5,2026-06-01
3932,treatment,US,desktop,4,34.5,0.5,2026-06-02
3933,treatment,IN,desktop,3,95.0,0.333,2026-06-01
3934,treatment,IN,desktop,5,63.2,0.8,2026-06-04
3935,control,US,mobile,1,19.0,1.0,2026-06-04
3936,treatment,DE,desktop,7,60.3,0.571,2026-06-03
3937,treatment,BR,mobile,7,49.1,0.857,2026-06-03
3938,control,IN,desktop,0,,,2026-06-01
3939,control,PH,mobile,3,32.3,0.667,2026-06-02
3940,control,BR,mobile,3,32.0,1.0,2026-06-03
3941,control,BR,mobile,3,33.7,0.667,2026-06-02
3942,treatment,IN,mobile,5,26.4,0.2,2026-06-03
3943,treatment,US,mobile,5,55.0,1.0,2026-06-03
3944,treatment,US,desktop,1,48.0,1.0,2026-06-04
3945,treatment,PH,mobile,0,,,2026-06-03
3946,treatment,GB,tablet,3,33.0,0.667,2026-06-04
3947,control,BR,desktop,3,40.3,1.0,2026-06-03
3948,treatment,IN,mobile,3,61.7,0.333,2026-06-04
3949,control,IN,desktop,7,34.1,0.571,2026-06-03
3950,treatment,US,desktop,6,39.3,0.667,2026-06-04
3951,treatment,BR,mobile,7,32.7,1.0,2026-06-05
3952,control,CA,mobile,4,26.8,1.0,2026-06-02
3953,treatment,DE,tablet,5,39.2,0.8,2026-06-05
3954,control,US,desktop,2,27.0,0.0,2026-06-04
3955,treatment,IN,mobile,1,54.0,1.0,2026-06-05
3956,control,IN,mobile,1,6.0,1.0,2026-06-02
3957,treatment,CA,desktop,2,21.0,1.0,2026-06-04
3958,treatment,BR,mobile,3,39.0,0.667,2026-06-01
3959,control,BR,tablet,2,30.0,0.5,2026-06-03
3960,treatment,US,mobile,3,30.3,1.0,2026-06-03
3961,treatment,US,desktop,2,39.0,1.0,2026-06-04
3962,treatment,GB,desktop,2,28.5,1.0,2026-06-01
3963,treatment,DE,mobile,2,35.0,1.0,2026-06-02
3964,treatment,US,mobile,6,45.2,1.0,2026-06-03
3965,treatment,GB,mobile,2,46.0,1.0,2026-06-02
3966,control,US,mobile,8,43.2,0.875,2026-06-04
3967,treatment,AU,mobile,11,41.2,0.727,2026-06-04
3968,treatment,IN,desktop,3,21.0,0.333,2026-06-03
3969,treatment,IN,tablet,0,,,2026-06-03
3970,control,IN,mobile,1,54.0,1.0,2026-06-05
3971,control,IN,mobile,1,58.0,1.0,2026-06-04
3972,control,BR,mobile,3,36.3,1.0,2026-06-03
3973,treatment,GB,mobile,3,39.3,0.667,2026-06-02
3974,treatment,BR,tablet,1,27.0,1.0,2026-06-05
3975,control,GB,mobile,7,36.9,1.0,2026-06-03
3976,treatment,US,mobile,4,50.5,0.75,2026-06-03
3977,control,US,desktop,11,36.6,0.818,2026-06-03
3978,control,GB,mobile,2,44.0,1.0,2026-06-04
3979,control,US,desktop,7,34.0,0.714,2026-06-05
3980,treatment,US,desktop,2,52.0,1.0,2026-06-01
3981,treatment,IN,tablet,0,,,2026-06-05
3982,treatment,AU,mobile,8,53.1,0.875,2026-06-02
3983,control,GB,mobile,1,17.0,0.0,2026-06-03
3984,treatment,GB,mobile,2,74.5,1.0,2026-06-05
3985,control,US,mobile,3,23.3,0.667,2026-06-01
3986,control,DE,mobile,1,35.0,1.0,2026-06-05
3987,control,IN,mobile,4,22.2,1.0,2026-06-01
3988,control,PH,desktop,2,44.5,1.0,2026-06-04
3989,treatment,DE,mobile,0,,,2026-06-05
3990,control,IN,desktop,11,27.2,0.545,2026-06-05
3991,control,US,desktop,6,21.5,0.333,2026-06-03
3992,control,DE,desktop,2,20.5,1.0,2026-06-05
3993,control,US,desktop,2,20.0,1.0,2026-06-03
3994,treatment,BR,tablet,3,45.3,0.333,2026-06-05
3995,treatment,IN,mobile,2,43.0,1.0,2026-06-05
3996,treatment,IN,mobile,0,,,2026-06-04
3997,control,IN,mobile,0,,,2026-06-04
3998,control,IN,mobile,4,31.2,0.5,2026-06-05
3999,treatment,IN,mobile,5,40.4,0.6,2026-06-01
4000,treatment,IN,mobile,3,57.3,0.667,2026-06-04
4001,treatment,BR,desktop,3,71.0,0.667,2026-06-04
4002,treatment,IN,mobile,6,66.0,0.833,2026-06-04
4003,treatment,GB,mobile,8,44.8,0.25,2026-06-04
4004,control,BR,tablet,4,28.5,1.0,2026-06-04
4005,treatment,PH,mobile,1,47.0,0.0,2026-06-05
4006,treatment,US,desktop,1,49.0,1.0,2026-06-02
4007,control,IN,desktop,1,17.0,1.0,2026-06-05
4008,treatment,IN,desktop,2,36.0,1.0,2026-06-03
4009,control,BR,mobile,4,56.0,0.75,2026-06-03
4010,control,GB,tablet,1,26.0,0.0,2026-06-01
4011,treatment,US,desktop,1,44.0,1.0,2026-06-04
4012,treatment,AU,mobile,4,58.0,0.75,2026-06-05
4013,treatment,GB,mobile,0,,,2026-06-02
4014,control,BR,mobile,7,49.1,0.714,2026-06-01
4015,control,AU,mobile,5,34.4,0.8,2026-06-03
4016,control,US,mobile,6,27.7,0.667,2026-06-03
4017,treatment,GB,mobile,6,53.5,0.667,2026-06-03
4018,treatment,IN,mobile,3,27.7,0.667,2026-06-05
4019,control,PH,mobile,4,38.5,0.75,2026-06-04
4020,treatment,IN,mobile,2,38.5,0.5,2026-06-01
4021,control,IN,mobile,5,29.0,0.4,2026-06-05
4022,treatment,IN,mobile,4,52.5,0.5,2026-06-03
4023,treatment,US,mobile,4,57.8,0.25,2026-06-01
4024,treatment,PH,mobile,3,56.7,0.333,2026-06-04
4025,treatment,IN,mobile,4,57.0,1.0,2026-06-01
4026,treatment,US,mobile,3,43.3,1.0,2026-06-05
4027,control,IN,desktop,4,29.2,1.0,2026-06-02
4028,treatment,PH,desktop,3,35.3,0.333,2026-06-04
4029,control,US,mobile,2,27.0,0.0,2026-06-01
4030,treatment,PH,mobile,3,42.7,1.0,2026-06-03
4031,treatment,US,mobile,1,26.0,1.0,2026-06-04
4032,control,US,desktop,0,,,2026-06-05
4033,treatment,US,mobile,1,35.0,1.0,2026-06-04
4034,treatment,US,mobile,0,,,2026-06-04
4035,treatment,GB,mobile,8,55.4,0.875,2026-06-02
4036,control,GB,mobile,3,25.0,0.667,2026-06-01
4037,control,CA,mobile,2,33.0,1.0,2026-06-04
4038,treatment,DE,desktop,2,53.5,1.0,2026-06-02
4039,treatment,BR,mobile,1,19.0,1.0,2026-06-03
4040,control,GB,desktop,3,36.3,0.667,2026-06-04
4041,control,PH,mobile,2,28.5,1.0,2026-06-01
4042,control,US,desktop,8,31.6,0.875,2026-06-01
4043,treatment,BR,mobile,6,47.5,1.0,2026-06-03
4044,treatment,PH,mobile,5,44.8,1.0,2026-06-01
4045,treatment,US,mobile,0,,,2026-06-01
4046,control,US,mobile,0,,,2026-06-04
4047,control,IN,mobile,2,79.0,1.0,2026-06-04
4048,treatment,IN,desktop,2,20.0,1.0,2026-06-03
4049,control,US,mobile,5,37.8,0.6,2026-06-03
4050,control,IN,desktop,0,,,2026-06-03
4051,treatment,US,mobile,1,47.0,1.0,2026-06-04
4052,control,US,desktop,3,31.3,1.0,2026-06-02
4053,control,AU,mobile,5,41.0,0.6,2026-06-01
4054,treatment,PH,desktop,1,67.0,1.0,2026-06-01
4055,treatment,IN,desktop,0,,,2026-06-05
4056,treatment,US,mobile,7,69.4,0.857,2026-06-02
4057,control,US,desktop,2,23.0,0.5,2026-06-04
4058,treatment,US,mobile,0,,,2026-06-04
4059,control,IN,mobile,1,15.0,0.0,2026-06-03
4060,control,US,mobile,1,18.0,0.0,2026-06-04
4061,treatment,US,desktop,2,67.0,1.0,2026-06-05
4062,treatment,PH,mobile,2,61.0,1.0,2026-06-02
4063,control,IN,desktop,2,14.0,0.5,2026-06-04
4064,treatment,US,mobile,1,68.0,1.0,2026-06-02
4065,control,US,desktop,2,19.5,1.0,2026-06-03
4066,treatment,US,mobile,0,,,2026-06-03
4067,treatment,BR,mobile,6,43.3,0.667,2026-06-04
4068,control,IN,mobile,2,37.0,1.0,2026-06-03
4069,treatment,US,mobile,2,30.0,1.0,2026-06-04
4070,control,BR,mobile,0,,,2026-06-03
4071,control,GB,mobile,3,24.3,1.0,2026-06-04
4072,treatment,DE,mobile,6,30.5,0.833,2026-06-04
4073,treatment,BR,mobile,8,41.2,0.5,2026-06-02
4074,treatment,US,desktop,4,53.5,0.5,2026-06-01
4075,treatment,IN,mobile,3,31.7,0.667,2026-06-05
4076,treatment,BR,mobile,4,57.5,0.75,2026-06-01
4077,treatment,AU,mobile,2,54.0,1.0,2026-06-01
4078,control,GB,desktop,4,38.8,0.75,2026-06-02
4079,control,US,desktop,0,,,2026-06-03
4080,treatment,PH,tablet,1,41.0,1.0,2026-06-02
4081,control,US,mobile,1,76.0,1.0,2026-06-05
4082,treatment,US,mobile,2,44.0,0.5,2026-06-05
4083,control,PH,mobile,0,,,2026-06-02
4084,control,US,desktop,1,26.0,1.0,2026-06-04
4085,control,IN,mobile,0,,,2026-06-04
4086,control,IN,mobile,5,41.4,0.6,2026-06-04
4087,treatment,CA,mobile,6,56.8,0.833,2026-06-01
4088,control,IN,mobile,1,28.0,1.0,2026-06-03
4089,control,AU,mobile,7,36.7,0.429,2026-06-03
4090,control,BR,mobile,5,39.6,0.6,2026-06-01
4091,treatment,US,mobile,2,51.0,1.0,2026-06-02
4092,control,IN,mobile,3,27.3,0.667,2026-06-05
4093,control,CA,mobile,5,33.2,0.8,2026-06-02
4094,treatment,IN,mobile,15,43.1,0.8,2026-06-03
4095,control,US,mobile,1,34.0,1.0,2026-06-02
4096,control,CA,desktop,0,,,2026-06-02
4097,control,US,mobile,5,29.4,0.6,2026-06-04
4098,treatment,US,mobile,2,37.5,0.5,2026-06-02
4099,control,IN,mobile,4,33.8,0.75,2026-06-03
4100,treatment,GB,desktop,7,48.4,0.571,2026-06-05
4101,treatment,IN,mobile,1,58.0,1.0,2026-06-05
4102,control,US,mobile,3,26.3,1.0,2026-06-05
4103,control,IN,mobile,2,29.5,0.0,2026-06-02
4104,control,GB,desktop,3,31.0,1.0,2026-06-02
4105,treatment,US,desktop,3,43.7,0.667,2026-06-04
4106,control,DE,mobile,1,17.0,1.0,2026-06-04
4107,treatment,PH,desktop,5,49.6,0.6,2026-06-01
4108,control,US,mobile,3,30.7,0.333,2026-06-03
4109,treatment,BR,mobile,0,,,2026-06-02
4110,treatment,US,desktop,4,40.2,1.0,2026-06-04
4111,control,GB,mobile,3,45.7,1.0,2026-06-04
4112,treatment,US,tablet,5,40.4,0.4,2026-06-05
4113,control,PH,mobile,4,39.2,0.5,2026-06-01
4114,control,US,desktop,5,42.2,0.6,2026-06-03
4115,treatment,BR,mobile,6,35.3,0.667,2026-06-03
4116,control,CA,mobile,2,24.0,0.0,2026-06-04
4117,treatment,US,mobile,3,33.0,0.667,2026-06-02
4118,control,IN,mobile,1,10.0,0.0,2026-06-01
4119,treatment,IN,mobile,3,34.3,0.333,2026-06-05
4120,treatment,GB,mobile,0,,,2026-06-02
4121,control,US,desktop,2,42.5,1.0,2026-06-04
4122,treatment,US,tablet,4,17.0,0.0,2026-06-01
4123,treatment,BR,mobile,3,40.0,0.333,2026-06-05
4124,control,IN,tablet,6,47.3,0.833,2026-06-01
4125,treatment,US,mobile,3,27.7,0.667,2026-06-02
4126,treatment,CA,mobile,9,45.7,0.889,2026-06-02
4127,treatment,GB,mobile,3,50.3,0.333,2026-06-05
4128,treatment,AU,desktop,1,97.0,0.0,2026-06-03
4129,treatment,IN,desktop,5,43.8,0.8,2026-06-02
4130,treatment,US,desktop,4,29.8,0.75,2026-06-04
4131,treatment,US,desktop,0,,,2026-06-01
4132,control,US,desktop,0,,,2026-06-02
4133,control,US,desktop,8,34.5,0.875,2026-06-02
4134,control,CA,mobile,5,30.0,1.0,2026-06-02
4135,treatment,IN,desktop,0,,,2026-06-05
4136,control,BR,mobile,3,56.3,0.667,2026-06-04
4137,control,IN,tablet,1,26.0,1.0,2026-06-05
4138,control,DE,mobile,1,12.0,1.0,2026-06-03
4139,treatment,US,desktop,4,38.8,0.75,2026-06-05
4140,treatment,US,mobile,2,86.0,0.5,2026-06-05
4141,control,PH,desktop,5,31.6,0.8,2026-06-01
4142,treatment,US,desktop,1,77.0,0.0,2026-06-02
4143,control,AU,mobile,2,32.0,0.5,2026-06-04
4144,control,BR,mobile,6,35.3,0.833,2026-06-01
4145,control,PH,mobile,3,32.7,1.0,2026-06-02
4146,control,PH,mobile,1,46.0,1.0,2026-06-05
4147,control,PH,mobile,5,44.4,0.2,2026-06-01
4148,control,DE,desktop,2,27.0,1.0,2026-06-04
4149,treatment,US,desktop,2,58.0,0.5,2026-06-05
4150,treatment,US,mobile,7,35.9,0.714,2026-06-05
4151,treatment,BR,mobile,0,,,2026-06-02
4152,control,DE,desktop,3,41.3,0.667,2026-06-05
4153,control,CA,desktop,1,29.0,0.0,2026-06-02
4154,treatment,AU,desktop,6,49.0,0.833,2026-06-04
4155,treatment,IN,mobile,2,32.5,1.0,2026-06-05
4156,treatment,US,desktop,6,68.7,0.833,2026-06-04
4157,treatment,US,desktop,8,48.5,0.625,2026-06-04
4158,treatment,PH,mobile,7,46.6,0.571,2026-06-04
4159,treatment,BR,mobile,2,52.0,0.5,2026-06-03
4160,treatment,US,mobile,0,,,2026-06-02
4161,control,CA,mobile,7,31.3,0.571,2026-06-04
4162,treatment,BR,mobile,4,56.2,0.75,2026-06-04
4163,control,US,desktop,5,36.4,0.8,2026-06-05
4164,treatment,DE,mobile,2,46.5,1.0,2026-06-05
4165,treatment,US,mobile,0,,,2026-06-05
4166,treatment,US,mobile,4,42.0,0.5,2026-06-02
4167,control,PH,mobile,6,40.5,0.833,2026-06-01
4168,treatment,AU,mobile,2,35.5,1.0,2026-06-01
4169,treatment,US,mobile,5,36.4,0.6,2026-06-03
4170,treatment,US,mobile,3,40.7,1.0,2026-06-05
4171,control,US,mobile,4,30.0,0.75,2026-06-04
4172,treatment,GB,mobile,1,31.0,1.0,2026-06-01
4173,control,PH,mobile,3,31.7,1.0,2026-06-04
4174,control,CA,desktop,0,,,2026-06-05
4175,control,CA,mobile,0,,,2026-06-01
4176,control,IN,mobile,0,,,2026-06-03
4177,treatment,AU,desktop,0,,,2026-06-01
4178,treatment,DE,mobile,2,30.5,1.0,2026-06-02
4179,control,BR,desktop,1,17.0,1.0,2026-06-02
4180,treatment,PH,mobile,2,63.0,1.0,2026-06-03
4181,control,GB,mobile,0,,,2026-06-05
4182,treatment,US,desktop,3,37.7,0.333,2026-06-01
4183,treatment,US,tablet,1,21.0,1.0,2026-06-01
4184,treatment,US,desktop,1,54.0,0.0,2026-06-02
4185,control,PH,mobile,1,24.0,1.0,2026-06-05
4186,treatment,AU,mobile,2,33.5,0.5,2026-06-02
4187,control,GB,desktop,3,42.0,1.0,2026-06-04
4188,control,US,desktop,1,78.0,1.0,2026-06-01
4189,treatment,IN,mobile,2,87.0,1.0,2026-06-03
4190,control,PH,mobile,4,49.2,0.75,2026-06-05
4191,control,IN,mobile,0,,,2026-06-05
4192,treatment,IN,desktop,1,40.0,1.0,2026-06-05
4193,control,IN,tablet,1,18.0,1.0,2026-06-03
4194,control,IN,mobile,6,33.0,0.667,2026-06-02
4195,control,US,desktop,5,24.8,1.0,2026-06-03
4196,treatment,DE,mobile,10,55.9,0.8,2026-06-02
4197,treatment,DE,desktop,5,43.0,1.0,2026-06-03
4198,treatment,PH,desktop,1,83.0,1.0,2026-06-05
4199,control,US,mobile,3,35.3,0.333,2026-06-02
4200,control,IN,mobile,16,24.6,0.938,2026-06-02
4201,control,US,mobile,4,24.2,1.0,2026-06-01
4202,control,PH,mobile,0,,,2026-06-04
4203,control,IN,mobile,1,13.0,1.0,2026-06-01
4204,treatment,AU,mobile,0,,,2026-06-04
4205,treatment,US,mobile,2,51.0,1.0,2026-06-03
4206,control,IN,desktop,1,32.0,1.0,2026-06-03
4207,treatment,US,mobile,4,51.2,0.5,2026-06-02
4208,treatment,PH,mobile,3,45.0,1.0,2026-06-02
4209,treatment,IN,mobile,1,71.0,0.0,2026-06-04
4210,treatment,PH,mobile,4,57.0,1.0,2026-06-05
4211,treatment,US,mobile,7,71.0,0.857,2026-06-03
4212,treatment,US,tablet,5,41.6,0.6,2026-06-05
4213,control,DE,tablet,5,34.8,0.8,2026-06-05
4214,treatment,US,desktop,1,29.0,0.0,2026-06-02
4215,treatment,IN,mobile,1,103.0,0.0,2026-06-03
4216,control,IN,desktop,0,,,2026-06-05
4217,treatment,BR,mobile,4,39.5,0.5,2026-06-05
4218,treatment,PH,mobile,1,30.0,1.0,2026-06-01
4219,treatment,DE,desktop,11,57.0,0.818,2026-06-04
4220,treatment,AU,desktop,1,19.0,0.0,2026-06-05
4221,control,US,tablet,5,39.0,0.4,2026-06-03
4222,control,US,desktop,3,26.7,0.667,2026-06-04
4223,control,IN,mobile,1,32.0,1.0,2026-06-04
4224,treatment,US,mobile,1,51.0,1.0,2026-06-03
4225,treatment,GB,mobile,6,62.3,0.833,2026-06-04
4226,control,IN,mobile,4,28.5,0.75,2026-06-01
4227,treatment,US,mobile,3,54.3,0.333,2026-06-04
4228,treatment,GB,desktop,2,65.5,1.0,2026-06-03
4229,control,US,desktop,0,,,2026-06-05
4230,control,IN,mobile,0,,,2026-06-01
4231,control,US,desktop,2,34.5,1.0,2026-06-03
4232,treatment,PH,desktop,1,23.0,1.0,2026-06-03
4233,control,DE,mobile,6,29.7,0.833,2026-06-03
4234,control,AU,desktop,4,43.8,0.75,2026-06-03
4235,control,CA,desktop,3,19.7,0.333,2026-06-03
4236,treatment,BR,mobile,11,59.1,0.909,2026-06-04
4237,treatment,US,desktop,5,41.4,0.8,2026-06-02
4238,treatment,CA,mobile,5,54.2,1.0,2026-06-05
4239,treatment,IN,mobile,0,,,2026-06-02
4240,treatment,BR,mobile,1,114.0,1.0,2026-06-02
4241,control,CA,mobile,3,31.0,0.667,2026-06-05
4242,control,US,desktop,4,44.0,0.75,2026-06-03
4243,treatment,CA,desktop,1,108.0,1.0,2026-06-04
4244,treatment,IN,desktop,0,,,2026-06-02
4245,control,US,desktop,0,,,2026-06-04
4246,treatment,US,mobile,2,37.5,1.0,2026-06-05
4247,treatment,IN,desktop,5,28.4,0.8,2026-06-01
4248,treatment,BR,mobile,3,46.0,1.0,2026-06-05
4249,control,US,mobile,4,28.2,0.5,2026-06-03
4250,treatment,AU,mobile,8,50.5,0.75,2026-06-05
4251,treatment,GB,desktop,6,43.0,0.667,2026-06-02
4252,treatment,BR,mobile,12,40.5,0.75,2026-06-05
4253,treatment,GB,mobile,1,62.0,1.0,2026-06-03
4254,control,AU,mobile,3,20.7,0.667,2026-06-03
4255,treatment,US,mobile,0,,,2026-06-02
4256,treatment,GB,tablet,4,59.2,0.75,2026-06-02
4257,treatment,IN,desktop,1,80.0,1.0,2026-06-05
4258,treatment,DE,mobile,2,52.5,1.0,2026-06-05
4259,control,CA,mobile,7,48.7,0.571,2026-06-04
4260,treatment,IN,mobile,7,44.4,0.571,2026-06-02
4261,treatment,IN,mobile,1,76.0,1.0,2026-06-04
4262,treatment,BR,desktop,3,52.0,0.667,2026-06-02
4263,treatment,BR,tablet,0,,,2026-06-05
4264,control,BR,mobile,2,47.5,1.0,2026-06-03
4265,treatment,DE,mobile,2,49.0,0.5,2026-06-02
4266,control,IN,mobile,5,22.4,0.4,2026-06-04
4267,control,US,desktop,0,,,2026-06-04
4268,treatment,AU,mobile,2,54.0,1.0,2026-06-01
4269,control,US,mobile,5,32.4,1.0,2026-06-01
4270,treatment,BR,desktop,1,25.0,1.0,2026-06-01
4271,treatment,US,mobile,1,23.0,1.0,2026-06-01
4272,control,IN,mobile,0,,,2026-06-01
4273,control,US,mobile,0,,,2026-06-03
4274,treatment,IN,mobile,1,65.0,1.0,2026-06-05
4275,control,US,mobile,1,28.0,0.0,2026-06-04
4276,treatment,BR,mobile,1,41.0,1.0,2026-06-01
4277,treatment,US,mobile,5,51.8,1.0,2026-06-01
4278,treatment,DE,tablet,2,65.5,1.0,2026-06-03
4279,control,US,desktop,4,32.5,0.5,2026-06-03
4280,treatment,CA,mobile,3,39.0,1.0,2026-06-04
4281,control,CA,desktop,7,33.3,0.857,2026-06-02
4282,treatment,US,desktop,1,33.0,1.0,2026-06-01
4283,treatment,US,desktop,1,46.0,1.0,2026-06-02
4284,treatment,US,mobile,3,33.3,0.333,2026-06-03
4285,treatment,US,mobile,0,,,2026-06-04
4286,treatment,GB,mobile,0,,,2026-06-02
4287,control,IN,desktop,2,35.0,0.5,2026-06-01
4288,control,US,desktop,1,34.0,1.0,2026-06-03
4289,treatment,US,mobile,6,42.3,0.5,2026-06-05
4290,control,US,desktop,4,31.8,1.0,2026-06-01
4291,control,US,mobile,3,49.3,1.0,2026-06-03
4292,control,US,mobile,4,27.0,0.5,2026-06-01
4293,treatment,PH,desktop,0,,,2026-06-01
4294,control,CA,desktop,1,16.0,1.0,2026-06-03
4295,control,US,desktop,3,44.3,0.667,2026-06-03
4296,treatment,IN,mobile,12,40.6,0.5,2026-06-02
4297,control,US,mobile,2,67.5,0.5,2026-06-04
4298,control,CA,desktop,7,32.1,1.0,2026-06-02
4299,treatment,PH,desktop,2,24.5,1.0,2026-06-05
4300,treatment,IN,mobile,1,34.0,1.0,2026-06-01
4301,control,IN,desktop,2,41.0,0.0,2026-06-01
4302,treatment,PH,mobile,2,48.5,0.5,2026-06-05
4303,treatment,IN,mobile,0,,,2026-06-01
4304,control,IN,mobile,1,23.0,1.0,2026-06-04
4305,treatment,AU,mobile,3,34.0,1.0,2026-06-04
4306,treatment,BR,mobile,2,121.5,1.0,2026-06-02
4307,control,GB,mobile,7,37.0,0.714,2026-06-03
4308,treatment,US,mobile,2,50.5,1.0,2026-06-05
4309,treatment,IN,mobile,2,26.5,0.0,2026-06-01
4310,treatment,AU,desktop,5,41.0,0.8,2026-06-05
4311,treatment,US,desktop,0,,,2026-06-03
4312,treatment,GB,mobile,3,35.7,0.667,2026-06-04
4313,treatment,US,mobile,1,80.0,1.0,2026-06-04
4314,treatment,PH,desktop,1,55.0,1.0,2026-06-03
4315,treatment,US,mobile,3,76.3,1.0,2026-06-02
4316,treatment,PH,mobile,0,,,2026-06-04
4317,treatment,BR,desktop,3,35.0,0.333,2026-06-04
4318,control,US,tablet,2,46.0,1.0,2026-06-03
4319,control,IN,mobile,4,33.8,1.0,2026-06-01
4320,control,US,desktop,3,33.3,1.0,2026-06-05
4321,control,PH,desktop,3,57.3,0.333,2026-06-04
4322,control,US,desktop,7,29.6,0.857,2026-06-05
4323,control,PH,desktop,3,53.0,1.0,2026-06-02
4324,treatment,US,mobile,3,55.7,0.333,2026-06-03
4325,treatment,IN,mobile,2,41.5,0.5,2026-06-05
4326,treatment,US,mobile,1,74.0,1.0,2026-06-04
4327,treatment,IN,mobile,4,46.5,1.0,2026-06-02
4328,treatment,DE,desktop,1,69.0,1.0,2026-06-03
4329,treatment,US,mobile,10,43.0,0.8,2026-06-01
4330,treatment,CA,mobile,9,46.4,0.778,2026-06-03
4331,treatment,BR,desktop,7,49.0,0.857,2026-06-05
4332,treatment,PH,desktop,1,41.0,1.0,2026-06-02
4333,treatment,BR,desktop,5,54.8,1.0,2026-06-02
4334,control,CA,desktop,6,33.5,0.833,2026-06-02
4335,control,US,mobile,6,45.0,0.667,2026-06-03
4336,control,GB,mobile,2,38.0,0.0,2026-06-02
4337,control,BR,tablet,4,24.0,0.75,2026-06-01
4338,treatment,PH,mobile,1,22.0,1.0,2026-06-01
4339,control,AU,mobile,1,20.0,0.0,2026-06-04
4340,control,US,tablet,11,32.0,0.636,2026-06-01
4341,control,CA,mobile,2,22.0,0.5,2026-06-04
4342,control,US,mobile,2,41.5,0.0,2026-06-02
4343,control,IN,mobile,1,26.0,1.0,2026-06-04
4344,control,BR,mobile,3,45.0,0.667,2026-06-02
4345,treatment,IN,mobile,3,83.0,0.667,2026-06-02
4346,treatment,GB,mobile,1,32.0,0.0,2026-06-05
4347,control,US,mobile,1,48.0,1.0,2026-06-03
4348,treatment,BR,tablet,2,21.0,0.5,2026-06-01
4349,treatment,IN,mobile,1,45.0,1.0,2026-06-02
4350,control,IN,desktop,1,22.0,1.0,2026-06-05
4351,control,IN,mobile,4,45.2,0.5,2026-06-02
4352,treatment,US,mobile,5,36.8,0.4,2026-06-05
4353,control,IN,mobile,2,17.5,0.5,2026-06-02
4354,treatment,AU,mobile,0,,,2026-06-02
4355,control,BR,mobile,7,38.1,0.429,2026-06-02
4356,control,US,mobile,3,40.0,0.667,2026-06-03
4357,treatment,CA,mobile,2,57.0,0.5,2026-06-01
4358,treatment,IN,mobile,2,59.5,1.0,2026-06-05
4359,treatment,IN,desktop,5,35.4,0.4,2026-06-05
4360,treatment,BR,desktop,1,53.0,0.0,2026-06-04
4361,treatment,IN,mobile,12,44.8,0.5,2026-06-05
4362,treatment,BR,desktop,5,44.2,1.0,2026-06-03
4363,control,US,tablet,2,40.5,1.0,2026-06-03
4364,control,US,mobile,11,34.2,0.818,2026-06-02
4365,treatment,US,mobile,2,38.5,1.0,2026-06-05
4366,treatment,GB,mobile,1,69.0,1.0,2026-06-04
4367,control,US,mobile,7,20.1,0.571,2026-06-03
4368,treatment,IN,mobile,3,53.0,1.0,2026-06-03
4369,control,US,mobile,3,14.7,0.667,2026-06-05
4370,control,IN,mobile,1,26.0,1.0,2026-06-02
4371,control,US,mobile,2,28.5,0.0,2026-06-03
4372,treatment,DE,desktop,3,47.3,1.0,2026-06-04
4373,treatment,BR,desktop,0,,,2026-06-05
4374,treatment,CA,mobile,1,45.0,0.0,2026-06-02
4375,treatment,BR,desktop,9,56.9,0.667,2026-06-01
4376,control,AU,mobile,3,39.0,0.667,2026-06-03
4377,treatment,AU,mobile,10,42.3,0.6,2026-06-05
4378,control,BR,desktop,4,40.0,0.75,2026-06-02
4379,control,US,desktop,5,40.8,0.6,2026-06-04
4380,treatment,IN,mobile,1,21.0,0.0,2026-06-05
4381,control,US,mobile,3,36.3,0.667,2026-06-01
4382,control,BR,desktop,0,,,2026-06-02
4383,control,DE,mobile,1,42.0,0.0,2026-06-02
4384,control,US,mobile,2,32.5,0.5,2026-06-02
4385,control,BR,tablet,5,49.6,0.6,2026-06-01
4386,treatment,IN,mobile,1,91.0,0.0,2026-06-01
4387,treatment,IN,mobile,0,,,2026-06-01
4388,control,BR,desktop,2,26.0,1.0,2026-06-04
4389,control,US,mobile,4,28.2,0.5,2026-06-03
4390,control,IN,mobile,0,,,2026-06-01
4391,treatment,BR,mobile,2,18.5,0.5,2026-06-05
4392,treatment,DE,mobile,2,58.0,1.0,2026-06-01
4393,treatment,BR,desktop,3,45.3,0.0,2026-06-03
4394,treatment,US,mobile,2,22.0,1.0,2026-06-05
4395,treatment,GB,mobile,0,,,2026-06-01
4396,control,US,desktop,3,28.3,0.0,2026-06-05
4397,treatment,AU,mobile,0,,,2026-06-05
4398,treatment,IN,desktop,5,38.4,0.8,2026-06-03
4399,control,IN,mobile,5,31.8,0.8,2026-06-03
4400,control,IN,mobile,3,37.0,1.0,2026-06-01
4401,treatment,US,mobile,8,42.1,0.75,2026-06-01
4402,control,BR,mobile,4,70.2,0.75,2026-06-05
4403,control,IN,mobile,3,49.0,0.667,2026-06-03
4404,control,PH,mobile,1,71.0,1.0,2026-06-05
4405,treatment,AU,mobile,2,58.0,1.0,2026-06-05
4406,control,US,mobile,1,33.0,1.0,2026-06-01
4407,control,US,mobile,3,43.3,1.0,2026-06-02
4408,control,US,mobile,4,27.8,0.5,2026-06-05
4409,control,BR,mobile,0,,,2026-06-04
4410,control,US,tablet,0,,,2026-06-03
4411,treatment,BR,mobile,9,48.4,0.889,2026-06-02
4412,control,PH,mobile,3,46.0,0.667,2026-06-03
4413,treatment,US,mobile,1,41.0,1.0,2026-06-05
4414,treatment,US,mobile,3,72.3,1.0,2026-06-03
4415,treatment,US,mobile,6,28.5,0.667,2026-06-04
4416,treatment,US,mobile,4,29.2,1.0,2026-06-01
4417,treatment,IN,mobile,2,43.0,1.0,2026-06-02
4418,control,GB,mobile,2,35.0,0.5,2026-06-02
4419,treatment,PH,mobile,1,57.0,1.0,2026-06-03
4420,control,BR,desktop,9,26.3,0.556,2026-06-01
4421,treatment,PH,mobile,3,37.0,0.333,2026-06-04
4422,control,IN,mobile,4,30.2,1.0,2026-06-04
4423,control,GB,desktop,3,31.7,1.0,2026-06-02
4424,treatment,US,desktop,2,33.0,0.0,2026-06-02
4425,control,IN,mobile,6,28.5,0.833,2026-06-05
4426,treatment,GB,mobile,0,,,2026-06-02
4427,treatment,IN,mobile,0,,,2026-06-05
4428,control,CA,mobile,1,29.0,1.0,2026-06-03
4429,treatment,IN,mobile,5,42.6,1.0,2026-06-01
4430,treatment,BR,mobile,2,45.5,0.0,2026-06-01
4431,control,US,mobile,5,29.6,0.6,2026-06-05
4432,control,US,tablet,2,20.0,1.0,2026-06-04
4433,control,GB,mobile,3,32.7,1.0,2026-06-05
4434,control,CA,mobile,2,33.0,1.0,2026-06-04
4435,treatment,IN,mobile,3,49.0,1.0,2026-06-02
4436,control,AU,desktop,4,34.5,0.75,2026-06-05
4437,control,US,mobile,2,23.5,0.5,2026-06-05
4438,treatment,US,mobile,1,114.0,1.0,2026-06-03
4439,treatment,IN,desktop,2,45.0,0.5,2026-06-04
4440,control,IN,mobile,4,23.8,0.25,2026-06-02
4441,control,US,mobile,12,33.5,0.917,2026-06-02
4442,treatment,US,desktop,2,28.5,0.5,2026-06-02
4443,control,BR,mobile,0,,,2026-06-04
4444,control,CA,mobile,1,39.0,1.0,2026-06-02
4445,control,US,desktop,5,44.2,0.4,2026-06-03
4446,treatment,DE,mobile,3,27.7,1.0,2026-06-05
4447,treatment,IN,mobile,3,30.7,0.667,2026-06-05
4448,control,US,mobile,1,24.0,1.0,2026-06-04
4449,control,US,mobile,6,28.3,1.0,2026-06-03
4450,control,US,mobile,2,37.0,0.5,2026-06-03
4451,control,US,mobile,0,,,2026-06-05
4452,treatment,IN,mobile,4,41.5,0.75,2026-06-04
4453,control,US,desktop,10,29.7,0.7,2026-06-05
4454,treatment,IN,mobile,1,47.0,0.0,2026-06-05
4455,control,BR,mobile,6,31.2,1.0,2026-06-01
4456,treatment,PH,mobile,4,46.2,0.25,2026-06-01
4457,control,IN,mobile,6,38.3,0.5,2026-06-05
4458,control,DE,mobile,2,22.5,0.5,2026-06-03
4459,control,GB,mobile,2,31.5,1.0,2026-06-01
4460,treatment,US,desktop,4,49.8,1.0,2026-06-03
4461,treatment,IN,mobile,1,33.0,0.0,2026-06-03
4462,control,IN,mobile,4,25.2,0.5,2026-06-02
4463,control,PH,mobile,3,21.7,0.667,2026-06-03
4464,treatment,PH,mobile,5,70.6,0.6,2026-06-03
4465,control,BR,mobile,0,,,2026-06-02
4466,treatment,IN,desktop,2,43.0,1.0,2026-06-01
4467,treatment,BR,mobile,0,,,2026-06-04
4468,control,IN,mobile,3,21.3,0.667,2026-06-05
4469,control,US,desktop,2,21.5,1.0,2026-06-03
4470,treatment,CA,mobile,0,,,2026-06-05
4471,control,US,desktop,4,35.0,0.75,2026-06-05
4472,control,DE,mobile,0,,,2026-06-02
4473,control,US,mobile,8,27.0,0.875,2026-06-01
4474,treatment,US,desktop,1,24.0,1.0,2026-06-01
4475,treatment,PH,mobile,8,49.4,1.0,2026-06-01
4476,treatment,IN,desktop,3,29.7,1.0,2026-06-04
4477,treatment,US,mobile,5,45.4,0.6,2026-06-01
4478,treatment,PH,mobile,1,35.0,1.0,2026-06-04
4479,control,CA,mobile,3,26.3,0.667,2026-06-05
4480,control,US,mobile,1,37.0,1.0,2026-06-01
4481,treatment,US,tablet,2,72.0,1.0,2026-06-03
4482,control,US,mobile,4,25.5,0.5,2026-06-02
4483,treatment,PH,mobile,3,39.7,0.667,2026-06-03
4484,treatment,PH,mobile,1,40.0,1.0,2026-06-05
4485,control,PH,mobile,2,18.5,1.0,2026-06-02
4486,control,IN,mobile,4,32.0,0.75,2026-06-05
4487,treatment,IN,mobile,13,46.5,0.538,2026-06-03
4488,treatment,BR,desktop,5,29.8,0.2,2026-06-04
4489,treatment,AU,mobile,3,62.7,1.0,2026-06-03
4490,control,IN,mobile,5,33.0,0.6,2026-06-01
4491,control,US,mobile,0,,,2026-06-01
4492,control,PH,mobile,3,40.0,0.667,2026-06-05
4493,treatment,IN,mobile,6,56.0,1.0,2026-06-04
4494,control,CA,desktop,2,32.0,0.5,2026-06-01
4495,treatment,IN,mobile,1,41.0,1.0,2026-06-03
4496,treatment,IN,mobile,0,,,2026-06-02
4497,control,US,desktop,3,29.0,0.667,2026-06-04
4498,treatment,US,desktop,2,28.5,0.0,2026-06-04
4499,treatment,PH,desktop,0,,,2026-06-03
4500,treatment,PH,mobile,23,45.4,0.696,2026-06-05
4501,treatment,IN,mobile,3,50.0,1.0,2026-06-01
4502,treatment,IN,desktop,2,56.5,1.0,2026-06-04
4503,control,PH,desktop,2,46.5,1.0,2026-06-04
4504,treatment,US,mobile,2,54.5,0.5,2026-06-01
4505,control,AU,desktop,1,22.0,1.0,2026-06-04
4506,treatment,CA,mobile,2,47.0,0.0,2026-06-01
4507,treatment,IN,mobile,1,38.0,0.0,2026-06-04
4508,control,BR,desktop,2,48.5,0.5,2026-06-04
4509,control,IN,desktop,3,29.7,0.333,2026-06-01
4510,treatment,CA,desktop,0,,,2026-06-04
4511,treatment,AU,desktop,1,24.0,1.0,2026-06-02
4512,control,AU,mobile,1,16.0,0.0,2026-06-05
4513,control,US,desktop,6,24.7,0.667,2026-06-03
4514,control,DE,desktop,9,30.8,0.444,2026-06-01
4515,control,IN,mobile,5,50.4,0.8,2026-06-05
4516,control,US,desktop,2,22.0,1.0,2026-06-03
4517,treatment,CA,desktop,7,48.3,1.0,2026-06-05
4518,control,US,mobile,11,30.5,0.636,2026-06-01
4519,treatment,IN,mobile,1,53.0,1.0,2026-06-05
4520,treatment,IN,mobile,3,49.3,0.333,2026-06-03
4521,treatment,US,mobile,4,48.5,0.75,2026-06-03
4522,control,US,desktop,0,,,2026-06-02
4523,control,CA,mobile,1,15.0,1.0,2026-06-05
4524,control,US,desktop,0,,,2026-06-04
4525,treatment,US,mobile,7,31.3,0.714,2026-06-01
4526,control,IN,mobile,2,20.0,1.0,2026-06-03
4527,control,CA,mobile,4,28.0,1.0,2026-06-04
4528,treatment,BR,desktop,4,50.5,0.5,2026-06-03
4529,treatment,US,mobile,6,51.0,0.5,2026-06-04
4530,control,GB,desktop,2,31.5,0.5,2026-06-02
4531,treatment,BR,desktop,2,80.5,0.5,2026-06-05
4532,control,US,mobile,3,16.7,1.0,2026-06-05
4533,treatment,IN,mobile,0,,,2026-06-05
4534,treatment,BR,desktop,2,77.5,0.5,2026-06-01
4535,treatment,BR,tablet,1,40.0,1.0,2026-06-02
4536,treatment,IN,mobile,2,54.0,1.0,2026-06-02
4537,treatment,IN,mobile,7,70.3,0.714,2026-06-01
4538,control,US,desktop,3,32.3,1.0,2026-06-05
4539,control,US,mobile,5,47.6,0.6,2026-06-01
4540,treatment,US,mobile,2,38.5,0.5,2026-06-04
4541,control,US,mobile,4,44.5,0.75,2026-06-02
4542,control,AU,mobile,0,,,2026-06-02
4543,treatment,IN,desktop,0,,,2026-06-05
4544,treatment,IN,mobile,1,56.0,1.0,2026-06-03
4545,control,IN,desktop,7,40.4,0.571,2026-06-02
4546,control,AU,mobile,9,27.0,0.889,2026-06-03
4547,control,CA,mobile,4,17.8,0.5,2026-06-05
4548,treatment,IN,mobile,3,65.0,1.0,2026-06-03
4549,treatment,GB,mobile,0,,,2026-06-02
4550,treatment,IN,desktop,7,36.3,0.857,2026-06-05
4551,treatment,DE,desktop,7,46.9,1.0,2026-06-04
4552,control,US,mobile,1,44.0,1.0,2026-06-01
4553,control,US,mobile,6,46.3,0.833,2026-06-01
4554,control,US,mobile,9,29.6,0.556,2026-06-04
4555,treatment,IN,mobile,2,56.0,1.0,2026-06-03
4556,treatment,IN,desktop,2,71.5,1.0,2026-06-03
4557,treatment,US,mobile,11,39.5,0.545,2026-06-04
4558,treatment,US,desktop,1,23.0,1.0,2026-06-02
4559,control,US,tablet,2,20.0,1.0,2026-06-03
4560,control,BR,mobile,3,29.0,1.0,2026-06-04
4561,treatment,PH,desktop,3,34.0,0.667,2026-06-03
4562,treatment,US,mobile,5,48.2,0.6,2026-06-05
4563,treatment,IN,mobile,2,52.0,0.5,2026-06-05
4564,treatment,IN,desktop,3,46.7,0.667,2026-06-05
4565,treatment,PH,mobile,11,37.9,0.909,2026-06-05
4566,treatment,IN,mobile,1,44.0,0.0,2026-06-02
4567,control,IN,mobile,4,28.5,0.75,2026-06-05
4568,control,US,mobile,3,22.7,0.667,2026-06-05
4569,control,DE,desktop,4,38.0,1.0,2026-06-04
4570,treatment,BR,desktop,4,34.5,1.0,2026-06-01
4571,control,CA,desktop,3,32.0,0.667,2026-06-02
4572,control,AU,mobile,2,31.5,0.5,2026-06-04
4573,control,IN,mobile,3,46.0,1.0,2026-06-02
4574,control,IN,desktop,1,31.0,1.0,2026-06-05
4575,treatment,AU,desktop,0,,,2026-06-01
4576,control,IN,desktop,2,39.5,0.5,2026-06-02
4577,treatment,US,mobile,2,69.5,1.0,2026-06-03
4578,control,GB,desktop,2,45.0,0.5,2026-06-03
4579,treatment,US,mobile,2,57.0,1.0,2026-06-05
4580,control,US,mobile,8,35.6,0.75,2026-06-01
4581,treatment,GB,mobile,0,,,2026-06-04
4582,control,US,mobile,4,28.5,1.0,2026-06-01
4583,treatment,IN,desktop,1,45.0,1.0,2026-06-01
4584,treatment,BR,mobile,5,50.6,0.8,2026-06-01
4585,treatment,CA,mobile,3,30.7,1.0,2026-06-05
4586,treatment,PH,mobile,5,36.6,0.8,2026-06-05
4587,treatment,US,mobile,2,59.0,0.5,2026-06-02
4588,control,US,mobile,6,31.7,1.0,2026-06-04
4589,control,DE,mobile,1,23.0,0.0,2026-06-05
4590,control,AU,desktop,4,36.5,0.5,2026-06-05
4591,treatment,US,desktop,0,,,2026-06-03
4592,treatment,IN,desktop,0,,,2026-06-04
4593,control,PH,mobile,2,29.5,0.5,2026-06-03
4594,control,US,desktop,0,,,2026-06-04
4595,treatment,US,mobile,4,31.2,0.75,2026-06-03
4596,control,US,tablet,5,26.6,1.0,2026-06-01
4597,treatment,US,mobile,3,51.3,0.667,2026-06-03
4598,treatment,CA,mobile,3,64.0,0.333,2026-06-05
4599,control,US,desktop,3,43.7,1.0,2026-06-05
4600,treatment,BR,desktop,2,60.0,1.0,2026-06-03
4601,control,DE,desktop,0,,,2026-06-03
4602,control,PH,mobile,1,32.0,0.0,2026-06-05
4603,treatment,BR,tablet,4,57.2,0.75,2026-06-01
4604,treatment,US,desktop,3,53.3,0.667,2026-06-01
4605,treatment,GB,mobile,1,34.0,1.0,2026-06-05
4606,control,CA,mobile,5,32.6,0.6,2026-06-05
4607,treatment,US,mobile,2,34.0,1.0,2026-06-04
4608,control,CA,mobile,0,,,2026-06-04
4609,control,IN,desktop,7,31.6,0.714,2026-06-05
4610,treatment,GB,mobile,2,39.0,0.5,2026-06-03
4611,treatment,AU,mobile,0,,,2026-06-02
4612,control,GB,mobile,4,33.5,0.5,2026-06-04
4613,control,US,desktop,2,43.0,0.0,2026-06-01
4614,control,BR,mobile,6,24.8,1.0,2026-06-05
4615,treatment,US,mobile,1,22.0,0.0,2026-06-04
4616,control,IN,desktop,1,32.0,1.0,2026-06-05
4617,control,US,mobile,3,53.7,1.0,2026-06-04
4618,control,IN,mobile,1,15.0,1.0,2026-06-01
4619,treatment,IN,desktop,3,39.0,0.667,2026-06-01
4620,control,CA,mobile,5,39.8,1.0,2026-06-04
4621,control,BR,mobile,1,11.0,0.0,2026-06-01
4622,treatment,US,mobile,5,62.0,0.2,2026-06-04
4623,treatment,US,desktop,4,66.2,1.0,2026-06-01
4624,control,GB,desktop,3,45.7,0.333,2026-06-04
4625,treatment,GB,mobile,2,27.5,1.0,2026-06-05
4626,control,IN,desktop,0,,,2026-06-01
4627,treatment,DE,mobile,3,53.0,1.0,2026-06-02
4628,control,BR,mobile,0,,,2026-06-01
4629,treatment,PH,desktop,10,35.9,1.0,2026-06-04
4630,treatment,IN,mobile,3,81.7,1.0,2026-06-01
4631,treatment,PH,mobile,3,34.7,0.667,2026-06-02
4632,control,IN,mobile,1,34.0,1.0,2026-06-02
4633,treatment,US,mobile,2,63.5,1.0,2026-06-04
4634,control,BR,mobile,0,,,2026-06-03
4635,control,CA,mobile,2,27.5,1.0,2026-06-05
4636,control,GB,desktop,4,41.8,0.75,2026-06-03
4637,control,PH,mobile,6,31.3,0.667,2026-06-03
4638,control,US,desktop,7,35.0,0.714,2026-06-03
4639,control,GB,desktop,0,,,2026-06-05
4640,treatment,US,mobile,2,18.0,1.0,2026-06-02
4641,control,PH,desktop,10,30.2,0.5,2026-06-02
4642,control,US,mobile,3,22.3,1.0,2026-06-03
4643,control,CA,tablet,6,27.3,0.167,2026-06-03
4644,control,US,desktop,2,33.0,1.0,2026-06-02
4645,control,US,desktop,7,39.7,1.0,2026-06-03
4646,control,IN,desktop,1,45.0,1.0,2026-06-04
4647,treatment,IN,desktop,9,30.1,0.556,2026-06-03
4648,treatment,US,mobile,1,55.0,1.0,2026-06-04
4649,control,GB,mobile,2,65.5,0.5,2026-06-01
4650,treatment,US,mobile,6,57.2,0.667,2026-06-01
4651,treatment,IN,desktop,3,59.3,1.0,2026-06-04
4652,treatment,IN,mobile,6,40.0,0.667,2026-06-01
4653,treatment,US,mobile,1,24.0,1.0,2026-06-03
4654,control,PH,mobile,4,32.2,0.25,2026-06-01
4655,treatment,DE,mobile,16,43.9,0.562,2026-06-02
4656,treatment,BR,mobile,2,35.0,0.0,2026-06-01
4657,treatment,IN,desktop,5,34.2,0.4,2026-06-05
4658,treatment,DE,mobile,3,34.7,0.667,2026-06-05
4659,control,AU,mobile,0,,,2026-06-05
4660,treatment,GB,mobile,3,74.0,1.0,2026-06-05
4661,treatment,CA,tablet,19,47.4,0.737,2026-06-01
4662,control,CA,tablet,4,21.8,0.5,2026-06-05
4663,treatment,BR,mobile,3,49.0,0.333,2026-06-03
4664,control,US,mobile,4,26.0,1.0,2026-06-04
4665,treatment,GB,mobile,3,49.3,0.667,2026-06-01
4666,control,US,mobile,1,53.0,0.0,2026-06-03
4667,control,IN,tablet,0,,,2026-06-05
4668,treatment,AU,mobile,1,24.0,1.0,2026-06-04
4669,treatment,IN,mobile,1,70.0,1.0,2026-06-04
4670,treatment,US,mobile,1,36.0,0.0,2026-06-05
4671,treatment,US,desktop,2,52.5,1.0,2026-06-04
4672,control,PH,mobile,1,66.0,0.0,2026-06-04
4673,control,US,mobile,6,22.2,1.0,2026-06-02
4674,control,BR,desktop,0,,,2026-06-05
4675,control,US,desktop,12,35.4,1.0,2026-06-02
4676,treatment,IN,mobile,3,79.3,1.0,2026-06-05
4677,treatment,US,mobile,1,24.0,1.0,2026-06-02
4678,treatment,US,desktop,8,50.9,0.5,2026-06-05
4679,treatment,BR,mobile,2,28.5,1.0,2026-06-05
4680,control,IN,desktop,2,30.0,0.0,2026-06-04
4681,treatment,AU,mobile,4,42.0,1.0,2026-06-02
4682,control,IN,desktop,2,19.5,0.5,2026-06-04
4683,control,BR,mobile,1,49.0,1.0,2026-06-05
4684,control,IN,mobile,9,37.0,0.667,2026-06-04
4685,treatment,US,mobile,0,,,2026-06-05
4686,control,US,mobile,1,27.0,1.0,2026-06-02
4687,treatment,US,mobile,3,34.0,0.333,2026-06-02
4688,treatment,US,desktop,2,22.5,1.0,2026-06-01
4689,control,CA,mobile,2,37.5,0.5,2026-06-05
4690,treatment,US,desktop,6,62.5,0.833,2026-06-05
4691,treatment,US,mobile,5,61.2,0.6,2026-06-05
4692,treatment,IN,desktop,4,42.0,0.5,2026-06-02
4693,control,GB,mobile,8,32.6,0.625,2026-06-04
4694,treatment,IN,desktop,2,69.0,0.5,2026-06-05
4695,treatment,IN,mobile,1,63.0,1.0,2026-06-03
4696,treatment,US,desktop,2,28.5,1.0,2026-06-02
4697,control,BR,mobile,0,,,2026-06-03
4698,treatment,PH,mobile,0,,,2026-06-05
4699,control,BR,mobile,2,43.0,0.5,2026-06-04
4700,treatment,US,mobile,2,33.5,1.0,2026-06-05
4701,treatment,DE,mobile,5,51.6,1.0,2026-06-02
4702,treatment,BR,desktop,7,54.4,0.571,2026-06-05
4703,control,PH,mobile,5,30.8,0.6,2026-06-01
4704,treatment,BR,mobile,3,36.7,0.667,2026-06-01
4705,control,IN,mobile,0,,,2026-06-01
4706,control,PH,desktop,6,33.7,0.333,2026-06-01
4707,control,IN,mobile,4,33.0,0.5,2026-06-05
4708,control,GB,mobile,1,35.0,1.0,2026-06-05
4709,treatment,AU,mobile,1,32.0,1.0,2026-06-03
4710,control,PH,desktop,9,30.1,0.556,2026-06-03
4711,treatment,US,desktop,2,32.0,1.0,2026-06-03
4712,treatment,BR,desktop,1,47.0,1.0,2026-06-04
4713,control,IN,mobile,1,23.0,1.0,2026-06-03
4714,treatment,CA,mobile,1,95.0,1.0,2026-06-01
4715,control,PH,mobile,3,42.0,1.0,2026-06-02
4716,treatment,IN,mobile,11,48.5,0.545,2026-06-05
4717,control,BR,mobile,0,,,2026-06-01
4718,control,BR,mobile,4,50.5,1.0,2026-06-01
4719,treatment,US,desktop,1,49.0,1.0,2026-06-01
4720,treatment,US,mobile,5,33.6,0.8,2026-06-05
4721,control,US,desktop,2,20.5,1.0,2026-06-05
4722,control,BR,mobile,5,37.4,0.4,2026-06-01
4723,treatment,BR,mobile,2,62.5,1.0,2026-06-02
4724,treatment,DE,mobile,2,46.5,0.5,2026-06-02
4725,control,US,mobile,2,33.0,1.0,2026-06-01
4726,control,PH,tablet,0,,,2026-06-03
4727,treatment,PH,mobile,1,24.0,1.0,2026-06-03
4728,treatment,IN,mobile,2,48.0,0.5,2026-06-02
4729,treatment,GB,desktop,2,53.0,1.0,2026-06-01
4730,control,CA,mobile,2,11.0,0.5,2026-06-01
4731,treatment,BR,desktop,6,55.8,0.667,2026-06-05
4732,treatment,PH,mobile,0,,,2026-06-01
4733,control,US,mobile,3,16.7,0.333,2026-06-02
4734,control,PH,desktop,2,28.5,0.5,2026-06-05
4735,treatment,IN,mobile,6,36.0,0.667,2026-06-04
4736,control,PH,mobile,1,18.0,0.0,2026-06-03
4737,treatment,IN,mobile,1,93.0,1.0,2026-06-03
4738,treatment,IN,mobile,1,32.0,1.0,2026-06-05
4739,treatment,CA,desktop,6,39.7,0.833,2026-06-02
4740,control,GB,mobile,4,42.2,0.75,2026-06-05
4741,control,US,mobile,2,23.0,1.0,2026-06-02
4742,control,US,mobile,2,49.5,1.0,2026-06-03
4743,control,CA,desktop,5,33.2,0.8,2026-06-04
4744,control,AU,mobile,4,47.8,0.75,2026-06-05
4745,treatment,US,mobile,2,30.5,1.0,2026-06-01
4746,treatment,BR,mobile,0,,,2026-06-03
4747,treatment,CA,mobile,2,53.0,0.0,2026-06-05
4748,control,IN,tablet,2,27.5,0.5,2026-06-01
4749,control,AU,mobile,3,39.7,0.667,2026-06-04
4750,control,DE,tablet,2,30.0,1.0,2026-06-03
4751,treatment,AU,mobile,1,52.0,1.0,2026-06-04
4752,control,CA,mobile,0,,,2026-06-02
4753,control,PH,desktop,2,24.0,1.0,2026-06-04
4754,control,GB,desktop,3,41.0,0.667,2026-06-03
4755,treatment,US,mobile,5,41.0,0.0,2026-06-01
4756,treatment,IN,desktop,5,55.8,0.8,2026-06-04
4757,control,US,desktop,4,26.2,0.75,2026-06-01
4758,treatment,GB,mobile,4,55.2,0.5,2026-06-02
4759,control,IN,desktop,0,,,2026-06-02
4760,control,US,mobile,2,22.5,0.5,2026-06-05
4761,treatment,IN,mobile,0,,,2026-06-01
4762,treatment,PH,mobile,2,33.0,1.0,2026-06-05
4763,treatment,IN,tablet,9,46.0,0.444,2026-06-01
4764,control,US,mobile,8,42.6,0.75,2026-06-01
4765,control,US,mobile,1,24.0,1.0,2026-06-03
4766,treatment,US,mobile,1,74.0,0.0,2026-06-02
4767,control,US,mobile,8,29.9,0.875,2026-06-04
4768,treatment,US,mobile,5,61.8,1.0,2026-06-02
4769,control,AU,tablet,4,31.2,0.5,2026-06-04
4770,control,IN,desktop,1,36.0,1.0,2026-06-02
4771,treatment,IN,mobile,4,46.2,0.5,2026-06-01
4772,treatment,AU,desktop,8,58.0,0.875,2026-06-04
4773,control,US,desktop,1,23.0,0.0,2026-06-03
4774,control,BR,mobile,4,25.0,0.5,2026-06-01
4775,control,US,mobile,1,27.0,0.0,2026-06-02
4776,control,CA,mobile,0,,,2026-06-02
4777,control,DE,desktop,4,29.0,0.5,2026-06-03
4778,treatment,GB,mobile,10,50.6,0.7,2026-06-03
4779,treatment,DE,mobile,1,26.0,0.0,2026-06-01
4780,treatment,US,mobile,9,44.7,0.889,2026-06-01
4781,treatment,BR,mobile,1,86.0,1.0,2026-06-05
4782,treatment,DE,desktop,0,,,2026-06-05
4783,control,US,desktop,3,26.7,1.0,2026-06-01
4784,treatment,BR,mobile,4,42.2,1.0,2026-06-03
4785,control,GB,mobile,1,19.0,0.0,2026-06-05
4786,control,US,mobile,1,52.0,0.0,2026-06-02
4787,treatment,IN,mobile,2,74.0,0.5,2026-06-04
4788,treatment,BR,mobile,0,,,2026-06-03
4789,treatment,IN,mobile,4,67.5,0.5,2026-06-04
4790,control,GB,mobile,0,,,2026-06-02
4791,treatment,IN,mobile,3,48.3,0.667,2026-06-04
4792,treatment,BR,mobile,7,52.6,0.714,2026-06-05
4793,control,US,mobile,0,,,2026-06-02
4794,control,IN,desktop,1,25.0,0.0,2026-06-04
4795,treatment,IN,mobile,4,33.2,0.75,2026-06-01
4796,treatment,IN,desktop,1,29.0,1.0,2026-06-04
4797,treatment,PH,mobile,5,65.0,1.0,2026-06-01
4798,treatment,PH,mobile,8,44.6,0.75,2026-06-01
4799,treatment,US,mobile,2,32.5,1.0,2026-06-01
4800,control,PH,desktop,0,,,2026-06-04
4801,control,PH,mobile,1,33.0,1.0,2026-06-01
4802,control,AU,mobile,1,52.0,1.0,2026-06-04
4803,treatment,US,mobile,1,7.0,0.0,2026-06-05
4804,treatment,BR,mobile,1,49.0,1.0,2026-06-02
4805,control,GB,mobile,5,40.8,1.0,2026-06-04
4806,control,BR,mobile,1,21.0,0.0,2026-06-02
4807,control,AU,mobile,3,41.3,0.333,2026-06-04
4808,control,US,mobile,6,35.2,0.833,2026-06-04
4809,treatment,IN,desktop,0,,,2026-06-04
4810,treatment,DE,desktop,5,34.6,1.0,2026-06-03
4811,treatment,IN,mobile,1,28.0,1.0,2026-06-02
4812,control,GB,desktop,4,35.8,0.75,2026-06-03
4813,treatment,BR,mobile,0,,,2026-06-02
4814,treatment,GB,desktop,3,92.3,0.667,2026-06-02
4815,treatment,US,mobile,3,62.7,1.0,2026-06-02
4816,treatment,BR,desktop,2,74.0,1.0,2026-06-03
4817,treatment,GB,mobile,5,41.0,0.4,2026-06-02
4818,treatment,US,mobile,3,36.7,1.0,2026-06-05
4819,treatment,CA,desktop,2,29.5,0.5,2026-06-01
4820,control,CA,mobile,2,37.0,0.5,2026-06-03
4821,treatment,CA,desktop,1,49.0,1.0,2026-06-04
4822,control,IN,mobile,1,31.0,1.0,2026-06-02
4823,control,IN,mobile,3,43.0,0.333,2026-06-03
4824,treatment,PH,mobile,4,45.0,0.75,2026-06-05
4825,treatment,IN,desktop,5,45.0,0.8,2026-06-05
4826,treatment,AU,mobile,0,,,2026-06-03
4827,control,GB,mobile,4,53.0,0.5,2026-06-02
4828,treatment,IN,mobile,2,27.5,1.0,2026-06-05
4829,treatment,US,mobile,3,49.0,1.0,2026-06-04
4830,control,CA,desktop,4,30.8,0.5,2026-06-03
4831,treatment,GB,desktop,2,27.5,1.0,2026-06-05
4832,treatment,US,mobile,3,39.3,1.0,2026-06-04
4833,control,US,mobile,0,,,2026-06-01
4834,control,IN,mobile,2,37.5,0.5,2026-06-03
4835,control,US,desktop,5,41.0,0.8,2026-06-02
4836,control,DE,mobile,4,27.8,0.25,2026-06-01
4837,control,IN,desktop,4,48.2,1.0,2026-06-01
4838,treatment,US,mobile,2,33.0,0.0,2026-06-01
4839,treatment,PH,mobile,2,42.5,0.5,2026-06-03
4840,treatment,PH,mobile,6,64.0,0.5,2026-06-03
4841,treatment,IN,mobile,3,36.0,0.333,2026-06-05
4842,control,BR,mobile,3,26.3,0.667,2026-06-03
4843,control,IN,mobile,6,24.3,0.5,2026-06-05
4844,treatment,PH,mobile,4,31.8,0.75,2026-06-01
4845,control,IN,mobile,6,33.3,0.667,2026-06-05
4846,control,IN,mobile,8,29.1,0.625,2026-06-04
4847,treatment,AU,mobile,2,37.0,1.0,2026-06-02
4848,treatment,US,mobile,4,31.8,0.75,2026-06-04
4849,treatment,US,mobile,5,54.6,0.6,2026-06-01
4850,control,IN,desktop,8,38.6,0.5,2026-06-01
4851,treatment,GB,desktop,9,48.4,0.556,2026-06-01
4852,treatment,GB,mobile,1,49.0,0.0,2026-06-01
4853,treatment,IN,mobile,3,84.3,0.667,2026-06-05
4854,control,AU,desktop,5,34.2,0.6,2026-06-01
4855,treatment,US,mobile,3,55.0,1.0,2026-06-04
4856,treatment,GB,mobile,2,53.0,0.5,2026-06-02
4857,treatment,US,mobile,2,47.0,0.5,2026-06-02
4858,treatment,PH,desktop,4,54.5,1.0,2026-06-04
4859,control,GB,desktop,4,22.2,0.75,2026-06-02
4860,control,AU,mobile,1,58.0,1.0,2026-06-05
4861,treatment,BR,desktop,2,38.0,0.5,2026-06-05
4862,control,PH,tablet,1,35.0,1.0,2026-06-05
4863,control,DE,desktop,2,21.5,0.5,2026-06-02
4864,control,GB,desktop,2,48.5,1.0,2026-06-04
4865,control,PH,desktop,2,25.0,1.0,2026-06-01
4866,control,AU,desktop,2,9.5,0.5,2026-06-04
4867,treatment,AU,mobile,0,,,2026-06-03
4868,control,AU,desktop,6,37.3,0.667,2026-06-03
4869,treatment,BR,mobile,8,35.0,0.75,2026-06-03
4870,treatment,BR,mobile,2,68.5,1.0,2026-06-02
4871,control,AU,mobile,2,39.5,1.0,2026-06-04
4872,control,US,mobile,0,,,2026-06-03
4873,control,IN,mobile,8,25.6,0.5,2026-06-03
4874,treatment,IN,mobile,4,44.5,0.75,2026-06-01
4875,treatment,IN,desktop,4,34.8,0.75,2026-06-01
4876,treatment,BR,mobile,2,64.5,0.5,2026-06-02
4877,treatment,IN,mobile,9,57.7,0.667,2026-06-02
4878,treatment,US,mobile,4,46.2,0.5,2026-06-01
4879,control,US,desktop,0,,,2026-06-04
4880,treatment,IN,mobile,0,,,2026-06-03
4881,treatment,AU,mobile,2,21.0,0.5,2026-06-03
4882,treatment,PH,mobile,2,18.0,1.0,2026-06-05
4883,treatment,US,mobile,4,48.2,0.75,2026-06-01
4884,control,US,mobile,1,51.0,0.0,2026-06-02
4885,control,GB,mobile,3,39.7,1.0,2026-06-01
4886,control,US,tablet,5,32.8,0.4,2026-06-03
4887,control,US,desktop,7,29.7,0.714,2026-06-02
4888,treatment,IN,mobile,1,43.0,0.0,2026-06-01
4889,control,AU,desktop,4,18.8,0.75,2026-06-05
4890,treatment,US,desktop,0,,,2026-06-05
4891,treatment,PH,mobile,3,52.0,0.333,2026-06-02
4892,treatment,US,mobile,3,62.0,0.667,2026-06-04
4893,treatment,AU,mobile,2,44.0,0.5,2026-06-01
4894,control,GB,mobile,1,13.0,1.0,2026-06-02
4895,treatment,US,mobile,6,50.5,1.0,2026-06-01
4896,control,IN,mobile,6,19.7,0.667,2026-06-01
4897,control,US,mobile,1,26.0,1.0,2026-06-02
4898,treatment,BR,tablet,1,76.0,1.0,2026-06-03
4899,control,US,desktop,4,34.8,0.75,2026-06-01
4900,treatment,AU,mobile,0,,,2026-06-02
4901,control,IN,mobile,8,39.6,0.875,2026-06-01
4902,control,US,mobile,1,24.0,1.0,2026-06-05
4903,control,IN,mobile,2,25.0,0.5,2026-06-01
4904,treatment,IN,mobile,2,44.5,0.5,2026-06-04
4905,treatment,GB,mobile,1,30.0,1.0,2026-06-05
4906,treatment,US,mobile,0,,,2026-06-04
4907,control,PH,mobile,1,37.0,1.0,2026-06-03
4908,treatment,DE,mobile,0,,,2026-06-03
4909,control,US,mobile,3,28.7,0.333,2026-06-02
4910,control,IN,mobile,0,,,2026-06-05
4911,treatment,US,desktop,1,34.0,1.0,2026-06-03
4912,control,BR,mobile,4,31.2,0.5,2026-06-04
4913,control,GB,desktop,0,,,2026-06-04
4914,treatment,GB,mobile,1,34.0,1.0,2026-06-01
4915,control,BR,mobile,3,26.0,0.333,2026-06-01
4916,treatment,BR,mobile,2,27.0,0.5,2026-06-02
4917,control,IN,mobile,2,58.0,1.0,2026-06-01
4918,control,US,desktop,2,24.5,0.0,2026-06-05
4919,treatment,BR,mobile,2,31.5,0.5,2026-06-03
4920,treatment,BR,mobile,1,70.0,1.0,2026-06-02
4921,control,US,mobile,1,23.0,0.0,2026-06-02
4922,treatment,US,desktop,1,43.0,1.0,2026-06-05
4923,control,IN,mobile,1,36.0,1.0,2026-06-05
4924,control,BR,mobile,3,31.3,0.667,2026-06-04
4925,control,IN,mobile,1,23.0,0.0,2026-06-02
4926,control,IN,mobile,1,30.0,1.0,2026-06-02
4927,treatment,US,desktop,2,50.0,1.0,2026-06-02
4928,control,IN,desktop,3,28.3,0.667,2026-06-04
4929,control,IN,mobile,1,28.0,0.0,2026-06-05
4930,control,PH,mobile,6,45.2,0.833,2026-06-02
4931,treatment,CA,desktop,6,31.0,0.833,2026-06-03
4932,treatment,US,mobile,2,44.0,0.5,2026-06-03
4933,treatment,IN,mobile,3,28.7,0.333,2026-06-04
4934,control,US,mobile,2,56.0,0.5,2026-06-04
4935,treatment,BR,mobile,7,48.1,0.571,2026-06-01
4936,control,BR,mobile,4,23.0,0.75,2026-06-04
4937,control,BR,mobile,5,25.2,0.4,2026-06-05
4938,treatment,US,tablet,2,91.5,0.5,2026-06-04
4939,treatment,US,mobile,4,38.5,0.75,2026-06-05
4940,control,US,desktop,1,66.0,1.0,2026-06-01
4941,control,CA,mobile,2,33.5,0.5,2026-06-02
4942,control,BR,mobile,0,,,2026-06-02
4943,control,US,mobile,4,44.0,0.5,2026-06-02
4944,control,US,desktop,2,18.5,1.0,2026-06-01
4945,treatment,US,tablet,2,37.5,0.5,2026-06-02
4946,treatment,IN,mobile,2,65.0,0.0,2026-06-05
4947,treatment,AU,tablet,7,47.9,0.857,2026-06-03
4948,treatment,IN,mobile,2,60.0,0.5,2026-06-05
4949,control,BR,mobile,3,29.0,1.0,2026-06-03
4950,control,US,mobile,3,26.0,1.0,2026-06-03
4951,treatment,BR,mobile,3,32.3,0.333,2026-06-02
4952,control,US,desktop,2,39.5,1.0,2026-06-05
4953,control,IN,desktop,1,55.0,0.0,2026-06-02
4954,control,DE,mobile,4,32.5,0.5,2026-06-01
4955,treatment,IN,mobile,6,47.3,0.833,2026-06-02
4956,treatment,PH,mobile,5,29.6,0.6,2026-06-05
4957,treatment,US,tablet,0,,,2026-06-03
4958,treatment,BR,mobile,8,57.9,0.75,2026-06-01
4959,treatment,US,mobile,1,15.0,0.0,2026-06-01
4960,control,CA,tablet,3,38.7,0.333,2026-06-04
4961,treatment,US,desktop,5,27.6,0.4,2026-06-02
4962,treatment,US,mobile,5,71.8,0.8,2026-06-05
4963,treatment,US,mobile,3,81.7,0.667,2026-06-02
4964,treatment,BR,mobile,3,51.7,0.667,2026-06-01
4965,control,IN,mobile,2,48.0,1.0,2026-06-03
4966,control,US,mobile,10,39.8,0.6,2026-06-02
4967,control,DE,mobile,2,48.5,0.5,2026-06-04
4968,control,GB,mobile,2,24.5,0.0,2026-06-02
4969,treatment,BR,desktop,5,67.6,0.8,2026-06-03
4970,control,US,mobile,2,22.0,1.0,2026-06-01
4971,treatment,US,mobile,1,45.0,1.0,2026-06-02
4972,treatment,US,mobile,1,42.0,0.0,2026-06-01
4973,treatment,PH,mobile,2,35.0,1.0,2026-06-05
4974,treatment,US,tablet,1,53.0,0.0,2026-06-04
4975,control,US,mobile,4,50.8,0.75,2026-06-04
4976,control,PH,mobile,3,23.0,0.667,2026-06-05
4977,control,US,mobile,1,91.0,1.0,2026-06-03
4978,control,DE,mobile,6,24.7,0.667,2026-06-03
4979,treatment,PH,mobile,2,32.5,1.0,2026-06-04
4980,treatment,CA,mobile,2,39.0,1.0,2026-06-05
4981,control,IN,mobile,0,,,2026-06-05
4982,control,US,desktop,2,42.0,0.5,2026-06-01
4983,treatment,DE,mobile,1,30.0,0.0,2026-06-04
4984,control,GB,mobile,2,43.0,1.0,2026-06-03
4985,control,IN,mobile,6,49.5,0.667,2026-06-01
4986,treatment,US,mobile,15,42.7,0.733,2026-06-04
4987,treatment,BR,tablet,3,65.7,0.667,2026-06-01
4988,control,DE,tablet,4,26.2,0.5,2026-06-05
4989,control,IN,mobile,1,23.0,1.0,2026-06-05
4990,control,IN,mobile,5,27.4,0.8,2026-06-01
4991,treatment,US,desktop,2,97.0,0.5,2026-06-01
4992,control,IN,mobile,2,16.0,0.0,2026-06-01
4993,treatment,US,mobile,10,49.0,0.9,2026-06-02
4994,control,BR,mobile,3,15.0,0.667,2026-06-04
4995,treatment,BR,desktop,4,48.0,0.5,2026-06-04
4996,control,US,mobile,1,37.0,0.0,2026-06-03
4997,treatment,US,mobile,3,49.0,0.667,2026-06-01
4998,control,US,mobile,3,30.0,0.667,2026-06-03
4999,treatment,IN,mobile,8,43.6,0.875,2026-06-05
5000,treatment,CA,mobile,1,77.0,1.0,2026-06-01
5001,control,AU,mobile,4,21.0,0.75,2026-06-05
5002,treatment,US,mobile,4,65.2,0.75,2026-06-02
5003,treatment,US,desktop,5,50.6,0.8,2026-06-04
5004,treatment,CA,mobile,0,,,2026-06-05
5005,treatment,GB,mobile,9,47.2,0.778,2026-06-05
5006,control,PH,desktop,6,53.0,0.667,2026-06-03
5007,treatment,AU,mobile,4,47.5,0.5,2026-06-03
5008,control,US,desktop,1,27.0,1.0,2026-06-01
5009,control,US,mobile,2,44.5,1.0,2026-06-02
5010,control,CA,tablet,5,26.2,0.6,2026-06-05
5011,control,AU,desktop,1,49.0,0.0,2026-06-02
5012,treatment,GB,mobile,3,44.7,1.0,2026-06-03
5013,treatment,US,desktop,2,50.5,0.5,2026-06-02
5014,control,IN,mobile,3,22.7,0.333,2026-06-01
5015,control,BR,desktop,4,22.2,0.5,2026-06-02
5016,treatment,PH,mobile,0,,,2026-06-03
5017,treatment,CA,desktop,3,45.7,0.333,2026-06-05
5018,control,IN,tablet,16,35.9,0.5,2026-06-02
5019,control,CA,desktop,3,31.0,1.0,2026-06-05
5020,control,BR,mobile,1,10.0,1.0,2026-06-02
5021,control,BR,mobile,0,,,2026-06-05
5022,treatment,IN,mobile,3,73.3,1.0,2026-06-04
5023,control,US,desktop,3,29.7,1.0,2026-06-01
5024,treatment,BR,desktop,10,40.7,0.9,2026-06-05
5025,treatment,BR,desktop,2,34.0,1.0,2026-06-02
5026,treatment,DE,mobile,2,48.5,1.0,2026-06-03
5027,control,BR,mobile,3,41.7,0.333,2026-06-01
5028,treatment,US,mobile,0,,,2026-06-02
5029,control,PH,mobile,5,24.0,0.4,2026-06-01
5030,treatment,GB,tablet,1,35.0,1.0,2026-06-04
5031,treatment,PH,desktop,1,29.0,1.0,2026-06-05
5032,control,BR,desktop,0,,,2026-06-02
5033,control,US,mobile,0,,,2026-06-02
5034,control,US,mobile,1,24.0,1.0,2026-06-05
5035,treatment,US,mobile,1,28.0,0.0,2026-06-01
5036,control,BR,mobile,8,37.9,0.875,2026-06-01
5037,control,US,mobile,0,,,2026-06-03
5038,treatment,PH,mobile,3,29.0,1.0,2026-06-04
5039,treatment,IN,mobile,1,70.0,0.0,2026-06-03
5040,treatment,US,mobile,2,86.0,0.5,2026-06-01
5041,control,PH,tablet,2,37.5,0.5,2026-06-02
5042,treatment,CA,desktop,6,65.0,0.833,2026-06-05
5043,control,CA,desktop,4,41.2,1.0,2026-06-02
5044,treatment,AU,desktop,5,47.6,0.4,2026-06-01
5045,control,IN,mobile,1,25.0,1.0,2026-06-05
5046,treatment,IN,mobile,5,22.6,1.0,2026-06-05
5047,control,IN,desktop,1,43.0,1.0,2026-06-05
5048,treatment,IN,desktop,3,43.3,1.0,2026-06-04
5049,treatment,CA,desktop,1,33.0,0.0,2026-06-01
5050,treatment,IN,mobile,2,69.5,1.0,2026-06-02
5051,control,US,mobile,3,37.0,0.667,2026-06-01
5052,control,BR,mobile,2,11.0,0.5,2026-06-04
5053,treatment,IN,mobile,2,50.0,1.0,2026-06-03
5054,treatment,BR,mobile,5,74.0,1.0,2026-06-02
5055,treatment,BR,desktop,5,40.8,0.4,2026-06-02
5056,treatment,GB,mobile,2,53.0,1.0,2026-06-04
5057,control,GB,desktop,0,,,2026-06-05
5058,control,IN,desktop,0,,,2026-06-01
5059,control,AU,desktop,2,52.5,0.5,2026-06-05
5060,treatment,US,mobile,1,40.0,1.0,2026-06-05
5061,treatment,US,mobile,4,49.2,0.75,2026-06-04
5062,control,IN,mobile,2,11.5,1.0,2026-06-04
5063,control,PH,desktop,1,25.0,1.0,2026-06-03
5064,treatment,IN,mobile,7,69.1,1.0,2026-06-03
5065,control,CA,tablet,3,22.3,1.0,2026-06-03
5066,control,PH,desktop,7,35.0,0.429,2026-06-01
5067,control,BR,mobile,4,38.5,0.75,2026-06-05
5068,control,GB,desktop,9,31.7,0.778,2026-06-01
5069,treatment,US,desktop,0,,,2026-06-05
5070,treatment,AU,desktop,3,43.7,1.0,2026-06-05
5071,control,AU,mobile,0,,,2026-06-02
5072,control,US,mobile,1,26.0,1.0,2026-06-03
5073,control,GB,desktop,0,,,2026-06-02
5074,control,GB,mobile,5,36.0,0.6,2026-06-01
5075,treatment,PH,desktop,9,44.1,0.667,2026-06-02
5076,control,US,desktop,10,38.0,0.6,2026-06-05
5077,control,BR,mobile,3,20.0,0.667,2026-06-01
5078,treatment,IN,desktop,2,23.0,1.0,2026-06-01
5079,treatment,PH,desktop,2,51.0,0.5,2026-06-05
5080,treatment,DE,desktop,1,72.0,1.0,2026-06-02
5081,treatment,GB,tablet,7,54.0,0.571,2026-06-05
5082,control,US,desktop,2,36.0,1.0,2026-06-03
5083,treatment,US,mobile,0,,,2026-06-03
5084,control,IN,desktop,2,21.5,0.0,2026-06-01
5085,control,DE,desktop,3,39.7,0.333,2026-06-04
5086,control,CA,desktop,8,32.9,0.5,2026-06-03
5087,control,IN,mobile,4,31.5,0.5,2026-06-03
5088,treatment,IN,mobile,5,53.8,0.6,2026-06-04
5089,control,US,mobile,7,41.4,0.571,2026-06-05
5090,control,GB,mobile,0,,,2026-06-02
5091,treatment,IN,mobile,2,29.5,1.0,2026-06-03
5092,treatment,DE,desktop,2,72.0,0.5,2026-06-04
5093,treatment,PH,desktop,3,30.3,0.667,2026-06-02
5094,treatment,PH,desktop,3,47.0,0.667,2026-06-05
5095,control,IN,desktop,13,34.0,0.692,2026-06-05
5096,treatment,GB,desktop,1,191.0,1.0,2026-06-01
5097,treatment,IN,mobile,1,29.0,1.0,2026-06-01
5098,control,IN,mobile,4,41.8,0.75,2026-06-03
5099,control,PH,mobile,2,27.5,1.0,2026-06-04
5100,treatment,US,desktop,1,97.0,1.0,2026-06-03
5101,treatment,IN,mobile,3,62.7,0.667,2026-06-05
5102,control,US,mobile,1,35.0,0.0,2026-06-03
5103,treatment,BR,desktop,3,67.3,1.0,2026-06-05
5104,control,IN,mobile,6,40.8,0.5,2026-06-01
5105,treatment,US,desktop,3,36.3,0.667,2026-06-02
5106,treatment,BR,mobile,3,85.0,0.667,2026-06-03
5107,treatment,AU,desktop,2,55.5,0.5,2026-06-01
5108,treatment,US,mobile,0,,,2026-06-05
5109,treatment,US,desktop,1,108.0,0.0,2026-06-02
5110,control,IN,tablet,3,25.7,0.667,2026-06-02
5111,control,IN,mobile,3,14.0,0.667,2026-06-05
5112,control,BR,mobile,2,52.5,1.0,2026-06-02
5113,control,BR,mobile,6,28.7,0.5,2026-06-04
5114,treatment,GB,mobile,3,50.3,1.0,2026-06-04
5115,treatment,IN,mobile,2,29.0,1.0,2026-06-02
5116,treatment,IN,mobile,8,61.6,0.875,2026-06-02
5117,control,IN,desktop,0,,,2026-06-05
5118,treatment,US,mobile,0,,,2026-06-04
5119,treatment,US,mobile,6,51.3,0.833,2026-06-03
5120,control,US,mobile,6,24.8,0.667,2026-06-02
5121,control,PH,mobile,1,28.0,0.0,2026-06-05
5122,treatment,US,desktop,0,,,2026-06-04
5123,treatment,GB,desktop,1,65.0,1.0,2026-06-03
5124,treatment,IN,mobile,4,45.2,0.75,2026-06-04
5125,control,IN,mobile,3,32.0,0.667,2026-06-03
5126,treatment,US,desktop,6,46.0,0.667,2026-06-04
5127,treatment,IN,desktop,6,45.7,0.833,2026-06-03
5128,control,US,mobile,2,23.0,0.5,2026-06-02
5129,treatment,US,mobile,6,34.7,0.5,2026-06-01
5130,treatment,US,desktop,2,54.5,1.0,2026-06-01
5131,control,BR,mobile,11,27.4,0.909,2026-06-05
5132,treatment,PH,mobile,1,142.0,1.0,2026-06-05
5133,treatment,US,mobile,5,40.8,0.8,2026-06-03
5134,treatment,US,mobile,6,49.8,0.833,2026-06-01
5135,treatment,US,mobile,2,38.0,0.5,2026-06-01
5136,control,IN,desktop,8,37.9,0.875,2026-06-03
5137,treatment,US,mobile,2,55.5,0.5,2026-06-01
5138,treatment,IN,mobile,3,32.7,0.333,2026-06-04
5139,treatment,IN,mobile,7,50.3,0.714,2026-06-01
5140,control,US,tablet,5,30.2,0.8,2026-06-04
5141,control,GB,mobile,9,31.3,0.778,2026-06-04
5142,control,BR,mobile,2,29.5,1.0,2026-06-04
5143,control,GB,desktop,2,57.5,1.0,2026-06-03
5144,treatment,IN,desktop,4,38.8,1.0,2026-06-04
5145,treatment,IN,mobile,9,57.7,0.556,2026-06-03
5146,control,US,mobile,0,,,2026-06-04
5147,control,BR,mobile,4,47.5,0.75,2026-06-04
5148,control,US,mobile,2,31.5,0.5,2026-06-04
5149,control,IN,mobile,2,52.5,0.5,2026-06-01
5150,treatment,BR,mobile,1,45.0,1.0,2026-06-03
5151,treatment,US,mobile,3,77.7,0.333,2026-06-03
5152,treatment,US,mobile,2,38.0,1.0,2026-06-02
5153,control,BR,mobile,2,21.0,1.0,2026-06-02
5154,treatment,DE,mobile,8,44.0,0.5,2026-06-01
5155,treatment,BR,tablet,1,31.0,1.0,2026-06-01
5156,control,BR,mobile,1,61.0,1.0,2026-06-03
5157,control,IN,desktop,3,34.7,1.0,2026-06-04
5158,control,BR,mobile,2,36.5,0.5,2026-06-01
5159,control,IN,desktop,7,36.4,1.0,2026-06-01
5160,treatment,DE,mobile,2,22.5,0.5,2026-06-02
5161,treatment,US,desktop,2,45.0,0.5,2026-06-01
5162,control,IN,mobile,1,38.0,0.0,2026-06-04
5163,treatment,IN,mobile,0,,,2026-06-03
5164,treatment,PH,mobile,2,64.5,0.5,2026-06-01
5165,treatment,US,mobile,5,41.0,0.4,2026-06-05
5166,control,DE,mobile,1,46.0,1.0,2026-06-05
5167,treatment,GB,desktop,1,64.0,1.0,2026-06-02
5168,treatment,BR,desktop,3,60.3,0.333,2026-06-03
5169,control,CA,mobile,4,55.5,0.75,2026-06-03
5170,treatment,IN,mobile,4,50.8,1.0,2026-06-05
5171,control,US,tablet,0,,,2026-06-01
5172,control,PH,mobile,0,,,2026-06-01
5173,control,PH,mobile,4,33.0,0.5,2026-06-01
5174,control,CA,mobile,4,38.0,0.75,2026-06-01
5175,control,IN,desktop,4,40.2,0.75,2026-06-03
5176,control,US,mobile,3,29.7,1.0,2026-06-02
5177,treatment,IN,mobile,2,31.0,1.0,2026-06-01
5178,treatment,GB,desktop,3,41.7,0.667,2026-06-05
5179,control,DE,desktop,2,27.5,0.5,2026-06-04
5180,treatment,IN,mobile,3,29.0,0.667,2026-06-04
5181,control,US,desktop,7,39.3,0.857,2026-06-01
5182,treatment,AU,mobile,4,75.0,1.0,2026-06-01
5183,treatment,PH,mobile,1,74.0,1.0,2026-06-03
5184,treatment,US,mobile,4,39.0,1.0,2026-06-03
5185,treatment,US,mobile,4,62.0,0.5,2026-06-04
5186,treatment,US,desktop,8,60.0,1.0,2026-06-04
5187,treatment,US,mobile,2,48.5,1.0,2026-06-04
5188,treatment,US,desktop,0,,,2026-06-01
5189,treatment,US,mobile,0,,,2026-06-01
5190,treatment,CA,mobile,7,48.0,0.714,2026-06-05
5191,treatment,CA,mobile,1,42.0,1.0,2026-06-04
5192,treatment,US,mobile,8,64.5,0.625,2026-06-05
5193,control,US,mobile,6,34.0,0.667,2026-06-01
5194,control,GB,mobile,0,,,2026-06-01
5195,control,US,mobile,3,24.7,0.667,2026-06-01
5196,control,IN,mobile,8,30.9,0.25,2026-06-03
5197,treatment,IN,mobile,5,34.0,0.4,2026-06-01
5198,control,US,mobile,1,69.0,1.0,2026-06-05
5199,control,US,mobile,3,18.7,0.667,2026-06-05
5200,control,US,tablet,4,21.8,1.0,2026-06-05
5201,control,GB,desktop,4,43.0,0.5,2026-06-03
5202,control,US,mobile,3,40.0,0.667,2026-06-02
5203,treatment,US,desktop,2,32.5,1.0,2026-06-01
5204,control,AU,mobile,2,24.0,1.0,2026-06-02
5205,treatment,BR,mobile,3,63.0,0.667,2026-06-03
5206,treatment,DE,desktop,1,61.0,1.0,2026-06-02
5207,treatment,GB,desktop,5,53.2,0.4,2026-06-04
5208,treatment,IN,mobile,1,52.0,1.0,2026-06-03
5209,treatment,IN,desktop,5,45.4,0.8,2026-06-02
5210,treatment,CA,mobile,2,64.5,1.0,2026-06-05
5211,control,IN,mobile,2,34.0,1.0,2026-06-04
5212,control,US,desktop,5,26.6,0.6,2026-06-05
5213,treatment,GB,mobile,1,37.0,0.0,2026-06-01
5214,control,DE,mobile,0,,,2026-06-02
5215,control,US,mobile,3,52.3,1.0,2026-06-04
5216,treatment,IN,desktop,7,39.4,0.857,2026-06-02
5217,treatment,IN,desktop,0,,,2026-06-03
5218,treatment,US,desktop,0,,,2026-06-02
5219,treatment,US,desktop,4,66.2,1.0,2026-06-04
5220,treatment,PH,mobile,5,46.2,0.4,2026-06-05
5221,treatment,US,desktop,4,54.0,0.75,2026-06-01
5222,treatment,PH,mobile,7,38.3,0.857,2026-06-03
5223,treatment,US,tablet,2,45.0,1.0,2026-06-05
5224,control,US,mobile,6,31.7,0.833,2026-06-02
5225,control,US,mobile,0,,,2026-06-03
5226,control,US,desktop,6,28.7,0.833,2026-06-03
5227,control,US,desktop,7,38.7,0.857,2026-06-03
5228,treatment,AU,mobile,2,28.0,1.0,2026-06-01
5229,control,IN,mobile,7,28.6,0.714,2026-06-05
5230,treatment,GB,mobile,0,,,2026-06-05
5231,treatment,US,desktop,3,58.0,0.667,2026-06-01
5232,treatment,PH,tablet,3,29.3,1.0,2026-06-04
5233,control,US,mobile,1,25.0,0.0,2026-06-01
5234,control,GB,mobile,2,18.0,1.0,2026-06-04
5235,treatment,US,desktop,3,51.0,0.667,2026-06-01
5236,treatment,US,mobile,4,63.2,0.5,2026-06-03
5237,treatment,US,mobile,3,49.0,0.667,2026-06-04
5238,control,DE,mobile,2,24.5,0.5,2026-06-03
5239,treatment,US,mobile,3,31.0,1.0,2026-06-05
5240,control,US,mobile,3,36.3,1.0,2026-06-05
5241,treatment,US,mobile,1,41.0,0.0,2026-06-04
5242,control,IN,mobile,9,31.2,0.556,2026-06-02
5243,treatment,GB,mobile,1,36.0,0.0,2026-06-04
5244,control,US,mobile,2,32.5,1.0,2026-06-01
5245,control,PH,desktop,2,34.0,0.5,2026-06-04
5246,control,BR,mobile,1,13.0,0.0,2026-06-03
5247,treatment,BR,mobile,2,52.5,1.0,2026-06-03
5248,treatment,CA,mobile,1,67.0,1.0,2026-06-03
5249,treatment,US,mobile,3,72.7,0.333,2026-06-04
5250,treatment,PH,mobile,0,,,2026-06-04
5251,treatment,US,mobile,2,68.0,1.0,2026-06-02
5252,control,DE,mobile,2,25.0,0.5,2026-06-05
5253,control,IN,desktop,1,17.0,0.0,2026-06-02
5254,treatment,DE,mobile,13,41.2,0.692,2026-06-05
5255,control,US,desktop,2,32.0,0.5,2026-06-05
5256,treatment,GB,desktop,3,54.3,1.0,2026-06-02
5257,treatment,US,mobile,2,50.0,0.5,2026-06-01
5258,treatment,BR,mobile,4,51.0,0.5,2026-06-05
5259,treatment,PH,mobile,1,33.0,0.0,2026-06-03
5260,control,IN,mobile,2,79.0,0.5,2026-06-02
5261,control,BR,mobile,4,38.8,1.0,2026-06-01
5262,control,GB,tablet,2,36.0,1.0,2026-06-05
5263,control,IN,mobile,2,47.0,0.5,2026-06-04
5264,control,IN,desktop,9,40.7,0.667,2026-06-01
5265,control,US,mobile,0,,,2026-06-05
5266,treatment,US,mobile,4,48.5,0.75,2026-06-05
5267,control,US,desktop,2,31.5,1.0,2026-06-02
5268,treatment,US,mobile,5,46.6,0.6,2026-06-01
5269,control,GB,desktop,3,51.3,0.667,2026-06-02
5270,control,GB,desktop,3,30.7,1.0,2026-06-04
5271,control,US,mobile,3,33.3,1.0,2026-06-03
5272,control,IN,mobile,3,31.7,1.0,2026-06-01
5273,control,AU,desktop,1,40.0,1.0,2026-06-01
5274,treatment,PH,desktop,2,30.5,1.0,2026-06-01
5275,control,IN,desktop,0,,,2026-06-04
5276,control,IN,desktop,0,,,2026-06-01
5277,control,BR,mobile,6,27.7,0.333,2026-06-03
5278,control,IN,desktop,0,,,2026-06-02
5279,treatment,IN,desktop,3,72.7,0.667,2026-06-02
5280,treatment,US,mobile,0,,,2026-06-02
5281,treatment,BR,mobile,6,43.0,0.667,2026-06-01
5282,control,CA,desktop,3,33.0,0.667,2026-06-04
5283,treatment,US,desktop,2,49.0,0.5,2026-06-01
5284,treatment,GB,mobile,0,,,2026-06-05
5285,treatment,US,mobile,2,73.5,1.0,2026-06-03
5286,treatment,IN,mobile,10,40.8,0.4,2026-06-03
5287,control,US,desktop,9,36.9,0.778,2026-06-05
5288,control,PH,mobile,0,,,2026-06-04
5289,treatment,PH,desktop,3,40.3,0.667,2026-06-03
5290,treatment,US,mobile,2,46.0,0.5,2026-06-03
5291,treatment,IN,mobile,0,,,2026-06-03
5292,control,IN,mobile,0,,,2026-06-02
5293,treatment,US,desktop,1,26.0,1.0,2026-06-04
5294,treatment,AU,mobile,1,15.0,1.0,2026-06-01
5295,control,GB,mobile,5,42.8,0.8,2026-06-01
5296,control,PH,desktop,4,40.8,0.75,2026-06-03
5297,treatment,US,desktop,5,40.0,0.4,2026-06-04
5298,control,GB,tablet,5,30.4,0.6,2026-06-03
5299,treatment,US,desktop,2,41.0,0.0,2026-06-05
5300,treatment,CA,mobile,6,49.8,0.833,2026-06-05
5301,treatment,GB,mobile,5,70.8,1.0,2026-06-02
5302,control,US,mobile,0,,,2026-06-02
5303,treatment,BR,mobile,5,71.0,0.6,2026-06-02
5304,control,IN,mobile,0,,,2026-06-01
5305,control,BR,desktop,1,18.0,0.0,2026-06-01
5306,treatment,BR,desktop,6,60.0,0.833,2026-06-02
5307,treatment,GB,mobile,15,59.3,0.8,2026-06-01
5308,treatment,IN,desktop,1,39.0,0.0,2026-06-03
5309,treatment,PH,desktop,7,65.6,0.857,2026-06-01
5310,control,AU,mobile,2,47.0,0.5,2026-06-02
5311,treatment,BR,mobile,2,51.0,1.0,2026-06-04
5312,control,CA,mobile,4,30.0,0.25,2026-06-04
5313,treatment,PH,mobile,3,51.0,0.667,2026-06-02
5314,treatment,BR,mobile,5,55.6,0.8,2026-06-05
5315,treatment,US,mobile,12,54.6,0.75,2026-06-02
5316,control,GB,mobile,3,26.7,1.0,2026-06-04
5317,treatment,IN,mobile,8,43.8,0.875,2026-06-03
5318,treatment,GB,desktop,0,,,2026-06-02
5319,treatment,DE,desktop,2,29.0,0.0,2026-06-04
5320,treatment,CA,desktop,1,34.0,1.0,2026-06-05
5321,treatment,PH,mobile,1,139.0,1.0,2026-06-05
5322,treatment,GB,desktop,3,38.0,1.0,2026-06-04
5323,control,US,mobile,3,25.0,0.333,2026-06-02
5324,control,PH,mobile,1,22.0,1.0,2026-06-01
5325,treatment,BR,mobile,1,50.0,1.0,2026-06-01
5326,treatment,PH,desktop,3,28.7,1.0,2026-06-05
5327,control,US,mobile,2,33.0,0.5,2026-06-04
5328,control,US,mobile,2,29.0,0.5,2026-06-01
5329,treatment,GB,desktop,2,33.0,1.0,2026-06-03
5330,control,DE,desktop,2,17.0,0.5,2026-06-03
5331,control,BR,mobile,0,,,2026-06-04
5332,treatment,IN,mobile,4,45.2,0.75,2026-06-02
5333,control,PH,tablet,5,26.8,0.6,2026-06-04
5334,treatment,BR,mobile,6,63.3,1.0,2026-06-04
5335,control,PH,desktop,1,44.0,1.0,2026-06-05
5336,treatment,BR,desktop,3,51.3,1.0,2026-06-03
5337,treatment,DE,mobile,5,38.6,0.4,2026-06-02
5338,control,BR,mobile,4,23.0,0.5,2026-06-05
5339,control,DE,desktop,12,30.7,0.583,2026-06-04
5340,control,AU,mobile,4,49.2,0.75,2026-06-03
5341,treatment,US,mobile,1,39.0,1.0,2026-06-01
5342,treatment,BR,desktop,4,48.5,1.0,2026-06-04
5343,treatment,GB,mobile,3,31.7,1.0,2026-06-04
5344,control,US,desktop,4,44.8,0.5,2026-06-01
5345,control,IN,mobile,0,,,2026-06-03
5346,control,BR,mobile,5,19.2,0.4,2026-06-05
5347,treatment,IN,tablet,5,73.0,0.8,2026-06-03
5348,treatment,US,mobile,1,51.0,1.0,2026-06-04
5349,treatment,PH,desktop,3,37.3,0.667,2026-06-03
5350,treatment,US,desktop,2,27.5,0.5,2026-06-04
5351,treatment,GB,mobile,1,74.0,0.0,2026-06-05
5352,control,US,desktop,3,42.3,0.667,2026-06-03
5353,control,BR,desktop,3,39.7,1.0,2026-06-01
5354,control,PH,mobile,2,25.5,1.0,2026-06-04
5355,control,US,desktop,0,,,2026-06-04
5356,control,US,desktop,1,22.0,1.0,2026-06-01
5357,control,PH,desktop,1,33.0,1.0,2026-06-02
5358,control,IN,mobile,5,23.2,0.6,2026-06-04
5359,treatment,CA,desktop,6,44.0,0.5,2026-06-05
5360,control,BR,mobile,2,37.0,0.5,2026-06-03
5361,control,BR,mobile,0,,,2026-06-02
5362,treatment,US,mobile,0,,,2026-06-01
5363,control,US,mobile,6,40.8,0.833,2026-06-05
5364,control,IN,mobile,0,,,2026-06-02
5365,treatment,US,tablet,6,50.3,0.833,2026-06-02
5366,treatment,US,mobile,1,35.0,1.0,2026-06-03
5367,control,US,desktop,3,29.0,0.667,2026-06-04
5368,treatment,PH,mobile,0,,,2026-06-01
5369,control,US,mobile,3,31.7,1.0,2026-06-04
5370,control,PH,desktop,7,34.7,1.0,2026-06-03
5371,treatment,DE,mobile,2,40.0,0.5,2026-06-02
5372,control,IN,mobile,2,30.0,0.5,2026-06-05
5373,control,BR,desktop,0,,,2026-06-03
5374,treatment,US,desktop,2,45.0,1.0,2026-06-02
5375,treatment,IN,mobile,9,32.8,0.667,2026-06-05
5376,control,IN,mobile,4,37.8,0.5,2026-06-05
5377,treatment,BR,mobile,1,38.0,0.0,2026-06-02
5378,treatment,GB,mobile,0,,,2026-06-04
5379,treatment,IN,mobile,0,,,2026-06-03
5380,control,US,desktop,3,18.7,0.667,2026-06-02
5381,treatment,PH,mobile,0,,,2026-06-05
5382,treatment,CA,mobile,4,47.8,1.0,2026-06-03
5383,control,US,desktop,3,29.0,0.667,2026-06-02
5384,treatment,CA,desktop,2,26.5,0.0,2026-06-02
5385,control,US,mobile,2,22.5,1.0,2026-06-01
5386,treatment,IN,mobile,4,57.2,0.75,2026-06-05
5387,treatment,AU,desktop,2,79.5,1.0,2026-06-04
5388,treatment,US,mobile,6,68.0,0.833,2026-06-04
5389,control,AU,mobile,0,,,2026-06-05
5390,treatment,BR,mobile,1,59.0,1.0,2026-06-01
5391,control,DE,mobile,0,,,2026-06-05
5392,treatment,PH,mobile,9,42.4,0.667,2026-06-03
5393,treatment,PH,mobile,8,33.2,1.0,2026-06-05
5394,control,GB,mobile,11,22.7,0.727,2026-06-03
5395,control,US,mobile,4,33.5,1.0,2026-06-02
5396,treatment,DE,desktop,3,23.7,0.333,2026-06-05
5397,control,US,desktop,5,30.0,0.6,2026-06-01
5398,treatment,IN,mobile,1,31.0,1.0,2026-06-05
5399,control,CA,desktop,2,20.5,0.0,2026-06-04
5400,treatment,AU,desktop,1,51.0,1.0,2026-06-05
5401,control,BR,mobile,5,39.6,1.0,2026-06-02
5402,control,BR,mobile,7,37.6,0.714,2026-06-03
5403,treatment,IN,mobile,7,51.3,0.429,2026-06-05
5404,treatment,US,mobile,1,33.0,0.0,2026-06-03
5405,control,US,mobile,12,36.2,0.75,2026-06-01
5406,control,BR,tablet,4,18.0,0.5,2026-06-04
5407,treatment,US,mobile,7,63.7,0.714,2026-06-01
5408,treatment,GB,desktop,6,27.0,1.0,2026-06-01
5409,treatment,US,mobile,1,51.0,0.0,2026-06-04
5410,treatment,US,tablet,1,49.0,0.0,2026-06-01
5411,treatment,US,mobile,3,24.0,0.667,2026-06-04
5412,treatment,AU,desktop,4,38.5,0.75,2026-06-04
5413,control,PH,mobile,1,58.0,0.0,2026-06-03
5414,control,US,desktop,3,43.3,1.0,2026-06-03
5415,control,US,desktop,2,41.5,1.0,2026-06-01
5416,treatment,PH,desktop,2,31.5,0.5,2026-06-03
5417,control,IN,desktop,3,19.3,0.333,2026-06-02
5418,treatment,IN,mobile,5,46.6,0.8,2026-06-02
5419,control,GB,desktop,7,23.0,1.0,2026-06-01
5420,control,BR,mobile,5,42.2,0.8,2026-06-02
5421,treatment,US,mobile,0,,,2026-06-05
5422,control,CA,mobile,0,,,2026-06-03
5423,treatment,US,desktop,5,44.6,0.8,2026-06-05
5424,treatment,US,desktop,3,59.0,0.667,2026-06-01
5425,treatment,US,mobile,1,33.0,1.0,2026-06-01
5426,control,BR,mobile,1,32.0,0.0,2026-06-02
5427,treatment,AU,mobile,0,,,2026-06-04
5428,treatment,BR,tablet,4,71.5,0.25,2026-06-02
5429,treatment,DE,mobile,0,,,2026-06-01
5430,treatment,BR,mobile,5,42.2,0.8,2026-06-04
5431,control,US,mobile,2,44.0,0.0,2026-06-02
5432,control,US,mobile,2,42.0,1.0,2026-06-03
5433,treatment,IN,mobile,9,49.3,0.778,2026-06-03
5434,control,GB,desktop,1,28.0,0.0,2026-06-01
5435,control,CA,mobile,4,34.0,0.75,2026-06-01
5436,treatment,BR,mobile,8,53.1,0.5,2026-06-04
5437,treatment,BR,mobile,4,72.2,0.75,2026-06-03
5438,treatment,CA,mobile,2,49.0,1.0,2026-06-02
5439,treatment,US,mobile,5,55.8,0.8,2026-06-03
5440,treatment,IN,desktop,6,51.8,0.833,2026-06-02
5441,treatment,IN,mobile,2,30.0,1.0,2026-06-02
5442,treatment,IN,mobile,2,65.0,1.0,2026-06-03
5443,treatment,IN,mobile,6,63.8,0.5,2026-06-05
5444,control,IN,mobile,10,46.9,0.8,2026-06-04
5445,control,US,mobile,0,,,2026-06-03
5446,treatment,US,mobile,8,51.9,0.75,2026-06-05
5447,control,US,desktop,4,26.0,0.5,2026-06-04
5448,treatment,IN,tablet,1,41.0,1.0,2026-06-02
5449,control,US,desktop,5,26.0,0.4,2026-06-01
5450,control,DE,mobile,3,19.0,0.667,2026-06-03
5451,treatment,CA,mobile,2,40.0,1.0,2026-06-05
5452,control,PH,mobile,2,40.0,0.5,2026-06-02
5453,treatment,US,desktop,4,52.5,0.75,2026-06-01
5454,treatment,IN,tablet,2,37.0,0.0,2026-06-05
5455,control,CA,mobile,2,33.0,0.5,2026-06-04
5456,treatment,PH,mobile,2,32.5,1.0,2026-06-03
5457,control,US,mobile,2,33.5,0.5,2026-06-03
5458,treatment,US,mobile,6,54.5,0.667,2026-06-01
5459,treatment,CA,tablet,1,51.0,1.0,2026-06-01
5460,control,PH,mobile,2,37.0,0.5,2026-06-02
5461,treatment,BR,mobile,2,60.5,1.0,2026-06-01
5462,control,US,tablet,1,42.0,1.0,2026-06-02
5463,control,IN,mobile,2,17.5,1.0,2026-06-02
5464,treatment,IN,mobile,9,56.1,0.889,2026-06-01
5465,control,IN,desktop,7,35.9,0.714,2026-06-01
5466,control,PH,mobile,1,27.0,1.0,2026-06-03
5467,control,US,desktop,1,45.0,1.0,2026-06-03
5468,control,GB,mobile,9,38.6,0.778,2026-06-01
5469,treatment,PH,mobile,3,33.3,1.0,2026-06-02
5470,treatment,US,mobile,7,54.6,0.857,2026-06-02
5471,treatment,US,mobile,1,88.0,0.0,2026-06-01
5472,treatment,IN,mobile,6,52.5,0.5,2026-06-01
5473,control,GB,mobile,0,,,2026-06-05
5474,control,US,desktop,7,24.3,0.857,2026-06-03
5475,control,IN,desktop,2,27.0,1.0,2026-06-05
5476,treatment,GB,mobile,5,32.2,0.8,2026-06-05
5477,treatment,IN,mobile,1,57.0,1.0,2026-06-01
5478,treatment,IN,mobile,9,37.6,0.556,2026-06-05
5479,control,CA,desktop,3,25.0,0.667,2026-06-05
5480,treatment,US,mobile,3,71.7,0.333,2026-06-03
5481,control,US,mobile,2,20.0,1.0,2026-06-05
5482,treatment,IN,desktop,5,40.8,0.6,2026-06-03
5483,treatment,IN,tablet,5,40.0,0.8,2026-06-03
5484,control,DE,mobile,1,20.0,1.0,2026-06-04
5485,control,US,desktop,2,50.0,1.0,2026-06-04
5486,control,US,desktop,3,53.7,0.667,2026-06-02
5487,treatment,DE,mobile,0,,,2026-06-01
5488,control,DE,desktop,2,30.0,1.0,2026-06-04
5489,treatment,US,desktop,0,,,2026-06-05
5490,treatment,CA,mobile,1,31.0,1.0,2026-06-03
5491,control,PH,mobile,3,29.0,0.333,2026-06-04
5492,control,BR,desktop,4,21.5,0.75,2026-06-02
5493,treatment,IN,desktop,0,,,2026-06-04
5494,control,GB,mobile,2,62.5,1.0,2026-06-03
5495,treatment,PH,mobile,0,,,2026-06-02
5496,treatment,GB,mobile,7,40.6,0.857,2026-06-05
5497,control,CA,desktop,1,89.0,1.0,2026-06-05
5498,treatment,US,mobile,4,37.0,0.75,2026-06-04
5499,treatment,PH,mobile,2,24.5,1.0,2026-06-03
5500,treatment,CA,desktop,3,49.7,0.667,2026-06-02
5501,control,CA,desktop,3,22.7,0.667,2026-06-03
5502,treatment,US,desktop,17,46.4,0.941,2026-06-04
5503,treatment,IN,mobile,3,45.0,1.0,2026-06-03
5504,control,IN,desktop,3,45.3,0.333,2026-06-01
5505,control,GB,mobile,5,27.4,0.6,2026-06-01
5506,control,IN,desktop,8,46.2,0.5,2026-06-01
5507,treatment,US,desktop,3,121.3,1.0,2026-06-01
5508,treatment,AU,desktop,3,38.7,0.667,2026-06-01
5509,treatment,PH,mobile,9,45.2,0.778,2026-06-05
5510,treatment,US,desktop,2,26.0,0.5,2026-06-02
5511,treatment,US,desktop,4,48.0,0.5,2026-06-05
5512,control,US,mobile,3,29.0,0.333,2026-06-01
5513,treatment,US,desktop,2,33.0,1.0,2026-06-05
5514,control,IN,mobile,2,33.5,1.0,2026-06-02
5515,control,US,desktop,5,34.8,1.0,2026-06-03
5516,control,IN,desktop,1,20.0,1.0,2026-06-05
5517,treatment,PH,desktop,9,47.9,0.778,2026-06-05
5518,control,IN,tablet,3,22.0,0.333,2026-06-01
5519,treatment,GB,mobile,5,45.4,1.0,2026-06-05
5520,control,IN,mobile,2,45.0,1.0,2026-06-02
5521,treatment,GB,desktop,3,67.7,0.667,2026-06-02
5522,treatment,CA,mobile,1,26.0,1.0,2026-06-05
5523,treatment,DE,mobile,1,32.0,1.0,2026-06-03
5524,control,CA,desktop,5,48.2,0.2,2026-06-02
5525,control,BR,mobile,6,40.2,0.667,2026-06-02
5526,treatment,IN,desktop,3,86.3,1.0,2026-06-04
5527,control,GB,mobile,1,15.0,1.0,2026-06-04
5528,treatment,DE,mobile,5,33.8,0.4,2026-06-01
5529,treatment,US,desktop,3,38.7,1.0,2026-06-02
5530,control,CA,mobile,6,32.5,0.833,2026-06-01
5531,control,CA,mobile,6,28.2,1.0,2026-06-01
5532,treatment,US,mobile,2,29.5,0.5,2026-06-04
5533,control,CA,mobile,7,35.7,0.857,2026-06-05
5534,treatment,PH,desktop,2,58.5,1.0,2026-06-04
5535,control,CA,desktop,2,46.5,0.5,2026-06-04
5536,control,DE,mobile,5,33.4,0.4,2026-06-02
5537,treatment,US,tablet,1,59.0,1.0,2026-06-05
5538,treatment,PH,tablet,5,27.6,0.6,2026-06-03
5539,treatment,GB,mobile,6,55.0,0.667,2026-06-05
5540,treatment,US,desktop,3,64.7,1.0,2026-06-02
5541,treatment,PH,desktop,0,,,2026-06-05
5542,treatment,BR,desktop,2,47.5,0.5,2026-06-05
5543,treatment,PH,mobile,3,52.0,0.0,2026-06-03
5544,treatment,CA,desktop,3,60.3,0.667,2026-06-04
5545,treatment,IN,tablet,0,,,2026-06-02
5546,treatment,IN,mobile,5,44.0,0.6,2026-06-05
5547,treatment,GB,mobile,1,17.0,0.0,2026-06-04
5548,treatment,GB,tablet,1,55.0,1.0,2026-06-04
5549,treatment,IN,mobile,2,46.5,0.5,2026-06-05
5550,treatment,GB,mobile,6,45.2,1.0,2026-06-03
5551,treatment,PH,mobile,3,44.3,1.0,2026-06-03
5552,treatment,CA,tablet,3,82.0,1.0,2026-06-05
5553,treatment,PH,desktop,1,41.0,1.0,2026-06-03
5554,treatment,BR,mobile,0,,,2026-06-03
5555,control,US,mobile,3,33.7,0.667,2026-06-05
5556,control,PH,mobile,6,33.0,0.5,2026-06-02
5557,treatment,IN,tablet,2,39.0,1.0,2026-06-01
5558,treatment,US,desktop,1,121.0,1.0,2026-06-01
5559,control,US,tablet,1,39.0,0.0,2026-06-01
5560,treatment,IN,mobile,1,45.0,1.0,2026-06-02
5561,control,IN,mobile,4,39.5,0.5,2026-06-05
5562,treatment,CA,desktop,2,38.0,1.0,2026-06-03
5563,control,DE,desktop,3,26.0,0.333,2026-06-03
5564,treatment,IN,desktop,3,47.7,1.0,2026-06-03
5565,control,DE,mobile,4,39.8,1.0,2026-06-03
5566,treatment,IN,tablet,2,64.5,1.0,2026-06-05
5567,control,IN,mobile,5,30.8,0.8,2026-06-01
5568,control,US,desktop,8,40.9,0.5,2026-06-04
5569,control,US,desktop,2,35.0,1.0,2026-06-02
5570,treatment,IN,mobile,5,43.8,0.6,2026-06-04
5571,treatment,US,tablet,2,76.0,0.5,2026-06-03
5572,control,US,mobile,3,37.7,0.667,2026-06-01
5573,control,US,mobile,3,27.0,0.667,2026-06-01
5574,control,GB,desktop,0,,,2026-06-03
5575,treatment,DE,mobile,4,39.0,0.25,2026-06-03
5576,control,PH,mobile,2,27.0,0.5,2026-06-04
5577,treatment,US,mobile,2,69.5,1.0,2026-06-05
5578,control,IN,desktop,2,17.0,0.5,2026-06-05
5579,control,GB,mobile,4,15.8,0.25,2026-06-04
5580,control,IN,desktop,0,,,2026-06-01
5581,control,IN,desktop,0,,,2026-06-04
5582,control,GB,desktop,0,,,2026-06-03
5583,control,IN,mobile,2,54.5,0.5,2026-06-02
5584,control,IN,mobile,1,50.0,0.0,2026-06-04
5585,treatment,GB,desktop,2,41.0,1.0,2026-06-03
5586,control,IN,mobile,0,,,2026-06-01
5587,control,CA,desktop,6,35.5,0.667,2026-06-05
5588,control,US,mobile,1,48.0,1.0,2026-06-02
5589,control,IN,desktop,4,29.8,1.0,2026-06-04
5590,control,IN,mobile,3,50.0,0.667,2026-06-03
5591,control,BR,mobile,3,28.7,0.667,2026-06-01
5592,control,GB,mobile,2,35.5,1.0,2026-06-01
5593,control,PH,mobile,8,47.8,0.875,2026-06-05
5594,control,BR,mobile,2,36.5,0.5,2026-06-03
5595,control,BR,tablet,4,24.5,1.0,2026-06-04
5596,treatment,US,mobile,3,47.0,0.667,2026-06-05
5597,control,BR,mobile,1,25.0,0.0,2026-06-05
5598,treatment,IN,mobile,2,38.0,0.5,2026-06-02
5599,treatment,US,desktop,3,33.0,0.667,2026-06-02
5600,treatment,CA,mobile,2,23.5,0.5,2026-06-04
5601,treatment,US,mobile,3,45.3,0.667,2026-06-01
5602,control,GB,mobile,2,40.5,0.0,2026-06-05
5603,treatment,GB,mobile,11,38.9,0.545,2026-06-03
5604,control,IN,mobile,2,39.0,0.5,2026-06-04
5605,treatment,PH,mobile,0,,,2026-06-04
5606,control,BR,mobile,4,24.8,0.0,2026-06-02
5607,treatment,IN,desktop,3,34.3,0.667,2026-06-03
5608,control,US,mobile,3,39.7,0.667,2026-06-04
5609,control,CA,desktop,1,8.0,1.0,2026-06-03
5610,treatment,IN,mobile,9,34.6,0.556,2026-06-04
5611,treatment,US,mobile,2,51.5,1.0,2026-06-02
5612,treatment,GB,mobile,4,43.2,0.5,2026-06-01
5613,treatment,GB,tablet,0,,,2026-06-02
5614,control,IN,mobile,1,38.0,1.0,2026-06-02
5615,control,CA,desktop,1,38.0,0.0,2026-06-01
5616,control,AU,desktop,1,17.0,1.0,2026-06-04
5617,treatment,IN,desktop,1,26.0,1.0,2026-06-04
5618,control,US,desktop,7,25.3,0.857,2026-06-05
5619,treatment,GB,mobile,8,56.9,0.5,2026-06-02
5620,control,US,desktop,6,29.5,0.667,2026-06-03
5621,treatment,BR,mobile,5,55.6,0.6,2026-06-02
5622,treatment,US,mobile,4,39.8,0.75,2026-06-03
5623,control,US,mobile,4,32.0,0.0,2026-06-02
5624,control,BR,mobile,1,39.0,1.0,2026-06-02
5625,control,IN,mobile,2,27.0,0.5,2026-06-03
5626,treatment,BR,mobile,3,53.7,0.667,2026-06-02
5627,treatment,US,desktop,1,32.0,1.0,2026-06-04
5628,control,IN,mobile,1,17.0,0.0,2026-06-03
5629,control,DE,mobile,3,34.0,1.0,2026-06-02
5630,treatment,IN,mobile,3,45.0,0.667,2026-06-01
5631,treatment,IN,mobile,2,65.5,1.0,2026-06-01
5632,control,US,mobile,2,21.5,0.5,2026-06-03
5633,treatment,BR,mobile,0,,,2026-06-05
5634,control,DE,desktop,7,38.6,0.429,2026-06-02
5635,control,GB,desktop,5,25.8,0.2,2026-06-03
5636,control,IN,desktop,3,47.3,1.0,2026-06-04
5637,treatment,IN,mobile,5,37.6,0.8,2026-06-04
5638,control,BR,mobile,1,34.0,0.0,2026-06-03
5639,control,GB,mobile,0,,,2026-06-03
5640,control,US,tablet,7,31.1,0.571,2026-06-05
5641,control,US,desktop,0,,,2026-06-04
5642,control,PH,mobile,6,47.7,0.667,2026-06-04
5643,treatment,AU,mobile,1,62.0,1.0,2026-06-01
5644,control,US,desktop,2,61.0,1.0,2026-06-05
5645,treatment,IN,mobile,2,31.5,0.5,2026-06-03
5646,control,IN,mobile,5,33.8,1.0,2026-06-02
5647,control,IN,mobile,3,48.3,1.0,2026-06-03
5648,control,IN,mobile,2,33.5,0.5,2026-06-01
5649,treatment,US,tablet,2,64.0,0.5,2026-06-05
5650,treatment,GB,mobile,1,59.0,0.0,2026-06-01
5651,treatment,US,mobile,1,37.0,1.0,2026-06-03
5652,control,CA,desktop,3,28.3,0.667,2026-06-04
5653,treatment,PH,tablet,3,60.0,0.333,2026-06-02
5654,control,US,desktop,4,18.0,0.75,2026-06-05
5655,control,US,desktop,0,,,2026-06-04
5656,treatment,US,mobile,1,31.0,1.0,2026-06-02
5657,control,IN,mobile,2,23.0,0.5,2026-06-01
5658,control,IN,mobile,2,24.5,0.5,2026-06-04
5659,treatment,IN,mobile,6,68.3,1.0,2026-06-02
5660,control,IN,mobile,0,,,2026-06-01
5661,treatment,US,mobile,2,23.5,0.5,2026-06-02
5662,treatment,IN,desktop,0,,,2026-06-03
5663,treatment,AU,desktop,0,,,2026-06-03
5664,treatment,IN,tablet,2,56.5,1.0,2026-06-04
5665,control,BR,tablet,1,82.0,1.0,2026-06-03
5666,control,US,mobile,1,15.0,0.0,2026-06-05
5667,control,IN,mobile,4,30.8,1.0,2026-06-05
5668,control,AU,tablet,2,40.0,1.0,2026-06-03
5669,treatment,CA,mobile,0,,,2026-06-04
5670,control,BR,desktop,1,27.0,1.0,2026-06-02
5671,control,US,mobile,0,,,2026-06-04
5672,treatment,US,mobile,0,,,2026-06-03
5673,control,IN,desktop,2,19.0,0.5,2026-06-04
5674,treatment,GB,mobile,6,39.8,1.0,2026-06-01
5675,control,AU,desktop,0,,,2026-06-02
5676,control,US,desktop,4,36.8,1.0,2026-06-04
5677,treatment,GB,desktop,3,43.0,1.0,2026-06-04
5678,treatment,PH,desktop,6,50.3,0.667,2026-06-04
5679,control,US,desktop,1,49.0,1.0,2026-06-02
5680,treatment,IN,mobile,4,84.2,0.5,2026-06-04
5681,control,US,mobile,2,21.5,1.0,2026-06-04
5682,treatment,IN,mobile,4,38.2,0.75,2026-06-02
5683,control,GB,mobile,0,,,2026-06-05
5684,control,GB,mobile,1,20.0,1.0,2026-06-04
5685,treatment,IN,desktop,9,55.7,0.778,2026-06-02
5686,treatment,IN,desktop,0,,,2026-06-04
5687,treatment,IN,mobile,4,50.5,0.75,2026-06-04
5688,treatment,PH,desktop,5,67.6,1.0,2026-06-04
5689,treatment,IN,mobile,0,,,2026-06-04
5690,treatment,IN,desktop,0,,,2026-06-02
5691,control,CA,mobile,6,32.7,0.833,2026-06-03
5692,treatment,IN,desktop,12,52.7,0.667,2026-06-02
5693,control,DE,mobile,0,,,2026-06-01
5694,control,US,desktop,3,42.0,0.667,2026-06-03
5695,control,IN,desktop,5,25.8,0.4,2026-06-04
5696,control,PH,desktop,6,51.3,0.833,2026-06-01
5697,control,IN,mobile,1,17.0,1.0,2026-06-04
5698,treatment,PH,desktop,0,,,2026-06-03
5699,control,PH,desktop,6,32.5,0.667,2026-06-01
5700,treatment,US,mobile,0,,,2026-06-04
5701,control,DE,mobile,3,18.7,1.0,2026-06-01
5702,treatment,GB,desktop,2,61.5,1.0,2026-06-02
5703,control,US,mobile,7,26.3,1.0,2026-06-05
5704,treatment,BR,mobile,6,32.0,0.5,2026-06-03
5705,control,US,mobile,1,23.0,1.0,2026-06-05
5706,treatment,US,mobile,1,95.0,1.0,2026-06-05
5707,treatment,IN,desktop,2,109.0,1.0,2026-06-05
5708,treatment,BR,desktop,6,39.0,0.667,2026-06-04
5709,control,DE,mobile,6,28.0,0.667,2026-06-01
5710,control,GB,desktop,4,36.8,0.5,2026-06-04
5711,control,US,mobile,2,38.5,0.5,2026-06-05
5712,treatment,IN,tablet,2,62.0,1.0,2026-06-05
5713,treatment,AU,mobile,0,,,2026-06-05
5714,control,US,mobile,5,27.6,1.0,2026-06-05
5715,treatment,GB,mobile,3,34.7,1.0,2026-06-02
5716,control,DE,desktop,2,55.0,1.0,2026-06-02
5717,control,PH,mobile,7,34.3,0.714,2026-06-01
5718,control,US,mobile,0,,,2026-06-05
5719,control,GB,mobile,1,24.0,1.0,2026-06-03
5720,control,IN,mobile,1,71.0,1.0,2026-06-04
5721,control,US,mobile,2,31.0,0.5,2026-06-01
5722,control,BR,desktop,2,20.0,0.5,2026-06-01
5723,control,PH,mobile,1,34.0,1.0,2026-06-04
5724,control,US,mobile,5,35.0,0.8,2026-06-05
5725,treatment,US,desktop,2,38.5,1.0,2026-06-03
5726,control,US,desktop,14,35.9,0.714,2026-06-04
5727,control,IN,desktop,2,55.0,1.0,2026-06-05
5728,control,BR,mobile,4,29.0,0.5,2026-06-05
5729,treatment,IN,tablet,6,40.5,0.667,2026-06-01
5730,control,IN,desktop,1,37.0,1.0,2026-06-05
5731,treatment,IN,mobile,2,51.5,1.0,2026-06-05
5732,treatment,IN,mobile,8,50.0,0.75,2026-06-01
5733,control,PH,tablet,0,,,2026-06-05
5734,control,GB,mobile,9,50.0,0.778,2026-06-01
5735,treatment,US,mobile,3,70.3,1.0,2026-06-05
5736,treatment,PH,desktop,2,82.5,0.5,2026-06-04
5737,control,US,mobile,4,30.0,0.75,2026-06-03
5738,treatment,US,mobile,11,55.0,0.636,2026-06-04
5739,treatment,DE,desktop,9,54.1,0.444,2026-06-03
5740,control,DE,desktop,5,37.4,0.8,2026-06-04
5741,treatment,US,mobile,3,61.3,0.333,2026-06-01
5742,treatment,US,mobile,4,61.8,0.75,2026-06-01
5743,control,BR,mobile,2,41.5,1.0,2026-06-04
5744,control,US,mobile,5,26.8,0.8,2026-06-03
5745,control,DE,mobile,4,27.5,1.0,2026-06-01
5746,control,BR,desktop,0,,,2026-06-04
5747,treatment,IN,mobile,5,48.6,0.8,2026-06-02
5748,treatment,IN,mobile,4,41.0,1.0,2026-06-01
5749,treatment,US,desktop,4,57.5,1.0,2026-06-04
5750,treatment,PH,tablet,5,57.8,0.8,2026-06-03
5751,treatment,IN,mobile,3,71.7,1.0,2026-06-03
5752,control,IN,tablet,9,52.2,0.778,2026-06-02
5753,treatment,AU,mobile,3,87.3,1.0,2026-06-04
5754,treatment,GB,mobile,4,34.8,0.5,2026-06-02
5755,control,CA,mobile,4,39.0,0.75,2026-06-01
5756,control,IN,mobile,0,,,2026-06-05
5757,treatment,US,mobile,1,41.0,1.0,2026-06-01
5758,treatment,AU,mobile,2,53.0,0.5,2026-06-03
5759,treatment,PH,mobile,0,,,2026-06-03
5760,treatment,US,mobile,4,47.5,1.0,2026-06-01
5761,control,CA,mobile,10,35.2,0.6,2026-06-01
5762,control,US,mobile,0,,,2026-06-05
5763,control,GB,mobile,2,28.0,1.0,2026-06-05
5764,treatment,US,desktop,4,39.5,1.0,2026-06-02
5765,treatment,US,desktop,1,47.0,1.0,2026-06-02
5766,treatment,GB,mobile,5,52.2,0.8,2026-06-03
5767,control,US,mobile,10,29.5,0.8,2026-06-04
5768,control,CA,desktop,2,24.0,0.5,2026-06-05
5769,control,US,mobile,7,31.1,0.714,2026-06-03
5770,control,GB,mobile,3,43.0,1.0,2026-06-02
5771,treatment,US,desktop,7,42.7,0.714,2026-06-04
5772,control,DE,mobile,4,42.2,0.5,2026-06-03
5773,control,IN,mobile,0,,,2026-06-02
5774,control,CA,mobile,0,,,2026-06-01
5775,treatment,IN,mobile,2,23.0,0.5,2026-06-01
5776,treatment,US,tablet,11,35.2,0.818,2026-06-03
5777,treatment,CA,mobile,3,30.3,0.667,2026-06-02
5778,control,CA,mobile,0,,,2026-06-01
5779,treatment,US,tablet,5,42.2,0.6,2026-06-01
5780,treatment,CA,mobile,2,35.0,1.0,2026-06-05
5781,control,IN,mobile,2,39.0,0.5,2026-06-02
5782,control,CA,tablet,2,30.0,0.5,2026-06-03
5783,treatment,BR,desktop,2,43.0,0.5,2026-06-01
5784,control,GB,desktop,1,114.0,1.0,2026-06-02
5785,treatment,IN,mobile,0,,,2026-06-02
5786,treatment,DE,desktop,1,16.0,0.0,2026-06-02
5787,control,GB,mobile,7,37.7,0.571,2026-06-03
5788,control,BR,mobile,0,,,2026-06-03
5789,treatment,BR,mobile,4,29.0,0.75,2026-06-05
5790,control,BR,desktop,4,26.5,0.0,2026-06-05
5791,treatment,BR,desktop,5,43.0,0.8,2026-06-01
5792,treatment,IN,desktop,3,52.3,0.667,2026-06-02
5793,control,US,desktop,12,43.0,1.0,2026-06-05
5794,control,GB,mobile,3,30.7,0.333,2026-06-04
5795,treatment,US,mobile,1,24.0,1.0,2026-06-04
5796,treatment,AU,desktop,3,47.7,0.667,2026-06-05
5797,control,US,desktop,1,30.0,1.0,2026-06-02
5798,treatment,US,desktop,3,37.3,1.0,2026-06-05
5799,control,IN,desktop,6,46.5,0.5,2026-06-02
5800,treatment,IN,mobile,4,46.0,1.0,2026-06-05
5801,control,US,desktop,1,24.0,1.0,2026-06-03
5802,treatment,US,mobile,3,29.3,0.333,2026-06-02
5803,control,US,desktop,3,43.0,1.0,2026-06-02
5804,treatment,CA,mobile,2,31.0,0.5,2026-06-04
5805,treatment,IN,mobile,2,23.0,0.5,2026-06-05
5806,control,BR,mobile,0,,,2026-06-02
5807,control,US,mobile,1,22.0,1.0,2026-06-02
5808,control,US,mobile,0,,,2026-06-03
5809,treatment,US,mobile,14,45.0,0.786,2026-06-04
5810,control,AU,desktop,3,22.0,0.0,2026-06-04
5811,treatment,US,mobile,4,45.0,0.5,2026-06-05
5812,control,US,mobile,1,25.0,1.0,2026-06-01
5813,control,CA,desktop,3,40.3,0.667,2026-06-04
5814,treatment,BR,mobile,2,24.5,0.5,2026-06-03
5815,control,PH,mobile,1,27.0,0.0,2026-06-03
5816,control,US,mobile,0,,,2026-06-05
5817,treatment,IN,desktop,7,43.3,0.286,2026-06-01
5818,treatment,IN,desktop,4,41.5,0.5,2026-06-02
5819,control,US,mobile,2,34.0,0.5,2026-06-01
5820,treatment,US,mobile,3,51.0,0.667,2026-06-03
5821,treatment,PH,mobile,2,28.5,0.0,2026-06-02
5822,control,US,mobile,1,24.0,1.0,2026-06-05
5823,treatment,CA,desktop,6,41.8,0.833,2026-06-01
5824,treatment,US,mobile,5,31.2,0.8,2026-06-01
5825,treatment,IN,mobile,0,,,2026-06-01
5826,treatment,IN,mobile,2,41.5,0.5,2026-06-03
5827,control,IN,mobile,5,39.0,1.0,2026-06-05
5828,control,CA,mobile,2,31.0,1.0,2026-06-03
5829,control,IN,mobile,2,26.5,0.5,2026-06-05
5830,treatment,US,mobile,4,55.5,0.5,2026-06-04
5831,treatment,PH,mobile,3,39.3,1.0,2026-06-01
5832,treatment,US,desktop,2,25.0,1.0,2026-06-05
5833,treatment,IN,mobile,5,48.4,0.4,2026-06-05
5834,treatment,BR,mobile,2,55.5,1.0,2026-06-05
5835,treatment,US,desktop,2,65.0,1.0,2026-06-05
5836,treatment,US,mobile,2,40.5,0.5,2026-06-01
5837,treatment,DE,desktop,3,38.0,1.0,2026-06-03
5838,treatment,PH,desktop,11,54.1,0.727,2026-06-02
5839,control,BR,mobile,1,47.0,0.0,2026-06-01
5840,control,IN,mobile,1,20.0,1.0,2026-06-02
5841,control,AU,mobile,0,,,2026-06-01
5842,treatment,US,mobile,5,47.6,0.8,2026-06-02
5843,treatment,BR,desktop,8,84.8,0.375,2026-06-04
5844,control,AU,mobile,3,23.0,0.667,2026-06-02
5845,treatment,IN,mobile,5,43.0,0.8,2026-06-01
5846,control,PH,mobile,4,22.8,0.75,2026-06-05
5847,control,IN,mobile,11,33.0,0.455,2026-06-04
5848,control,US,mobile,3,28.3,0.667,2026-06-01
5849,treatment,IN,desktop,6,39.8,0.833,2026-06-01
5850,control,US,desktop,2,44.0,1.0,2026-06-02
5851,control,BR,mobile,3,27.3,0.667,2026-06-03
5852,control,IN,tablet,10,33.7,0.7,2026-06-04
5853,treatment,AU,mobile,6,59.8,0.833,2026-06-05
5854,treatment,IN,mobile,1,74.0,1.0,2026-06-01
5855,control,IN,tablet,6,33.2,0.5,2026-06-02
5856,control,US,mobile,6,38.7,0.833,2026-06-01
5857,treatment,BR,desktop,0,,,2026-06-03
5858,control,PH,desktop,3,47.0,0.667,2026-06-05
5859,treatment,IN,mobile,2,73.5,1.0,2026-06-02
5860,control,IN,mobile,2,30.0,0.0,2026-06-04
5861,treatment,AU,mobile,1,46.0,0.0,2026-06-01
5862,treatment,IN,mobile,1,74.0,1.0,2026-06-03
5863,control,BR,mobile,5,28.4,0.2,2026-06-04
5864,control,GB,desktop,1,31.0,1.0,2026-06-04
5865,treatment,GB,mobile,2,41.5,0.5,2026-06-05
5866,treatment,PH,mobile,2,61.0,1.0,2026-06-02
5867,treatment,US,mobile,4,48.0,0.5,2026-06-05
5868,control,AU,mobile,2,30.5,0.5,2026-06-04
5869,treatment,BR,mobile,4,37.8,1.0,2026-06-01
5870,control,DE,mobile,7,34.9,1.0,2026-06-02
5871,control,BR,desktop,0,,,2026-06-03
5872,control,IN,desktop,9,20.4,0.889,2026-06-01
5873,treatment,IN,mobile,0,,,2026-06-02
5874,treatment,PH,desktop,2,60.0,1.0,2026-06-04
5875,treatment,BR,mobile,1,49.0,1.0,2026-06-01
5876,control,AU,desktop,15,29.3,0.733,2026-06-01
5877,control,AU,mobile,3,38.3,1.0,2026-06-05
5878,treatment,IN,desktop,3,57.3,1.0,2026-06-03
5879,treatment,DE,mobile,2,35.5,0.0,2026-06-01
5880,control,US,mobile,20,36.6,0.5,2026-06-04
5881,treatment,US,mobile,4,41.8,1.0,2026-06-02
5882,control,IN,desktop,6,38.8,0.167,2026-06-04
5883,control,DE,tablet,8,34.4,0.5,2026-06-01
5884,treatment,US,desktop,1,40.0,1.0,2026-06-05
5885,treatment,BR,mobile,1,20.0,1.0,2026-06-03
5886,treatment,IN,mobile,2,60.0,0.0,2026-06-01
5887,treatment,PH,mobile,16,53.8,0.625,2026-06-01
5888,control,BR,mobile,2,33.0,1.0,2026-06-01
5889,treatment,US,desktop,2,28.5,1.0,2026-06-01
5890,treatment,PH,desktop,6,41.0,1.0,2026-06-05
5891,control,BR,desktop,3,34.0,0.667,2026-06-02
5892,control,IN,mobile,5,30.8,0.8,2026-06-01
5893,treatment,IN,mobile,0,,,2026-06-05
5894,treatment,IN,desktop,5,69.6,0.8,2026-06-05
5895,control,IN,mobile,2,24.5,1.0,2026-06-05
5896,treatment,BR,mobile,2,48.5,1.0,2026-06-05
5897,control,IN,mobile,0,,,2026-06-04
5898,treatment,GB,mobile,7,35.3,0.429,2026-06-04
5899,treatment,DE,desktop,2,45.0,1.0,2026-06-05
5900,treatment,DE,tablet,11,62.9,0.818,2026-06-05
5901,control,US,mobile,1,30.0,0.0,2026-06-04
5902,treatment,AU,mobile,2,53.5,1.0,2026-06-03
5903,control,IN,mobile,3,39.3,0.667,2026-06-03
5904,treatment,PH,desktop,4,40.8,0.5,2026-06-02
5905,treatment,AU,mobile,1,48.0,1.0,2026-06-03
5906,control,US,mobile,1,51.0,0.0,2026-06-02
5907,treatment,US,mobile,0,,,2026-06-05
5908,treatment,US,mobile,9,41.2,0.444,2026-06-01
5909,control,IN,mobile,1,33.0,1.0,2026-06-03
5910,control,US,desktop,2,49.5,0.5,2026-06-04
5911,control,US,tablet,2,16.5,0.5,2026-06-05
5912,control,US,mobile,6,36.5,0.833,2026-06-03
5913,control,IN,desktop,2,38.0,1.0,2026-06-05
5914,control,PH,desktop,2,34.5,0.5,2026-06-05
5915,control,DE,mobile,1,29.0,1.0,2026-06-05
5916,treatment,US,tablet,4,39.5,0.5,2026-06-01
5917,control,BR,mobile,2,21.0,1.0,2026-06-05
5918,treatment,BR,mobile,5,51.0,1.0,2026-06-03
5919,treatment,CA,mobile,2,36.5,1.0,2026-06-03
5920,control,AU,mobile,2,27.5,0.0,2026-06-03
5921,treatment,US,tablet,3,34.7,0.333,2026-06-05
5922,treatment,US,mobile,1,22.0,0.0,2026-06-02
5923,treatment,IN,mobile,1,38.0,1.0,2026-06-03
5924,control,US,mobile,3,43.0,1.0,2026-06-04
5925,control,GB,mobile,2,39.5,0.5,2026-06-05
5926,control,IN,mobile,2,24.5,0.5,2026-06-04
5927,control,US,mobile,4,30.5,0.75,2026-06-02
5928,control,DE,desktop,5,32.6,0.4,2026-06-04
5929,control,IN,mobile,1,19.0,0.0,2026-06-05
5930,control,AU,mobile,2,22.0,1.0,2026-06-03
5931,control,PH,desktop,2,20.0,0.5,2026-06-03
5932,control,IN,mobile,2,35.5,1.0,2026-06-04
5933,treatment,BR,mobile,4,48.2,1.0,2026-06-01
5934,control,US,desktop,1,25.0,0.0,2026-06-01
5935,treatment,IN,mobile,4,50.0,0.75,2026-06-05
5936,control,DE,mobile,3,41.3,0.667,2026-06-02
5937,treatment,US,mobile,1,67.0,1.0,2026-06-04
5938,control,DE,desktop,5,41.6,0.8,2026-06-03
5939,treatment,IN,desktop,2,50.0,0.5,2026-06-04
5940,treatment,DE,tablet,1,73.0,0.0,2026-06-05
5941,treatment,BR,desktop,3,44.0,0.333,2026-06-04
5942,treatment,US,mobile,9,53.3,0.778,2026-06-04
5943,control,DE,mobile,1,68.0,1.0,2026-06-05
5944,control,BR,mobile,0,,,2026-06-04
5945,control,BR,mobile,6,25.0,0.667,2026-06-04
5946,treatment,US,desktop,1,82.0,0.0,2026-06-03
5947,treatment,IN,mobile,3,58.7,1.0,2026-06-01
5948,treatment,AU,mobile,4,45.8,0.75,2026-06-02
5949,treatment,IN,desktop,2,51.0,1.0,2026-06-01
5950,treatment,US,mobile,1,49.0,1.0,2026-06-02
5951,treatment,IN,mobile,2,40.0,0.5,2026-06-01
5952,treatment,US,tablet,0,,,2026-06-05
5953,treatment,US,mobile,0,,,2026-06-02
5954,control,PH,desktop,3,30.7,0.667,2026-06-05
5955,treatment,US,desktop,9,40.7,0.444,2026-06-03
5956,treatment,AU,tablet,5,34.2,0.8,2026-06-02
5957,treatment,IN,mobile,0,,,2026-06-03
5958,control,IN,desktop,4,43.2,0.0,2026-06-01
5959,treatment,US,mobile,2,28.5,0.5,2026-06-04
5960,control,GB,tablet,1,29.0,1.0,2026-06-01
5961,control,IN,desktop,1,18.0,1.0,2026-06-02
5962,treatment,US,mobile,2,26.0,0.5,2026-06-01
5963,control,CA,mobile,1,20.0,1.0,2026-06-01
5964,control,US,tablet,7,26.7,0.857,2026-06-03
5965,control,BR,mobile,3,40.0,1.0,2026-06-04
5966,treatment,IN,desktop,7,44.6,0.857,2026-06-03
5967,treatment,BR,desktop,1,72.0,1.0,2026-06-03
5968,control,US,mobile,1,68.0,1.0,2026-06-02
5969,control,AU,mobile,0,,,2026-06-03
5970,control,IN,desktop,0,,,2026-06-05
5971,treatment,IN,mobile,8,37.4,0.625,2026-06-03
5972,control,AU,mobile,1,27.0,1.0,2026-06-03
5973,control,PH,mobile,0,,,2026-06-03
5974,control,US,mobile,2,58.5,1.0,2026-06-02
5975,control,BR,mobile,0,,,2026-06-04
5976,treatment,IN,mobile,5,56.0,0.8,2026-06-04
5977,treatment,US,mobile,3,23.0,1.0,2026-06-05
5978,control,IN,desktop,3,36.7,0.667,2026-06-02
5979,control,BR,desktop,7,38.4,0.714,2026-06-02
5980,treatment,CA,desktop,1,23.0,0.0,2026-06-05
5981,control,PH,mobile,2,21.5,0.5,2026-06-02
5982,treatment,IN,mobile,8,64.2,0.75,2026-06-03
5983,treatment,IN,desktop,1,15.0,1.0,2026-06-03
5984,treatment,US,desktop,2,36.5,0.5,2026-06-04
5985,treatment,IN,mobile,2,61.0,0.5,2026-06-01
5986,control,IN,mobile,5,40.4,0.6,2026-06-04
5987,treatment,BR,desktop,4,49.2,0.5,2026-06-02
5988,treatment,US,mobile,5,39.6,0.8,2026-06-02
5989,control,US,mobile,6,26.2,1.0,2026-06-02
5990,control,PH,desktop,0,,,2026-06-05
5991,treatment,BR,mobile,2,30.0,0.5,2026-06-01
5992,treatment,BR,desktop,5,36.0,0.8,2026-06-03
5993,control,GB,mobile,2,24.0,0.0,2026-06-01
5994,control,BR,mobile,1,21.0,1.0,2026-06-05
5995,treatment,BR,desktop,1,21.0,1.0,2026-06-02
5996,treatment,IN,tablet,2,21.5,1.0,2026-06-01
5997,control,DE,mobile,3,23.3,0.667,2026-06-04
5998,treatment,IN,mobile,2,28.5,0.0,2026-06-05
5999,treatment,DE,mobile,4,56.0,1.0,2026-06-05
6000,treatment,BR,mobile,1,19.0,0.0,2026-06-03
6001,control,PH,desktop,0,,,2026-06-05
6002,treatment,CA,desktop,3,22.3,0.333,2026-06-02
6003,treatment,PH,mobile,7,33.6,0.714,2026-06-03
6004,control,GB,mobile,2,48.5,0.5,2026-06-05
6005,treatment,US,mobile,2,25.5,0.5,2026-06-04
6006,treatment,US,desktop,0,,,2026-06-03
6007,control,US,desktop,2,26.0,1.0,2026-06-02
6008,treatment,PH,mobile,1,46.0,0.0,2026-06-02
6009,control,CA,mobile,0,,,2026-06-01
6010,control,PH,tablet,4,36.0,1.0,2026-06-05
6011,treatment,US,mobile,2,35.5,0.5,2026-06-04
6012,control,US,mobile,0,,,2026-06-05
6013,control,US,desktop,0,,,2026-06-04
6014,control,PH,mobile,6,40.7,0.833,2026-06-02
6015,control,US,desktop,8,24.9,0.625,2026-06-04
6016,control,AU,mobile,2,15.5,0.0,2026-06-03
6017,treatment,AU,mobile,2,79.0,1.0,2026-06-04
6018,control,US,desktop,1,18.0,0.0,2026-06-02
6019,treatment,PH,desktop,3,26.3,0.333,2026-06-01
6020,control,PH,mobile,6,35.2,0.5,2026-06-05
6021,treatment,PH,tablet,1,111.0,0.0,2026-06-04
6022,control,US,mobile,4,32.5,0.75,2026-06-02
6023,treatment,AU,desktop,2,54.0,0.5,2026-06-04
6024,treatment,DE,mobile,6,50.2,0.5,2026-06-02
6025,treatment,US,mobile,3,43.0,0.333,2026-06-01
6026,treatment,US,mobile,1,75.0,1.0,2026-06-01
6027,treatment,US,desktop,1,77.0,1.0,2026-06-02
6028,treatment,IN,mobile,5,58.4,0.8,2026-06-03
6029,treatment,AU,mobile,2,47.0,0.5,2026-06-02
6030,control,US,desktop,2,51.0,0.5,2026-06-03
6031,treatment,US,mobile,4,33.8,0.75,2026-06-05
6032,treatment,GB,desktop,1,19.0,1.0,2026-06-05
6033,treatment,GB,tablet,2,66.5,1.0,2026-06-05
6034,treatment,BR,tablet,2,63.0,1.0,2026-06-05
6035,treatment,IN,mobile,2,67.5,1.0,2026-06-02
6036,treatment,IN,mobile,4,69.8,0.75,2026-06-03
6037,control,GB,mobile,2,26.5,0.5,2026-06-02
6038,treatment,US,desktop,5,63.8,0.8,2026-06-02
6039,treatment,US,mobile,1,39.0,1.0,2026-06-02
6040,control,DE,mobile,2,43.5,0.5,2026-06-02
6041,control,IN,mobile,1,14.0,0.0,2026-06-02
6042,treatment,US,mobile,3,84.0,0.333,2026-06-01
6043,control,CA,mobile,7,30.7,0.714,2026-06-05
6044,control,BR,mobile,3,31.0,1.0,2026-06-02
6045,treatment,US,desktop,0,,,2026-06-03
6046,treatment,DE,mobile,5,44.0,0.6,2026-06-05
6047,treatment,AU,mobile,4,45.5,1.0,2026-06-03
6048,treatment,IN,tablet,0,,,2026-06-03
6049,control,AU,mobile,2,26.0,1.0,2026-06-01
6050,control,IN,tablet,4,35.8,0.5,2026-06-03
6051,treatment,IN,desktop,4,33.0,0.5,2026-06-04
6052,control,IN,mobile,1,38.0,1.0,2026-06-01
6053,treatment,AU,desktop,0,,,2026-06-03
6054,treatment,US,desktop,2,48.0,1.0,2026-06-05
6055,treatment,BR,mobile,5,54.0,0.8,2026-06-03
6056,treatment,US,mobile,0,,,2026-06-04
6057,treatment,BR,mobile,2,54.5,1.0,2026-06-03
6058,control,IN,mobile,2,31.5,0.0,2026-06-05
6059,treatment,US,mobile,2,47.5,1.0,2026-06-04
6060,control,US,desktop,5,38.4,0.8,2026-06-02
6061,control,PH,mobile,3,27.0,0.333,2026-06-02
6062,treatment,CA,mobile,3,42.7,0.333,2026-06-01
6063,treatment,IN,mobile,5,32.0,0.6,2026-06-04
6064,control,DE,mobile,3,36.7,0.667,2026-06-02
6065,treatment,IN,mobile,4,26.5,0.5,2026-06-02
6066,control,US,mobile,3,76.3,0.333,2026-06-02
6067,treatment,US,desktop,2,57.5,0.5,2026-06-04
6068,control,IN,desktop,10,34.2,0.7,2026-06-01
6069,treatment,AU,mobile,2,32.5,1.0,2026-06-02
6070,control,BR,mobile,2,40.5,1.0,2026-06-04
6071,control,PH,mobile,4,35.0,1.0,2026-06-02
6072,control,BR,mobile,1,19.0,1.0,2026-06-02
6073,treatment,US,mobile,1,98.0,1.0,2026-06-02
6074,treatment,BR,mobile,0,,,2026-06-03
6075,control,DE,mobile,5,46.6,0.4,2026-06-01
6076,treatment,IN,desktop,3,48.7,1.0,2026-06-03
6077,treatment,DE,mobile,3,59.7,1.0,2026-06-03
6078,treatment,IN,mobile,3,88.0,1.0,2026-06-03
6079,treatment,PH,mobile,5,42.2,0.8,2026-06-02
6080,control,US,desktop,10,29.3,0.6,2026-06-03
6081,control,GB,mobile,5,29.4,1.0,2026-06-02
6082,treatment,BR,mobile,10,44.7,0.7,2026-06-02
6083,control,GB,mobile,5,36.6,0.8,2026-06-05
6084,treatment,IN,mobile,7,52.0,0.429,2026-06-04
6085,control,BR,desktop,1,30.0,1.0,2026-06-01
6086,control,DE,mobile,7,51.9,0.571,2026-06-04
6087,control,US,desktop,1,19.0,1.0,2026-06-01
6088,treatment,US,mobile,5,65.0,1.0,2026-06-03
6089,control,CA,mobile,4,42.8,0.75,2026-06-05
6090,treatment,IN,desktop,4,95.2,1.0,2026-06-04
6091,control,BR,mobile,9,31.6,0.667,2026-06-05
6092,treatment,GB,tablet,12,47.8,0.667,2026-06-02
6093,control,IN,mobile,2,43.5,1.0,2026-06-02
6094,control,US,desktop,0,,,2026-06-02
6095,treatment,US,mobile,0,,,2026-06-02
6096,control,US,mobile,1,21.0,0.0,2026-06-04
6097,treatment,PH,desktop,2,66.0,1.0,2026-06-01
6098,treatment,US,desktop,2,29.5,1.0,2026-06-01
6099,treatment,US,desktop,9,49.0,0.556,2026-06-01
6100,control,CA,desktop,4,33.8,0.25,2026-06-02
6101,treatment,BR,mobile,0,,,2026-06-03
6102,treatment,IN,mobile,3,27.3,0.667,2026-06-04
6103,control,US,desktop,2,26.5,0.5,2026-06-04
6104,treatment,PH,mobile,3,64.3,1.0,2026-06-04
6105,control,US,desktop,4,21.0,0.5,2026-06-03
6106,treatment,US,mobile,4,64.0,0.25,2026-06-05
6107,control,US,desktop,0,,,2026-06-05
6108,treatment,US,desktop,5,37.6,0.8,2026-06-05
6109,control,PH,desktop,5,29.0,1.0,2026-06-01
6110,treatment,IN,desktop,0,,,2026-06-04
6111,treatment,PH,mobile,12,49.3,0.667,2026-06-01
6112,control,IN,mobile,2,27.0,1.0,2026-06-05
6113,control,US,desktop,7,30.9,0.429,2026-06-01
6114,control,US,mobile,1,33.0,0.0,2026-06-04
6115,treatment,AU,mobile,4,50.0,0.75,2026-06-01
6116,treatment,BR,mobile,3,60.0,0.667,2026-06-04
6117,control,US,mobile,3,32.3,1.0,2026-06-05
6118,treatment,US,desktop,1,51.0,1.0,2026-06-04
6119,treatment,US,tablet,11,54.4,0.636,2026-06-04
6120,treatment,IN,mobile,2,41.5,0.5,2026-06-01
6121,control,AU,mobile,2,33.5,0.5,2026-06-04
6122,control,PH,mobile,0,,,2026-06-04
6123,control,US,mobile,10,36.7,0.7,2026-06-04
6124,control,US,mobile,2,18.5,1.0,2026-06-03
6125,treatment,IN,mobile,3,82.0,0.667,2026-06-05
6126,treatment,US,desktop,6,51.7,0.667,2026-06-04
6127,control,BR,mobile,3,18.3,0.667,2026-06-01
6128,treatment,US,desktop,2,30.5,0.5,2026-06-01
6129,control,IN,mobile,1,62.0,1.0,2026-06-02
6130,treatment,AU,desktop,1,39.0,0.0,2026-06-01
6131,control,PH,mobile,5,18.0,0.6,2026-06-02
6132,treatment,CA,mobile,2,47.5,0.5,2026-06-02
6133,control,GB,desktop,3,23.0,0.667,2026-06-04
6134,control,US,mobile,2,23.5,0.5,2026-06-01
6135,treatment,US,desktop,14,49.8,0.643,2026-06-05
6136,treatment,IN,tablet,1,40.0,1.0,2026-06-04
6137,control,IN,tablet,7,25.4,0.429,2026-06-01
6138,treatment,US,desktop,5,50.4,0.4,2026-06-04
6139,control,GB,tablet,1,28.0,1.0,2026-06-05
6140,control,AU,desktop,4,29.5,0.75,2026-06-04
6141,control,DE,desktop,1,37.0,1.0,2026-06-05
6142,treatment,AU,desktop,3,84.7,0.667,2026-06-02
6143,treatment,IN,mobile,1,87.0,0.0,2026-06-03
6144,treatment,PH,desktop,0,,,2026-06-03
6145,treatment,IN,desktop,5,43.0,0.8,2026-06-01
6146,treatment,GB,mobile,2,26.5,1.0,2026-06-02
6147,treatment,IN,mobile,4,37.2,0.75,2026-06-03
6148,control,IN,desktop,6,37.5,0.833,2026-06-02
6149,treatment,BR,tablet,2,34.0,1.0,2026-06-04
6150,control,US,mobile,2,41.0,1.0,2026-06-02
6151,control,PH,tablet,5,27.0,0.8,2026-06-01
6152,treatment,US,mobile,5,43.8,0.4,2026-06-04
6153,control,IN,desktop,5,34.8,0.6,2026-06-05
6154,treatment,US,mobile,10,40.5,0.8,2026-06-05
6155,treatment,US,mobile,2,65.5,0.5,2026-06-05
6156,treatment,DE,mobile,5,41.0,0.8,2026-06-02
6157,control,GB,mobile,2,47.5,1.0,2026-06-05
6158,control,US,tablet,6,21.7,0.667,2026-06-04
6159,treatment,US,desktop,2,45.0,1.0,2026-06-01
6160,treatment,BR,mobile,8,55.8,0.75,2026-06-01
6161,treatment,DE,mobile,4,46.0,1.0,2026-06-01
6162,treatment,US,mobile,0,,,2026-06-04
6163,treatment,CA,desktop,1,101.0,0.0,2026-06-02
6164,treatment,GB,mobile,0,,,2026-06-01
6165,treatment,IN,mobile,5,27.2,0.4,2026-06-05
6166,control,BR,mobile,3,52.3,1.0,2026-06-02
6167,control,US,mobile,0,,,2026-06-04
6168,treatment,US,mobile,7,40.6,0.429,2026-06-02
6169,treatment,AU,mobile,1,33.0,1.0,2026-06-02
6170,treatment,PH,mobile,8,54.0,0.625,2026-06-04
6171,treatment,BR,tablet,2,39.5,0.0,2026-06-01
6172,control,US,mobile,3,26.7,1.0,2026-06-04
6173,treatment,AU,mobile,2,58.0,1.0,2026-06-05
6174,treatment,IN,mobile,3,47.0,0.0,2026-06-01
6175,control,IN,mobile,5,28.4,1.0,2026-06-03
6176,treatment,PH,mobile,3,42.3,1.0,2026-06-01
6177,control,PH,mobile,1,20.0,1.0,2026-06-03
6178,treatment,US,desktop,4,51.2,0.75,2026-06-02
6179,treatment,IN,desktop,2,40.5,0.5,2026-06-05
6180,treatment,PH,desktop,2,54.5,1.0,2026-06-01
6181,treatment,US,mobile,5,42.8,0.4,2026-06-01
6182,treatment,US,desktop,1,69.0,1.0,2026-06-03
6183,control,US,mobile,6,31.7,0.333,2026-06-03
6184,control,DE,mobile,1,16.0,1.0,2026-06-05
6185,treatment,PH,desktop,5,41.4,0.8,2026-06-05
6186,control,IN,desktop,12,24.2,0.5,2026-06-03
6187,treatment,CA,mobile,3,38.0,1.0,2026-06-05
6188,treatment,BR,mobile,3,88.7,0.333,2026-06-01
6189,control,US,mobile,2,28.5,0.5,2026-06-03
6190,treatment,US,mobile,2,52.5,1.0,2026-06-04
6191,treatment,IN,mobile,4,58.0,0.75,2026-06-02
6192,treatment,US,mobile,3,65.3,0.667,2026-06-02
6193,treatment,US,mobile,0,,,2026-06-05
6194,control,US,desktop,5,39.2,0.2,2026-06-05
6195,control,US,mobile,4,32.5,0.75,2026-06-04
6196,treatment,PH,desktop,2,35.5,0.0,2026-06-03
6197,treatment,PH,mobile,2,52.5,0.5,2026-06-01
6198,control,BR,mobile,1,35.0,1.0,2026-06-05
6199,treatment,US,mobile,5,38.4,1.0,2026-06-01
6200,treatment,US,mobile,2,41.0,1.0,2026-06-01
6201,treatment,US,desktop,3,41.7,0.333,2026-06-05
6202,treatment,IN,mobile,2,29.0,0.5,2026-06-03
6203,treatment,CA,mobile,0,,,2026-06-04
6204,treatment,IN,mobile,0,,,2026-06-01
6205,control,US,mobile,8,23.9,0.5,2026-06-03
6206,control,US,mobile,1,47.0,0.0,2026-06-04
6207,control,US,mobile,3,21.0,0.667,2026-06-02
6208,treatment,BR,desktop,3,42.3,1.0,2026-06-04
6209,treatment,IN,tablet,7,46.7,0.857,2026-06-05
6210,treatment,BR,mobile,3,34.7,0.667,2026-06-04
6211,treatment,US,desktop,1,39.0,1.0,2026-06-01
6212,control,DE,desktop,3,40.0,1.0,2026-06-03
6213,control,IN,mobile,6,25.3,0.833,2026-06-02
6214,control,IN,mobile,2,29.0,1.0,2026-06-05
6215,treatment,AU,mobile,4,66.8,0.5,2026-06-03
6216,control,BR,mobile,2,50.5,0.5,2026-06-03
6217,treatment,CA,mobile,2,41.0,0.5,2026-06-03
6218,control,GB,mobile,2,45.0,0.5,2026-06-04
6219,control,IN,desktop,0,,,2026-06-02
6220,control,US,desktop,1,29.0,1.0,2026-06-05
6221,control,AU,mobile,1,18.0,0.0,2026-06-05
6222,control,PH,mobile,0,,,2026-06-05
6223,treatment,CA,desktop,0,,,2026-06-02
6224,control,DE,mobile,6,32.7,0.5,2026-06-02
6225,treatment,IN,mobile,2,31.0,0.5,2026-06-03
6226,treatment,DE,mobile,3,53.7,0.333,2026-06-04
6227,treatment,PH,mobile,1,60.0,0.0,2026-06-01
6228,control,US,mobile,11,38.4,0.636,2026-06-03
6229,treatment,GB,mobile,2,43.5,1.0,2026-06-04
6230,treatment,IN,mobile,1,37.0,0.0,2026-06-05
6231,treatment,US,mobile,11,53.6,0.818,2026-06-01
6232,treatment,PH,mobile,2,37.0,1.0,2026-06-04
6233,control,IN,mobile,1,28.0,1.0,2026-06-05
6234,control,DE,mobile,0,,,2026-06-05
6235,control,US,mobile,2,23.5,1.0,2026-06-05
6236,treatment,AU,desktop,7,69.9,0.429,2026-06-02
6237,control,CA,desktop,7,24.7,0.714,2026-06-01
6238,treatment,BR,mobile,12,48.8,0.75,2026-06-05
6239,control,BR,desktop,6,20.7,0.667,2026-06-03
6240,treatment,US,desktop,0,,,2026-06-05
6241,treatment,IN,mobile,4,41.0,0.75,2026-06-03
6242,treatment,AU,desktop,6,70.3,0.667,2026-06-02
6243,treatment,GB,mobile,5,48.8,0.8,2026-06-02
6244,treatment,US,mobile,0,,,2026-06-02
6245,treatment,BR,tablet,2,50.0,0.5,2026-06-02
6246,treatment,US,desktop,2,35.0,0.5,2026-06-01
6247,control,AU,mobile,2,22.5,0.0,2026-06-05
6248,control,IN,desktop,0,,,2026-06-02
6249,control,IN,mobile,1,13.0,1.0,2026-06-01
6250,control,US,mobile,3,41.3,1.0,2026-06-05
6251,treatment,PH,mobile,2,41.5,0.5,2026-06-03
6252,control,US,mobile,1,56.0,1.0,2026-06-01
6253,treatment,CA,mobile,3,49.7,0.667,2026-06-02
6254,treatment,GB,desktop,1,38.0,0.0,2026-06-03
6255,treatment,BR,mobile,6,45.8,0.833,2026-06-01
6256,treatment,US,mobile,4,37.5,0.5,2026-06-04
6257,control,US,desktop,6,39.0,0.5,2026-06-01
6258,control,IN,mobile,4,27.8,0.5,2026-06-01
6259,control,IN,mobile,0,,,2026-06-03
6260,treatment,IN,mobile,0,,,2026-06-04
6261,control,BR,mobile,2,30.5,0.5,2026-06-01
6262,treatment,BR,mobile,1,38.0,0.0,2026-06-02
6263,control,US,desktop,2,35.5,1.0,2026-06-01
6264,control,US,mobile,1,32.0,1.0,2026-06-01
6265,control,DE,mobile,3,37.0,1.0,2026-06-03
6266,control,BR,mobile,1,17.0,0.0,2026-06-03
6267,control,PH,desktop,1,48.0,1.0,2026-06-01
6268,treatment,US,desktop,6,44.7,0.5,2026-06-02
6269,treatment,US,mobile,1,90.0,1.0,2026-06-02
6270,control,CA,mobile,3,33.7,0.667,2026-06-01
6271,treatment,AU,mobile,9,49.3,0.667,2026-06-02
6272,treatment,BR,mobile,2,53.5,1.0,2026-06-04
6273,control,IN,desktop,9,31.0,0.778,2026-06-05
6274,treatment,US,desktop,2,36.0,0.5,2026-06-05
6275,treatment,BR,mobile,4,50.5,0.5,2026-06-02
6276,control,DE,desktop,4,37.5,0.5,2026-06-03
6277,control,BR,mobile,1,34.0,1.0,2026-06-01
6278,control,US,tablet,1,23.0,1.0,2026-06-05
6279,control,CA,mobile,1,10.0,0.0,2026-06-04
6280,treatment,BR,mobile,4,38.5,1.0,2026-06-02
6281,control,IN,mobile,3,25.3,0.0,2026-06-01
6282,treatment,GB,mobile,4,65.8,0.5,2026-06-05
6283,control,US,mobile,6,33.7,0.5,2026-06-02
6284,treatment,CA,desktop,3,24.7,0.667,2026-06-04
6285,control,PH,tablet,5,43.0,1.0,2026-06-02
6286,control,BR,desktop,0,,,2026-06-04
6287,treatment,BR,desktop,2,35.0,0.0,2026-06-04
6288,treatment,PH,desktop,1,119.0,1.0,2026-06-01
6289,treatment,US,mobile,2,35.0,1.0,2026-06-04
6290,treatment,PH,mobile,3,41.7,0.667,2026-06-03
6291,treatment,CA,mobile,3,55.7,1.0,2026-06-01
6292,treatment,US,tablet,4,39.0,0.75,2026-06-01
6293,treatment,US,desktop,1,31.0,0.0,2026-06-05
6294,control,US,desktop,2,19.0,0.5,2026-06-03
6295,control,GB,desktop,0,,,2026-06-03
6296,treatment,BR,desktop,3,39.0,1.0,2026-06-03
6297,treatment,GB,mobile,3,33.0,0.667,2026-06-01
6298,treatment,IN,mobile,4,60.2,0.75,2026-06-01
6299,control,GB,tablet,2,33.0,1.0,2026-06-03
6300,control,IN,mobile,1,14.0,0.0,2026-06-04
6301,control,US,mobile,2,19.0,0.5,2026-06-01
6302,control,US,mobile,8,40.0,0.875,2026-06-03
6303,control,US,mobile,6,26.5,0.833,2026-06-04
6304,treatment,CA,mobile,4,36.2,0.25,2026-06-04
6305,treatment,US,mobile,5,51.8,1.0,2026-06-03
6306,control,US,desktop,2,37.0,1.0,2026-06-02
6307,treatment,IN,desktop,3,56.3,0.333,2026-06-05
6308,treatment,US,mobile,0,,,2026-06-05
6309,treatment,DE,mobile,3,47.0,1.0,2026-06-01
6310,treatment,IN,mobile,1,44.0,1.0,2026-06-04
6311,treatment,US,mobile,1,47.0,1.0,2026-06-02
6312,control,BR,mobile,1,68.0,1.0,2026-06-03
6313,treatment,BR,desktop,1,90.0,1.0,2026-06-05
6314,treatment,US,desktop,2,36.0,1.0,2026-06-02
6315,control,PH,desktop,13,28.4,0.615,2026-06-03
6316,treatment,IN,desktop,5,46.2,1.0,2026-06-05
6317,control,DE,mobile,8,30.8,1.0,2026-06-02
6318,control,BR,desktop,7,37.1,1.0,2026-06-03
6319,control,IN,mobile,0,,,2026-06-05
6320,control,PH,mobile,2,18.5,1.0,2026-06-05
6321,treatment,IN,tablet,2,48.0,0.5,2026-06-05
6322,control,IN,mobile,3,22.7,1.0,2026-06-02
6323,treatment,US,mobile,0,,,2026-06-02
6324,control,US,desktop,5,44.8,1.0,2026-06-05
6325,control,IN,mobile,1,51.0,0.0,2026-06-04
6326,control,US,mobile,2,28.5,0.5,2026-06-02
6327,control,GB,mobile,1,15.0,0.0,2026-06-04
6328,control,AU,mobile,3,38.3,0.667,2026-06-03
6329,treatment,US,desktop,3,57.7,1.0,2026-06-02
6330,treatment,GB,mobile,1,44.0,1.0,2026-06-05
6331,treatment,BR,mobile,10,55.8,0.5,2026-06-05
6332,control,BR,mobile,2,32.5,1.0,2026-06-05
6333,control,AU,desktop,3,25.0,0.667,2026-06-05
6334,treatment,US,mobile,4,29.0,0.75,2026-06-03
6335,treatment,IN,mobile,7,42.9,0.714,2026-06-05
6336,control,PH,desktop,3,44.7,1.0,2026-06-02
6337,treatment,CA,tablet,4,33.8,0.5,2026-06-01
6338,control,DE,mobile,0,,,2026-06-02
6339,control,BR,mobile,8,23.5,0.75,2026-06-04
6340,treatment,AU,mobile,1,49.0,1.0,2026-06-02
6341,treatment,DE,desktop,1,38.0,0.0,2026-06-04
6342,control,GB,mobile,1,132.0,1.0,2026-06-05
6343,treatment,CA,mobile,2,81.5,1.0,2026-06-02
6344,control,BR,mobile,4,30.8,0.75,2026-06-05
6345,treatment,IN,mobile,2,43.5,1.0,2026-06-02
6346,treatment,IN,mobile,5,48.2,0.6,2026-06-03
6347,treatment,IN,mobile,2,63.0,0.5,2026-06-05
6348,control,BR,desktop,3,45.3,0.667,2026-06-02
6349,treatment,US,mobile,6,50.5,1.0,2026-06-04
6350,treatment,US,mobile,5,53.8,0.4,2026-06-02
6351,control,US,desktop,9,35.9,0.667,2026-06-02
6352,treatment,IN,mobile,4,29.2,1.0,2026-06-03
6353,treatment,AU,mobile,2,38.0,0.5,2026-06-02
6354,treatment,US,tablet,5,35.8,0.2,2026-06-01
6355,control,GB,mobile,2,36.5,1.0,2026-06-03
6356,treatment,DE,mobile,3,41.7,0.667,2026-06-05
6357,treatment,BR,mobile,5,41.4,0.8,2026-06-02
6358,control,DE,mobile,0,,,2026-06-05
6359,treatment,US,mobile,3,63.0,0.333,2026-06-01
6360,control,BR,desktop,2,39.5,1.0,2026-06-04
6361,treatment,IN,desktop,2,76.0,0.0,2026-06-05
6362,control,IN,mobile,0,,,2026-06-05
6363,treatment,US,mobile,2,53.5,1.0,2026-06-01
6364,treatment,IN,tablet,3,61.7,0.333,2026-06-01
6365,treatment,PH,desktop,3,31.3,0.667,2026-06-05
6366,control,US,mobile,2,23.5,0.5,2026-06-05
6367,treatment,US,mobile,4,30.8,0.75,2026-06-05
6368,control,PH,mobile,5,41.6,0.6,2026-06-05
6369,treatment,DE,mobile,0,,,2026-06-01
6370,treatment,US,desktop,4,41.2,0.75,2026-06-05
6371,control,AU,desktop,2,57.5,0.5,2026-06-04
6372,treatment,US,mobile,1,111.0,1.0,2026-06-05
6373,control,IN,mobile,6,32.0,0.667,2026-06-03
6374,control,GB,desktop,3,49.7,0.667,2026-06-01
6375,treatment,GB,desktop,1,51.0,1.0,2026-06-03
6376,control,DE,mobile,1,22.0,1.0,2026-06-05
6377,control,PH,desktop,10,31.4,0.7,2026-06-03
6378,treatment,US,desktop,10,47.3,0.7,2026-06-01
6379,control,US,tablet,9,28.3,0.444,2026-06-02
6380,control,US,tablet,3,28.0,0.333,2026-06-01
6381,control,PH,mobile,4,34.8,0.75,2026-06-01
6382,control,IN,mobile,0,,,2026-06-01
6383,control,DE,desktop,2,19.0,0.0,2026-06-04
6384,treatment,US,desktop,4,53.5,0.75,2026-06-05
6385,control,IN,mobile,2,30.5,1.0,2026-06-03
6386,treatment,US,desktop,1,52.0,1.0,2026-06-03
6387,control,IN,mobile,5,38.6,0.6,2026-06-05
6388,treatment,US,desktop,1,24.0,0.0,2026-06-02
6389,control,PH,mobile,7,29.6,0.571,2026-06-02
6390,control,US,desktop,10,22.7,0.8,2026-06-04
6391,control,PH,desktop,8,24.6,0.625,2026-06-02
6392,treatment,US,desktop,6,50.8,0.667,2026-06-05
6393,control,BR,desktop,1,26.0,1.0,2026-06-05
6394,treatment,US,desktop,6,41.5,0.667,2026-06-01
6395,treatment,IN,desktop,0,,,2026-06-01
6396,treatment,BR,mobile,5,72.0,0.8,2026-06-05
6397,control,US,mobile,2,44.5,0.5,2026-06-05
6398,treatment,US,mobile,2,60.0,0.5,2026-06-04
6399,treatment,US,mobile,4,41.5,0.75,2026-06-01
6400,control,US,desktop,1,18.0,1.0,2026-06-05
6401,treatment,IN,mobile,5,62.8,1.0,2026-06-05
6402,control,IN,mobile,8,32.0,0.5,2026-06-02
6403,treatment,IN,mobile,2,48.0,1.0,2026-06-01
6404,treatment,US,mobile,6,53.8,1.0,2026-06-05
6405,treatment,GB,mobile,1,47.0,1.0,2026-06-03
6406,control,CA,desktop,6,33.7,0.5,2026-06-03
6407,treatment,US,mobile,7,61.3,0.857,2026-06-01
6408,control,CA,tablet,2,25.0,1.0,2026-06-05
6409,control,US,mobile,2,33.0,1.0,2026-06-01
6410,control,IN,mobile,1,51.0,1.0,2026-06-05
6411,treatment,AU,mobile,2,41.5,0.5,2026-06-05
6412,treatment,PH,mobile,1,60.0,1.0,2026-06-05
6413,treatment,CA,mobile,1,22.0,1.0,2026-06-04
6414,control,US,mobile,3,35.0,1.0,2026-06-01
6415,treatment,IN,desktop,1,13.0,0.0,2026-06-03
6416,control,AU,desktop,1,23.0,0.0,2026-06-03
6417,control,DE,mobile,3,36.3,1.0,2026-06-03
6418,treatment,BR,desktop,2,58.0,0.5,2026-06-03
6419,control,PH,mobile,2,39.5,1.0,2026-06-05
6420,treatment,US,mobile,2,49.0,0.5,2026-06-04
6421,treatment,IN,mobile,6,46.0,0.833,2026-06-01
6422,control,US,tablet,2,38.5,1.0,2026-06-03
6423,control,BR,mobile,7,21.0,0.714,2026-06-03
6424,control,IN,mobile,8,41.1,0.5,2026-06-02
6425,treatment,US,mobile,3,72.3,0.333,2026-06-04
6426,treatment,PH,desktop,2,53.5,1.0,2026-06-03
6427,control,BR,mobile,1,28.0,1.0,2026-06-05
6428,control,US,mobile,2,25.5,0.5,2026-06-05
6429,control,IN,tablet,4,33.2,0.5,2026-06-03
6430,treatment,PH,desktop,12,67.2,0.667,2026-06-05
6431,treatment,BR,mobile,3,50.3,1.0,2026-06-04
6432,treatment,BR,mobile,1,45.0,1.0,2026-06-05
6433,treatment,DE,mobile,5,49.8,0.6,2026-06-02
6434,treatment,US,desktop,4,36.5,0.75,2026-06-05
6435,control,CA,desktop,7,23.1,0.857,2026-06-05
6436,control,GB,desktop,5,34.2,0.6,2026-06-05
6437,control,GB,mobile,0,,,2026-06-03
6438,control,US,mobile,1,43.0,1.0,2026-06-01
6439,treatment,BR,mobile,1,90.0,1.0,2026-06-03
6440,treatment,PH,tablet,1,24.0,0.0,2026-06-04
6441,control,PH,mobile,3,28.7,0.333,2026-06-01
6442,control,PH,mobile,11,27.5,0.636,2026-06-02
6443,control,IN,desktop,2,48.0,0.5,2026-06-03
6444,control,US,mobile,2,22.5,0.0,2026-06-04
6445,treatment,GB,mobile,0,,,2026-06-02
6446,treatment,GB,mobile,6,41.0,0.667,2026-06-04
6447,treatment,PH,tablet,3,25.7,0.667,2026-06-03
6448,control,PH,mobile,2,22.5,1.0,2026-06-05
6449,control,DE,mobile,1,24.0,1.0,2026-06-02
6450,control,PH,tablet,2,35.0,0.5,2026-06-02
6451,treatment,US,tablet,1,61.0,1.0,2026-06-01
6452,control,BR,mobile,6,32.3,0.667,2026-06-02
6453,treatment,AU,mobile,1,35.0,1.0,2026-06-01
6454,control,IN,mobile,7,26.1,0.714,2026-06-04
6455,control,BR,mobile,0,,,2026-06-01
6456,control,BR,mobile,5,40.2,0.6,2026-06-04
6457,control,IN,mobile,6,29.3,0.5,2026-06-02
6458,control,BR,mobile,3,59.3,1.0,2026-06-02
6459,treatment,CA,mobile,4,59.8,0.75,2026-06-05
6460,control,DE,desktop,3,21.0,0.667,2026-06-05
6461,treatment,CA,mobile,5,76.8,0.4,2026-06-04
6462,control,BR,mobile,0,,,2026-06-03
6463,control,IN,desktop,5,18.6,0.2,2026-06-02
6464,control,US,tablet,1,28.0,1.0,2026-06-01
6465,control,US,desktop,1,36.0,1.0,2026-06-02
6466,control,AU,desktop,7,29.4,0.429,2026-06-03
6467,treatment,US,mobile,2,41.0,1.0,2026-06-01
6468,treatment,AU,tablet,2,43.5,1.0,2026-06-01
6469,control,US,mobile,1,42.0,1.0,2026-06-02
6470,control,US,mobile,2,47.0,1.0,2026-06-05
6471,control,DE,desktop,6,24.5,0.667,2026-06-05
6472,control,PH,desktop,1,41.0,0.0,2026-06-05
6473,control,PH,mobile,4,35.2,0.75,2026-06-02
6474,treatment,GB,mobile,0,,,2026-06-04
6475,control,IN,mobile,3,41.3,0.333,2026-06-03
6476,control,US,mobile,3,18.7,0.667,2026-06-04
6477,control,DE,mobile,5,34.4,0.6,2026-06-03
6478,control,PH,desktop,0,,,2026-06-05
6479,control,BR,desktop,0,,,2026-06-05
6480,treatment,IN,mobile,8,54.5,0.75,2026-06-03
6481,control,BR,desktop,7,37.6,0.571,2026-06-04
6482,control,US,mobile,2,18.5,0.5,2026-06-03
6483,control,US,mobile,2,41.0,0.5,2026-06-03
6484,treatment,IN,mobile,16,47.3,0.812,2026-06-03
6485,treatment,CA,tablet,2,55.5,1.0,2026-06-04
6486,treatment,US,mobile,2,33.5,1.0,2026-06-04
6487,treatment,BR,desktop,2,53.0,1.0,2026-06-04
6488,control,US,desktop,4,20.2,1.0,2026-06-04
6489,control,GB,mobile,2,34.0,0.5,2026-06-04
6490,control,US,desktop,1,38.0,0.0,2026-06-01
6491,treatment,IN,desktop,2,38.0,1.0,2026-06-01
6492,treatment,IN,mobile,1,57.0,1.0,2026-06-03
6493,control,US,mobile,4,39.0,0.5,2026-06-05
6494,control,PH,mobile,4,33.8,0.5,2026-06-02
6495,control,IN,mobile,4,32.8,0.5,2026-06-02
6496,control,DE,desktop,3,20.3,0.667,2026-06-05
6497,control,DE,desktop,0,,,2026-06-05
6498,treatment,CA,mobile,8,41.6,0.75,2026-06-03
6499,treatment,PH,desktop,5,34.4,0.4,2026-06-04
6500,treatment,IN,desktop,1,43.0,0.0,2026-06-05
6501,control,DE,mobile,3,46.3,0.333,2026-06-04
6502,control,US,tablet,4,45.8,0.75,2026-06-04
6503,control,IN,desktop,1,52.0,1.0,2026-06-05
6504,control,US,mobile,5,29.0,0.6,2026-06-02
6505,control,US,desktop,0,,,2026-06-04
6506,treatment,BR,mobile,3,39.7,0.333,2026-06-05
6507,treatment,IN,mobile,3,31.7,0.667,2026-06-05
6508,control,IN,mobile,0,,,2026-06-01
6509,control,CA,mobile,5,26.2,0.8,2026-06-04
6510,treatment,PH,tablet,3,50.7,1.0,2026-06-03
6511,control,IN,mobile,1,27.0,1.0,2026-06-02
6512,treatment,US,mobile,1,59.0,1.0,2026-06-05
6513,control,DE,tablet,10,26.8,0.6,2026-06-05
6514,control,IN,desktop,1,41.0,1.0,2026-06-02
6515,treatment,BR,mobile,3,46.7,1.0,2026-06-04
6516,control,PH,desktop,1,19.0,1.0,2026-06-03
6517,control,US,tablet,12,56.2,0.917,2026-06-04
6518,control,US,tablet,1,16.0,0.0,2026-06-03
6519,treatment,US,mobile,2,68.5,1.0,2026-06-02
6520,treatment,US,mobile,4,63.0,0.5,2026-06-01
6521,treatment,GB,desktop,4,57.2,0.25,2026-06-05
6522,control,US,desktop,3,21.7,0.667,2026-06-04
6523,treatment,DE,mobile,5,43.8,1.0,2026-06-05
6524,control,US,mobile,4,28.5,0.75,2026-06-01
6525,treatment,DE,mobile,4,52.0,1.0,2026-06-02
6526,control,CA,mobile,2,23.5,1.0,2026-06-02
6527,treatment,GB,mobile,2,46.0,0.5,2026-06-01
6528,treatment,PH,mobile,4,28.0,0.5,2026-06-04
6529,treatment,PH,tablet,1,48.0,1.0,2026-06-02
6530,treatment,PH,mobile,1,56.0,1.0,2026-06-04
6531,treatment,IN,tablet,7,53.6,0.571,2026-06-03
6532,treatment,AU,mobile,5,42.0,0.8,2026-06-02
6533,treatment,IN,mobile,2,39.0,0.5,2026-06-03
6534,control,US,desktop,0,,,2026-06-04
6535,treatment,US,desktop,3,48.3,0.667,2026-06-01
6536,control,GB,mobile,4,40.0,0.75,2026-06-03
6537,control,US,mobile,10,37.5,0.6,2026-06-04
6538,treatment,US,desktop,2,72.5,0.5,2026-06-02
6539,control,IN,mobile,3,38.7,0.333,2026-06-03
6540,control,DE,mobile,0,,,2026-06-05
6541,treatment,IN,mobile,7,46.4,0.857,2026-06-03
6542,treatment,IN,mobile,1,23.0,0.0,2026-06-02
6543,control,GB,desktop,6,28.7,0.333,2026-06-04
6544,control,US,mobile,3,25.7,0.667,2026-06-04
6545,treatment,DE,desktop,7,50.0,1.0,2026-06-05
6546,control,PH,mobile,2,51.0,1.0,2026-06-01
6547,control,IN,desktop,4,44.5,0.75,2026-06-02
6548,treatment,PH,desktop,2,68.0,0.5,2026-06-01
6549,treatment,IN,desktop,8,53.8,0.625,2026-06-03
6550,control,IN,mobile,2,43.0,1.0,2026-06-01
6551,treatment,DE,mobile,10,49.8,0.7,2026-06-03
6552,treatment,IN,desktop,1,45.0,1.0,2026-06-05
6553,treatment,PH,tablet,4,52.2,0.75,2026-06-02
6554,treatment,US,mobile,0,,,2026-06-05
6555,treatment,BR,mobile,9,45.3,0.667,2026-06-03
6556,treatment,GB,desktop,0,,,2026-06-05
6557,control,US,mobile,1,23.0,0.0,2026-06-05
6558,treatment,US,tablet,0,,,2026-06-01
6559,treatment,IN,mobile,11,51.1,0.636,2026-06-05
6560,control,IN,desktop,2,26.0,1.0,2026-06-05
6561,treatment,BR,mobile,0,,,2026-06-05
6562,treatment,AU,mobile,3,43.3,1.0,2026-06-03
6563,treatment,US,mobile,1,21.0,1.0,2026-06-01
6564,treatment,IN,mobile,3,54.3,1.0,2026-06-01
6565,treatment,BR,mobile,3,37.0,0.667,2026-06-04
6566,treatment,PH,desktop,5,52.2,0.8,2026-06-01
6567,treatment,BR,mobile,3,31.0,0.667,2026-06-05
6568,control,PH,mobile,4,36.0,0.75,2026-06-05
6569,control,IN,mobile,0,,,2026-06-01
6570,treatment,US,desktop,1,15.0,0.0,2026-06-02
6571,treatment,BR,desktop,7,56.4,0.714,2026-06-01
6572,control,DE,mobile,2,39.0,0.5,2026-06-04
6573,control,BR,desktop,0,,,2026-06-03
6574,control,IN,mobile,3,26.3,0.333,2026-06-01
6575,treatment,BR,mobile,0,,,2026-06-05
6576,treatment,BR,mobile,1,49.0,1.0,2026-06-02
6577,control,US,mobile,1,22.0,1.0,2026-06-04
6578,control,GB,mobile,4,24.2,0.75,2026-06-03
6579,control,BR,mobile,1,46.0,0.0,2026-06-03
6580,control,IN,mobile,2,23.5,0.0,2026-06-04
6581,treatment,IN,desktop,1,52.0,1.0,2026-06-04
6582,treatment,IN,mobile,4,30.2,1.0,2026-06-05
6583,control,GB,mobile,2,40.5,0.5,2026-06-02
6584,treatment,US,tablet,3,64.0,0.667,2026-06-05
6585,control,US,mobile,2,29.5,0.0,2026-06-03
6586,control,BR,mobile,15,30.1,0.6,2026-06-04
6587,control,PH,mobile,5,34.4,1.0,2026-06-03
6588,treatment,IN,tablet,1,48.0,0.0,2026-06-05
6589,control,IN,mobile,5,31.0,0.6,2026-06-03
6590,treatment,BR,mobile,1,26.0,0.0,2026-06-02
6591,control,US,mobile,1,40.0,1.0,2026-06-02
6592,treatment,IN,desktop,3,78.3,1.0,2026-06-02
6593,treatment,GB,desktop,2,23.5,0.0,2026-06-03
6594,control,US,mobile,2,38.0,0.5,2026-06-01
6595,control,CA,mobile,2,22.5,0.5,2026-06-04
6596,control,IN,desktop,2,12.5,0.0,2026-06-02
6597,treatment,DE,mobile,0,,,2026-06-04
6598,control,BR,desktop,7,35.9,0.571,2026-06-03
6599,treatment,GB,mobile,3,27.3,0.667,2026-06-03
6600,control,IN,desktop,2,36.5,0.5,2026-06-04
6601,treatment,AU,mobile,3,30.7,0.333,2026-06-04
6602,treatment,GB,desktop,5,50.8,0.8,2026-06-01
6603,treatment,IN,mobile,2,54.0,1.0,2026-06-02
6604,treatment,DE,mobile,0,,,2026-06-01
6605,control,BR,desktop,4,33.5,0.5,2026-06-05
6606,treatment,IN,desktop,4,49.0,1.0,2026-06-05
6607,control,IN,tablet,7,20.4,0.429,2026-06-01
6608,control,IN,mobile,1,31.0,1.0,2026-06-03
6609,treatment,PH,mobile,2,42.5,0.5,2026-06-03
6610,treatment,DE,desktop,4,49.0,0.75,2026-06-05
6611,control,US,mobile,3,38.0,1.0,2026-06-03
6612,treatment,AU,mobile,4,52.5,0.75,2026-06-02
6613,treatment,AU,mobile,5,44.2,0.8,2026-06-01
6614,treatment,BR,mobile,3,40.0,0.667,2026-06-02
6615,treatment,IN,mobile,4,63.2,0.25,2026-06-01
6616,treatment,US,desktop,12,48.5,0.667,2026-06-02
6617,treatment,CA,mobile,5,35.2,1.0,2026-06-01
6618,control,GB,mobile,3,23.0,0.0,2026-06-05
6619,treatment,PH,mobile,4,55.8,0.75,2026-06-03
6620,treatment,IN,mobile,4,47.2,1.0,2026-06-02
6621,control,US,mobile,0,,,2026-06-05
6622,control,IN,desktop,16,36.0,0.562,2026-06-03
6623,treatment,AU,desktop,1,27.0,0.0,2026-06-05
6624,control,PH,mobile,1,22.0,0.0,2026-06-05
6625,treatment,BR,mobile,0,,,2026-06-01
6626,treatment,US,desktop,1,35.0,1.0,2026-06-04
6627,control,IN,tablet,2,59.0,1.0,2026-06-02
6628,treatment,US,mobile,1,43.0,0.0,2026-06-04
6629,control,IN,mobile,2,49.5,1.0,2026-06-04
6630,control,PH,mobile,6,31.7,1.0,2026-06-04
6631,control,US,mobile,6,38.5,0.667,2026-06-02
6632,treatment,US,mobile,7,43.9,0.429,2026-06-04
6633,treatment,CA,desktop,0,,,2026-06-05
6634,control,GB,mobile,6,25.8,0.333,2026-06-03
6635,treatment,US,mobile,1,25.0,1.0,2026-06-02
6636,treatment,IN,mobile,2,82.0,0.5,2026-06-05
6637,control,US,mobile,1,60.0,0.0,2026-06-01
6638,control,IN,mobile,3,18.0,0.667,2026-06-03
6639,control,IN,desktop,2,32.5,0.5,2026-06-01
6640,control,IN,desktop,4,22.0,1.0,2026-06-01
6641,control,BR,tablet,2,30.0,0.5,2026-06-03
6642,control,PH,mobile,8,32.5,0.625,2026-06-04
6643,control,CA,mobile,2,46.0,0.5,2026-06-04
6644,control,GB,tablet,4,38.8,0.5,2026-06-02
6645,control,IN,desktop,13,29.2,0.923,2026-06-01
6646,treatment,IN,tablet,8,57.9,0.625,2026-06-04
6647,control,US,mobile,5,28.2,0.8,2026-06-04
6648,control,GB,desktop,0,,,2026-06-05
6649,control,BR,mobile,2,15.5,0.5,2026-06-01
6650,treatment,BR,mobile,3,65.0,0.667,2026-06-03
6651,treatment,BR,mobile,0,,,2026-06-02
6652,control,DE,mobile,0,,,2026-06-03
6653,treatment,IN,mobile,1,32.0,1.0,2026-06-01
6654,control,US,mobile,0,,,2026-06-04
6655,treatment,PH,mobile,8,54.9,0.625,2026-06-02
6656,treatment,US,mobile,1,30.0,0.0,2026-06-03
6657,control,IN,mobile,5,39.8,0.8,2026-06-04
6658,control,US,desktop,3,37.7,0.667,2026-06-03
6659,control,IN,desktop,14,46.4,0.857,2026-06-05
6660,treatment,IN,mobile,0,,,2026-06-04
6661,control,AU,desktop,0,,,2026-06-04
6662,treatment,PH,desktop,0,,,2026-06-02
6663,treatment,PH,desktop,2,65.0,0.5,2026-06-02
6664,control,PH,mobile,3,75.3,1.0,2026-06-03
6665,control,US,mobile,3,31.3,0.333,2026-06-02
6666,control,US,desktop,5,31.4,0.8,2026-06-01
6667,control,BR,mobile,2,41.0,0.0,2026-06-05
6668,treatment,PH,mobile,1,41.0,0.0,2026-06-04
6669,control,US,mobile,1,36.0,1.0,2026-06-02
6670,treatment,PH,desktop,2,113.0,0.5,2026-06-03
6671,control,GB,mobile,0,,,2026-06-03
6672,treatment,US,desktop,12,39.6,0.75,2026-06-03
6673,treatment,IN,mobile,2,56.0,1.0,2026-06-01
6674,treatment,PH,desktop,6,35.7,0.667,2026-06-05
6675,treatment,IN,mobile,1,105.0,1.0,2026-06-02
6676,control,US,mobile,5,23.6,0.6,2026-06-03
6677,treatment,CA,mobile,2,27.0,1.0,2026-06-04
6678,control,BR,desktop,4,47.0,1.0,2026-06-02
6679,control,GB,mobile,7,34.7,0.857,2026-06-02
6680,control,IN,desktop,4,32.0,0.75,2026-06-04
6681,treatment,CA,mobile,4,72.8,0.75,2026-06-01
6682,treatment,GB,desktop,1,36.0,0.0,2026-06-01
6683,control,IN,mobile,2,24.0,1.0,2026-06-02
6684,treatment,BR,mobile,0,,,2026-06-05
6685,treatment,IN,mobile,6,62.5,0.833,2026-06-01
6686,control,IN,desktop,0,,,2026-06-02
6687,control,IN,desktop,1,18.0,1.0,2026-06-03
6688,control,US,mobile,5,27.8,0.6,2026-06-04
6689,control,AU,desktop,0,,,2026-06-02
6690,control,DE,mobile,8,46.4,0.625,2026-06-04
6691,control,IN,mobile,1,38.0,1.0,2026-06-05
6692,treatment,GB,mobile,4,54.8,0.75,2026-06-03
6693,control,DE,mobile,4,28.0,0.75,2026-06-01
6694,control,IN,mobile,8,33.2,0.5,2026-06-05
6695,treatment,BR,mobile,4,63.0,1.0,2026-06-03
6696,treatment,AU,mobile,2,125.0,1.0,2026-06-01
6697,treatment,US,mobile,1,13.0,1.0,2026-06-04
6698,control,BR,desktop,5,31.2,0.4,2026-06-03
6699,treatment,CA,mobile,6,46.0,0.333,2026-06-02
6700,control,GB,mobile,1,22.0,0.0,2026-06-04
6701,treatment,IN,mobile,4,47.2,0.75,2026-06-01
6702,control,US,desktop,3,28.0,1.0,2026-06-01
6703,treatment,PH,mobile,3,134.3,0.667,2026-06-01
6704,control,IN,mobile,2,50.0,1.0,2026-06-02
6705,treatment,GB,desktop,3,51.3,1.0,2026-06-05
6706,treatment,CA,mobile,4,70.0,1.0,2026-06-04
6707,control,US,mobile,2,37.0,0.5,2026-06-05
6708,control,IN,mobile,1,37.0,1.0,2026-06-02
6709,control,GB,mobile,2,34.0,1.0,2026-06-04
6710,treatment,US,desktop,2,90.0,1.0,2026-06-04
6711,treatment,BR,mobile,2,37.0,1.0,2026-06-04
6712,treatment,US,desktop,2,24.5,1.0,2026-06-03
6713,control,BR,desktop,3,18.0,0.333,2026-06-02
6714,treatment,IN,mobile,0,,,2026-06-02
6715,treatment,IN,mobile,1,43.0,1.0,2026-06-04
6716,control,US,mobile,7,35.3,0.714,2026-06-02
6717,control,IN,desktop,3,29.3,0.667,2026-06-02
6718,control,US,desktop,7,31.9,0.429,2026-06-03
6719,treatment,US,desktop,5,38.2,0.8,2026-06-03
6720,control,GB,mobile,1,25.0,0.0,2026-06-01
6721,treatment,GB,mobile,1,47.0,1.0,2026-06-04
6722,control,CA,mobile,2,30.0,1.0,2026-06-03
6723,control,IN,mobile,9,31.1,0.667,2026-06-05
6724,control,IN,mobile,2,33.5,0.0,2026-06-01
6725,treatment,PH,mobile,0,,,2026-06-01
6726,treatment,DE,mobile,3,48.3,0.333,2026-06-03
6727,control,IN,mobile,5,28.6,1.0,2026-06-04
6728,treatment,CA,mobile,1,96.0,1.0,2026-06-01
6729,treatment,US,mobile,2,75.5,1.0,2026-06-04
6730,control,US,desktop,2,49.5,0.5,2026-06-01
6731,control,US,desktop,2,35.5,0.0,2026-06-01
6732,control,DE,mobile,2,32.5,1.0,2026-06-04
6733,control,GB,tablet,4,40.8,1.0,2026-06-04
6734,control,IN,mobile,1,41.0,0.0,2026-06-03
6735,control,US,mobile,4,49.8,0.5,2026-06-03
6736,control,US,mobile,6,25.0,0.167,2026-06-03
6737,control,US,tablet,14,39.9,0.929,2026-06-04
6738,control,US,mobile,2,24.0,0.5,2026-06-03
6739,treatment,CA,mobile,2,34.0,1.0,2026-06-01
6740,treatment,US,mobile,2,23.0,0.5,2026-06-05
6741,control,IN,mobile,3,24.7,0.333,2026-06-03
6742,control,US,mobile,1,29.0,1.0,2026-06-03
6743,treatment,DE,desktop,1,40.0,1.0,2026-06-02
6744,control,US,desktop,3,33.3,0.333,2026-06-04
6745,treatment,GB,mobile,0,,,2026-06-03
6746,control,IN,desktop,8,36.9,0.875,2026-06-03
6747,control,IN,mobile,1,84.0,1.0,2026-06-05
6748,treatment,US,desktop,7,46.6,1.0,2026-06-02
6749,control,US,desktop,3,35.3,0.667,2026-06-05
6750,treatment,GB,mobile,4,43.2,0.25,2026-06-04
6751,treatment,CA,mobile,2,18.0,1.0,2026-06-02
6752,control,CA,mobile,6,48.3,0.833,2026-06-05
6753,control,US,mobile,5,22.2,0.6,2026-06-01
6754,treatment,CA,mobile,1,31.0,0.0,2026-06-03
6755,control,US,tablet,1,16.0,1.0,2026-06-05
6756,control,IN,mobile,6,23.8,0.5,2026-06-05
6757,control,US,desktop,2,31.5,0.5,2026-06-04
6758,control,GB,mobile,3,29.7,0.667,2026-06-02
6759,treatment,IN,desktop,9,32.4,0.556,2026-06-05
6760,treatment,IN,mobile,3,41.7,1.0,2026-06-05
6761,control,BR,mobile,3,31.3,0.667,2026-06-05
6762,treatment,US,mobile,0,,,2026-06-04
6763,control,IN,mobile,12,27.7,0.583,2026-06-01
6764,treatment,IN,mobile,2,54.5,1.0,2026-06-05
6765,treatment,IN,desktop,7,52.4,0.714,2026-06-03
6766,treatment,IN,mobile,4,40.5,0.75,2026-06-01
6767,control,DE,mobile,3,18.3,0.667,2026-06-04
6768,treatment,BR,mobile,0,,,2026-06-05
6769,treatment,US,mobile,1,85.0,1.0,2026-06-04
6770,control,DE,mobile,10,40.4,0.8,2026-06-03
6771,control,DE,desktop,0,,,2026-06-02
6772,treatment,IN,desktop,1,35.0,0.0,2026-06-04
6773,control,IN,mobile,2,17.0,0.5,2026-06-02
6774,control,US,desktop,3,24.7,1.0,2026-06-02
6775,control,IN,desktop,4,45.8,1.0,2026-06-04
6776,control,GB,mobile,6,30.5,0.833,2026-06-02
6777,control,IN,mobile,8,31.8,0.625,2026-06-01
6778,control,US,mobile,5,34.0,1.0,2026-06-04
6779,control,US,mobile,3,29.0,0.333,2026-06-04
6780,treatment,BR,tablet,2,16.0,0.0,2026-06-01
6781,treatment,GB,mobile,3,51.0,1.0,2026-06-05
6782,treatment,US,desktop,1,21.0,1.0,2026-06-01
6783,treatment,US,desktop,4,80.8,1.0,2026-06-05
6784,treatment,IN,desktop,12,53.7,0.75,2026-06-03
6785,treatment,US,desktop,1,54.0,1.0,2026-06-03
6786,treatment,IN,tablet,0,,,2026-06-03
6787,control,IN,mobile,0,,,2026-06-04
6788,control,BR,mobile,0,,,2026-06-01
6789,treatment,GB,mobile,3,34.7,1.0,2026-06-02
6790,control,IN,tablet,4,25.8,0.5,2026-06-02
6791,treatment,US,mobile,6,36.5,0.333,2026-06-03
6792,control,US,mobile,0,,,2026-06-04
6793,control,IN,desktop,5,31.6,0.8,2026-06-04
6794,control,IN,desktop,2,42.5,1.0,2026-06-04
6795,control,GB,mobile,3,26.0,1.0,2026-06-02
6796,treatment,BR,mobile,4,50.2,1.0,2026-06-04
6797,control,DE,mobile,1,19.0,0.0,2026-06-04
6798,control,DE,mobile,1,27.0,0.0,2026-06-04
6799,control,IN,desktop,1,26.0,0.0,2026-06-02
6800,control,GB,mobile,4,27.2,0.25,2026-06-03
6801,control,DE,mobile,2,38.5,1.0,2026-06-02
6802,treatment,IN,tablet,0,,,2026-06-04
6803,control,IN,mobile,4,38.0,0.5,2026-06-03
6804,treatment,US,desktop,0,,,2026-06-04
6805,treatment,US,mobile,2,63.0,1.0,2026-06-02
6806,treatment,US,desktop,5,51.0,0.8,2026-06-03
6807,treatment,US,mobile,3,61.3,0.667,2026-06-05
6808,control,PH,desktop,1,17.0,1.0,2026-06-05
6809,control,GB,desktop,4,29.0,0.25,2026-06-01
6810,control,US,tablet,3,33.7,0.667,2026-06-03
6811,control,GB,mobile,1,40.0,0.0,2026-06-01
6812,treatment,DE,mobile,5,36.2,0.6,2026-06-02
6813,treatment,US,mobile,0,,,2026-06-03
6814,treatment,IN,mobile,0,,,2026-06-03
6815,control,BR,mobile,1,24.0,1.0,2026-06-03
6816,treatment,US,desktop,1,62.0,1.0,2026-06-04
6817,treatment,US,mobile,6,42.2,1.0,2026-06-05
6818,control,GB,mobile,1,23.0,0.0,2026-06-04
6819,control,PH,desktop,1,14.0,1.0,2026-06-04
6820,treatment,DE,desktop,1,14.0,0.0,2026-06-03
6821,control,GB,mobile,5,28.4,1.0,2026-06-04
6822,treatment,IN,mobile,3,28.7,1.0,2026-06-01
6823,treatment,US,desktop,1,28.0,1.0,2026-06-04
6824,control,GB,desktop,1,28.0,1.0,2026-06-02
6825,control,US,desktop,2,34.0,0.0,2026-06-01
6826,treatment,BR,mobile,5,34.6,0.4,2026-06-01
6827,control,GB,desktop,4,34.5,0.75,2026-06-03
6828,control,US,mobile,5,27.8,0.2,2026-06-01
6829,control,US,mobile,3,56.3,1.0,2026-06-02
6830,control,US,desktop,2,60.0,1.0,2026-06-01
6831,control,IN,tablet,1,10.0,0.0,2026-06-03
6832,control,DE,desktop,1,51.0,1.0,2026-06-05
6833,control,GB,desktop,7,27.3,0.714,2026-06-04
6834,treatment,BR,mobile,1,58.0,1.0,2026-06-03
6835,treatment,IN,mobile,0,,,2026-06-01
6836,treatment,IN,desktop,0,,,2026-06-01
6837,treatment,IN,mobile,6,42.2,1.0,2026-06-05
6838,control,IN,mobile,0,,,2026-06-04
6839,control,US,mobile,2,28.5,0.5,2026-06-01
6840,control,US,desktop,2,27.0,1.0,2026-06-04
6841,control,PH,mobile,0,,,2026-06-02
6842,control,US,mobile,10,24.6,0.2,2026-06-02
6843,control,AU,mobile,1,23.0,1.0,2026-06-02
6844,control,CA,mobile,4,25.5,0.25,2026-06-03
6845,control,GB,mobile,2,62.0,1.0,2026-06-04
6846,control,DE,mobile,2,26.0,1.0,2026-06-05
6847,treatment,US,mobile,3,43.3,1.0,2026-06-04
6848,treatment,PH,desktop,1,80.0,0.0,2026-06-02
6849,treatment,US,mobile,2,76.5,1.0,2026-06-01
6850,control,US,mobile,2,37.5,0.5,2026-06-04
6851,control,US,mobile,1,60.0,1.0,2026-06-04
6852,treatment,IN,desktop,7,48.4,0.857,2026-06-02
6853,treatment,US,desktop,4,47.5,0.5,2026-06-03
6854,control,CA,mobile,5,33.0,0.6,2026-06-04
6855,control,US,tablet,3,38.0,1.0,2026-06-01
6856,treatment,US,desktop,0,,,2026-06-05
6857,treatment,PH,mobile,0,,,2026-06-04
6858,treatment,US,mobile,3,31.3,0.667,2026-06-04
6859,control,US,mobile,2,32.5,0.5,2026-06-05
6860,control,DE,mobile,1,27.0,1.0,2026-06-02
6861,treatment,DE,mobile,2,69.0,1.0,2026-06-01
6862,treatment,IN,mobile,4,36.8,0.75,2026-06-05
6863,treatment,BR,mobile,5,53.2,0.8,2026-06-05
6864,control,US,desktop,7,44.7,1.0,2026-06-04
6865,control,CA,mobile,5,27.8,0.8,2026-06-05
6866,treatment,US,desktop,7,56.7,0.571,2026-06-02
6867,control,US,mobile,5,27.4,0.6,2026-06-05
6868,control,US,desktop,3,43.0,1.0,2026-06-03
6869,treatment,US,desktop,2,53.5,0.5,2026-06-01
6870,control,BR,mobile,4,43.2,1.0,2026-06-01
6871,control,IN,mobile,10,40.2,1.0,2026-06-04
6872,treatment,US,mobile,6,40.8,0.667,2026-06-01
6873,treatment,DE,mobile,5,58.4,0.8,2026-06-02
6874,treatment,CA,mobile,3,55.3,0.667,2026-06-01
6875,treatment,IN,mobile,3,41.3,1.0,2026-06-01
6876,control,IN,desktop,2,31.0,0.5,2026-06-04
6877,control,US,desktop,2,45.0,1.0,2026-06-02
6878,treatment,PH,mobile,2,89.0,1.0,2026-06-03
6879,treatment,BR,mobile,1,37.0,1.0,2026-06-03
6880,treatment,US,mobile,2,76.0,1.0,2026-06-05
6881,treatment,DE,desktop,3,87.0,0.333,2026-06-01
6882,treatment,IN,mobile,5,46.2,0.8,2026-06-05
6883,control,IN,mobile,2,25.5,1.0,2026-06-02
6884,control,IN,mobile,1,47.0,1.0,2026-06-01
6885,control,IN,desktop,6,36.0,0.833,2026-06-01
6886,treatment,BR,mobile,3,73.3,1.0,2026-06-05
6887,control,GB,desktop,3,32.7,0.667,2026-06-03
6888,treatment,DE,mobile,2,55.5,0.5,2026-06-03
6889,control,IN,mobile,7,25.0,1.0,2026-06-03
6890,control,US,mobile,3,24.3,0.333,2026-06-03
6891,treatment,IN,mobile,7,31.7,0.571,2026-06-05
6892,treatment,PH,mobile,0,,,2026-06-04
6893,control,GB,desktop,2,40.0,0.0,2026-06-04
6894,control,CA,desktop,1,25.0,0.0,2026-06-03
6895,treatment,US,tablet,8,54.9,0.5,2026-06-02
6896,control,US,desktop,4,26.8,0.5,2026-06-04
6897,treatment,US,tablet,0,,,2026-06-04
6898,control,BR,mobile,2,32.0,0.0,2026-06-02
6899,control,US,mobile,3,39.0,0.667,2026-06-04
6900,treatment,US,mobile,5,35.2,0.6,2026-06-01
6901,control,IN,mobile,0,,,2026-06-03
6902,control,US,mobile,1,35.0,1.0,2026-06-04
6903,treatment,GB,mobile,1,108.0,1.0,2026-06-04
6904,treatment,DE,mobile,0,,,2026-06-03
6905,control,IN,mobile,1,16.0,1.0,2026-06-05
6906,control,DE,mobile,1,44.0,1.0,2026-06-01
6907,treatment,US,mobile,6,56.5,1.0,2026-06-05
6908,control,PH,desktop,3,33.7,0.667,2026-06-03
6909,treatment,AU,tablet,3,46.7,1.0,2026-06-03
6910,control,IN,mobile,2,43.5,0.5,2026-06-01
6911,control,DE,desktop,6,35.7,1.0,2026-06-04
6912,control,US,desktop,0,,,2026-06-04
6913,control,CA,mobile,3,25.7,1.0,2026-06-04
6914,treatment,US,desktop,3,49.0,0.333,2026-06-01
6915,treatment,US,desktop,1,23.0,0.0,2026-06-03
6916,treatment,US,desktop,0,,,2026-06-05
6917,treatment,IN,mobile,1,47.0,1.0,2026-06-04
6918,treatment,PH,mobile,2,43.5,1.0,2026-06-02
6919,treatment,AU,desktop,3,39.0,0.667,2026-06-02
6920,control,US,desktop,1,20.0,0.0,2026-06-05
6921,control,CA,desktop,4,37.2,0.5,2026-06-05
6922,treatment,IN,mobile,4,44.2,0.75,2026-06-02
6923,treatment,IN,tablet,0,,,2026-06-01
6924,treatment,US,mobile,12,48.8,0.833,2026-06-01
6925,treatment,US,mobile,2,59.5,0.5,2026-06-02
6926,treatment,DE,desktop,6,49.3,0.667,2026-06-05
6927,treatment,US,mobile,4,55.0,0.5,2026-06-04
6928,control,GB,mobile,2,56.5,0.5,2026-06-01
6929,control,IN,mobile,2,47.5,0.5,2026-06-01
6930,control,IN,desktop,2,47.0,0.5,2026-06-04
6931,treatment,BR,mobile,0,,,2026-06-02
6932,treatment,US,mobile,6,50.3,0.833,2026-06-05
6933,control,US,desktop,1,72.0,1.0,2026-06-01
6934,control,IN,tablet,8,33.4,0.75,2026-06-04
6935,control,BR,desktop,2,29.0,0.5,2026-06-02
6936,treatment,IN,mobile,10,38.9,0.5,2026-06-05
6937,control,IN,mobile,0,,,2026-06-01
6938,control,CA,desktop,4,39.8,1.0,2026-06-03
6939,treatment,US,mobile,4,40.8,0.75,2026-06-03
6940,treatment,US,mobile,1,50.0,1.0,2026-06-03
6941,treatment,GB,desktop,2,30.0,1.0,2026-06-03
6942,control,US,mobile,1,19.0,1.0,2026-06-05
6943,treatment,US,mobile,11,34.2,0.818,2026-06-01
6944,treatment,US,mobile,1,33.0,0.0,2026-06-03
6945,control,GB,tablet,1,14.0,0.0,2026-06-05
6946,control,GB,mobile,0,,,2026-06-01
6947,treatment,US,desktop,6,30.8,0.667,2026-06-03
6948,control,US,mobile,7,31.7,0.714,2026-06-02
6949,control,US,desktop,15,43.9,0.8,2026-06-04
6950,control,IN,mobile,1,40.0,0.0,2026-06-03
6951,treatment,CA,desktop,3,33.3,1.0,2026-06-01
6952,control,CA,mobile,4,34.2,0.5,2026-06-03
6953,treatment,AU,mobile,0,,,2026-06-05
6954,treatment,IN,mobile,1,62.0,1.0,2026-06-02
6955,control,IN,desktop,0,,,2026-06-01
6956,control,US,desktop,2,19.0,1.0,2026-06-03
6957,treatment,US,desktop,4,45.5,0.25,2026-06-03
6958,control,IN,mobile,8,29.5,0.25,2026-06-04
6959,treatment,IN,desktop,3,35.3,0.333,2026-06-04
6960,treatment,US,mobile,5,91.6,0.4,2026-06-04
6961,control,US,mobile,2,30.5,0.5,2026-06-02
6962,treatment,CA,mobile,4,59.5,0.75,2026-06-02
6963,treatment,IN,desktop,0,,,2026-06-05
6964,control,PH,mobile,2,22.5,1.0,2026-06-05
6965,treatment,US,mobile,2,57.0,1.0,2026-06-01
6966,treatment,PH,mobile,0,,,2026-06-04
6967,control,IN,desktop,4,28.5,0.75,2026-06-05
6968,treatment,DE,mobile,3,41.3,1.0,2026-06-03
6969,control,IN,desktop,1,23.0,0.0,2026-06-03
6970,control,IN,desktop,2,21.0,1.0,2026-06-04
6971,control,PH,desktop,3,30.0,0.333,2026-06-02
6972,treatment,IN,mobile,6,105.2,0.833,2026-06-02
6973,control,CA,tablet,3,36.0,0.667,2026-06-04
6974,control,US,desktop,0,,,2026-06-02
6975,treatment,US,mobile,5,32.8,0.8,2026-06-02
6976,control,CA,desktop,1,39.0,1.0,2026-06-02
6977,treatment,US,desktop,2,20.5,1.0,2026-06-01
6978,control,IN,desktop,2,29.0,0.0,2026-06-05
6979,control,DE,mobile,1,43.0,0.0,2026-06-05
6980,control,IN,mobile,6,29.5,1.0,2026-06-02
6981,treatment,IN,desktop,6,48.3,0.833,2026-06-02
6982,control,US,mobile,2,40.0,0.5,2026-06-04
6983,treatment,BR,desktop,2,44.5,0.0,2026-06-04
6984,treatment,BR,tablet,3,47.7,0.667,2026-06-05
6985,treatment,CA,mobile,6,53.3,0.833,2026-06-02
6986,control,US,mobile,1,21.0,1.0,2026-06-04
6987,treatment,US,mobile,4,50.5,0.25,2026-06-01
6988,treatment,DE,desktop,6,43.0,0.833,2026-06-03
6989,control,GB,desktop,2,58.5,0.5,2026-06-04
6990,treatment,GB,mobile,2,39.5,0.5,2026-06-05
6991,control,BR,mobile,4,24.5,0.25,2026-06-04
6992,treatment,BR,desktop,4,37.8,0.25,2026-06-02
6993,treatment,IN,mobile,0,,,2026-06-01
6994,treatment,CA,mobile,0,,,2026-06-02
6995,control,US,mobile,12,27.7,0.833,2026-06-04
6996,treatment,IN,mobile,4,51.2,0.75,2026-06-01
6997,control,US,mobile,2,44.0,1.0,2026-06-04
6998,treatment,PH,mobile,3,56.0,0.667,2026-06-01
6999,control,PH,desktop,1,75.0,1.0,2026-06-05
7000,treatment,AU,mobile,0,,,2026-06-04
7001,treatment,IN,mobile,0,,,2026-06-02
7002,treatment,BR,desktop,1,143.0,0.0,2026-06-04
7003,treatment,IN,mobile,5,44.8,0.6,2026-06-02
7004,control,US,mobile,2,25.0,1.0,2026-06-03
7005,control,GB,mobile,2,33.0,0.5,2026-06-05
7006,treatment,IN,desktop,0,,,2026-06-04
7007,treatment,DE,mobile,11,54.1,0.727,2026-06-03
7008,treatment,AU,desktop,1,29.0,0.0,2026-06-05
7009,treatment,US,desktop,3,36.0,0.667,2026-06-03
7010,treatment,IN,desktop,8,55.8,1.0,2026-06-04
7011,control,PH,desktop,1,35.0,1.0,2026-06-01
7012,treatment,IN,desktop,1,45.0,1.0,2026-06-05
7013,treatment,IN,mobile,4,47.2,1.0,2026-06-02
7014,treatment,IN,mobile,1,41.0,0.0,2026-06-01
7015,control,US,mobile,3,15.7,0.0,2026-06-02
7016,treatment,BR,tablet,3,45.7,1.0,2026-06-05
7017,treatment,US,mobile,6,46.7,0.667,2026-06-01
7018,control,BR,mobile,1,15.0,1.0,2026-06-02
7019,treatment,IN,mobile,1,122.0,1.0,2026-06-01
7020,treatment,IN,desktop,3,51.0,1.0,2026-06-01
7021,control,IN,mobile,2,34.0,1.0,2026-06-02
7022,treatment,AU,desktop,0,,,2026-06-02
7023,treatment,BR,mobile,2,44.0,0.5,2026-06-03
7024,treatment,US,desktop,3,62.0,0.0,2026-06-01
7025,control,IN,desktop,2,24.5,0.5,2026-06-02
7026,control,DE,mobile,3,28.7,1.0,2026-06-02
7027,treatment,PH,mobile,9,35.8,0.889,2026-06-04
7028,treatment,IN,tablet,2,54.5,0.5,2026-06-04
7029,treatment,AU,desktop,6,43.7,1.0,2026-06-02
7030,treatment,IN,mobile,5,41.8,1.0,2026-06-05
7031,treatment,US,desktop,2,37.5,0.5,2026-06-02
7032,treatment,DE,tablet,3,52.0,1.0,2026-06-05
7033,treatment,PH,mobile,0,,,2026-06-03
7034,control,US,desktop,6,24.2,0.5,2026-06-04
7035,control,US,mobile,3,40.0,0.667,2026-06-03
7036,treatment,GB,mobile,5,53.8,0.8,2026-06-05
7037,control,DE,mobile,9,28.2,0.444,2026-06-01
7038,control,GB,mobile,3,31.0,1.0,2026-06-02
7039,control,US,desktop,1,22.0,1.0,2026-06-02
7040,treatment,DE,mobile,0,,,2026-06-02
7041,control,CA,mobile,3,31.7,0.667,2026-06-02
7042,treatment,AU,desktop,2,87.5,1.0,2026-06-02
7043,treatment,IN,mobile,1,114.0,0.0,2026-06-01
7044,treatment,DE,desktop,2,39.5,0.5,2026-06-05
7045,control,IN,mobile,3,21.0,0.333,2026-06-04
7046,treatment,US,mobile,0,,,2026-06-01
7047,control,GB,desktop,6,23.2,0.833,2026-06-04
7048,treatment,AU,mobile,2,41.0,1.0,2026-06-04
7049,control,PH,mobile,1,45.0,0.0,2026-06-01
7050,control,BR,mobile,1,90.0,1.0,2026-06-03
7051,treatment,GB,tablet,1,34.0,1.0,2026-06-03
7052,control,US,mobile,4,55.8,0.75,2026-06-05
7053,treatment,IN,desktop,2,90.0,0.5,2026-06-04
7054,treatment,US,mobile,3,35.3,1.0,2026-06-01
7055,treatment,BR,mobile,4,54.0,1.0,2026-06-01
7056,control,IN,desktop,2,30.5,1.0,2026-06-01
7057,control,US,desktop,2,29.0,1.0,2026-06-02
7058,control,PH,tablet,2,23.0,1.0,2026-06-02
7059,control,IN,desktop,3,46.3,0.333,2026-06-01
7060,treatment,US,mobile,7,36.3,0.714,2026-06-04
7061,treatment,GB,desktop,1,18.0,0.0,2026-06-02
7062,control,PH,desktop,12,37.3,0.75,2026-06-04
7063,treatment,PH,mobile,4,31.2,0.25,2026-06-04
7064,control,US,mobile,3,24.0,0.667,2026-06-04
7065,control,CA,desktop,1,26.0,1.0,2026-06-05
7066,treatment,US,mobile,0,,,2026-06-05
7067,control,US,desktop,3,24.3,0.0,2026-06-01
7068,treatment,US,mobile,4,34.5,0.5,2026-06-01
7069,control,PH,mobile,6,33.8,0.5,2026-06-01
7070,treatment,IN,mobile,2,47.5,0.5,2026-06-04
7071,treatment,CA,mobile,3,46.7,1.0,2026-06-04
7072,treatment,BR,mobile,3,36.3,0.667,2026-06-04
7073,treatment,US,mobile,3,44.3,1.0,2026-06-05
7074,control,US,desktop,1,88.0,1.0,2026-06-02
7075,control,US,desktop,0,,,2026-06-02
7076,treatment,US,mobile,0,,,2026-06-03
7077,control,BR,mobile,2,24.0,1.0,2026-06-02
7078,control,DE,mobile,2,56.0,1.0,2026-06-04
7079,treatment,GB,desktop,2,47.5,0.5,2026-06-04
7080,control,DE,desktop,0,,,2026-06-03
7081,control,IN,desktop,5,17.8,0.6,2026-06-03
7082,treatment,US,desktop,3,36.3,1.0,2026-06-02
7083,treatment,GB,desktop,2,46.5,1.0,2026-06-03
7084,treatment,US,desktop,1,56.0,1.0,2026-06-01
7085,control,IN,tablet,2,28.5,0.0,2026-06-01
7086,control,IN,mobile,1,31.0,1.0,2026-06-04
7087,control,PH,desktop,1,33.0,1.0,2026-06-05
7088,control,DE,desktop,4,30.8,0.5,2026-06-05
7089,treatment,BR,desktop,0,,,2026-06-04
7090,treatment,US,mobile,4,72.0,0.5,2026-06-01
7091,treatment,US,mobile,1,48.0,0.0,2026-06-02
7092,treatment,IN,mobile,1,24.0,0.0,2026-06-02
7093,treatment,IN,desktop,5,56.0,0.8,2026-06-03
7094,treatment,IN,mobile,0,,,2026-06-03
7095,control,CA,desktop,3,46.3,0.333,2026-06-01
7096,treatment,IN,mobile,6,41.2,0.667,2026-06-03
7097,treatment,GB,mobile,1,35.0,0.0,2026-06-05
7098,control,US,mobile,8,28.2,0.375,2026-06-05
7099,control,GB,mobile,0,,,2026-06-01
7100,treatment,IN,desktop,5,34.0,0.8,2026-06-04
7101,control,PH,mobile,4,38.2,1.0,2026-06-03
7102,control,US,mobile,1,11.0,1.0,2026-06-03
7103,treatment,IN,mobile,2,49.5,1.0,2026-06-05
7104,treatment,PH,mobile,2,51.5,1.0,2026-06-01
7105,control,IN,mobile,3,22.0,0.667,2026-06-03
7106,treatment,DE,mobile,2,35.5,0.5,2026-06-05
7107,treatment,GB,desktop,0,,,2026-06-03
7108,control,AU,mobile,1,38.0,0.0,2026-06-04
7109,treatment,IN,desktop,0,,,2026-06-02
7110,treatment,IN,desktop,1,28.0,1.0,2026-06-02
7111,control,BR,desktop,4,35.2,0.5,2026-06-02
7112,control,BR,desktop,12,35.9,0.667,2026-06-03
7113,control,PH,mobile,0,,,2026-06-02
7114,control,US,mobile,4,33.8,0.5,2026-06-03
7115,control,US,mobile,3,39.0,0.333,2026-06-01
7116,treatment,BR,mobile,3,36.7,0.667,2026-06-01
7117,control,US,mobile,1,16.0,1.0,2026-06-05
7118,control,IN,mobile,4,37.5,0.5,2026-06-03
7119,control,CA,mobile,0,,,2026-06-02
7120,treatment,CA,tablet,3,49.0,0.333,2026-06-01
7121,control,BR,desktop,11,36.9,0.727,2026-06-03
7122,treatment,IN,mobile,2,58.0,0.5,2026-06-03
7123,control,GB,mobile,2,18.0,0.5,2026-06-01
7124,control,IN,mobile,8,36.1,0.875,2026-06-02
7125,control,US,mobile,0,,,2026-06-05
7126,control,GB,tablet,1,23.0,1.0,2026-06-01
7127,control,IN,mobile,2,27.5,1.0,2026-06-03
7128,control,IN,desktop,4,31.5,0.75,2026-06-03
7129,control,AU,mobile,4,32.5,0.75,2026-06-01
7130,control,DE,mobile,0,,,2026-06-01
7131,treatment,US,mobile,11,41.6,0.818,2026-06-02
7132,control,US,mobile,5,31.4,0.6,2026-06-02
7133,treatment,US,mobile,0,,,2026-06-03
7134,treatment,US,mobile,1,47.0,1.0,2026-06-02
7135,control,PH,mobile,5,30.6,0.2,2026-06-02
7136,treatment,IN,desktop,15,54.8,0.867,2026-06-03
7137,control,PH,mobile,3,35.0,1.0,2026-06-03
7138,treatment,GB,desktop,1,28.0,1.0,2026-06-02
7139,treatment,BR,mobile,4,40.5,0.75,2026-06-04
7140,control,IN,mobile,1,19.0,1.0,2026-06-02
7141,control,US,mobile,3,31.3,0.333,2026-06-03
7142,control,AU,mobile,7,31.9,0.714,2026-06-01
7143,treatment,CA,mobile,4,54.2,0.75,2026-06-02
7144,treatment,US,desktop,0,,,2026-06-01
7145,treatment,BR,mobile,2,59.0,0.5,2026-06-05
7146,treatment,IN,desktop,4,45.2,0.75,2026-06-05
7147,treatment,AU,mobile,5,42.2,0.6,2026-06-01
7148,control,GB,desktop,3,26.0,0.333,2026-06-01
7149,control,BR,mobile,0,,,2026-06-01
7150,treatment,CA,mobile,1,42.0,1.0,2026-06-05
7151,control,US,mobile,1,16.0,1.0,2026-06-03
7152,control,IN,mobile,2,16.5,0.5,2026-06-01
7153,treatment,IN,desktop,0,,,2026-06-02
7154,control,US,mobile,6,38.7,0.833,2026-06-03
7155,control,US,tablet,2,21.5,0.5,2026-06-01
7156,control,IN,mobile,2,61.0,0.0,2026-06-03
7157,treatment,DE,mobile,2,51.5,1.0,2026-06-03
7158,treatment,US,mobile,8,48.8,0.75,2026-06-05
7159,control,US,mobile,3,32.7,1.0,2026-06-04
7160,treatment,GB,mobile,7,52.9,0.429,2026-06-05
7161,control,CA,mobile,4,37.5,0.75,2026-06-02
7162,treatment,BR,mobile,7,62.4,0.714,2026-06-05
7163,treatment,PH,mobile,1,45.0,1.0,2026-06-03
7164,treatment,AU,desktop,1,105.0,0.0,2026-06-05
7165,control,BR,mobile,5,29.2,0.8,2026-06-05
7166,control,US,desktop,4,34.5,1.0,2026-06-05
7167,control,AU,tablet,1,26.0,1.0,2026-06-03
7168,treatment,US,mobile,6,37.5,0.833,2026-06-02
7169,control,BR,desktop,2,35.5,0.5,2026-06-03
7170,treatment,AU,desktop,3,46.7,0.667,2026-06-03
7171,control,BR,mobile,2,33.5,0.5,2026-06-01
7172,control,US,mobile,0,,,2026-06-01
7173,control,IN,mobile,2,36.5,0.5,2026-06-05
7174,treatment,US,mobile,0,,,2026-06-01
7175,treatment,IN,desktop,1,44.0,1.0,2026-06-01
7176,treatment,BR,mobile,9,60.8,0.778,2026-06-05
7177,treatment,IN,mobile,1,44.0,1.0,2026-06-01
7178,control,GB,desktop,3,34.7,0.333,2026-06-03
7179,treatment,US,desktop,1,41.0,1.0,2026-06-03
7180,treatment,AU,mobile,6,58.5,1.0,2026-06-05
7181,control,BR,mobile,7,26.3,0.857,2026-06-04
7182,control,IN,desktop,1,26.0,1.0,2026-06-03
7183,treatment,AU,tablet,2,28.0,0.5,2026-06-01
7184,control,GB,desktop,1,12.0,0.0,2026-06-02
7185,treatment,GB,desktop,3,48.7,1.0,2026-06-03
7186,treatment,BR,mobile,3,119.3,0.667,2026-06-02
7187,treatment,US,desktop,3,66.7,0.333,2026-06-04
7188,control,GB,tablet,9,47.2,0.778,2026-06-04
7189,control,DE,desktop,1,33.0,1.0,2026-06-05
7190,control,PH,desktop,0,,,2026-06-05
7191,treatment,IN,mobile,2,19.0,1.0,2026-06-02
7192,control,US,desktop,2,19.5,0.0,2026-06-02
7193,treatment,BR,mobile,4,61.5,0.75,2026-06-04
7194,treatment,US,mobile,2,42.0,0.5,2026-06-03
7195,treatment,IN,mobile,0,,,2026-06-01
7196,treatment,GB,tablet,1,56.0,1.0,2026-06-05
7197,treatment,GB,desktop,0,,,2026-06-01
7198,control,IN,mobile,3,76.0,1.0,2026-06-02
7199,control,IN,mobile,5,30.4,0.8,2026-06-03
7200,treatment,US,tablet,2,46.0,1.0,2026-06-03
7201,treatment,IN,mobile,3,28.3,0.0,2026-06-05
7202,control,US,desktop,6,23.7,0.5,2026-06-05
7203,treatment,US,desktop,6,44.5,0.833,2026-06-05
7204,control,US,mobile,2,25.5,1.0,2026-06-05
7205,treatment,IN,desktop,2,34.5,0.5,2026-06-04
7206,treatment,IN,desktop,1,69.0,1.0,2026-06-02
7207,treatment,US,desktop,0,,,2026-06-02
7208,control,IN,tablet,4,33.8,0.5,2026-06-04
7209,control,IN,desktop,4,21.8,0.5,2026-06-02
7210,control,GB,mobile,1,55.0,1.0,2026-06-03
7211,control,IN,tablet,4,25.5,1.0,2026-06-03
7212,treatment,IN,mobile,0,,,2026-06-04
7213,treatment,US,desktop,2,38.0,1.0,2026-06-03
7214,control,IN,mobile,5,21.0,0.6,2026-06-03
7215,control,CA,mobile,3,32.0,0.333,2026-06-01
7216,treatment,IN,mobile,6,43.3,1.0,2026-06-02
7217,control,BR,desktop,0,,,2026-06-02
7218,treatment,GB,mobile,5,63.0,0.8,2026-06-05
7219,treatment,BR,tablet,1,36.0,1.0,2026-06-04
7220,treatment,IN,mobile,5,57.4,0.8,2026-06-03
7221,treatment,US,desktop,8,46.9,0.875,2026-06-03
7222,treatment,DE,desktop,3,43.7,1.0,2026-06-01
7223,control,IN,mobile,4,47.5,0.75,2026-06-05
7224,control,DE,mobile,8,32.0,0.5,2026-06-03
7225,control,US,desktop,5,34.2,0.8,2026-06-03
7226,control,IN,mobile,3,20.0,1.0,2026-06-04
7227,control,US,mobile,1,39.0,1.0,2026-06-02
7228,control,DE,mobile,2,40.0,0.5,2026-06-05
7229,control,US,mobile,4,33.0,0.5,2026-06-05
7230,treatment,BR,mobile,3,38.3,1.0,2026-06-01
7231,treatment,US,mobile,2,53.0,1.0,2026-06-04
7232,control,PH,desktop,6,45.0,0.667,2026-06-03
7233,control,IN,desktop,4,51.5,0.5,2026-06-03
7234,treatment,US,desktop,0,,,2026-06-03
7235,treatment,US,desktop,3,44.7,0.333,2026-06-03
7236,control,US,desktop,7,33.7,0.429,2026-06-02
7237,treatment,IN,mobile,4,53.0,0.75,2026-06-01
7238,control,US,mobile,2,41.5,1.0,2026-06-01
7239,control,GB,mobile,0,,,2026-06-02
7240,control,BR,desktop,1,11.0,0.0,2026-06-03
7241,control,US,mobile,1,15.0,0.0,2026-06-05
7242,control,BR,mobile,5,21.0,0.8,2026-06-01
7243,treatment,IN,tablet,3,42.0,0.667,2026-06-03
7244,control,IN,tablet,6,24.0,0.667,2026-06-01
7245,control,IN,mobile,0,,,2026-06-01
7246,treatment,US,mobile,0,,,2026-06-04
7247,control,US,desktop,1,22.0,0.0,2026-06-02
7248,treatment,US,desktop,3,57.0,1.0,2026-06-03
7249,control,US,tablet,17,28.4,0.882,2026-06-03
7250,treatment,GB,desktop,1,16.0,0.0,2026-06-04
7251,control,US,mobile,1,34.0,0.0,2026-06-01
7252,control,US,mobile,5,52.0,0.6,2026-06-03
7253,treatment,IN,mobile,1,56.0,1.0,2026-06-01
7254,treatment,AU,desktop,1,37.0,1.0,2026-06-01
7255,treatment,IN,mobile,7,45.3,1.0,2026-06-02
7256,control,US,mobile,1,18.0,1.0,2026-06-02
7257,treatment,IN,mobile,2,38.0,0.0,2026-06-04
7258,control,US,desktop,2,27.5,1.0,2026-06-03
7259,treatment,US,mobile,1,27.0,1.0,2026-06-02
7260,control,US,tablet,4,38.2,1.0,2026-06-04
7261,treatment,US,mobile,3,74.3,1.0,2026-06-02
7262,treatment,US,mobile,2,23.0,0.0,2026-06-04
7263,control,IN,desktop,2,33.5,0.0,2026-06-04
7264,treatment,US,mobile,3,38.3,0.333,2026-06-03
7265,control,GB,mobile,1,52.0,1.0,2026-06-04
7266,treatment,PH,mobile,2,46.5,1.0,2026-06-01
7267,treatment,AU,desktop,1,32.0,1.0,2026-06-05
7268,control,PH,mobile,1,46.0,1.0,2026-06-01
7269,treatment,DE,tablet,0,,,2026-06-03
7270,control,US,tablet,7,39.4,0.714,2026-06-05
7271,treatment,GB,mobile,5,34.6,0.8,2026-06-05
7272,control,BR,mobile,1,13.0,1.0,2026-06-02
7273,treatment,CA,desktop,6,40.2,1.0,2026-06-04
7274,treatment,DE,mobile,0,,,2026-06-01
7275,control,IN,mobile,3,41.0,0.667,2026-06-03
7276,control,PH,desktop,2,29.0,0.0,2026-06-05
7277,treatment,DE,desktop,4,40.0,0.75,2026-06-01
7278,control,BR,desktop,3,34.7,0.333,2026-06-02
7279,treatment,US,desktop,6,49.2,0.667,2026-06-04
7280,control,US,mobile,3,15.0,0.0,2026-06-02
7281,treatment,AU,desktop,1,71.0,0.0,2026-06-04
7282,treatment,DE,mobile,3,53.3,0.667,2026-06-01
7283,control,US,mobile,2,22.5,1.0,2026-06-05
7284,control,DE,desktop,4,26.0,0.25,2026-06-04
7285,treatment,CA,desktop,1,123.0,1.0,2026-06-03
7286,treatment,US,mobile,0,,,2026-06-04
7287,control,US,mobile,3,37.3,0.667,2026-06-05
7288,treatment,BR,mobile,2,33.5,0.5,2026-06-01
7289,treatment,DE,desktop,4,34.5,0.75,2026-06-03
7290,control,US,mobile,4,41.5,0.75,2026-06-05
7291,treatment,US,desktop,0,,,2026-06-02
7292,treatment,US,desktop,2,22.5,1.0,2026-06-02
7293,treatment,PH,mobile,2,65.0,1.0,2026-06-05
7294,treatment,IN,desktop,4,58.8,0.5,2026-06-01
7295,treatment,GB,mobile,0,,,2026-06-02
7296,control,BR,desktop,0,,,2026-06-02
7297,control,GB,mobile,10,32.5,0.6,2026-06-01
7298,control,US,desktop,1,42.0,1.0,2026-06-01
7299,control,DE,desktop,6,44.2,0.667,2026-06-03
7300,treatment,DE,mobile,3,38.3,1.0,2026-06-05
7301,control,US,mobile,2,35.0,1.0,2026-06-04
7302,control,IN,mobile,3,47.0,0.667,2026-06-01
7303,treatment,IN,mobile,9,37.8,0.667,2026-06-02
7304,control,GB,mobile,0,,,2026-06-05
7305,control,BR,desktop,4,38.8,0.75,2026-06-01
7306,treatment,IN,mobile,3,51.7,0.333,2026-06-02
7307,treatment,BR,desktop,0,,,2026-06-01
7308,treatment,US,mobile,1,19.0,0.0,2026-06-02
7309,treatment,IN,mobile,3,43.3,0.333,2026-06-02
7310,control,PH,mobile,7,26.4,0.571,2026-06-03
7311,control,GB,mobile,4,38.0,0.75,2026-06-05
7312,treatment,US,mobile,3,32.7,0.667,2026-06-04
7313,control,US,mobile,1,20.0,1.0,2026-06-01
7314,treatment,US,mobile,2,47.0,1.0,2026-06-04
7315,control,PH,tablet,4,40.5,1.0,2026-06-04
7316,treatment,US,mobile,4,40.8,1.0,2026-06-02
7317,treatment,IN,mobile,4,36.2,0.75,2026-06-04
7318,treatment,CA,desktop,1,22.0,1.0,2026-06-04
7319,control,US,mobile,1,68.0,0.0,2026-06-03
7320,control,US,tablet,1,17.0,0.0,2026-06-01
7321,treatment,IN,desktop,7,45.9,0.857,2026-06-01
7322,treatment,GB,desktop,7,48.0,0.857,2026-06-03
7323,treatment,DE,mobile,1,31.0,1.0,2026-06-04
7324,treatment,CA,mobile,2,57.5,1.0,2026-06-05
7325,control,IN,desktop,2,36.0,0.0,2026-06-02
7326,control,DE,mobile,4,33.0,0.0,2026-06-01
7327,control,DE,desktop,3,24.3,1.0,2026-06-02
7328,treatment,US,mobile,1,59.0,0.0,2026-06-04
7329,control,GB,mobile,1,15.0,1.0,2026-06-05
7330,control,IN,mobile,4,22.2,0.75,2026-06-04
7331,control,PH,mobile,0,,,2026-06-05
7332,control,BR,desktop,8,50.4,1.0,2026-06-01
7333,control,PH,desktop,3,33.3,1.0,2026-06-04
7334,treatment,US,mobile,3,39.0,0.333,2026-06-02
7335,control,IN,mobile,8,28.8,0.75,2026-06-01
7336,treatment,PH,tablet,1,20.0,1.0,2026-06-02
7337,control,IN,desktop,5,35.0,0.8,2026-06-05
7338,treatment,IN,mobile,3,61.7,1.0,2026-06-02
7339,treatment,DE,mobile,8,46.6,0.5,2026-06-05
7340,treatment,PH,desktop,2,55.5,1.0,2026-06-02
7341,control,US,desktop,2,29.0,1.0,2026-06-04
7342,control,CA,mobile,2,22.5,1.0,2026-06-02
7343,treatment,GB,desktop,1,58.0,1.0,2026-06-05
7344,treatment,GB,mobile,3,43.7,1.0,2026-06-01
7345,control,DE,mobile,1,52.0,1.0,2026-06-05
7346,control,US,desktop,1,19.0,1.0,2026-06-04
7347,control,US,mobile,1,56.0,1.0,2026-06-05
7348,control,GB,desktop,1,19.0,1.0,2026-06-02
7349,treatment,IN,mobile,3,49.7,0.667,2026-06-04
7350,control,BR,mobile,2,28.5,1.0,2026-06-02
7351,control,CA,mobile,5,31.8,0.8,2026-06-01
7352,control,US,mobile,10,24.3,0.8,2026-06-01
7353,control,US,desktop,8,32.4,0.5,2026-06-03
7354,control,CA,mobile,0,,,2026-06-05
7355,control,US,desktop,1,21.0,0.0,2026-06-05
7356,treatment,IN,mobile,2,36.0,0.5,2026-06-04
7357,treatment,GB,tablet,1,70.0,1.0,2026-06-03
7358,treatment,GB,desktop,2,62.5,1.0,2026-06-04
7359,treatment,DE,mobile,3,44.3,0.667,2026-06-04
7360,control,GB,desktop,3,40.7,0.667,2026-06-05
7361,control,US,desktop,1,25.0,0.0,2026-06-05
7362,treatment,IN,desktop,1,50.0,0.0,2026-06-01
7363,control,IN,mobile,3,24.0,0.667,2026-06-05
7364,treatment,DE,tablet,1,27.0,0.0,2026-06-02
7365,treatment,US,mobile,2,51.0,1.0,2026-06-01
7366,control,PH,desktop,2,34.0,0.0,2026-06-04
7367,treatment,US,desktop,8,42.9,0.625,2026-06-03
7368,control,US,mobile,2,22.0,0.5,2026-06-05
7369,treatment,US,mobile,3,60.0,1.0,2026-06-05
7370,treatment,AU,mobile,2,19.0,1.0,2026-06-05
7371,treatment,IN,desktop,2,44.0,1.0,2026-06-02
7372,treatment,CA,mobile,0,,,2026-06-05
7373,control,US,mobile,5,42.6,0.4,2026-06-01
7374,treatment,PH,mobile,4,37.2,0.75,2026-06-03
7375,treatment,US,mobile,13,38.8,0.769,2026-06-01
7376,treatment,US,tablet,0,,,2026-06-05
7377,control,BR,desktop,1,22.0,1.0,2026-06-01
7378,control,IN,mobile,1,21.0,1.0,2026-06-01
7379,control,US,mobile,1,30.0,0.0,2026-06-01
7380,treatment,BR,desktop,3,70.3,0.333,2026-06-04
7381,treatment,GB,mobile,0,,,2026-06-04
7382,treatment,DE,desktop,5,36.2,0.4,2026-06-04
7383,treatment,BR,mobile,2,32.5,1.0,2026-06-03
7384,control,US,mobile,2,29.0,0.5,2026-06-05
7385,treatment,US,desktop,8,36.9,0.75,2026-06-01
7386,treatment,GB,mobile,2,39.0,1.0,2026-06-05
7387,control,US,mobile,1,18.0,1.0,2026-06-02
7388,treatment,US,mobile,2,57.0,1.0,2026-06-02
7389,control,IN,desktop,2,25.0,1.0,2026-06-03
7390,treatment,PH,mobile,4,45.5,1.0,2026-06-04
7391,control,IN,desktop,2,46.0,0.5,2026-06-05
7392,control,IN,desktop,1,71.0,0.0,2026-06-04
7393,treatment,US,mobile,2,61.0,0.5,2026-06-03
7394,treatment,BR,desktop,5,55.2,0.4,2026-06-03
7395,control,CA,desktop,4,59.2,0.75,2026-06-05
7396,treatment,US,desktop,4,42.5,0.75,2026-06-03
7397,treatment,US,mobile,4,40.5,0.75,2026-06-03
7398,treatment,PH,desktop,4,42.2,1.0,2026-06-01
7399,control,PH,mobile,5,46.6,0.8,2026-06-05
7400,control,US,desktop,0,,,2026-06-04
7401,treatment,US,mobile,0,,,2026-06-02
7402,control,DE,desktop,2,63.5,1.0,2026-06-04
7403,treatment,IN,desktop,2,59.5,1.0,2026-06-02
7404,treatment,IN,mobile,7,46.6,0.857,2026-06-05
7405,treatment,US,mobile,2,46.0,0.0,2026-06-02
7406,treatment,PH,desktop,13,54.1,1.0,2026-06-01
7407,control,US,mobile,2,27.0,0.5,2026-06-02
7408,treatment,BR,mobile,3,78.7,1.0,2026-06-05
7409,treatment,US,mobile,2,58.5,0.5,2026-06-03
7410,treatment,IN,mobile,15,43.9,0.6,2026-06-05
7411,control,CA,mobile,1,32.0,0.0,2026-06-04
7412,control,GB,mobile,4,30.5,0.5,2026-06-04
7413,control,IN,mobile,0,,,2026-06-04
7414,treatment,PH,mobile,3,41.3,1.0,2026-06-01
7415,control,IN,mobile,6,26.7,1.0,2026-06-04
7416,treatment,IN,desktop,1,59.0,0.0,2026-06-05
7417,treatment,US,mobile,3,32.0,0.667,2026-06-02
7418,control,GB,tablet,4,30.0,1.0,2026-06-05
7419,treatment,US,desktop,8,53.1,0.875,2026-06-01
7420,control,US,mobile,0,,,2026-06-05
7421,control,US,mobile,6,30.0,0.833,2026-06-03
7422,control,BR,desktop,2,21.5,1.0,2026-06-01
7423,control,US,mobile,2,56.0,1.0,2026-06-04
7424,treatment,US,mobile,2,68.5,1.0,2026-06-02
7425,treatment,IN,mobile,8,37.6,0.875,2026-06-01
7426,control,US,mobile,2,53.5,0.5,2026-06-02
7427,treatment,PH,desktop,3,37.7,1.0,2026-06-04
7428,treatment,CA,mobile,1,23.0,0.0,2026-06-03
7429,control,BR,mobile,3,38.7,0.333,2026-06-02
7430,control,US,mobile,5,28.2,0.6,2026-06-04
7431,control,PH,mobile,4,30.8,1.0,2026-06-05
7432,control,AU,mobile,17,32.7,0.529,2026-06-01
7433,control,US,desktop,2,38.5,0.5,2026-06-04
7434,control,PH,mobile,4,29.5,0.0,2026-06-03
7435,control,US,desktop,6,31.3,0.667,2026-06-02
7436,treatment,PH,desktop,7,46.3,0.571,2026-06-03
7437,treatment,IN,mobile,3,55.7,1.0,2026-06-05
7438,control,US,mobile,1,41.0,1.0,2026-06-05
7439,control,US,desktop,5,29.0,0.8,2026-06-05
7440,treatment,PH,mobile,4,52.8,0.5,2026-06-05
7441,control,IN,mobile,1,43.0,1.0,2026-06-01
7442,treatment,IN,desktop,1,52.0,1.0,2026-06-02
7443,treatment,GB,desktop,2,47.5,0.5,2026-06-05
7444,control,BR,mobile,0,,,2026-06-03
7445,control,US,tablet,2,33.0,0.0,2026-06-02
7446,treatment,US,desktop,2,87.0,0.5,2026-06-01
7447,treatment,CA,desktop,3,32.3,1.0,2026-06-02
7448,treatment,US,mobile,2,20.5,1.0,2026-06-02
7449,control,GB,desktop,4,29.0,1.0,2026-06-03
7450,treatment,BR,mobile,4,41.8,0.75,2026-06-05
7451,control,US,desktop,2,30.5,0.5,2026-06-02
7452,control,IN,desktop,2,37.5,0.5,2026-06-04
7453,treatment,PH,tablet,0,,,2026-06-03
7454,control,PH,mobile,4,38.2,0.75,2026-06-03
7455,control,US,mobile,5,24.4,0.4,2026-06-02
7456,treatment,IN,desktop,1,36.0,1.0,2026-06-04
7457,control,US,tablet,6,27.3,0.5,2026-06-02
7458,treatment,US,mobile,0,,,2026-06-05
7459,control,AU,desktop,1,20.0,1.0,2026-06-05
7460,treatment,AU,mobile,10,35.6,0.7,2026-06-04
7461,treatment,IN,mobile,5,53.2,0.6,2026-06-03
7462,control,US,mobile,3,15.7,0.667,2026-06-03
7463,treatment,IN,mobile,0,,,2026-06-04
7464,treatment,GB,mobile,2,95.5,1.0,2026-06-05
7465,control,US,mobile,8,39.8,0.625,2026-06-04
7466,treatment,BR,desktop,2,47.0,1.0,2026-06-02
7467,control,PH,mobile,2,18.5,0.0,2026-06-02
7468,treatment,BR,desktop,2,98.5,1.0,2026-06-01
7469,control,US,mobile,1,29.0,1.0,2026-06-05
7470,control,US,desktop,12,39.8,0.833,2026-06-05
7471,treatment,IN,mobile,1,52.0,0.0,2026-06-01
7472,treatment,US,mobile,3,52.3,0.667,2026-06-04
7473,treatment,AU,mobile,6,53.8,0.667,2026-06-04
7474,control,IN,mobile,1,30.0,1.0,2026-06-05
7475,control,BR,desktop,0,,,2026-06-02
7476,control,IN,desktop,4,27.5,1.0,2026-06-05
7477,treatment,US,mobile,1,50.0,1.0,2026-06-05
7478,treatment,US,mobile,2,20.0,1.0,2026-06-03
7479,treatment,IN,mobile,4,32.2,0.25,2026-06-04
7480,control,US,mobile,7,28.0,0.429,2026-06-05
7481,control,BR,desktop,3,55.0,1.0,2026-06-02
7482,control,IN,mobile,5,27.2,1.0,2026-06-05
7483,treatment,BR,mobile,0,,,2026-06-01
7484,control,IN,mobile,2,29.0,1.0,2026-06-03
7485,control,IN,mobile,2,28.5,1.0,2026-06-01
7486,treatment,IN,desktop,3,33.0,1.0,2026-06-02
7487,control,AU,mobile,1,17.0,0.0,2026-06-04
7488,treatment,GB,desktop,0,,,2026-06-03
7489,treatment,DE,desktop,8,58.4,1.0,2026-06-03
7490,control,IN,mobile,3,24.0,0.667,2026-06-05
7491,treatment,CA,tablet,0,,,2026-06-01
7492,treatment,PH,mobile,5,40.0,1.0,2026-06-05
7493,treatment,US,tablet,2,27.0,0.5,2026-06-01
7494,treatment,IN,desktop,1,85.0,1.0,2026-06-03
7495,treatment,US,mobile,3,41.3,0.333,2026-06-02
7496,control,US,desktop,4,25.8,0.75,2026-06-03
7497,control,IN,desktop,2,25.0,1.0,2026-06-05
7498,control,DE,mobile,1,35.0,1.0,2026-06-03
7499,control,US,mobile,6,34.2,0.833,2026-06-04
7500,control,IN,mobile,3,53.3,0.667,2026-06-04
7501,treatment,US,mobile,9,39.9,0.667,2026-06-04
7502,treatment,US,mobile,0,,,2026-06-04
7503,treatment,US,mobile,5,47.2,0.8,2026-06-03
7504,treatment,IN,mobile,1,43.0,0.0,2026-06-03
7505,control,BR,desktop,7,37.6,0.714,2026-06-05
7506,control,US,mobile,2,15.5,0.5,2026-06-05
7507,control,BR,desktop,2,45.5,1.0,2026-06-04
7508,control,IN,desktop,5,42.0,0.8,2026-06-04
7509,treatment,IN,tablet,0,,,2026-06-03
7510,control,IN,mobile,1,36.0,0.0,2026-06-03
7511,treatment,IN,desktop,10,43.8,0.8,2026-06-01
7512,control,IN,mobile,2,33.5,1.0,2026-06-01
7513,control,BR,mobile,0,,,2026-06-05
7514,treatment,GB,desktop,2,34.5,1.0,2026-06-03
7515,treatment,IN,mobile,0,,,2026-06-02
7516,treatment,PH,desktop,5,38.6,0.6,2026-06-03
7517,treatment,DE,mobile,5,68.4,0.8,2026-06-04
7518,treatment,AU,desktop,1,155.0,0.0,2026-06-04
7519,treatment,IN,mobile,0,,,2026-06-02
7520,treatment,PH,mobile,1,17.0,1.0,2026-06-01
7521,control,US,mobile,1,27.0,1.0,2026-06-04
7522,control,DE,tablet,2,29.0,0.5,2026-06-02
7523,treatment,IN,tablet,5,54.6,1.0,2026-06-03
7524,treatment,IN,desktop,2,36.0,1.0,2026-06-02
7525,treatment,PH,mobile,3,46.3,0.667,2026-06-03
7526,treatment,PH,mobile,1,41.0,0.0,2026-06-02
7527,control,BR,desktop,2,47.0,0.5,2026-06-05
7528,treatment,IN,mobile,0,,,2026-06-04
7529,treatment,IN,mobile,1,33.0,1.0,2026-06-05
7530,treatment,US,mobile,3,49.3,1.0,2026-06-04
7531,treatment,IN,mobile,0,,,2026-06-05
7532,control,US,mobile,5,41.2,1.0,2026-06-01
7533,control,GB,desktop,0,,,2026-06-04
7534,treatment,US,desktop,8,40.5,0.875,2026-06-02
7535,control,IN,mobile,4,31.2,0.75,2026-06-04
7536,treatment,BR,mobile,1,26.0,1.0,2026-06-05
7537,control,AU,mobile,0,,,2026-06-04
7538,control,GB,mobile,6,35.5,0.667,2026-06-02
7539,treatment,US,mobile,11,61.1,0.636,2026-06-05
7540,treatment,PH,mobile,5,45.2,0.4,2026-06-05
7541,treatment,IN,desktop,0,,,2026-06-01
7542,control,GB,mobile,5,31.0,0.6,2026-06-03
7543,treatment,DE,mobile,2,25.5,0.5,2026-06-05
7544,control,US,mobile,4,22.0,1.0,2026-06-03
7545,control,GB,mobile,2,27.0,1.0,2026-06-05
7546,treatment,US,mobile,1,40.0,1.0,2026-06-02
7547,treatment,CA,desktop,2,33.5,1.0,2026-06-05
7548,treatment,IN,mobile,2,48.5,0.0,2026-06-05
7549,treatment,PH,desktop,4,34.5,0.75,2026-06-04
7550,treatment,PH,mobile,2,44.0,1.0,2026-06-04
7551,treatment,BR,mobile,3,41.7,1.0,2026-06-05
7552,treatment,PH,mobile,5,46.2,0.6,2026-06-04
7553,control,BR,desktop,1,28.0,1.0,2026-06-04
7554,control,IN,desktop,1,38.0,1.0,2026-06-05
7555,control,US,desktop,3,30.3,0.333,2026-06-04
7556,treatment,IN,mobile,2,37.0,0.5,2026-06-04
7557,treatment,US,desktop,2,40.0,0.5,2026-06-05
7558,treatment,IN,desktop,2,49.0,1.0,2026-06-05
7559,treatment,BR,tablet,7,52.1,0.571,2026-06-02
7560,treatment,PH,tablet,1,30.0,1.0,2026-06-03
7561,treatment,IN,tablet,3,56.0,0.667,2026-06-05
7562,control,GB,mobile,3,52.0,0.667,2026-06-02
7563,treatment,IN,desktop,7,40.9,0.714,2026-06-02
7564,control,US,desktop,0,,,2026-06-05
7565,control,CA,desktop,4,19.0,1.0,2026-06-05
7566,control,US,mobile,1,29.0,1.0,2026-06-05
7567,treatment,IN,tablet,1,19.0,0.0,2026-06-04
7568,control,CA,desktop,1,14.0,0.0,2026-06-04
7569,treatment,PH,mobile,1,50.0,1.0,2026-06-01
7570,control,PH,desktop,3,44.3,1.0,2026-06-01
7571,treatment,US,tablet,2,69.5,0.0,2026-06-05
7572,treatment,CA,mobile,8,65.1,0.75,2026-06-04
7573,control,US,tablet,1,65.0,0.0,2026-06-05
7574,control,IN,mobile,0,,,2026-06-05
7575,treatment,PH,mobile,3,49.0,1.0,2026-06-05
7576,treatment,US,mobile,0,,,2026-06-04
7577,control,DE,mobile,7,34.1,0.571,2026-06-05
7578,treatment,GB,mobile,0,,,2026-06-04
7579,control,US,mobile,0,,,2026-06-01
7580,control,IN,desktop,0,,,2026-06-02
7581,control,PH,desktop,0,,,2026-06-01
7582,treatment,DE,desktop,5,41.4,1.0,2026-06-02
7583,control,US,mobile,2,22.0,0.0,2026-06-05
7584,control,PH,mobile,0,,,2026-06-05
7585,control,US,mobile,3,33.7,0.667,2026-06-04
7586,control,US,mobile,0,,,2026-06-02
7587,treatment,PH,mobile,3,44.0,0.667,2026-06-04
7588,treatment,BR,mobile,1,65.0,1.0,2026-06-02
7589,control,AU,tablet,5,40.6,0.8,2026-06-02
7590,control,US,mobile,1,38.0,1.0,2026-06-05
7591,control,IN,mobile,2,23.0,0.5,2026-06-01
7592,control,US,mobile,1,79.0,1.0,2026-06-04
7593,treatment,US,mobile,5,36.2,0.8,2026-06-01
7594,control,DE,tablet,4,35.2,0.25,2026-06-01
7595,treatment,IN,mobile,3,49.7,1.0,2026-06-03
7596,control,US,mobile,2,21.0,0.5,2026-06-03
7597,control,US,desktop,2,29.0,0.0,2026-06-04
7598,treatment,AU,mobile,12,54.2,0.667,2026-06-04
7599,control,IN,desktop,2,24.0,0.5,2026-06-01
7600,treatment,US,mobile,1,59.0,1.0,2026-06-04
7601,control,PH,mobile,1,19.0,1.0,2026-06-01
7602,control,CA,mobile,14,28.4,0.786,2026-06-02
7603,treatment,CA,desktop,1,112.0,1.0,2026-06-04
7604,treatment,US,desktop,4,39.2,1.0,2026-06-03
7605,treatment,BR,desktop,6,37.5,0.833,2026-06-02
7606,treatment,IN,mobile,0,,,2026-06-05
7607,treatment,AU,tablet,1,38.0,1.0,2026-06-05
7608,treatment,IN,desktop,7,63.6,0.429,2026-06-05
7609,control,IN,mobile,2,49.0,0.5,2026-06-04
7610,treatment,US,mobile,1,41.0,0.0,2026-06-04
7611,control,PH,mobile,2,27.0,1.0,2026-06-04
7612,control,US,desktop,3,22.3,0.667,2026-06-03
7613,treatment,BR,mobile,1,24.0,0.0,2026-06-01
7614,treatment,CA,mobile,5,38.4,0.4,2026-06-04
7615,treatment,US,tablet,0,,,2026-06-02
7616,control,US,desktop,13,40.1,0.308,2026-06-01
7617,treatment,DE,mobile,1,26.0,1.0,2026-06-02
7618,control,IN,mobile,7,43.1,1.0,2026-06-03
7619,control,IN,mobile,3,28.7,0.333,2026-06-04
7620,treatment,US,mobile,3,56.7,0.333,2026-06-03
7621,treatment,BR,mobile,12,53.5,0.917,2026-06-05
7622,control,US,tablet,3,41.3,0.667,2026-06-05
7623,control,IN,desktop,1,13.0,0.0,2026-06-01
7624,control,BR,mobile,2,12.0,0.5,2026-06-03
7625,control,IN,tablet,0,,,2026-06-04
7626,treatment,US,desktop,5,36.6,0.8,2026-06-04
7627,control,US,mobile,6,29.0,0.5,2026-06-02
7628,treatment,US,mobile,1,54.0,1.0,2026-06-01
7629,treatment,IN,mobile,4,51.2,0.5,2026-06-01
7630,control,US,desktop,0,,,2026-06-04
7631,treatment,US,mobile,2,40.0,0.5,2026-06-03
7632,control,IN,mobile,7,30.6,0.714,2026-06-01
7633,control,CA,desktop,1,25.0,1.0,2026-06-01
7634,control,IN,mobile,5,27.6,0.4,2026-06-04
7635,control,AU,mobile,4,25.2,0.75,2026-06-05
7636,control,PH,desktop,4,41.0,0.75,2026-06-04
7637,treatment,GB,mobile,3,44.7,1.0,2026-06-05
7638,control,US,mobile,4,41.5,0.5,2026-06-02
7639,treatment,IN,desktop,2,57.0,1.0,2026-06-01
7640,treatment,BR,tablet,0,,,2026-06-02
7641,control,IN,desktop,4,30.5,1.0,2026-06-04
7642,control,BR,tablet,3,31.0,1.0,2026-06-05
7643,control,US,mobile,7,39.1,0.429,2026-06-01
7644,control,IN,mobile,1,18.0,1.0,2026-06-03
7645,control,AU,desktop,2,33.0,1.0,2026-06-04
7646,control,BR,mobile,3,32.3,0.0,2026-06-01
7647,control,IN,mobile,2,40.0,0.5,2026-06-04
7648,treatment,CA,mobile,7,54.3,0.857,2026-06-02
7649,treatment,DE,mobile,1,69.0,1.0,2026-06-03
7650,treatment,US,mobile,0,,,2026-06-03
7651,control,PH,mobile,4,25.0,0.5,2026-06-03
7652,control,BR,mobile,4,44.5,0.25,2026-06-05
7653,control,IN,mobile,1,54.0,1.0,2026-06-04
7654,treatment,BR,mobile,4,38.0,0.75,2026-06-05
7655,control,CA,desktop,0,,,2026-06-05
7656,treatment,CA,mobile,6,37.2,0.667,2026-06-05
7657,treatment,US,desktop,2,30.0,1.0,2026-06-03
7658,treatment,IN,mobile,3,38.3,0.333,2026-06-01
7659,treatment,US,desktop,2,32.5,0.0,2026-06-01
7660,control,CA,desktop,0,,,2026-06-05
7661,treatment,BR,mobile,1,130.0,1.0,2026-06-02
7662,treatment,US,desktop,1,60.0,1.0,2026-06-03
7663,control,US,mobile,8,36.0,0.875,2026-06-05
7664,control,IN,desktop,4,21.8,0.5,2026-06-01
7665,control,IN,desktop,2,28.5,1.0,2026-06-02
7666,treatment,US,desktop,1,43.0,1.0,2026-06-03
7667,treatment,US,mobile,0,,,2026-06-05
7668,control,BR,tablet,3,23.7,0.667,2026-06-03
7669,treatment,IN,desktop,2,41.5,1.0,2026-06-01
7670,treatment,IN,mobile,7,61.1,0.571,2026-06-01
7671,treatment,IN,tablet,2,96.5,1.0,2026-06-05
7672,treatment,IN,mobile,0,,,2026-06-04
7673,treatment,US,mobile,5,60.6,0.8,2026-06-04
7674,control,US,desktop,0,,,2026-06-01
7675,control,IN,desktop,2,17.0,1.0,2026-06-05
7676,treatment,PH,desktop,3,26.7,0.667,2026-06-05
7677,treatment,CA,mobile,2,37.0,0.5,2026-06-05
7678,control,GB,desktop,6,27.5,1.0,2026-06-03
7679,treatment,CA,mobile,3,37.3,0.667,2026-06-05
7680,treatment,US,mobile,4,30.8,0.75,2026-06-05
7681,control,PH,tablet,4,34.0,0.5,2026-06-01
7682,treatment,AU,desktop,4,47.0,0.5,2026-06-03
7683,control,IN,desktop,7,25.9,1.0,2026-06-01
7684,treatment,US,mobile,3,70.7,1.0,2026-06-02
7685,control,US,mobile,2,32.5,0.5,2026-06-03
7686,control,GB,desktop,3,50.0,0.333,2026-06-03
7687,treatment,IN,desktop,2,47.0,1.0,2026-06-03
7688,control,IN,desktop,7,28.7,0.429,2026-06-01
7689,control,PH,mobile,5,30.4,0.6,2026-06-03
7690,control,BR,desktop,5,31.4,0.8,2026-06-01
7691,treatment,US,mobile,3,33.0,0.667,2026-06-01
7692,treatment,DE,tablet,7,48.6,0.857,2026-06-04
7693,control,US,tablet,3,41.7,0.667,2026-06-03
7694,treatment,IN,mobile,0,,,2026-06-04
7695,treatment,PH,mobile,0,,,2026-06-04
7696,treatment,US,mobile,1,71.0,1.0,2026-06-03
7697,control,IN,mobile,2,31.0,0.5,2026-06-03
7698,treatment,CA,mobile,1,40.0,0.0,2026-06-03
7699,control,BR,mobile,1,35.0,1.0,2026-06-04
7700,control,US,desktop,3,39.7,1.0,2026-06-05
7701,treatment,CA,mobile,0,,,2026-06-04
7702,treatment,IN,mobile,0,,,2026-06-03
7703,control,IN,desktop,1,23.0,1.0,2026-06-05
7704,control,PH,mobile,2,25.5,1.0,2026-06-02
7705,control,IN,mobile,1,17.0,0.0,2026-06-04
7706,treatment,GB,mobile,5,45.0,0.8,2026-06-01
7707,control,BR,desktop,5,30.4,0.6,2026-06-05
7708,treatment,US,desktop,0,,,2026-06-02
7709,control,IN,mobile,1,16.0,1.0,2026-06-04
7710,treatment,US,mobile,1,149.0,1.0,2026-06-01
7711,control,BR,desktop,0,,,2026-06-01
7712,treatment,IN,mobile,1,48.0,1.0,2026-06-04
7713,treatment,AU,mobile,3,37.3,0.0,2026-06-04
7714,control,US,mobile,1,14.0,1.0,2026-06-02
7715,control,IN,mobile,1,53.0,1.0,2026-06-05
7716,control,US,tablet,4,32.8,0.75,2026-06-01
7717,treatment,DE,mobile,7,47.6,0.571,2026-06-05
7718,treatment,US,mobile,5,52.8,0.6,2026-06-02
7719,control,IN,mobile,1,33.0,0.0,2026-06-02
7720,treatment,GB,desktop,0,,,2026-06-01
7721,control,US,mobile,4,28.5,0.0,2026-06-05
7722,treatment,PH,desktop,1,98.0,0.0,2026-06-03
7723,control,BR,desktop,4,31.0,0.75,2026-06-02
7724,treatment,IN,mobile,1,211.0,1.0,2026-06-02
7725,control,DE,mobile,4,34.0,1.0,2026-06-01
7726,treatment,BR,mobile,0,,,2026-06-01
7727,treatment,IN,mobile,14,53.4,0.857,2026-06-05
7728,control,AU,desktop,3,31.3,0.667,2026-06-05
7729,control,IN,mobile,1,26.0,1.0,2026-06-01
7730,treatment,IN,mobile,1,57.0,1.0,2026-06-03
7731,control,IN,desktop,4,50.2,1.0,2026-06-01
7732,control,US,mobile,6,36.8,0.5,2026-06-02
7733,treatment,GB,mobile,2,24.0,1.0,2026-06-03
7734,control,PH,mobile,3,25.3,0.667,2026-06-03
7735,treatment,BR,mobile,9,46.4,0.667,2026-06-02
7736,control,BR,desktop,1,35.0,1.0,2026-06-01
7737,control,US,mobile,2,41.5,0.5,2026-06-04
7738,treatment,US,desktop,0,,,2026-06-05
7739,treatment,US,mobile,3,35.3,1.0,2026-06-03
7740,treatment,IN,mobile,0,,,2026-06-03
7741,treatment,PH,mobile,0,,,2026-06-01
7742,treatment,CA,desktop,7,41.9,0.571,2026-06-05
7743,treatment,US,desktop,0,,,2026-06-05
7744,treatment,US,mobile,8,39.0,0.625,2026-06-04
7745,treatment,BR,desktop,12,45.5,0.75,2026-06-04
7746,control,GB,tablet,3,24.0,0.667,2026-06-03
7747,treatment,BR,mobile,1,30.0,0.0,2026-06-02
7748,treatment,US,mobile,1,59.0,1.0,2026-06-02
7749,treatment,US,desktop,6,37.7,0.667,2026-06-01
7750,treatment,PH,mobile,3,49.7,0.667,2026-06-02
7751,control,BR,mobile,4,30.8,1.0,2026-06-03
7752,treatment,DE,mobile,2,31.5,0.5,2026-06-01
7753,control,GB,mobile,2,33.5,0.5,2026-06-02
7754,treatment,GB,mobile,4,55.0,1.0,2026-06-04
7755,control,IN,desktop,3,20.0,0.667,2026-06-03
7756,treatment,IN,desktop,9,34.1,0.778,2026-06-01
7757,treatment,US,mobile,3,40.3,0.667,2026-06-04
7758,control,CA,desktop,4,52.8,0.5,2026-06-02
7759,control,GB,mobile,3,44.0,0.667,2026-06-04
7760,treatment,IN,desktop,1,33.0,1.0,2026-06-01
7761,treatment,BR,mobile,2,108.0,1.0,2026-06-03
7762,treatment,BR,mobile,2,68.0,1.0,2026-06-03
7763,control,IN,tablet,8,40.5,0.875,2026-06-04
7764,treatment,CA,desktop,6,52.0,0.667,2026-06-04
7765,treatment,IN,mobile,2,23.5,1.0,2026-06-02
7766,control,CA,mobile,1,40.0,0.0,2026-06-01
7767,control,IN,desktop,1,29.0,1.0,2026-06-05
7768,control,US,mobile,4,31.8,0.0,2026-06-05
7769,treatment,AU,desktop,6,52.2,1.0,2026-06-02
7770,treatment,BR,desktop,1,20.0,1.0,2026-06-04
7771,treatment,US,desktop,6,39.0,0.833,2026-06-01
7772,control,US,tablet,2,31.0,1.0,2026-06-02
7773,control,US,mobile,4,27.5,0.5,2026-06-01
7774,treatment,US,mobile,3,41.7,0.667,2026-06-01
7775,treatment,PH,mobile,2,35.5,1.0,2026-06-01
7776,treatment,US,mobile,1,25.0,1.0,2026-06-05
7777,control,US,mobile,4,23.0,0.5,2026-06-02
7778,control,PH,mobile,4,47.2,0.5,2026-06-04
7779,treatment,IN,desktop,6,45.2,0.667,2026-06-02
7780,treatment,GB,mobile,1,13.0,1.0,2026-06-03
7781,control,AU,desktop,2,30.5,0.5,2026-06-05
7782,control,PH,desktop,1,21.0,1.0,2026-06-03
7783,treatment,IN,desktop,3,43.7,1.0,2026-06-01
7784,treatment,US,mobile,1,64.0,0.0,2026-06-04
7785,treatment,US,mobile,3,48.3,1.0,2026-06-02
7786,control,IN,mobile,5,25.4,0.6,2026-06-05
7787,treatment,BR,desktop,1,46.0,0.0,2026-06-05
7788,control,IN,mobile,2,39.0,1.0,2026-06-05
7789,treatment,IN,mobile,5,64.0,1.0,2026-06-01
7790,treatment,PH,mobile,0,,,2026-06-05
7791,control,IN,mobile,2,12.5,0.0,2026-06-03
7792,control,BR,desktop,9,26.7,0.667,2026-06-03
7793,treatment,US,mobile,1,45.0,1.0,2026-06-04
7794,control,US,mobile,1,43.0,0.0,2026-06-02
7795,control,IN,tablet,14,30.4,0.714,2026-06-05
7796,treatment,IN,desktop,2,27.5,1.0,2026-06-03
7797,control,US,mobile,2,46.0,1.0,2026-06-03
7798,treatment,DE,mobile,1,24.0,1.0,2026-06-05
7799,treatment,PH,mobile,5,41.2,1.0,2026-06-03
7800,treatment,IN,desktop,1,45.0,1.0,2026-06-04
7801,control,US,tablet,9,28.7,0.667,2026-06-04
7802,control,US,desktop,5,36.6,1.0,2026-06-01
7803,treatment,US,mobile,2,43.5,1.0,2026-06-03
7804,treatment,US,mobile,1,33.0,1.0,2026-06-05
7805,treatment,PH,desktop,17,47.1,0.529,2026-06-04
7806,treatment,US,tablet,2,37.5,1.0,2026-06-04
7807,control,US,mobile,3,23.7,0.667,2026-06-04
7808,treatment,US,mobile,5,65.8,0.6,2026-06-04
7809,control,IN,mobile,13,33.7,0.769,2026-06-05
7810,control,DE,mobile,4,20.8,0.75,2026-06-02
7811,control,US,mobile,3,36.7,0.333,2026-06-01
7812,control,US,desktop,1,31.0,1.0,2026-06-05
7813,treatment,IN,mobile,4,45.5,0.25,2026-06-01
7814,control,IN,mobile,2,25.5,0.5,2026-06-04
7815,treatment,US,mobile,1,37.0,0.0,2026-06-05
7816,treatment,IN,mobile,4,40.5,0.75,2026-06-02
7817,treatment,AU,mobile,2,30.0,1.0,2026-06-01
7818,control,BR,desktop,3,25.0,0.333,2026-06-05
7819,control,US,mobile,10,44.6,0.8,2026-06-03
7820,treatment,IN,mobile,8,47.5,0.625,2026-06-05
7821,treatment,US,mobile,6,60.5,0.667,2026-06-05
7822,treatment,AU,tablet,2,41.0,1.0,2026-06-03
7823,control,US,mobile,2,55.0,0.5,2026-06-02
7824,control,BR,mobile,1,31.0,1.0,2026-06-04
7825,control,US,desktop,14,38.8,0.857,2026-06-01
7826,treatment,IN,mobile,8,44.2,0.75,2026-06-05
7827,control,AU,desktop,0,,,2026-06-03
7828,treatment,IN,mobile,4,40.5,1.0,2026-06-05
7829,treatment,BR,mobile,1,45.0,1.0,2026-06-01
7830,treatment,CA,mobile,7,68.4,0.571,2026-06-04
7831,control,US,mobile,1,44.0,1.0,2026-06-01
7832,treatment,BR,mobile,3,50.7,0.667,2026-06-01
7833,treatment,IN,mobile,8,45.9,0.75,2026-06-01
7834,treatment,DE,desktop,4,53.5,0.5,2026-06-02
7835,control,BR,mobile,4,26.8,1.0,2026-06-04
7836,treatment,US,desktop,0,,,2026-06-04
7837,control,US,mobile,1,33.0,1.0,2026-06-01
7838,control,US,desktop,5,26.6,0.6,2026-06-04
7839,treatment,US,mobile,1,26.0,1.0,2026-06-01
7840,control,DE,desktop,10,30.9,0.6,2026-06-01
7841,treatment,BR,tablet,2,83.0,0.5,2026-06-01
7842,control,PH,mobile,3,31.7,1.0,2026-06-05
7843,treatment,PH,mobile,1,24.0,1.0,2026-06-03
7844,control,GB,mobile,6,45.5,0.667,2026-06-03
7845,control,IN,desktop,3,37.7,0.333,2026-06-01
7846,treatment,BR,desktop,2,34.5,0.5,2026-06-02
7847,control,US,mobile,3,35.3,1.0,2026-06-03
7848,control,PH,mobile,4,39.5,1.0,2026-06-02
7849,treatment,US,desktop,0,,,2026-06-04
7850,control,IN,mobile,3,24.0,0.667,2026-06-01
7851,treatment,AU,mobile,3,40.7,0.333,2026-06-04
7852,treatment,IN,desktop,1,67.0,1.0,2026-06-02
7853,treatment,BR,desktop,11,48.3,0.818,2026-06-03
7854,treatment,DE,mobile,1,69.0,1.0,2026-06-05
7855,treatment,AU,mobile,10,53.1,0.9,2026-06-04
7856,treatment,US,mobile,2,78.0,1.0,2026-06-03
7857,treatment,US,mobile,7,60.3,0.714,2026-06-05
7858,control,US,mobile,3,37.0,1.0,2026-06-03
7859,treatment,IN,mobile,4,36.2,1.0,2026-06-04
7860,treatment,PH,desktop,2,18.5,0.5,2026-06-04
7861,treatment,BR,desktop,2,38.5,1.0,2026-06-01
7862,treatment,CA,desktop,0,,,2026-06-04
7863,treatment,US,desktop,2,39.0,1.0,2026-06-02
7864,control,PH,mobile,1,48.0,1.0,2026-06-03
7865,treatment,IN,mobile,0,,,2026-06-04
7866,treatment,AU,mobile,0,,,2026-06-05
7867,treatment,IN,mobile,1,91.0,1.0,2026-06-01
7868,control,BR,mobile,0,,,2026-06-02
7869,control,BR,mobile,0,,,2026-06-01
7870,control,US,mobile,4,28.0,0.75,2026-06-04
7871,treatment,PH,mobile,4,48.2,1.0,2026-06-02
7872,treatment,IN,tablet,0,,,2026-06-04
7873,treatment,US,mobile,8,47.0,0.75,2026-06-03
7874,control,BR,desktop,2,16.5,1.0,2026-06-04
7875,control,IN,desktop,2,13.0,0.5,2026-06-03
7876,treatment,IN,mobile,0,,,2026-06-03
7877,treatment,IN,desktop,2,46.5,1.0,2026-06-05
7878,treatment,PH,desktop,1,64.0,1.0,2026-06-01
7879,control,GB,mobile,5,18.6,0.6,2026-06-04
7880,control,GB,mobile,0,,,2026-06-02
7881,treatment,PH,desktop,4,43.5,0.75,2026-06-02
7882,treatment,IN,mobile,3,35.3,0.667,2026-06-04
7883,treatment,PH,mobile,4,36.8,0.75,2026-06-04
7884,treatment,US,desktop,1,26.0,1.0,2026-06-04
7885,control,BR,desktop,0,,,2026-06-03
7886,treatment,AU,mobile,3,34.0,0.667,2026-06-01
7887,treatment,CA,tablet,0,,,2026-06-03
7888,control,US,mobile,5,34.6,0.8,2026-06-02
7889,control,US,mobile,3,28.7,0.333,2026-06-02
7890,treatment,GB,desktop,4,64.8,1.0,2026-06-01
7891,control,IN,mobile,3,34.7,1.0,2026-06-03
7892,treatment,US,mobile,2,33.0,1.0,2026-06-02
7893,treatment,PH,mobile,0,,,2026-06-02
7894,treatment,PH,mobile,0,,,2026-06-04
7895,treatment,US,mobile,2,35.0,0.0,2026-06-05
7896,control,US,mobile,6,21.5,0.333,2026-06-01
7897,control,PH,desktop,15,39.6,0.6,2026-06-01
7898,treatment,US,tablet,5,56.2,0.8,2026-06-01
7899,treatment,IN,desktop,1,78.0,1.0,2026-06-02
7900,control,GB,mobile,1,30.0,1.0,2026-06-04
7901,control,US,mobile,13,29.5,0.615,2026-06-03
7902,control,US,mobile,0,,,2026-06-02
7903,control,US,mobile,6,31.5,0.833,2026-06-05
7904,treatment,US,desktop,3,36.0,0.333,2026-06-03
7905,treatment,BR,desktop,6,66.8,1.0,2026-06-02
7906,treatment,US,mobile,0,,,2026-06-03
7907,treatment,US,desktop,2,36.5,0.5,2026-06-05
7908,control,PH,mobile,2,30.0,0.5,2026-06-03
7909,treatment,US,mobile,2,93.5,1.0,2026-06-04
7910,treatment,GB,mobile,0,,,2026-06-05
7911,control,AU,mobile,7,31.1,0.857,2026-06-04
7912,control,DE,mobile,3,24.7,0.333,2026-06-02
7913,treatment,CA,mobile,1,30.0,1.0,2026-06-03
7914,control,BR,mobile,1,55.0,1.0,2026-06-05
7915,control,PH,desktop,2,21.5,0.5,2026-06-04
7916,control,US,mobile,2,27.5,0.5,2026-06-03
7917,control,BR,mobile,1,12.0,0.0,2026-06-03
7918,control,CA,mobile,4,27.5,0.5,2026-06-05
7919,treatment,BR,mobile,4,67.2,1.0,2026-06-05
7920,control,US,mobile,0,,,2026-06-03
7921,treatment,IN,mobile,7,67.6,0.571,2026-06-01
7922,treatment,DE,mobile,3,23.3,0.667,2026-06-01
7923,treatment,US,desktop,2,23.5,1.0,2026-06-04
7924,treatment,PH,mobile,6,60.0,1.0,2026-06-01
7925,control,US,mobile,4,39.0,0.25,2026-06-01
7926,treatment,US,mobile,1,52.0,1.0,2026-06-02
7927,control,US,mobile,5,31.0,0.6,2026-06-05
7928,treatment,BR,mobile,7,41.0,0.143,2026-06-05
7929,treatment,BR,desktop,0,,,2026-06-02
7930,treatment,US,desktop,4,47.5,0.75,2026-06-02
7931,control,IN,mobile,4,30.0,1.0,2026-06-04
7932,control,IN,mobile,0,,,2026-06-04
7933,control,US,desktop,5,33.8,0.6,2026-06-05
7934,treatment,GB,desktop,3,63.0,0.667,2026-06-01
7935,control,BR,mobile,7,31.3,0.857,2026-06-01
7936,control,DE,mobile,5,30.0,0.6,2026-06-05
7937,treatment,US,mobile,1,32.0,1.0,2026-06-03
7938,treatment,PH,mobile,1,46.0,1.0,2026-06-01
7939,control,IN,desktop,1,23.0,1.0,2026-06-03
7940,control,US,desktop,11,39.8,0.455,2026-06-01
7941,control,AU,mobile,2,25.0,0.0,2026-06-02
7942,control,US,mobile,5,36.6,0.2,2026-06-05
7943,treatment,IN,desktop,6,45.0,0.833,2026-06-05
7944,control,BR,mobile,5,30.8,0.4,2026-06-03
7945,treatment,IN,mobile,3,29.3,0.667,2026-06-02
7946,treatment,CA,mobile,5,25.8,0.2,2026-06-05
7947,control,CA,desktop,2,30.0,1.0,2026-06-02
7948,control,IN,tablet,8,31.4,0.625,2026-06-01
7949,control,BR,mobile,2,22.0,0.5,2026-06-03
7950,treatment,CA,desktop,0,,,2026-06-04
7951,treatment,US,mobile,1,35.0,1.0,2026-06-05
7952,control,AU,desktop,0,,,2026-06-05
7953,treatment,US,mobile,1,53.0,0.0,2026-06-02
7954,treatment,BR,mobile,3,53.3,0.0,2026-06-02
7955,treatment,PH,desktop,3,62.3,1.0,2026-06-01
7956,control,CA,tablet,4,36.2,0.5,2026-06-01
7957,control,BR,desktop,0,,,2026-06-03
7958,treatment,PH,mobile,4,46.0,1.0,2026-06-02
7959,control,IN,desktop,1,36.0,1.0,2026-06-05
7960,control,US,desktop,2,23.0,0.5,2026-06-04
7961,treatment,US,mobile,1,117.0,1.0,2026-06-03
7962,control,GB,mobile,7,37.6,0.429,2026-06-05
7963,control,IN,desktop,2,34.5,0.5,2026-06-05
7964,control,DE,desktop,10,24.0,0.5,2026-06-04
7965,control,US,mobile,1,33.0,1.0,2026-06-01
7966,treatment,IN,mobile,3,69.7,0.667,2026-06-05
7967,treatment,IN,mobile,3,52.0,0.667,2026-06-05
7968,treatment,CA,desktop,0,,,2026-06-02
7969,treatment,US,mobile,5,47.2,0.8,2026-06-04
7970,control,US,desktop,7,45.7,0.429,2026-06-03
7971,treatment,BR,desktop,1,66.0,1.0,2026-06-04
7972,control,AU,mobile,4,42.5,0.75,2026-06-01
7973,treatment,BR,mobile,3,38.3,0.667,2026-06-03
7974,control,DE,mobile,4,29.2,0.5,2026-06-02
7975,control,IN,mobile,1,57.0,1.0,2026-06-03
7976,control,US,mobile,10,50.5,0.4,2026-06-04
7977,control,BR,mobile,2,49.5,1.0,2026-06-02
7978,treatment,GB,desktop,1,16.0,1.0,2026-06-01
7979,treatment,US,mobile,6,48.0,0.833,2026-06-03
7980,treatment,US,desktop,1,18.0,0.0,2026-06-02
7981,treatment,US,desktop,5,39.2,0.8,2026-06-04
7982,treatment,PH,mobile,1,26.0,1.0,2026-06-05
7983,control,US,mobile,6,35.3,0.333,2026-06-03
7984,treatment,IN,mobile,4,36.2,0.75,2026-06-03
7985,control,US,mobile,1,44.0,1.0,2026-06-02
7986,treatment,US,mobile,2,90.0,0.5,2026-06-02
7987,treatment,IN,mobile,1,55.0,1.0,2026-06-05
7988,treatment,PH,desktop,8,55.6,0.875,2026-06-05
7989,treatment,GB,mobile,1,66.0,1.0,2026-06-02
7990,treatment,IN,mobile,0,,,2026-06-03
7991,control,CA,tablet,3,34.0,1.0,2026-06-03
7992,control,US,mobile,1,60.0,1.0,2026-06-05
7993,control,PH,desktop,10,40.0,0.8,2026-06-03
7994,control,BR,mobile,0,,,2026-06-02
7995,control,BR,desktop,1,63.0,1.0,2026-06-04
7996,control,BR,mobile,5,30.2,0.6,2026-06-04
7997,control,US,desktop,1,68.0,1.0,2026-06-03
7998,treatment,US,tablet,6,50.0,1.0,2026-06-03
7999,control,US,mobile,1,15.0,0.0,2026-06-05
8000,control,US,mobile,1,21.0,0.0,2026-06-03
8001,treatment,IN,desktop,0,,,2026-06-02
8002,treatment,IN,desktop,12,49.0,1.0,2026-06-04
8003,treatment,IN,desktop,3,43.3,0.667,2026-06-02
8004,control,US,mobile,0,,,2026-06-05
8005,control,IN,mobile,1,48.0,0.0,2026-06-04
8006,treatment,IN,mobile,2,61.5,1.0,2026-06-01
8007,treatment,PH,tablet,0,,,2026-06-02
8008,treatment,US,mobile,2,28.5,0.5,2026-06-01
8009,control,US,mobile,2,27.0,0.0,2026-06-05
8010,treatment,IN,desktop,4,43.0,0.75,2026-06-02
8011,treatment,PH,mobile,3,56.0,1.0,2026-06-05
8012,control,IN,mobile,8,37.0,0.625,2026-06-04
8013,treatment,US,desktop,2,36.0,0.5,2026-06-05
8014,control,US,mobile,1,23.0,1.0,2026-06-02
8015,treatment,BR,mobile,4,44.8,0.75,2026-06-01
8016,treatment,PH,desktop,0,,,2026-06-02
8017,control,GB,mobile,2,22.0,0.0,2026-06-05
8018,treatment,IN,desktop,2,38.5,0.5,2026-06-02
8019,treatment,US,mobile,3,39.7,0.667,2026-06-02
8020,treatment,US,mobile,3,55.0,0.333,2026-06-03
8021,control,US,mobile,7,31.7,0.571,2026-06-01
8022,treatment,DE,desktop,5,51.4,0.6,2026-06-01
8023,control,US,mobile,1,36.0,0.0,2026-06-05
8024,treatment,AU,mobile,2,39.0,1.0,2026-06-02
8025,treatment,CA,mobile,1,22.0,1.0,2026-06-03
8026,control,BR,mobile,8,29.1,0.75,2026-06-03
8027,treatment,PH,mobile,4,34.8,0.25,2026-06-05
8028,treatment,US,mobile,3,38.7,1.0,2026-06-05
8029,control,IN,mobile,4,18.2,0.75,2026-06-05
8030,control,US,mobile,0,,,2026-06-03
8031,treatment,PH,desktop,4,47.5,0.25,2026-06-02
8032,treatment,DE,mobile,1,49.0,1.0,2026-06-04
8033,control,IN,mobile,0,,,2026-06-04
8034,treatment,PH,mobile,2,41.5,1.0,2026-06-02
8035,treatment,PH,mobile,4,39.5,1.0,2026-06-05
8036,control,US,desktop,1,34.0,0.0,2026-06-01
8037,treatment,AU,mobile,1,117.0,1.0,2026-06-02
8038,treatment,US,mobile,9,38.6,0.667,2026-06-02
8039,control,PH,mobile,6,27.8,1.0,2026-06-01
8040,treatment,BR,mobile,5,39.2,1.0,2026-06-01
8041,treatment,US,desktop,0,,,2026-06-02
8042,control,PH,desktop,1,30.0,0.0,2026-06-04
8043,control,BR,desktop,2,25.5,1.0,2026-06-02
8044,control,IN,tablet,1,28.0,1.0,2026-06-01
8045,control,CA,mobile,1,60.0,0.0,2026-06-02
8046,control,BR,mobile,3,28.3,0.667,2026-06-03
8047,treatment,US,desktop,2,34.5,0.5,2026-06-04
8048,control,CA,mobile,6,34.5,1.0,2026-06-03
8049,treatment,US,desktop,5,45.4,0.8,2026-06-05
8050,control,BR,desktop,1,34.0,1.0,2026-06-03
8051,control,IN,desktop,5,40.4,0.8,2026-06-01
8052,treatment,BR,desktop,1,19.0,1.0,2026-06-01
8053,control,IN,desktop,12,33.2,0.75,2026-06-03
8054,control,US,desktop,1,57.0,0.0,2026-06-05
8055,treatment,US,mobile,7,56.4,0.714,2026-06-03
8056,treatment,IN,mobile,2,41.5,0.5,2026-06-04
8057,control,US,desktop,3,42.3,0.333,2026-06-05
8058,treatment,US,tablet,8,41.5,0.875,2026-06-05
8059,control,US,mobile,1,39.0,0.0,2026-06-04
8060,treatment,IN,desktop,1,38.0,1.0,2026-06-01
8061,treatment,IN,desktop,2,35.0,1.0,2026-06-03
8062,treatment,US,mobile,2,61.5,0.5,2026-06-02
8063,control,CA,desktop,2,14.5,1.0,2026-06-01
8064,treatment,PH,desktop,0,,,2026-06-04
8065,control,BR,desktop,5,40.6,0.8,2026-06-04
8066,treatment,IN,mobile,16,47.1,0.625,2026-06-02
8067,treatment,IN,mobile,2,60.0,1.0,2026-06-05
8068,control,US,mobile,5,33.0,0.2,2026-06-02
8069,treatment,US,mobile,3,62.3,1.0,2026-06-04
8070,treatment,GB,desktop,2,66.5,0.5,2026-06-01
8071,control,IN,mobile,2,34.0,0.5,2026-06-02
8072,control,CA,desktop,2,31.0,0.5,2026-06-05
8073,control,US,mobile,1,28.0,0.0,2026-06-01
8074,control,AU,mobile,0,,,2026-06-04
8075,treatment,IN,desktop,9,45.7,0.556,2026-06-02
8076,treatment,IN,mobile,2,26.0,0.5,2026-06-04
8077,treatment,PH,desktop,0,,,2026-06-05
8078,treatment,IN,mobile,1,35.0,0.0,2026-06-02
8079,treatment,US,mobile,5,43.0,0.2,2026-06-05
8080,control,PH,desktop,4,19.8,0.75,2026-06-02
8081,treatment,CA,mobile,0,,,2026-06-04
8082,treatment,IN,mobile,0,,,2026-06-04
8083,treatment,US,tablet,3,63.0,1.0,2026-06-04
8084,treatment,IN,mobile,2,59.5,1.0,2026-06-04
8085,treatment,US,desktop,2,54.5,1.0,2026-06-02
8086,treatment,US,mobile,8,56.0,0.875,2026-06-02
8087,control,IN,mobile,1,19.0,0.0,2026-06-01
8088,treatment,US,desktop,5,41.4,0.6,2026-06-01
8089,control,GB,mobile,6,25.3,0.333,2026-06-02
8090,treatment,AU,mobile,1,41.0,1.0,2026-06-04
8091,control,AU,desktop,2,44.5,0.5,2026-06-05
8092,control,US,desktop,2,69.5,1.0,2026-06-04
8093,control,US,tablet,1,27.0,1.0,2026-06-02
8094,treatment,BR,mobile,2,56.5,1.0,2026-06-02
8095,control,BR,mobile,0,,,2026-06-05
8096,treatment,BR,mobile,2,61.5,1.0,2026-06-02
8097,control,BR,mobile,1,13.0,1.0,2026-06-01
8098,control,BR,mobile,5,30.2,0.4,2026-06-05
8099,treatment,IN,mobile,1,32.0,1.0,2026-06-03
8100,control,DE,desktop,3,40.7,1.0,2026-06-02
8101,treatment,IN,mobile,3,101.0,1.0,2026-06-01
8102,control,US,tablet,3,39.3,0.333,2026-06-05
8103,control,US,mobile,1,21.0,1.0,2026-06-03
8104,treatment,BR,desktop,2,73.0,0.5,2026-06-03
8105,control,PH,mobile,1,26.0,0.0,2026-06-03
8106,control,IN,desktop,1,29.0,0.0,2026-06-02
8107,treatment,US,desktop,9,51.2,0.667,2026-06-03
8108,treatment,US,mobile,0,,,2026-06-05
8109,treatment,US,desktop,0,,,2026-06-02
8110,control,US,mobile,1,13.0,0.0,2026-06-02
8111,control,US,mobile,0,,,2026-06-04
8112,treatment,CA,desktop,5,61.6,0.6,2026-06-04
8113,control,US,mobile,13,33.8,0.692,2026-06-03
8114,control,DE,tablet,4,30.5,0.75,2026-06-05
8115,control,IN,mobile,3,41.3,0.333,2026-06-05
8116,treatment,PH,mobile,6,40.5,0.833,2026-06-05
8117,treatment,GB,desktop,0,,,2026-06-05
8118,control,PH,mobile,1,42.0,1.0,2026-06-04
8119,treatment,PH,desktop,3,65.3,0.333,2026-06-03
8120,treatment,BR,mobile,4,69.2,0.5,2026-06-05
8121,treatment,GB,desktop,1,38.0,1.0,2026-06-03
8122,control,DE,mobile,3,39.3,0.667,2026-06-01
8123,control,IN,desktop,5,28.4,0.8,2026-06-01
8124,control,BR,desktop,3,29.0,0.667,2026-06-05
8125,treatment,AU,mobile,6,44.0,0.5,2026-06-03
8126,control,DE,mobile,9,29.4,0.333,2026-06-02
8127,treatment,US,desktop,3,59.0,1.0,2026-06-01
8128,control,DE,mobile,2,32.0,1.0,2026-06-05
8129,treatment,US,mobile,3,49.7,0.333,2026-06-03
8130,control,IN,tablet,2,26.5,1.0,2026-06-03
8131,treatment,BR,mobile,0,,,2026-06-02
8132,treatment,BR,mobile,4,34.0,0.5,2026-06-03
8133,treatment,US,mobile,10,39.9,0.8,2026-06-02
8134,control,BR,mobile,5,24.2,0.8,2026-06-02
8135,treatment,US,mobile,2,31.5,1.0,2026-06-02
8136,control,IN,desktop,1,22.0,1.0,2026-06-02
8137,control,US,desktop,1,20.0,1.0,2026-06-05
8138,control,BR,mobile,18,45.8,0.722,2026-06-04
8139,treatment,AU,mobile,4,67.0,1.0,2026-06-02
8140,treatment,BR,mobile,1,45.0,1.0,2026-06-02
8141,treatment,GB,mobile,7,35.6,1.0,2026-06-02
8142,control,CA,tablet,8,33.6,0.5,2026-06-01
8143,treatment,IN,mobile,1,34.0,1.0,2026-06-04
8144,control,US,desktop,2,24.0,0.0,2026-06-04
8145,control,IN,desktop,2,28.0,1.0,2026-06-03
8146,control,IN,mobile,5,36.6,0.6,2026-06-04
8147,control,IN,desktop,0,,,2026-06-01
8148,treatment,US,mobile,2,71.0,0.5,2026-06-05
8149,treatment,CA,desktop,7,51.6,0.857,2026-06-02
8150,control,US,mobile,2,27.5,1.0,2026-06-03
8151,control,US,desktop,2,38.0,0.5,2026-06-04
8152,treatment,GB,desktop,3,41.7,0.667,2026-06-04
8153,treatment,US,desktop,0,,,2026-06-04
8154,treatment,PH,mobile,2,37.0,1.0,2026-06-05
8155,control,IN,mobile,3,36.0,0.667,2026-06-05
8156,treatment,US,mobile,2,24.0,1.0,2026-06-04
8157,control,US,mobile,7,39.0,0.857,2026-06-05
8158,control,US,desktop,0,,,2026-06-02
8159,control,IN,desktop,5,23.8,0.8,2026-06-01
8160,control,AU,mobile,5,35.2,1.0,2026-06-03
8161,treatment,BR,mobile,3,54.3,1.0,2026-06-03
8162,control,US,desktop,1,37.0,1.0,2026-06-05
8163,treatment,BR,mobile,3,41.3,0.667,2026-06-02
8164,control,IN,mobile,7,29.3,0.714,2026-06-01
8165,control,CA,mobile,2,47.5,0.5,2026-06-05
8166,control,GB,mobile,5,47.6,0.6,2026-06-01
8167,treatment,IN,mobile,6,37.2,0.833,2026-06-03
8168,control,IN,mobile,1,77.0,1.0,2026-06-01
8169,control,AU,mobile,3,23.0,0.333,2026-06-03
8170,treatment,IN,desktop,5,35.6,0.4,2026-06-01
8171,control,IN,mobile,2,44.0,1.0,2026-06-04
8172,treatment,DE,mobile,3,35.0,1.0,2026-06-03
8173,treatment,US,mobile,1,37.0,0.0,2026-06-01
8174,treatment,AU,mobile,11,55.4,0.727,2026-06-03
8175,control,US,desktop,4,23.5,0.75,2026-06-04
8176,treatment,DE,desktop,3,42.3,0.667,2026-06-02
8177,control,BR,mobile,3,34.0,0.667,2026-06-03
8178,treatment,CA,mobile,4,46.8,0.5,2026-06-03
8179,treatment,PH,tablet,3,34.0,0.667,2026-06-04
8180,control,IN,mobile,5,35.2,0.4,2026-06-04
8181,control,AU,desktop,1,25.0,1.0,2026-06-04
8182,treatment,US,mobile,0,,,2026-06-04
8183,control,PH,mobile,1,19.0,0.0,2026-06-02
8184,control,US,mobile,5,36.0,0.6,2026-06-04
8185,control,US,tablet,1,48.0,0.0,2026-06-03
8186,treatment,IN,desktop,0,,,2026-06-02
8187,treatment,IN,desktop,9,48.4,0.778,2026-06-03
8188,treatment,CA,desktop,0,,,2026-06-04
8189,control,BR,desktop,0,,,2026-06-03
8190,treatment,CA,mobile,0,,,2026-06-03
8191,control,US,desktop,0,,,2026-06-01
8192,treatment,BR,mobile,0,,,2026-06-01
8193,treatment,US,mobile,5,46.6,0.4,2026-06-04
8194,control,IN,desktop,0,,,2026-06-02
8195,control,IN,mobile,1,28.0,1.0,2026-06-01
8196,treatment,IN,mobile,6,47.5,1.0,2026-06-02
8197,treatment,PH,mobile,4,68.2,0.5,2026-06-03
8198,control,PH,desktop,0,,,2026-06-05
8199,control,DE,desktop,2,38.5,1.0,2026-06-03
8200,treatment,US,mobile,4,49.8,0.75,2026-06-05
8201,control,AU,mobile,1,36.0,1.0,2026-06-02
8202,treatment,GB,mobile,1,56.0,1.0,2026-06-04
8203,control,US,mobile,3,43.0,1.0,2026-06-01
8204,control,US,mobile,5,37.4,0.8,2026-06-03
8205,treatment,DE,mobile,4,54.8,1.0,2026-06-04
8206,control,DE,mobile,3,41.7,0.333,2026-06-05
8207,control,US,desktop,0,,,2026-06-05
8208,control,IN,mobile,2,27.5,1.0,2026-06-04
8209,treatment,US,mobile,3,36.7,1.0,2026-06-02
8210,control,PH,mobile,3,27.7,0.333,2026-06-05
8211,treatment,CA,mobile,1,60.0,0.0,2026-06-05
8212,control,US,tablet,1,26.0,1.0,2026-06-03
8213,control,US,tablet,0,,,2026-06-04
8214,control,US,mobile,5,29.0,0.8,2026-06-02
8215,control,US,mobile,3,23.0,1.0,2026-06-02
8216,control,BR,mobile,4,21.8,0.25,2026-06-02
8217,treatment,AU,desktop,0,,,2026-06-02
8218,treatment,IN,tablet,0,,,2026-06-03
8219,control,US,mobile,4,41.5,0.75,2026-06-03
8220,treatment,US,mobile,1,49.0,0.0,2026-06-04
8221,control,BR,desktop,0,,,2026-06-03
8222,control,IN,tablet,2,23.5,1.0,2026-06-03
8223,treatment,IN,mobile,2,88.0,0.5,2026-06-04
8224,treatment,PH,desktop,0,,,2026-06-05
8225,treatment,AU,mobile,1,36.0,0.0,2026-06-03
8226,treatment,US,desktop,3,24.0,1.0,2026-06-02
8227,treatment,US,mobile,3,49.3,1.0,2026-06-04
8228,control,GB,mobile,5,40.0,0.4,2026-06-01
8229,treatment,BR,mobile,6,57.0,0.667,2026-06-03
8230,control,US,mobile,3,22.0,0.667,2026-06-02
8231,treatment,IN,desktop,2,63.0,1.0,2026-06-04
8232,treatment,CA,mobile,4,36.5,1.0,2026-06-02
8233,treatment,IN,tablet,3,37.0,0.333,2026-06-04
8234,treatment,PH,desktop,0,,,2026-06-04
8235,treatment,GB,tablet,5,41.8,0.8,2026-06-04
8236,control,BR,mobile,5,47.0,0.6,2026-06-02
8237,control,PH,tablet,1,8.0,0.0,2026-06-05
8238,treatment,GB,desktop,0,,,2026-06-02
8239,control,US,desktop,1,16.0,1.0,2026-06-03
8240,treatment,US,mobile,6,53.2,0.833,2026-06-03
8241,treatment,GB,desktop,5,65.2,0.8,2026-06-01
8242,treatment,CA,mobile,5,33.6,0.4,2026-06-04
8243,treatment,GB,desktop,0,,,2026-06-03
8244,treatment,US,mobile,4,40.5,0.5,2026-06-01
8245,treatment,US,tablet,2,19.5,1.0,2026-06-04
8246,control,PH,mobile,2,25.5,0.5,2026-06-01
8247,treatment,AU,mobile,1,74.0,1.0,2026-06-02
8248,control,DE,tablet,4,29.0,0.75,2026-06-02
8249,treatment,US,tablet,3,40.0,1.0,2026-06-02
8250,control,US,desktop,0,,,2026-06-04
8251,treatment,US,mobile,4,50.8,0.25,2026-06-03
8252,treatment,PH,mobile,4,41.5,0.75,2026-06-03
8253,control,US,tablet,5,28.6,1.0,2026-06-04
8254,treatment,IN,mobile,6,54.7,0.833,2026-06-01
8255,treatment,US,mobile,1,40.0,1.0,2026-06-02
8256,treatment,PH,mobile,3,49.3,0.333,2026-06-05
8257,treatment,US,mobile,5,54.4,1.0,2026-06-01
8258,control,CA,desktop,5,28.2,0.8,2026-06-03
8259,treatment,IN,desktop,1,34.0,0.0,2026-06-01
8260,treatment,IN,mobile,1,39.0,0.0,2026-06-03
8261,control,US,mobile,1,37.0,1.0,2026-06-03
8262,control,IN,desktop,1,16.0,0.0,2026-06-04
8263,control,US,mobile,0,,,2026-06-03
8264,treatment,PH,mobile,2,57.5,0.5,2026-06-04
8265,treatment,GB,desktop,2,22.0,1.0,2026-06-03
8266,control,AU,mobile,6,34.8,0.833,2026-06-02
8267,treatment,IN,tablet,1,63.0,1.0,2026-06-05
8268,control,IN,desktop,3,26.3,1.0,2026-06-03
8269,control,US,mobile,2,43.5,0.5,2026-06-01
8270,control,US,mobile,3,30.3,0.667,2026-06-04
8271,treatment,IN,mobile,6,46.0,0.667,2026-06-05
8272,treatment,IN,mobile,2,78.0,1.0,2026-06-03
8273,treatment,US,mobile,2,57.0,0.5,2026-06-03
8274,control,US,tablet,6,26.8,0.333,2026-06-02
8275,treatment,AU,desktop,5,65.0,0.6,2026-06-03
8276,treatment,IN,mobile,3,36.3,1.0,2026-06-05
8277,treatment,BR,mobile,0,,,2026-06-02
8278,treatment,US,mobile,2,39.5,1.0,2026-06-01
8279,control,US,mobile,2,22.5,1.0,2026-06-01
8280,treatment,PH,mobile,7,45.1,0.714,2026-06-02
8281,treatment,US,mobile,2,127.5,1.0,2026-06-03
8282,control,AU,desktop,2,55.0,1.0,2026-06-05
8283,treatment,GB,desktop,1,14.0,1.0,2026-06-01
8284,control,US,desktop,1,13.0,0.0,2026-06-04
8285,treatment,US,mobile,1,80.0,1.0,2026-06-02
8286,control,IN,mobile,4,33.5,0.75,2026-06-02
8287,treatment,PH,mobile,2,67.5,1.0,2026-06-02
8288,control,IN,mobile,4,18.8,0.5,2026-06-02
8289,treatment,US,mobile,4,33.5,1.0,2026-06-04
8290,treatment,US,desktop,1,39.0,1.0,2026-06-01
8291,control,AU,mobile,0,,,2026-06-04
8292,treatment,US,mobile,6,42.0,0.5,2026-06-02
8293,treatment,US,mobile,4,70.0,1.0,2026-06-01
8294,treatment,PH,mobile,5,29.0,1.0,2026-06-03
8295,control,US,mobile,2,18.5,0.0,2026-06-03
8296,treatment,US,desktop,7,59.6,0.714,2026-06-03
8297,control,IN,mobile,3,26.0,1.0,2026-06-01
8298,control,US,mobile,0,,,2026-06-02
8299,control,PH,mobile,4,37.0,0.75,2026-06-04
8300,control,US,desktop,10,28.2,0.7,2026-06-01
8301,treatment,US,desktop,4,76.5,1.0,2026-06-01
8302,treatment,AU,mobile,2,105.0,1.0,2026-06-01
8303,treatment,US,mobile,3,55.7,0.667,2026-06-05
8304,treatment,GB,mobile,2,50.0,1.0,2026-06-03
8305,control,BR,desktop,3,30.7,0.333,2026-06-04
8306,control,IN,mobile,0,,,2026-06-03
8307,control,IN,desktop,0,,,2026-06-05
8308,treatment,IN,desktop,0,,,2026-06-02
8309,control,IN,mobile,9,50.4,0.556,2026-06-02
8310,control,BR,mobile,2,47.5,0.5,2026-06-05
8311,treatment,US,tablet,4,48.8,0.25,2026-06-05
8312,treatment,BR,tablet,2,44.0,0.5,2026-06-05
8313,treatment,IN,desktop,4,34.5,1.0,2026-06-02
8314,treatment,GB,mobile,0,,,2026-06-01
8315,treatment,IN,mobile,1,38.0,1.0,2026-06-04
8316,control,IN,mobile,1,42.0,1.0,2026-06-05
8317,control,IN,desktop,4,38.2,1.0,2026-06-01
8318,treatment,PH,mobile,12,56.9,0.667,2026-06-05
8319,control,PH,mobile,13,28.5,0.538,2026-06-03
8320,treatment,IN,mobile,3,38.0,0.667,2026-06-02
8321,control,US,mobile,7,40.9,0.571,2026-06-01
8322,control,CA,tablet,1,21.0,0.0,2026-06-05
8323,treatment,PH,mobile,2,45.0,0.5,2026-06-02
8324,treatment,PH,mobile,1,35.0,1.0,2026-06-01
8325,treatment,GB,mobile,10,46.1,0.8,2026-06-02
8326,control,PH,mobile,5,43.2,0.6,2026-06-05
8327,treatment,US,mobile,1,46.0,1.0,2026-06-03
8328,control,PH,desktop,3,21.7,0.333,2026-06-02
8329,treatment,CA,mobile,1,35.0,1.0,2026-06-03
8330,control,US,desktop,1,18.0,1.0,2026-06-05
8331,control,IN,desktop,5,31.0,1.0,2026-06-05
8332,treatment,IN,desktop,4,37.0,0.75,2026-06-05
8333,control,IN,desktop,2,45.0,0.5,2026-06-02
8334,treatment,US,mobile,3,42.3,0.667,2026-06-01
8335,treatment,CA,mobile,1,48.0,1.0,2026-06-05
8336,treatment,CA,desktop,0,,,2026-06-01
8337,treatment,IN,mobile,0,,,2026-06-02
8338,control,AU,mobile,3,43.3,0.667,2026-06-02
8339,control,CA,mobile,2,35.5,1.0,2026-06-03
8340,treatment,CA,desktop,2,57.5,1.0,2026-06-03
8341,treatment,IN,desktop,0,,,2026-06-01
8342,treatment,US,mobile,3,46.7,0.333,2026-06-02
8343,treatment,US,mobile,9,46.2,0.667,2026-06-05
8344,treatment,GB,mobile,1,20.0,1.0,2026-06-05
8345,control,IN,desktop,2,35.0,1.0,2026-06-05
8346,control,IN,mobile,5,34.0,0.8,2026-06-03
8347,control,US,mobile,5,37.4,0.8,2026-06-05
8348,treatment,US,mobile,1,117.0,1.0,2026-06-02
8349,control,US,mobile,3,21.0,1.0,2026-06-04
8350,control,PH,mobile,3,27.3,0.667,2026-06-03
8351,control,IN,desktop,1,17.0,0.0,2026-06-04
8352,treatment,US,mobile,4,37.0,1.0,2026-06-05
8353,control,IN,mobile,7,25.0,0.571,2026-06-02
8354,control,DE,desktop,7,23.4,0.571,2026-06-03
8355,control,US,desktop,1,38.0,1.0,2026-06-04
8356,treatment,US,mobile,0,,,2026-06-03
8357,treatment,GB,mobile,0,,,2026-06-05
8358,control,AU,mobile,1,38.0,1.0,2026-06-02
8359,control,IN,desktop,0,,,2026-06-01
8360,control,IN,desktop,0,,,2026-06-02
8361,treatment,GB,desktop,3,33.0,0.333,2026-06-02
8362,control,GB,mobile,0,,,2026-06-05
8363,control,CA,mobile,13,26.3,0.615,2026-06-03
8364,treatment,IN,tablet,2,91.0,1.0,2026-06-05
8365,control,GB,mobile,5,32.2,0.6,2026-06-03
8366,treatment,US,desktop,10,52.3,0.9,2026-06-02
8367,treatment,IN,mobile,1,14.0,1.0,2026-06-02
8368,control,AU,mobile,6,40.8,0.833,2026-06-01
8369,treatment,BR,mobile,3,37.7,1.0,2026-06-05
8370,treatment,IN,mobile,7,44.4,0.571,2026-06-02
8371,treatment,BR,mobile,3,59.7,1.0,2026-06-03
8372,control,BR,desktop,2,40.5,1.0,2026-06-03
8373,control,GB,mobile,0,,,2026-06-02
8374,treatment,US,desktop,0,,,2026-06-02
8375,treatment,BR,desktop,1,24.0,1.0,2026-06-02
8376,control,DE,mobile,2,20.5,0.5,2026-06-05
8377,treatment,IN,tablet,2,22.5,1.0,2026-06-03
8378,control,US,desktop,1,48.0,1.0,2026-06-01
8379,control,IN,mobile,0,,,2026-06-01
8380,treatment,CA,mobile,2,34.0,0.0,2026-06-03
8381,control,AU,mobile,2,50.5,1.0,2026-06-03
8382,treatment,GB,mobile,0,,,2026-06-05
8383,treatment,GB,desktop,4,25.8,0.5,2026-06-01
8384,treatment,PH,mobile,2,65.5,1.0,2026-06-01
8385,control,IN,mobile,8,26.8,0.875,2026-06-01
8386,treatment,IN,mobile,3,34.0,1.0,2026-06-01
8387,control,AU,mobile,2,27.5,1.0,2026-06-05
8388,control,DE,tablet,6,27.3,0.5,2026-06-03
8389,treatment,PH,mobile,6,45.5,0.667,2026-06-01
8390,control,AU,desktop,0,,,2026-06-02
8391,treatment,US,mobile,1,40.0,1.0,2026-06-02
8392,control,AU,mobile,8,29.8,0.875,2026-06-05
8393,control,IN,tablet,2,20.5,0.5,2026-06-04
8394,treatment,DE,desktop,2,36.5,0.5,2026-06-01
8395,control,BR,mobile,6,29.3,0.833,2026-06-03
8396,control,IN,mobile,5,38.0,0.2,2026-06-04
8397,treatment,IN,desktop,2,33.0,1.0,2026-06-01
8398,treatment,US,mobile,2,37.5,0.5,2026-06-03
8399,control,IN,mobile,1,25.0,1.0,2026-06-01
8400,treatment,IN,mobile,0,,,2026-06-02
8401,treatment,GB,desktop,6,45.3,0.667,2026-06-05
8402,control,BR,desktop,5,35.0,0.6,2026-06-05
8403,treatment,IN,mobile,5,67.2,0.4,2026-06-02
8404,control,US,mobile,3,22.3,0.333,2026-06-03
8405,control,US,mobile,17,31.2,0.765,2026-06-05
8406,control,US,mobile,2,22.0,0.5,2026-06-01
8407,treatment,IN,mobile,0,,,2026-06-04
8408,treatment,IN,mobile,0,,,2026-06-05
8409,control,CA,desktop,0,,,2026-06-05
8410,control,US,desktop,3,20.7,0.667,2026-06-04
8411,control,AU,desktop,0,,,2026-06-03
8412,treatment,AU,mobile,1,80.0,1.0,2026-06-05
8413,treatment,US,mobile,0,,,2026-06-05
8414,control,US,mobile,1,38.0,1.0,2026-06-03
8415,control,IN,desktop,6,24.3,0.667,2026-06-05
8416,control,PH,desktop,0,,,2026-06-05
8417,treatment,US,desktop,6,52.8,0.333,2026-06-03
8418,control,US,mobile,0,,,2026-06-02
8419,treatment,GB,mobile,0,,,2026-06-03
8420,treatment,IN,mobile,5,27.8,1.0,2026-06-02
8421,treatment,US,mobile,5,44.8,0.6,2026-06-04
8422,control,DE,mobile,4,34.0,0.75,2026-06-02
8423,control,US,mobile,3,50.0,1.0,2026-06-03
8424,treatment,DE,mobile,1,31.0,1.0,2026-06-02
8425,treatment,US,desktop,2,58.5,1.0,2026-06-01
8426,control,DE,mobile,1,42.0,1.0,2026-06-05
8427,control,PH,mobile,5,22.8,0.6,2026-06-04
8428,treatment,IN,tablet,3,65.7,1.0,2026-06-03
8429,control,US,tablet,1,77.0,1.0,2026-06-02
8430,control,IN,tablet,3,48.7,1.0,2026-06-01
8431,control,GB,mobile,3,37.7,0.667,2026-06-03
8432,treatment,AU,mobile,3,58.7,0.667,2026-06-04
8433,control,US,mobile,4,37.5,1.0,2026-06-05
8434,treatment,US,mobile,2,32.0,0.5,2026-06-02
8435,treatment,AU,desktop,2,98.5,0.5,2026-06-02
8436,control,GB,mobile,3,30.7,0.667,2026-06-04
8437,control,BR,desktop,8,31.4,0.75,2026-06-05
8438,treatment,BR,mobile,1,46.0,1.0,2026-06-02
8439,treatment,BR,mobile,4,47.5,0.5,2026-06-05
8440,control,CA,mobile,6,34.2,0.667,2026-06-03
8441,control,US,tablet,1,51.0,1.0,2026-06-01
8442,control,US,mobile,2,38.0,0.5,2026-06-02
8443,control,US,mobile,3,20.3,1.0,2026-06-04
8444,treatment,US,mobile,2,34.0,0.5,2026-06-04
8445,treatment,US,desktop,2,42.0,1.0,2026-06-03
8446,control,DE,desktop,5,29.4,0.4,2026-06-03
8447,treatment,CA,mobile,0,,,2026-06-01
8448,treatment,GB,tablet,2,38.5,1.0,2026-06-05
8449,control,BR,tablet,2,40.5,0.5,2026-06-03
8450,control,GB,mobile,3,16.7,1.0,2026-06-05
8451,treatment,US,mobile,2,91.5,0.5,2026-06-01
8452,control,IN,mobile,10,37.1,0.6,2026-06-03
8453,control,US,desktop,5,35.6,0.6,2026-06-03
8454,treatment,US,desktop,6,37.0,0.833,2026-06-01
8455,treatment,CA,mobile,10,52.3,0.6,2026-06-02
8456,control,US,desktop,1,39.0,0.0,2026-06-02
8457,treatment,US,mobile,4,41.8,0.75,2026-06-05
8458,control,US,mobile,2,34.5,0.0,2026-06-03
8459,control,AU,mobile,3,29.7,0.667,2026-06-03
8460,control,CA,desktop,6,41.0,0.833,2026-06-04
8461,control,IN,mobile,6,27.7,0.667,2026-06-02
8462,treatment,US,mobile,1,18.0,0.0,2026-06-02
8463,control,IN,mobile,5,27.4,0.2,2026-06-04
8464,treatment,IN,mobile,3,28.0,1.0,2026-06-02
8465,treatment,GB,desktop,0,,,2026-06-03
8466,control,US,mobile,3,29.3,0.667,2026-06-03
8467,treatment,IN,mobile,0,,,2026-06-02
8468,control,US,mobile,1,22.0,0.0,2026-06-04
8469,treatment,IN,mobile,2,121.0,1.0,2026-06-01
8470,treatment,PH,desktop,3,65.7,1.0,2026-06-04
8471,treatment,PH,desktop,5,58.4,0.8,2026-06-05
8472,treatment,PH,mobile,3,24.3,0.667,2026-06-05
8473,control,IN,desktop,3,37.7,1.0,2026-06-03
8474,treatment,BR,mobile,1,29.0,1.0,2026-06-03
8475,treatment,PH,mobile,2,40.0,0.0,2026-06-03
8476,control,PH,mobile,0,,,2026-06-05
8477,treatment,IN,mobile,4,47.8,1.0,2026-06-01
8478,treatment,DE,mobile,2,27.5,0.5,2026-06-02
8479,control,BR,mobile,0,,,2026-06-01
8480,treatment,US,desktop,1,98.0,1.0,2026-06-05
8481,control,AU,mobile,3,38.0,0.333,2026-06-04
8482,control,US,desktop,3,26.0,0.667,2026-06-04
8483,control,PH,desktop,9,39.9,1.0,2026-06-02
8484,control,PH,desktop,2,16.5,0.5,2026-06-01
8485,control,US,desktop,5,46.8,1.0,2026-06-03
8486,control,US,mobile,0,,,2026-06-04
8487,treatment,IN,desktop,2,60.5,0.5,2026-06-01
8488,treatment,BR,mobile,1,40.0,1.0,2026-06-04
8489,treatment,US,desktop,3,36.0,0.667,2026-06-04
8490,treatment,CA,mobile,3,39.0,1.0,2026-06-04
8491,treatment,CA,tablet,1,49.0,1.0,2026-06-02
8492,control,PH,mobile,9,31.6,0.556,2026-06-05
8493,control,AU,desktop,2,45.5,1.0,2026-06-01
8494,treatment,GB,mobile,2,66.5,1.0,2026-06-05
8495,treatment,IN,tablet,2,62.5,1.0,2026-06-01
8496,control,PH,tablet,2,24.0,1.0,2026-06-02
8497,control,AU,desktop,1,19.0,0.0,2026-06-04
8498,control,US,desktop,4,27.0,0.5,2026-06-01
8499,control,PH,mobile,5,32.4,0.6,2026-06-01
8500,treatment,BR,desktop,4,71.8,1.0,2026-06-05
8501,control,GB,desktop,8,34.0,0.75,2026-06-03
8502,control,BR,desktop,1,58.0,1.0,2026-06-04
8503,treatment,IN,mobile,13,39.8,0.769,2026-06-03
8504,control,IN,desktop,3,40.0,0.667,2026-06-02
8505,treatment,AU,desktop,0,,,2026-06-05
8506,control,US,desktop,1,36.0,1.0,2026-06-01
8507,treatment,US,mobile,4,59.5,0.75,2026-06-01
8508,control,GB,mobile,2,53.0,0.5,2026-06-01
8509,treatment,DE,desktop,6,42.7,0.667,2026-06-01
8510,treatment,US,mobile,4,43.2,1.0,2026-06-03
8511,treatment,CA,mobile,2,42.0,0.5,2026-06-02
8512,control,GB,mobile,2,30.5,0.0,2026-06-05
8513,treatment,US,mobile,4,54.2,0.75,2026-06-05
8514,treatment,IN,mobile,4,38.5,0.5,2026-06-01
8515,treatment,US,mobile,3,80.3,1.0,2026-06-02
8516,control,IN,mobile,0,,,2026-06-03
8517,treatment,IN,desktop,5,45.4,0.8,2026-06-03
8518,control,BR,desktop,1,34.0,1.0,2026-06-04
8519,treatment,US,tablet,1,75.0,0.0,2026-06-03
8520,control,US,mobile,8,35.2,0.75,2026-06-03
8521,control,US,mobile,2,33.0,0.5,2026-06-02
8522,control,GB,desktop,1,15.0,0.0,2026-06-03
8523,control,IN,mobile,0,,,2026-06-04
8524,control,IN,mobile,9,28.6,0.889,2026-06-05
8525,control,US,mobile,0,,,2026-06-01
8526,treatment,US,desktop,1,12.0,1.0,2026-06-02
8527,control,US,mobile,2,16.5,0.5,2026-06-05
8528,control,US,mobile,1,24.0,1.0,2026-06-03
8529,control,GB,mobile,2,44.5,1.0,2026-06-04
8530,treatment,GB,tablet,4,51.0,1.0,2026-06-02
8531,treatment,BR,mobile,1,31.0,1.0,2026-06-01
8532,control,PH,desktop,2,28.0,0.5,2026-06-04
8533,treatment,GB,desktop,2,54.0,0.5,2026-06-03
8534,treatment,US,mobile,1,61.0,1.0,2026-06-02
8535,treatment,US,desktop,1,31.0,1.0,2026-06-02
8536,control,GB,mobile,2,43.5,0.5,2026-06-01
8537,treatment,US,desktop,3,30.7,0.667,2026-06-05
8538,control,IN,mobile,3,45.3,0.0,2026-06-01
8539,treatment,IN,mobile,4,51.8,0.75,2026-06-05
8540,control,CA,mobile,8,38.4,0.75,2026-06-02
8541,treatment,US,desktop,5,37.6,0.8,2026-06-04
8542,treatment,PH,desktop,3,29.3,1.0,2026-06-04
8543,control,BR,mobile,5,38.8,0.4,2026-06-04
8544,control,US,desktop,1,13.0,0.0,2026-06-02
8545,treatment,AU,mobile,3,81.3,0.667,2026-06-03
8546,control,IN,desktop,1,42.0,1.0,2026-06-02
8547,control,CA,mobile,2,47.0,0.0,2026-06-03
8548,treatment,PH,desktop,5,51.8,0.6,2026-06-02
8549,treatment,CA,mobile,2,58.5,0.5,2026-06-01
8550,treatment,IN,mobile,1,59.0,1.0,2026-06-01
8551,treatment,IN,mobile,3,48.7,1.0,2026-06-02
8552,control,IN,mobile,11,37.5,0.818,2026-06-05
8553,treatment,AU,desktop,12,44.8,0.583,2026-06-02
8554,control,US,tablet,9,33.6,0.778,2026-06-05
8555,treatment,CA,desktop,3,63.0,0.333,2026-06-04
8556,treatment,US,desktop,2,42.5,0.5,2026-06-03
8557,treatment,BR,desktop,4,40.0,0.5,2026-06-01
8558,control,GB,mobile,9,34.6,0.778,2026-06-01
8559,control,BR,desktop,1,41.0,0.0,2026-06-01
8560,control,US,desktop,7,31.9,0.571,2026-06-01
8561,control,BR,mobile,2,30.0,1.0,2026-06-04
8562,control,AU,mobile,3,28.0,1.0,2026-06-01
8563,treatment,GB,mobile,4,39.8,0.75,2026-06-05
8564,control,IN,mobile,2,29.0,0.5,2026-06-03
8565,treatment,IN,mobile,2,27.5,0.0,2026-06-05
8566,treatment,US,mobile,1,19.0,0.0,2026-06-01
8567,control,CA,mobile,3,31.0,1.0,2026-06-01
8568,control,GB,mobile,1,18.0,1.0,2026-06-05
8569,treatment,US,mobile,4,36.0,1.0,2026-06-05
8570,treatment,BR,mobile,3,40.0,0.667,2026-06-02
8571,treatment,US,mobile,2,40.5,1.0,2026-06-01
8572,control,US,mobile,1,9.0,1.0,2026-06-03
8573,treatment,DE,mobile,1,25.0,1.0,2026-06-04
8574,treatment,GB,mobile,3,52.0,0.667,2026-06-03
8575,treatment,IN,mobile,5,56.0,0.8,2026-06-03
8576,treatment,US,mobile,3,66.3,0.667,2026-06-03
8577,treatment,US,mobile,6,39.3,0.667,2026-06-03
8578,treatment,IN,mobile,6,54.8,0.833,2026-06-04
8579,control,DE,mobile,5,47.8,1.0,2026-06-04
8580,control,GB,desktop,5,35.8,0.4,2026-06-04
8581,control,US,mobile,1,44.0,1.0,2026-06-04
8582,treatment,US,mobile,2,39.5,1.0,2026-06-05
8583,control,US,desktop,1,36.0,1.0,2026-06-05
8584,treatment,CA,desktop,5,59.8,0.6,2026-06-01
8585,control,IN,mobile,5,54.2,0.6,2026-06-05
8586,control,BR,mobile,3,28.7,1.0,2026-06-02
8587,control,IN,desktop,0,,,2026-06-04
8588,control,US,mobile,8,38.5,0.875,2026-06-03
8589,control,US,desktop,3,37.3,0.667,2026-06-03
8590,treatment,US,mobile,6,66.0,0.833,2026-06-03
8591,control,IN,desktop,1,25.0,1.0,2026-06-04
8592,control,AU,desktop,2,34.0,0.5,2026-06-04
8593,treatment,GB,desktop,2,74.5,1.0,2026-06-03
8594,control,US,mobile,11,36.5,0.909,2026-06-05
8595,control,IN,mobile,1,19.0,0.0,2026-06-04
8596,control,BR,mobile,1,33.0,0.0,2026-06-04
8597,control,US,mobile,3,28.3,1.0,2026-06-04
8598,treatment,US,mobile,4,35.2,1.0,2026-06-04
8599,treatment,PH,mobile,1,51.0,1.0,2026-06-01
8600,treatment,PH,desktop,5,48.4,0.8,2026-06-05
8601,treatment,BR,desktop,0,,,2026-06-02
8602,control,US,mobile,3,24.0,0.667,2026-06-02
8603,treatment,PH,desktop,4,43.8,1.0,2026-06-04
8604,control,US,desktop,6,33.0,0.5,2026-06-04
8605,control,US,mobile,1,71.0,0.0,2026-06-01
8606,treatment,US,desktop,3,58.3,1.0,2026-06-04
8607,treatment,PH,mobile,3,38.7,0.333,2026-06-01
8608,control,US,mobile,2,18.5,1.0,2026-06-03
8609,control,IN,mobile,2,16.5,0.5,2026-06-05
8610,control,IN,mobile,3,25.3,1.0,2026-06-02
8611,treatment,IN,mobile,2,45.5,0.5,2026-06-03
8612,control,BR,mobile,4,19.5,0.75,2026-06-04
8613,treatment,IN,mobile,2,98.0,0.5,2026-06-05
8614,treatment,IN,desktop,1,85.0,0.0,2026-06-03
8615,control,CA,tablet,4,22.2,1.0,2026-06-01
8616,control,IN,mobile,6,22.7,0.667,2026-06-03
8617,control,US,desktop,1,21.0,1.0,2026-06-03
8618,treatment,AU,mobile,7,45.6,0.429,2026-06-03
8619,control,US,desktop,2,63.5,1.0,2026-06-02
8620,control,US,desktop,3,60.3,0.667,2026-06-05
8621,control,AU,desktop,3,23.3,1.0,2026-06-03
8622,treatment,IN,mobile,5,44.0,0.6,2026-06-04
8623,control,IN,mobile,1,42.0,1.0,2026-06-03
8624,control,US,mobile,3,36.0,0.667,2026-06-05
8625,treatment,IN,mobile,6,63.3,0.667,2026-06-05
8626,treatment,IN,mobile,3,62.7,0.667,2026-06-05
8627,treatment,PH,mobile,2,50.5,1.0,2026-06-03
8628,treatment,IN,mobile,1,16.0,1.0,2026-06-02
8629,control,AU,mobile,4,38.2,0.75,2026-06-03
8630,control,BR,desktop,0,,,2026-06-04
8631,control,US,tablet,0,,,2026-06-01
8632,control,US,mobile,3,44.7,1.0,2026-06-05
8633,control,BR,mobile,2,29.5,1.0,2026-06-02
8634,control,US,mobile,3,31.0,1.0,2026-06-05
8635,control,US,mobile,1,29.0,0.0,2026-06-01
8636,treatment,IN,mobile,9,55.0,0.556,2026-06-03
8637,treatment,IN,mobile,1,65.0,1.0,2026-06-02
8638,treatment,US,desktop,10,36.2,0.8,2026-06-01
8639,treatment,PH,mobile,3,44.7,1.0,2026-06-01
8640,treatment,US,desktop,3,51.0,0.667,2026-06-04
8641,control,US,mobile,7,27.7,0.857,2026-06-02
8642,control,DE,mobile,2,29.0,0.5,2026-06-03
8643,treatment,DE,desktop,2,38.0,0.5,2026-06-02
8644,treatment,US,mobile,3,45.3,0.667,2026-06-04
8645,control,GB,mobile,0,,,2026-06-04
8646,control,IN,desktop,0,,,2026-06-02
8647,treatment,US,mobile,2,49.5,1.0,2026-06-04
8648,treatment,IN,desktop,1,34.0,0.0,2026-06-01
8649,treatment,PH,mobile,3,29.3,0.667,2026-06-04
8650,control,BR,desktop,4,18.2,1.0,2026-06-03
8651,treatment,BR,mobile,0,,,2026-06-01
8652,treatment,IN,mobile,2,40.5,1.0,2026-06-01
8653,control,US,mobile,2,41.0,1.0,2026-06-05
8654,control,BR,desktop,7,26.3,0.429,2026-06-03
8655,treatment,PH,desktop,1,76.0,1.0,2026-06-02
8656,control,CA,mobile,1,18.0,1.0,2026-06-01
8657,control,IN,mobile,2,20.5,0.5,2026-06-01
8658,control,AU,desktop,2,95.0,1.0,2026-06-02
8659,treatment,DE,desktop,4,45.5,0.5,2026-06-01
8660,treatment,BR,desktop,2,64.5,0.5,2026-06-03
8661,treatment,IN,mobile,1,24.0,1.0,2026-06-01
8662,treatment,US,tablet,3,47.3,1.0,2026-06-03
8663,treatment,PH,desktop,4,71.2,1.0,2026-06-05
8664,treatment,IN,mobile,0,,,2026-06-02
8665,control,US,mobile,3,28.7,1.0,2026-06-02
8666,control,CA,desktop,1,60.0,1.0,2026-06-03
8667,control,CA,tablet,1,10.0,0.0,2026-06-05
8668,control,US,mobile,1,45.0,0.0,2026-06-01
8669,control,GB,desktop,3,34.3,0.667,2026-06-03
8670,treatment,US,mobile,3,87.7,0.667,2026-06-04
8671,treatment,IN,desktop,7,58.3,0.571,2026-06-03
8672,control,IN,tablet,1,16.0,1.0,2026-06-02
8673,control,PH,desktop,2,22.5,1.0,2026-06-02
8674,treatment,PH,mobile,0,,,2026-06-02
8675,treatment,PH,mobile,2,55.5,1.0,2026-06-03
8676,treatment,IN,mobile,2,51.5,1.0,2026-06-03
8677,treatment,US,desktop,6,33.7,0.667,2026-06-02
8678,treatment,US,tablet,4,40.0,0.5,2026-06-02
8679,control,IN,mobile,9,30.9,0.667,2026-06-03
8680,control,US,mobile,8,26.9,0.875,2026-06-02
8681,control,BR,mobile,1,25.0,1.0,2026-06-02
8682,control,US,mobile,2,37.5,1.0,2026-06-05
8683,control,US,desktop,1,28.0,1.0,2026-06-01
8684,treatment,BR,mobile,3,35.0,1.0,2026-06-04
8685,treatment,GB,mobile,2,43.0,0.0,2026-06-03
8686,control,IN,desktop,3,27.0,0.667,2026-06-04
8687,treatment,BR,desktop,0,,,2026-06-03
8688,control,AU,mobile,2,21.0,0.0,2026-06-04
8689,control,GB,mobile,5,44.6,1.0,2026-06-04
8690,treatment,BR,desktop,1,27.0,0.0,2026-06-03
8691,control,IN,desktop,4,51.5,0.25,2026-06-03
8692,control,US,desktop,1,43.0,1.0,2026-06-03
8693,treatment,US,mobile,2,31.5,0.5,2026-06-02
8694,control,IN,desktop,1,18.0,1.0,2026-06-05
8695,control,US,mobile,3,33.3,0.333,2026-06-03
8696,control,US,desktop,10,41.4,1.0,2026-06-05
8697,treatment,US,desktop,0,,,2026-06-04
8698,treatment,US,mobile,2,40.0,0.0,2026-06-03
8699,treatment,PH,desktop,3,45.7,0.667,2026-06-05
8700,control,US,mobile,1,25.0,1.0,2026-06-02
8701,treatment,BR,desktop,2,53.5,0.5,2026-06-03
8702,control,IN,desktop,5,25.4,0.6,2026-06-01
8703,control,US,mobile,0,,,2026-06-04
8704,control,IN,desktop,2,34.5,0.5,2026-06-01
8705,treatment,BR,desktop,2,35.0,1.0,2026-06-02
8706,control,PH,mobile,2,29.5,0.5,2026-06-02
8707,treatment,AU,mobile,3,39.3,0.667,2026-06-05
8708,control,US,desktop,3,19.3,0.667,2026-06-01
8709,control,CA,mobile,3,30.7,1.0,2026-06-03
8710,control,US,desktop,5,31.0,0.4,2026-06-02
8711,control,GB,mobile,0,,,2026-06-02
8712,treatment,US,mobile,2,31.0,1.0,2026-06-04
8713,control,US,mobile,12,42.8,0.75,2026-06-04
8714,treatment,IN,mobile,1,67.0,0.0,2026-06-05
8715,control,US,mobile,2,61.5,0.5,2026-06-04
8716,control,DE,mobile,7,27.4,0.571,2026-06-02
8717,treatment,IN,mobile,8,45.4,0.75,2026-06-04
8718,control,US,mobile,0,,,2026-06-03
8719,control,PH,mobile,4,41.0,1.0,2026-06-01
8720,treatment,BR,desktop,3,49.7,1.0,2026-06-03
8721,treatment,IN,mobile,5,33.8,0.8,2026-06-05
8722,control,IN,tablet,3,47.7,0.333,2026-06-01
8723,treatment,US,desktop,1,76.0,1.0,2026-06-03
8724,control,US,mobile,1,84.0,1.0,2026-06-05
8725,control,PH,desktop,1,29.0,0.0,2026-06-02
8726,treatment,BR,mobile,2,62.0,1.0,2026-06-04
8727,treatment,PH,desktop,2,25.5,0.5,2026-06-04
8728,treatment,PH,mobile,1,33.0,1.0,2026-06-03
8729,treatment,PH,desktop,2,39.5,0.5,2026-06-01
8730,control,GB,desktop,5,35.2,0.8,2026-06-04
8731,treatment,GB,mobile,6,31.7,0.5,2026-06-04
8732,control,IN,mobile,3,22.3,0.667,2026-06-01
8733,treatment,BR,mobile,0,,,2026-06-04
8734,treatment,US,desktop,3,45.3,0.667,2026-06-01
8735,treatment,CA,mobile,7,45.7,1.0,2026-06-01
8736,treatment,US,mobile,2,65.0,1.0,2026-06-04
8737,treatment,US,desktop,1,41.0,0.0,2026-06-05
8738,treatment,IN,desktop,3,63.3,1.0,2026-06-03
8739,treatment,IN,mobile,12,43.1,0.75,2026-06-02
8740,control,US,mobile,2,28.0,0.5,2026-06-04
8741,treatment,CA,mobile,1,51.0,1.0,2026-06-05
8742,treatment,DE,mobile,3,33.0,0.667,2026-06-05
8743,treatment,AU,mobile,6,54.8,1.0,2026-06-02
8744,control,BR,mobile,3,41.3,0.333,2026-06-04
8745,treatment,PH,desktop,2,43.0,1.0,2026-06-01
8746,control,US,mobile,4,30.8,1.0,2026-06-03
8747,control,US,desktop,1,26.0,0.0,2026-06-01
8748,treatment,GB,tablet,4,75.5,1.0,2026-06-05
8749,control,US,mobile,2,17.0,0.5,2026-06-02
8750,treatment,CA,tablet,2,62.5,1.0,2026-06-03
8751,control,AU,mobile,1,43.0,1.0,2026-06-05
8752,control,IN,mobile,7,31.3,0.857,2026-06-02
8753,control,DE,mobile,1,16.0,0.0,2026-06-04
8754,control,GB,tablet,6,40.3,0.333,2026-06-04
8755,treatment,US,mobile,6,38.8,0.667,2026-06-01
8756,control,GB,desktop,3,33.7,0.667,2026-06-01
8757,treatment,GB,desktop,14,37.4,0.643,2026-06-04
8758,treatment,IN,desktop,6,48.8,0.667,2026-06-03
8759,control,IN,desktop,2,27.0,1.0,2026-06-01
8760,treatment,US,mobile,11,52.5,0.818,2026-06-03
8761,treatment,US,mobile,2,28.5,0.5,2026-06-03
8762,control,GB,mobile,6,25.7,1.0,2026-06-05
8763,control,IN,desktop,1,29.0,1.0,2026-06-03
8764,control,CA,mobile,1,23.0,1.0,2026-06-03
8765,control,IN,mobile,9,24.1,0.222,2026-06-03
8766,control,BR,mobile,4,29.8,1.0,2026-06-01
8767,treatment,GB,tablet,3,51.3,0.667,2026-06-01
8768,treatment,IN,mobile,2,43.5,0.5,2026-06-02
8769,treatment,CA,desktop,3,42.7,1.0,2026-06-01
8770,treatment,IN,desktop,2,102.5,0.5,2026-06-01
8771,control,IN,desktop,4,41.5,0.5,2026-06-02
8772,treatment,IN,desktop,2,66.0,1.0,2026-06-04
8773,control,IN,mobile,6,47.7,1.0,2026-06-04
8774,treatment,US,mobile,5,62.0,0.6,2026-06-04
8775,control,US,desktop,4,50.8,0.25,2026-06-02
8776,treatment,PH,desktop,2,56.5,1.0,2026-06-02
8777,treatment,US,desktop,9,45.4,0.889,2026-06-01
8778,treatment,IN,mobile,1,15.0,1.0,2026-06-03
8779,treatment,US,desktop,1,71.0,1.0,2026-06-02
8780,treatment,US,mobile,2,56.5,0.5,2026-06-05
8781,treatment,CA,desktop,1,23.0,1.0,2026-06-05
8782,control,CA,mobile,9,28.8,0.667,2026-06-05
8783,treatment,IN,mobile,6,52.3,0.5,2026-06-04
8784,treatment,IN,mobile,2,22.5,0.0,2026-06-04
8785,control,PH,mobile,3,42.0,1.0,2026-06-01
8786,treatment,AU,desktop,1,35.0,1.0,2026-06-02
8787,control,CA,desktop,2,26.0,0.0,2026-06-03
8788,control,BR,mobile,3,24.3,1.0,2026-06-02
8789,control,IN,tablet,2,25.0,1.0,2026-06-03
8790,treatment,CA,mobile,8,46.6,0.75,2026-06-04
8791,control,US,mobile,3,39.3,0.333,2026-06-01
8792,treatment,IN,mobile,2,60.5,1.0,2026-06-03
8793,treatment,DE,tablet,3,29.3,0.667,2026-06-05
8794,treatment,IN,mobile,5,61.8,0.8,2026-06-05
8795,treatment,PH,mobile,0,,,2026-06-05
8796,control,US,mobile,0,,,2026-06-01
8797,control,IN,mobile,9,27.0,0.333,2026-06-05
8798,control,US,mobile,2,16.5,0.5,2026-06-02
8799,control,US,tablet,6,46.0,0.667,2026-06-05
8800,treatment,AU,desktop,0,,,2026-06-04
8801,treatment,IN,mobile,3,54.0,1.0,2026-06-04
8802,control,US,mobile,3,35.0,0.333,2026-06-05
8803,control,US,desktop,3,42.3,0.667,2026-06-04
8804,treatment,GB,mobile,3,46.0,0.667,2026-06-04
8805,control,US,mobile,1,48.0,1.0,2026-06-02
8806,treatment,IN,mobile,3,81.7,1.0,2026-06-03
8807,treatment,GB,mobile,2,44.0,0.5,2026-06-03
8808,treatment,US,tablet,0,,,2026-06-01
8809,control,AU,mobile,1,17.0,0.0,2026-06-02
8810,treatment,US,mobile,0,,,2026-06-05
8811,treatment,BR,mobile,6,42.8,0.833,2026-06-03
8812,control,CA,mobile,1,78.0,1.0,2026-06-02
8813,treatment,PH,mobile,0,,,2026-06-01
8814,treatment,US,mobile,2,24.5,0.0,2026-06-04
8815,control,CA,desktop,4,32.5,1.0,2026-06-03
8816,control,US,desktop,4,25.5,0.5,2026-06-04
8817,treatment,PH,mobile,9,47.7,0.778,2026-06-02
8818,control,PH,mobile,5,40.8,0.2,2026-06-05
8819,control,GB,desktop,6,30.8,0.5,2026-06-01
8820,treatment,BR,desktop,1,34.0,1.0,2026-06-01
8821,control,PH,desktop,3,62.0,1.0,2026-06-04
8822,control,IN,desktop,4,29.8,0.75,2026-06-04
8823,treatment,US,mobile,9,39.3,0.556,2026-06-02
8824,control,US,desktop,0,,,2026-06-01
8825,control,PH,mobile,5,35.6,1.0,2026-06-03
8826,treatment,GB,desktop,2,30.0,0.5,2026-06-04
8827,control,US,mobile,4,30.8,0.75,2026-06-04
8828,treatment,IN,tablet,4,43.8,0.5,2026-06-01
8829,control,DE,desktop,1,15.0,0.0,2026-06-04
8830,treatment,GB,desktop,0,,,2026-06-02
8831,treatment,IN,mobile,1,33.0,1.0,2026-06-05
8832,treatment,DE,mobile,2,42.5,1.0,2026-06-01
8833,control,GB,mobile,7,31.0,0.714,2026-06-04
8834,treatment,IN,mobile,2,43.5,1.0,2026-06-01
8835,control,IN,mobile,3,27.7,0.667,2026-06-03
8836,treatment,US,mobile,0,,,2026-06-05
8837,control,BR,mobile,5,39.8,0.8,2026-06-05
8838,control,US,mobile,1,40.0,0.0,2026-06-02
8839,treatment,IN,mobile,0,,,2026-06-01
8840,control,IN,mobile,0,,,2026-06-02
8841,control,US,mobile,4,46.5,0.75,2026-06-05
8842,treatment,IN,mobile,5,46.2,0.8,2026-06-02
8843,treatment,BR,desktop,2,56.5,1.0,2026-06-02
8844,treatment,BR,mobile,3,43.0,0.667,2026-06-04
8845,treatment,DE,mobile,3,48.3,0.0,2026-06-04
8846,treatment,US,mobile,8,42.0,0.625,2026-06-04
8847,control,GB,mobile,7,30.3,0.286,2026-06-02
8848,control,IN,mobile,1,10.0,0.0,2026-06-03
8849,treatment,IN,desktop,4,59.8,0.5,2026-06-05
8850,treatment,IN,mobile,2,94.0,1.0,2026-06-01
8851,control,PH,mobile,0,,,2026-06-05
8852,control,BR,mobile,1,20.0,0.0,2026-06-05
8853,treatment,DE,mobile,4,41.0,0.5,2026-06-02
8854,treatment,BR,mobile,2,36.5,0.0,2026-06-04
8855,control,US,mobile,3,34.0,1.0,2026-06-05
8856,treatment,US,mobile,9,51.9,0.889,2026-06-04
8857,treatment,IN,mobile,4,36.2,0.75,2026-06-04
8858,control,IN,mobile,3,28.0,0.667,2026-06-05
8859,treatment,IN,desktop,1,106.0,1.0,2026-06-04
8860,control,CA,mobile,3,25.7,0.333,2026-06-01
8861,control,IN,mobile,0,,,2026-06-03
8862,treatment,IN,mobile,0,,,2026-06-01
8863,control,US,mobile,1,38.0,1.0,2026-06-04
8864,control,PH,desktop,2,26.5,0.0,2026-06-02
8865,treatment,CA,mobile,10,43.2,0.8,2026-06-05
8866,control,CA,mobile,1,21.0,1.0,2026-06-01
8867,treatment,US,mobile,1,57.0,0.0,2026-06-03
8868,treatment,PH,desktop,3,80.0,1.0,2026-06-05
8869,control,US,mobile,6,40.8,0.667,2026-06-04
8870,treatment,GB,mobile,0,,,2026-06-05
8871,control,DE,desktop,8,33.5,0.75,2026-06-03
8872,control,BR,mobile,2,25.5,0.5,2026-06-02
8873,control,GB,desktop,1,12.0,0.0,2026-06-01
8874,control,IN,mobile,2,39.5,0.5,2026-06-03
8875,control,US,mobile,2,34.0,1.0,2026-06-02
8876,control,IN,desktop,0,,,2026-06-02
8877,control,CA,mobile,8,36.8,0.75,2026-06-04
8878,control,GB,tablet,1,9.0,0.0,2026-06-05
8879,treatment,BR,desktop,0,,,2026-06-03
8880,control,US,mobile,5,33.0,0.8,2026-06-04
8881,control,IN,mobile,5,30.2,0.8,2026-06-02
8882,control,BR,mobile,3,27.0,0.667,2026-06-02
8883,treatment,US,mobile,1,46.0,1.0,2026-06-01
8884,treatment,US,mobile,2,38.0,0.5,2026-06-01
8885,control,CA,mobile,3,52.3,0.667,2026-06-05
8886,treatment,PH,mobile,2,30.0,0.0,2026-06-04
8887,control,DE,mobile,2,55.0,0.0,2026-06-02
8888,treatment,PH,mobile,4,48.2,0.75,2026-06-03
8889,control,DE,mobile,3,27.7,1.0,2026-06-01
8890,treatment,IN,tablet,2,82.0,1.0,2026-06-03
8891,control,BR,mobile,0,,,2026-06-04
8892,treatment,AU,tablet,1,31.0,0.0,2026-06-02
8893,treatment,IN,desktop,0,,,2026-06-05
8894,control,DE,tablet,4,28.0,0.5,2026-06-04
8895,control,PH,mobile,8,34.0,0.75,2026-06-01
8896,treatment,PH,mobile,1,37.0,1.0,2026-06-02
8897,control,IN,mobile,6,21.7,0.167,2026-06-05
8898,control,DE,desktop,1,13.0,0.0,2026-06-03
8899,treatment,CA,mobile,2,77.5,1.0,2026-06-01
8900,treatment,DE,mobile,0,,,2026-06-01
8901,treatment,CA,mobile,1,47.0,1.0,2026-06-03
8902,control,IN,mobile,3,27.0,0.667,2026-06-04
8903,treatment,PH,mobile,2,41.0,1.0,2026-06-05
8904,control,IN,mobile,2,31.5,1.0,2026-06-01
8905,control,IN,mobile,2,17.0,1.0,2026-06-02
8906,control,GB,desktop,1,21.0,1.0,2026-06-05
8907,control,IN,mobile,4,36.2,0.75,2026-06-03
8908,control,US,mobile,2,42.5,0.5,2026-06-05
8909,control,IN,mobile,5,27.0,0.2,2026-06-04
8910,treatment,GB,mobile,2,108.0,1.0,2026-06-04
8911,control,GB,tablet,7,27.7,0.714,2026-06-02
8912,control,US,mobile,0,,,2026-06-03
8913,treatment,US,mobile,1,55.0,1.0,2026-06-02
8914,control,US,mobile,6,23.8,0.667,2026-06-03
8915,treatment,AU,mobile,10,47.7,0.5,2026-06-05
8916,treatment,IN,desktop,3,26.0,0.333,2026-06-02
8917,treatment,US,desktop,2,71.5,0.5,2026-06-02
8918,control,PH,mobile,10,35.9,0.7,2026-06-05
8919,control,US,mobile,9,40.8,0.778,2026-06-02
8920,control,US,desktop,8,34.0,0.75,2026-06-02
8921,control,PH,mobile,8,34.0,0.625,2026-06-05
8922,control,PH,mobile,0,,,2026-06-03
8923,control,IN,mobile,4,53.0,0.75,2026-06-05
8924,treatment,US,mobile,1,32.0,0.0,2026-06-05
8925,treatment,DE,mobile,1,49.0,1.0,2026-06-03
8926,control,US,mobile,1,46.0,1.0,2026-06-04
8927,control,GB,tablet,2,56.5,0.5,2026-06-05
8928,control,IN,desktop,3,32.3,0.667,2026-06-04
8929,treatment,US,mobile,7,40.0,1.0,2026-06-03
8930,control,US,mobile,4,30.5,0.75,2026-06-01
8931,treatment,IN,mobile,2,76.0,0.5,2026-06-04
8932,control,GB,desktop,0,,,2026-06-03
8933,treatment,PH,desktop,2,74.5,1.0,2026-06-02
8934,treatment,US,mobile,0,,,2026-06-01
8935,control,PH,mobile,5,27.0,1.0,2026-06-04
8936,treatment,BR,desktop,5,42.0,1.0,2026-06-02
8937,control,CA,desktop,2,23.0,1.0,2026-06-01
8938,treatment,IN,tablet,1,67.0,1.0,2026-06-01
8939,control,BR,desktop,5,20.8,0.6,2026-06-04
8940,control,US,mobile,10,28.3,0.5,2026-06-04
8941,treatment,PH,mobile,0,,,2026-06-01
8942,control,BR,desktop,1,14.0,0.0,2026-06-03
8943,control,GB,desktop,5,33.2,1.0,2026-06-01
8944,control,IN,mobile,2,38.0,0.5,2026-06-03
8945,treatment,CA,mobile,7,53.4,0.857,2026-06-01
8946,treatment,IN,mobile,3,56.7,0.667,2026-06-03
8947,treatment,DE,desktop,0,,,2026-06-03
8948,treatment,AU,desktop,0,,,2026-06-02
8949,control,IN,mobile,10,33.9,0.7,2026-06-05
8950,treatment,IN,mobile,3,22.7,0.667,2026-06-03
8951,control,CA,desktop,2,42.0,1.0,2026-06-05
8952,treatment,US,mobile,4,73.5,0.75,2026-06-05
8953,treatment,BR,desktop,2,51.5,1.0,2026-06-01
8954,control,AU,mobile,4,35.5,0.5,2026-06-05
8955,treatment,US,desktop,1,82.0,1.0,2026-06-04
8956,control,DE,mobile,6,26.0,0.667,2026-06-03
8957,treatment,PH,mobile,6,39.3,0.667,2026-06-02
8958,control,US,desktop,0,,,2026-06-02
8959,treatment,IN,mobile,0,,,2026-06-03
8960,control,BR,desktop,2,25.5,0.5,2026-06-05
8961,control,PH,tablet,8,27.0,0.875,2026-06-03
8962,control,BR,mobile,0,,,2026-06-04
8963,control,AU,desktop,0,,,2026-06-04
8964,control,DE,desktop,6,43.0,1.0,2026-06-05
8965,control,US,mobile,4,25.5,0.75,2026-06-05
8966,control,DE,mobile,7,35.7,0.857,2026-06-05
8967,control,US,mobile,0,,,2026-06-05
8968,treatment,DE,desktop,5,49.2,0.6,2026-06-04
8969,treatment,IN,mobile,8,46.4,0.5,2026-06-03
8970,treatment,DE,mobile,4,46.5,0.75,2026-06-02
8971,treatment,IN,mobile,1,11.0,1.0,2026-06-03
8972,treatment,PH,desktop,1,66.0,1.0,2026-06-04
8973,control,IN,mobile,2,29.0,0.5,2026-06-01
8974,treatment,US,mobile,0,,,2026-06-05
8975,control,DE,desktop,2,26.5,1.0,2026-06-05
8976,control,US,mobile,0,,,2026-06-05
8977,treatment,PH,mobile,1,100.0,1.0,2026-06-05
8978,control,IN,mobile,0,,,2026-06-02
8979,control,IN,desktop,3,39.0,0.333,2026-06-03
8980,treatment,GB,mobile,2,28.5,0.5,2026-06-04
8981,control,IN,tablet,1,51.0,1.0,2026-06-02
8982,control,CA,mobile,2,36.0,1.0,2026-06-04
8983,treatment,AU,mobile,2,48.0,0.5,2026-06-02
8984,control,IN,mobile,4,40.0,1.0,2026-06-01
8985,treatment,DE,mobile,7,42.9,0.429,2026-06-05
8986,control,PH,mobile,5,42.8,0.6,2026-06-04
8987,treatment,AU,mobile,9,39.0,0.667,2026-06-03
8988,control,PH,mobile,1,28.0,0.0,2026-06-03
8989,control,IN,desktop,8,38.0,0.875,2026-06-03
8990,treatment,IN,mobile,2,66.5,0.5,2026-06-03
8991,treatment,AU,desktop,3,49.7,1.0,2026-06-04
8992,control,IN,mobile,1,17.0,0.0,2026-06-03
8993,control,US,mobile,6,41.7,0.833,2026-06-02
8994,control,DE,mobile,15,28.4,0.4,2026-06-02
8995,treatment,US,desktop,2,53.0,0.5,2026-06-04
8996,control,AU,mobile,1,13.0,0.0,2026-06-01
8997,control,IN,mobile,5,38.0,1.0,2026-06-05
8998,treatment,DE,mobile,1,56.0,1.0,2026-06-03
8999,control,US,mobile,9,29.1,0.778,2026-06-02
9000,control,GB,mobile,3,37.0,0.333,2026-06-04
9001,control,IN,desktop,1,31.0,1.0,2026-06-03
9002,control,IN,desktop,5,22.4,0.4,2026-06-02
9003,treatment,BR,desktop,2,27.0,0.5,2026-06-05
9004,treatment,DE,desktop,2,89.5,1.0,2026-06-03
9005,control,US,mobile,4,40.2,0.5,2026-06-05
9006,control,US,desktop,4,38.8,0.75,2026-06-04
9007,control,AU,desktop,3,30.3,0.667,2026-06-03
9008,control,IN,mobile,3,29.3,1.0,2026-06-02
9009,control,CA,mobile,5,29.4,0.6,2026-06-02
9010,control,AU,mobile,4,26.2,0.75,2026-06-01
9011,control,PH,mobile,3,29.3,0.667,2026-06-02
9012,treatment,GB,mobile,7,72.7,0.857,2026-06-05
9013,treatment,CA,mobile,2,28.0,0.5,2026-06-01
9014,treatment,BR,mobile,0,,,2026-06-04
9015,control,PH,mobile,2,35.5,0.5,2026-06-02
9016,control,GB,mobile,2,20.5,1.0,2026-06-04
9017,control,PH,desktop,3,39.7,0.667,2026-06-04
9018,treatment,GB,desktop,2,32.0,0.5,2026-06-03
9019,control,IN,mobile,4,36.8,0.5,2026-06-04
9020,treatment,US,mobile,4,52.8,0.5,2026-06-05
9021,treatment,IN,mobile,3,39.3,1.0,2026-06-02
9022,treatment,PH,mobile,1,21.0,1.0,2026-06-05
9023,control,US,mobile,1,49.0,1.0,2026-06-04
9024,control,BR,desktop,6,37.2,0.5,2026-06-01
9025,control,IN,desktop,1,24.0,1.0,2026-06-03
9026,control,PH,desktop,1,29.0,1.0,2026-06-01
9027,treatment,IN,mobile,3,51.7,0.667,2026-06-04
9028,treatment,IN,mobile,2,32.5,1.0,2026-06-04
9029,control,GB,mobile,1,22.0,1.0,2026-06-04
9030,control,PH,mobile,4,75.8,0.5,2026-06-05
9031,treatment,IN,desktop,6,38.7,0.833,2026-06-05
9032,treatment,US,mobile,1,39.0,1.0,2026-06-01
9033,treatment,US,mobile,4,48.2,1.0,2026-06-05
9034,treatment,IN,mobile,0,,,2026-06-01
9035,control,BR,desktop,0,,,2026-06-04
9036,treatment,GB,mobile,9,47.2,0.556,2026-06-01
9037,control,IN,desktop,2,35.0,1.0,2026-06-04
9038,control,US,desktop,0,,,2026-06-04
9039,treatment,US,desktop,2,36.5,0.5,2026-06-05
9040,control,GB,mobile,1,30.0,1.0,2026-06-01
9041,treatment,IN,mobile,2,62.0,1.0,2026-06-03
9042,treatment,IN,mobile,3,35.0,1.0,2026-06-02
9043,treatment,BR,mobile,2,46.0,1.0,2026-06-03
9044,treatment,BR,desktop,3,68.0,1.0,2026-06-01
9045,control,BR,mobile,0,,,2026-06-03
9046,treatment,BR,mobile,3,63.7,0.333,2026-06-05
9047,treatment,US,mobile,5,78.6,1.0,2026-06-02
9048,control,DE,mobile,3,41.7,0.333,2026-06-04
9049,control,DE,mobile,1,45.0,1.0,2026-06-03
9050,treatment,US,mobile,1,89.0,0.0,2026-06-01
9051,control,US,desktop,2,32.5,0.0,2026-06-01
9052,treatment,IN,mobile,1,49.0,1.0,2026-06-01
9053,control,US,mobile,4,42.8,1.0,2026-06-03
9054,control,GB,mobile,3,23.0,1.0,2026-06-04
9055,control,US,desktop,11,40.3,0.818,2026-06-03
9056,control,US,mobile,3,46.0,0.667,2026-06-01
9057,treatment,AU,desktop,7,45.1,0.714,2026-06-03
9058,treatment,US,mobile,6,32.5,0.333,2026-06-05
9059,treatment,IN,desktop,3,64.0,0.667,2026-06-03
9060,treatment,AU,mobile,3,28.3,0.667,2026-06-05
9061,control,US,desktop,0,,,2026-06-04
9062,control,GB,desktop,1,60.0,1.0,2026-06-05
9063,treatment,PH,desktop,4,48.8,1.0,2026-06-03
9064,control,IN,desktop,4,29.0,1.0,2026-06-03
9065,control,AU,mobile,1,42.0,0.0,2026-06-03
9066,control,US,mobile,10,39.3,0.9,2026-06-02
9067,control,IN,mobile,6,35.7,0.833,2026-06-04
9068,control,IN,mobile,2,26.0,0.0,2026-06-03
9069,treatment,GB,mobile,6,34.7,0.833,2026-06-03
9070,treatment,BR,mobile,0,,,2026-06-02
9071,control,IN,mobile,1,34.0,1.0,2026-06-01
9072,control,BR,desktop,7,37.0,0.429,2026-06-03
9073,control,IN,mobile,1,25.0,1.0,2026-06-01
9074,treatment,PH,mobile,4,34.0,0.75,2026-06-03
9075,control,US,mobile,1,34.0,1.0,2026-06-05
9076,control,CA,desktop,0,,,2026-06-02
9077,control,DE,mobile,17,34.2,0.706,2026-06-02
9078,control,DE,mobile,12,34.0,0.75,2026-06-04
9079,control,IN,desktop,3,20.3,0.0,2026-06-04
9080,treatment,IN,mobile,13,47.8,0.462,2026-06-05
9081,control,IN,mobile,5,25.0,0.8,2026-06-01
9082,treatment,US,desktop,2,40.5,0.5,2026-06-04
9083,control,GB,desktop,2,39.0,0.0,2026-06-01
9084,treatment,US,desktop,2,120.5,0.5,2026-06-03
9085,control,CA,mobile,13,29.4,0.923,2026-06-03
9086,treatment,US,mobile,3,36.7,1.0,2026-06-04
9087,treatment,IN,desktop,3,42.7,0.0,2026-06-04
9088,treatment,GB,mobile,3,40.0,0.667,2026-06-02
9089,control,GB,desktop,5,32.6,0.4,2026-06-02
9090,control,US,mobile,4,34.2,0.5,2026-06-02
9091,control,BR,mobile,1,14.0,1.0,2026-06-04
9092,treatment,IN,mobile,1,47.0,1.0,2026-06-02
9093,treatment,GB,mobile,2,48.0,1.0,2026-06-05
9094,treatment,US,mobile,6,48.5,0.667,2026-06-04
9095,control,IN,desktop,1,48.0,1.0,2026-06-05
9096,control,US,desktop,1,38.0,1.0,2026-06-01
9097,control,IN,desktop,3,41.3,0.667,2026-06-05
9098,control,US,desktop,3,49.0,0.667,2026-06-04
9099,treatment,US,mobile,3,45.3,1.0,2026-06-01
9100,control,IN,mobile,2,36.5,1.0,2026-06-01
9101,treatment,CA,mobile,12,47.3,0.667,2026-06-02
9102,treatment,DE,mobile,4,54.8,0.5,2026-06-02
9103,treatment,IN,mobile,3,57.7,0.667,2026-06-04
9104,treatment,GB,mobile,3,49.3,0.333,2026-06-02
9105,treatment,IN,mobile,6,43.8,0.667,2026-06-01
9106,treatment,BR,mobile,2,37.0,1.0,2026-06-04
9107,control,DE,mobile,2,47.5,0.5,2026-06-05
9108,treatment,DE,mobile,2,59.5,1.0,2026-06-04
9109,control,US,tablet,4,47.2,0.5,2026-06-05
9110,treatment,AU,mobile,1,64.0,0.0,2026-06-03
9111,control,PH,desktop,2,46.0,0.5,2026-06-02
9112,control,CA,mobile,1,33.0,0.0,2026-06-03
9113,treatment,GB,mobile,3,51.3,0.333,2026-06-05
9114,control,IN,mobile,1,14.0,1.0,2026-06-01
9115,treatment,US,mobile,0,,,2026-06-02
9116,control,IN,mobile,1,62.0,0.0,2026-06-02
9117,control,GB,desktop,3,29.7,1.0,2026-06-03
9118,control,BR,desktop,4,39.8,1.0,2026-06-01
9119,treatment,PH,mobile,3,49.0,0.667,2026-06-01
9120,control,US,mobile,5,30.8,0.8,2026-06-05
9121,control,US,desktop,8,35.1,0.75,2026-06-03
9122,control,US,desktop,0,,,2026-06-05
9123,treatment,US,mobile,0,,,2026-06-02
9124,control,IN,mobile,0,,,2026-06-05
9125,treatment,IN,tablet,3,27.3,0.333,2026-06-02
9126,control,BR,desktop,2,23.5,1.0,2026-06-05
9127,treatment,IN,mobile,4,26.0,0.0,2026-06-01
9128,treatment,US,tablet,1,34.0,0.0,2026-06-05
9129,control,IN,mobile,4,22.5,1.0,2026-06-02
9130,treatment,IN,mobile,2,118.0,0.5,2026-06-04
9131,control,GB,mobile,2,63.5,1.0,2026-06-03
9132,control,US,mobile,3,34.0,0.333,2026-06-03
9133,control,IN,mobile,4,29.8,0.75,2026-06-01
9134,control,IN,mobile,1,34.0,0.0,2026-06-04
9135,control,BR,mobile,1,35.0,0.0,2026-06-01
9136,control,US,mobile,2,28.0,0.5,2026-06-05
9137,control,DE,desktop,2,22.0,0.0,2026-06-02
9138,control,US,mobile,7,29.3,0.714,2026-06-05
9139,treatment,US,mobile,6,60.5,0.667,2026-06-02
9140,treatment,IN,desktop,2,61.5,1.0,2026-06-05
9141,control,BR,mobile,0,,,2026-06-02
9142,treatment,BR,desktop,8,35.0,0.5,2026-06-05
9143,control,CA,mobile,4,29.5,0.5,2026-06-02
9144,treatment,US,mobile,3,37.7,0.333,2026-06-01
9145,treatment,IN,mobile,3,49.0,0.333,2026-06-01
9146,control,AU,mobile,1,39.0,1.0,2026-06-02
9147,treatment,BR,mobile,4,33.8,0.75,2026-06-04
9148,treatment,BR,desktop,4,58.2,0.25,2026-06-04
9149,control,US,mobile,1,24.0,0.0,2026-06-04
9150,treatment,US,mobile,1,34.0,0.0,2026-06-02
9151,treatment,PH,mobile,4,42.2,0.5,2026-06-01
9152,treatment,US,tablet,0,,,2026-06-05
9153,treatment,AU,desktop,4,45.8,0.75,2026-06-03
9154,treatment,US,desktop,4,66.0,0.25,2026-06-02
9155,treatment,IN,desktop,1,38.0,1.0,2026-06-01
9156,control,CA,desktop,7,32.4,0.571,2026-06-05
9157,treatment,IN,desktop,0,,,2026-06-03
9158,control,GB,desktop,1,24.0,1.0,2026-06-05
9159,treatment,IN,desktop,2,56.5,1.0,2026-06-02
9160,treatment,IN,desktop,6,52.2,0.833,2026-06-03
9161,treatment,GB,mobile,4,66.2,1.0,2026-06-02
9162,control,IN,tablet,3,26.0,0.333,2026-06-03
9163,control,US,mobile,3,37.7,1.0,2026-06-02
9164,treatment,CA,mobile,0,,,2026-06-02
9165,treatment,US,mobile,5,40.6,0.6,2026-06-01
9166,treatment,IN,mobile,6,55.3,0.667,2026-06-05
9167,treatment,BR,mobile,4,32.2,0.5,2026-06-02
9168,treatment,US,desktop,11,58.6,0.909,2026-06-05
9169,control,BR,mobile,2,31.5,1.0,2026-06-01
9170,treatment,US,mobile,5,48.0,1.0,2026-06-01
9171,treatment,US,mobile,4,38.8,0.75,2026-06-05
9172,treatment,GB,mobile,2,23.0,0.5,2026-06-05
9173,control,IN,desktop,1,25.0,1.0,2026-06-01
9174,treatment,CA,mobile,5,46.8,0.8,2026-06-03
9175,treatment,GB,desktop,3,31.0,0.667,2026-06-01
9176,treatment,US,mobile,1,79.0,0.0,2026-06-02
9177,treatment,PH,mobile,6,65.2,0.833,2026-06-03
9178,control,US,mobile,4,40.5,0.5,2026-06-01
9179,control,BR,desktop,2,33.0,0.5,2026-06-04
9180,control,IN,mobile,4,31.8,1.0,2026-06-04
9181,control,PH,mobile,4,40.5,0.5,2026-06-01
9182,treatment,BR,mobile,0,,,2026-06-04
9183,control,US,mobile,2,17.5,0.0,2026-06-02
9184,treatment,AU,mobile,2,70.5,0.5,2026-06-05
9185,control,DE,mobile,0,,,2026-06-02
9186,control,DE,mobile,2,23.5,0.5,2026-06-02
9187,treatment,DE,mobile,1,25.0,1.0,2026-06-02
9188,control,PH,mobile,1,23.0,0.0,2026-06-01
9189,control,IN,mobile,1,33.0,1.0,2026-06-02
9190,treatment,US,mobile,2,47.5,1.0,2026-06-02
9191,control,US,desktop,0,,,2026-06-04
9192,treatment,DE,mobile,6,34.3,0.833,2026-06-05
9193,treatment,BR,mobile,0,,,2026-06-05
9194,control,IN,tablet,1,26.0,0.0,2026-06-02
9195,treatment,PH,mobile,0,,,2026-06-05
9196,treatment,PH,mobile,3,44.7,0.667,2026-06-01
9197,control,IN,mobile,8,38.4,0.5,2026-06-05
9198,treatment,US,mobile,1,46.0,1.0,2026-06-05
9199,control,AU,desktop,3,19.3,0.333,2026-06-03
9200,treatment,US,desktop,6,48.7,0.833,2026-06-04
9201,treatment,IN,mobile,5,73.0,0.8,2026-06-03
9202,treatment,PH,desktop,3,55.3,1.0,2026-06-01
9203,treatment,CA,mobile,3,64.0,1.0,2026-06-04
9204,treatment,IN,desktop,4,40.2,0.75,2026-06-01
9205,treatment,IN,mobile,4,61.8,0.75,2026-06-01
9206,treatment,US,desktop,3,41.7,0.333,2026-06-05
9207,treatment,PH,mobile,1,46.0,1.0,2026-06-02
9208,treatment,IN,mobile,0,,,2026-06-05
9209,treatment,GB,mobile,0,,,2026-06-05
9210,treatment,AU,mobile,3,20.0,0.667,2026-06-05
9211,control,US,mobile,2,26.0,0.5,2026-06-04
9212,control,BR,mobile,5,28.4,0.6,2026-06-05
9213,treatment,GB,mobile,11,46.5,0.636,2026-06-01
9214,treatment,PH,desktop,2,56.5,1.0,2026-06-01
9215,treatment,PH,tablet,1,20.0,0.0,2026-06-05
9216,control,BR,mobile,1,22.0,0.0,2026-06-03
9217,treatment,US,mobile,3,50.0,0.667,2026-06-02
9218,treatment,US,mobile,1,51.0,1.0,2026-06-01
9219,treatment,IN,mobile,3,40.3,0.667,2026-06-04
9220,treatment,AU,mobile,0,,,2026-06-01
9221,control,IN,mobile,1,49.0,1.0,2026-06-05
9222,treatment,CA,tablet,2,19.5,0.5,2026-06-04
9223,treatment,US,mobile,1,54.0,1.0,2026-06-03
9224,treatment,DE,mobile,1,43.0,1.0,2026-06-05
9225,treatment,GB,mobile,0,,,2026-06-04
9226,control,IN,mobile,3,17.7,0.667,2026-06-04
9227,treatment,IN,desktop,0,,,2026-06-05
9228,control,IN,mobile,2,30.0,1.0,2026-06-03
9229,control,US,mobile,4,27.5,0.75,2026-06-03
9230,treatment,US,mobile,8,65.5,0.875,2026-06-04
9231,treatment,BR,mobile,1,70.0,1.0,2026-06-01
9232,treatment,PH,mobile,4,46.5,0.5,2026-06-04
9233,control,PH,desktop,2,44.0,0.5,2026-06-02
9234,treatment,AU,mobile,1,41.0,1.0,2026-06-04
9235,treatment,PH,mobile,4,31.2,0.25,2026-06-02
9236,treatment,US,mobile,2,48.5,1.0,2026-06-03
9237,treatment,US,desktop,1,63.0,0.0,2026-06-03
9238,treatment,IN,tablet,3,44.0,0.667,2026-06-03
9239,treatment,PH,desktop,7,39.9,0.714,2026-06-03
9240,treatment,BR,mobile,10,49.1,0.8,2026-06-03
9241,control,PH,tablet,3,19.7,0.667,2026-06-03
9242,control,PH,tablet,3,22.0,1.0,2026-06-02
9243,control,US,mobile,0,,,2026-06-05
9244,control,PH,mobile,0,,,2026-06-03
9245,control,US,mobile,5,25.2,0.6,2026-06-03
9246,control,IN,desktop,6,27.3,0.667,2026-06-02
9247,control,US,mobile,2,21.0,0.5,2026-06-03
9248,treatment,IN,mobile,11,46.7,0.364,2026-06-02
9249,control,DE,mobile,2,38.0,1.0,2026-06-05
9250,control,BR,tablet,7,36.1,0.857,2026-06-04
9251,control,IN,mobile,0,,,2026-06-02
9252,treatment,CA,mobile,14,38.8,0.571,2026-06-01
9253,control,US,desktop,1,19.0,1.0,2026-06-03
9254,treatment,US,mobile,5,62.0,0.8,2026-06-02
9255,treatment,IN,mobile,1,52.0,1.0,2026-06-04
9256,treatment,DE,mobile,2,64.5,1.0,2026-06-04
9257,treatment,US,desktop,2,70.0,0.5,2026-06-04
9258,treatment,IN,desktop,1,39.0,1.0,2026-06-02
9259,treatment,US,mobile,2,28.0,0.0,2026-06-01
9260,treatment,US,mobile,10,47.8,1.0,2026-06-01
9261,treatment,AU,mobile,1,24.0,1.0,2026-06-03
9262,control,US,desktop,3,24.0,1.0,2026-06-01
9263,control,IN,desktop,8,38.8,0.625,2026-06-04
9264,treatment,IN,desktop,2,38.5,0.5,2026-06-04
9265,control,DE,desktop,7,28.1,0.429,2026-06-02
9266,treatment,US,mobile,2,85.0,1.0,2026-06-05
9267,treatment,AU,desktop,1,58.0,1.0,2026-06-03
9268,treatment,US,mobile,4,41.5,1.0,2026-06-05
9269,control,BR,mobile,1,42.0,0.0,2026-06-03
9270,control,GB,desktop,6,29.2,0.833,2026-06-03
9271,control,US,mobile,1,20.0,0.0,2026-06-03
9272,treatment,US,mobile,1,29.0,1.0,2026-06-02
9273,treatment,IN,mobile,1,23.0,0.0,2026-06-03
9274,treatment,BR,mobile,1,31.0,0.0,2026-06-03
9275,treatment,GB,tablet,4,46.0,0.75,2026-06-04
9276,treatment,GB,mobile,2,30.0,0.5,2026-06-04
9277,control,IN,mobile,0,,,2026-06-04
9278,control,BR,desktop,2,66.5,0.5,2026-06-05
9279,treatment,CA,mobile,5,31.2,0.6,2026-06-03
9280,treatment,PH,mobile,3,66.0,0.0,2026-06-05
9281,treatment,AU,desktop,4,56.0,0.5,2026-06-03
9282,treatment,GB,mobile,3,38.3,1.0,2026-06-01
9283,control,IN,mobile,3,27.3,0.667,2026-06-03
9284,control,BR,desktop,0,,,2026-06-01
9285,control,IN,mobile,3,31.3,0.667,2026-06-05
9286,treatment,PH,mobile,1,28.0,1.0,2026-06-01
9287,control,BR,desktop,0,,,2026-06-03
9288,treatment,US,desktop,8,41.0,0.75,2026-06-02
9289,treatment,CA,mobile,1,46.0,1.0,2026-06-05
9290,control,PH,mobile,0,,,2026-06-04
9291,treatment,IN,mobile,5,65.8,0.8,2026-06-05
9292,treatment,US,mobile,14,37.9,0.429,2026-06-02
9293,treatment,US,desktop,1,64.0,1.0,2026-06-04
9294,control,IN,mobile,0,,,2026-06-05
9295,control,US,mobile,0,,,2026-06-04
9296,control,AU,mobile,1,30.0,0.0,2026-06-04
9297,treatment,GB,tablet,4,55.0,0.75,2026-06-03
9298,treatment,BR,mobile,3,56.7,1.0,2026-06-04
9299,treatment,IN,mobile,1,48.0,1.0,2026-06-01
9300,treatment,BR,desktop,7,39.9,0.857,2026-06-04
9301,control,US,mobile,8,30.6,0.625,2026-06-03
9302,control,US,mobile,2,41.0,0.5,2026-06-04
9303,treatment,IN,mobile,0,,,2026-06-05
9304,control,DE,mobile,2,33.5,1.0,2026-06-03
9305,treatment,IN,mobile,1,33.0,1.0,2026-06-01
9306,control,IN,desktop,1,18.0,1.0,2026-06-04
9307,treatment,BR,mobile,3,39.7,1.0,2026-06-04
9308,treatment,PH,desktop,5,37.4,0.4,2026-06-01
9309,treatment,BR,desktop,1,20.0,1.0,2026-06-03
9310,treatment,BR,mobile,2,51.5,1.0,2026-06-04
9311,control,US,desktop,1,30.0,1.0,2026-06-03
9312,control,IN,desktop,5,28.4,0.8,2026-06-04
9313,treatment,BR,tablet,1,62.0,1.0,2026-06-05
9314,control,IN,tablet,4,60.2,0.25,2026-06-03
9315,treatment,US,mobile,3,39.3,0.667,2026-06-04
9316,treatment,IN,mobile,0,,,2026-06-01
9317,treatment,PH,mobile,2,65.0,0.5,2026-06-05
9318,treatment,US,mobile,1,36.0,1.0,2026-06-03
9319,treatment,US,desktop,14,50.4,0.643,2026-06-02
9320,control,DE,mobile,7,31.6,0.857,2026-06-03
9321,control,IN,mobile,3,30.3,1.0,2026-06-01
9322,treatment,GB,tablet,2,60.0,0.5,2026-06-04
9323,treatment,GB,mobile,3,51.0,0.333,2026-06-03
9324,control,US,mobile,2,35.0,0.5,2026-06-01
9325,control,IN,mobile,1,32.0,1.0,2026-06-01
9326,treatment,IN,mobile,3,43.0,0.667,2026-06-04
9327,control,GB,desktop,4,21.0,0.25,2026-06-01
9328,control,DE,mobile,1,31.0,0.0,2026-06-05
9329,control,IN,mobile,2,31.0,0.5,2026-06-04
9330,control,IN,desktop,2,61.5,1.0,2026-06-04
9331,treatment,IN,mobile,0,,,2026-06-03
9332,control,BR,mobile,1,23.0,1.0,2026-06-05
9333,treatment,AU,mobile,2,38.5,0.5,2026-06-03
9334,treatment,IN,mobile,2,53.0,1.0,2026-06-01
9335,treatment,GB,mobile,2,37.5,1.0,2026-06-01
9336,control,IN,mobile,4,32.8,0.75,2026-06-02
9337,treatment,IN,mobile,2,44.5,1.0,2026-06-03
9338,control,DE,mobile,6,36.3,0.5,2026-06-04
9339,treatment,CA,desktop,4,46.0,0.75,2026-06-05
9340,control,IN,mobile,5,21.2,0.8,2026-06-03
9341,control,IN,mobile,1,41.0,0.0,2026-06-04
9342,control,IN,mobile,2,27.0,0.5,2026-06-03
9343,treatment,PH,desktop,3,57.7,1.0,2026-06-05
9344,control,BR,mobile,4,30.2,0.75,2026-06-03
9345,treatment,DE,mobile,5,61.4,0.8,2026-06-04
9346,treatment,IN,mobile,2,42.0,0.5,2026-06-03
9347,control,AU,mobile,0,,,2026-06-05
9348,treatment,GB,mobile,1,26.0,1.0,2026-06-03
9349,control,IN,mobile,4,27.5,0.25,2026-06-02
9350,control,US,desktop,3,28.3,0.667,2026-06-03
9351,control,GB,mobile,1,35.0,1.0,2026-06-03
9352,treatment,US,mobile,4,53.5,1.0,2026-06-02
9353,treatment,US,mobile,9,36.7,0.556,2026-06-04
9354,control,BR,mobile,1,22.0,0.0,2026-06-01
9355,treatment,US,desktop,4,65.5,0.75,2026-06-05
9356,control,US,desktop,12,26.0,0.417,2026-06-05
9357,control,BR,desktop,2,43.0,1.0,2026-06-04
9358,control,DE,desktop,4,33.8,0.75,2026-06-03
9359,control,PH,mobile,4,22.5,0.25,2026-06-05
9360,treatment,US,desktop,5,58.4,0.6,2026-06-02
9361,treatment,PH,mobile,1,25.0,1.0,2026-06-02
9362,control,US,mobile,2,36.5,1.0,2026-06-02
9363,treatment,US,mobile,2,72.0,1.0,2026-06-03
9364,control,US,mobile,0,,,2026-06-03
9365,control,US,mobile,1,40.0,1.0,2026-06-03
9366,treatment,IN,mobile,5,60.0,0.8,2026-06-05
9367,treatment,IN,desktop,1,24.0,0.0,2026-06-05
9368,control,IN,mobile,6,34.8,0.833,2026-06-04
9369,treatment,DE,desktop,5,69.0,0.8,2026-06-05
9370,control,IN,mobile,3,25.7,1.0,2026-06-04
9371,treatment,IN,desktop,3,39.3,0.667,2026-06-03
9372,treatment,BR,desktop,2,24.5,0.5,2026-06-04
9373,treatment,DE,mobile,2,32.5,0.0,2026-06-03
9374,control,CA,desktop,1,62.0,1.0,2026-06-04
9375,control,IN,mobile,3,34.3,1.0,2026-06-01
9376,control,DE,mobile,1,6.0,0.0,2026-06-05
9377,treatment,PH,mobile,1,62.0,1.0,2026-06-02
9378,treatment,GB,mobile,5,49.2,1.0,2026-06-01
9379,treatment,PH,mobile,5,54.2,0.8,2026-06-01
9380,treatment,IN,mobile,6,34.2,0.833,2026-06-03
9381,control,US,desktop,1,12.0,1.0,2026-06-02
9382,treatment,IN,mobile,3,71.0,0.667,2026-06-05
9383,control,US,mobile,2,27.0,1.0,2026-06-05
9384,control,US,mobile,8,23.6,0.625,2026-06-02
9385,treatment,IN,mobile,1,46.0,0.0,2026-06-01
9386,control,US,desktop,2,30.0,1.0,2026-06-05
9387,control,US,desktop,1,42.0,1.0,2026-06-05
9388,treatment,IN,mobile,1,22.0,0.0,2026-06-04
9389,control,US,mobile,0,,,2026-06-02
9390,control,US,desktop,5,29.2,0.6,2026-06-01
9391,treatment,IN,mobile,0,,,2026-06-01
9392,control,CA,mobile,0,,,2026-06-01
9393,control,US,desktop,2,21.5,1.0,2026-06-03
9394,control,BR,mobile,0,,,2026-06-03
9395,treatment,DE,desktop,1,40.0,1.0,2026-06-04
9396,control,GB,mobile,6,36.0,0.333,2026-06-05
9397,control,PH,mobile,3,44.3,0.667,2026-06-04
9398,control,BR,desktop,3,47.7,0.333,2026-06-05
9399,treatment,IN,mobile,2,47.0,1.0,2026-06-01
9400,control,US,mobile,2,23.5,0.5,2026-06-02
9401,control,AU,mobile,3,23.3,1.0,2026-06-05
9402,treatment,IN,mobile,4,53.0,0.75,2026-06-01
9403,treatment,PH,desktop,2,41.0,1.0,2026-06-01
9404,treatment,US,desktop,3,33.7,0.667,2026-06-04
9405,control,GB,mobile,6,26.7,1.0,2026-06-01
9406,control,BR,mobile,4,37.8,0.75,2026-06-02
9407,treatment,IN,mobile,4,39.8,1.0,2026-06-01
9408,control,US,mobile,4,26.5,0.75,2026-06-03
9409,control,US,mobile,1,29.0,1.0,2026-06-01
9410,treatment,PH,desktop,3,44.7,1.0,2026-06-02
9411,control,US,desktop,6,30.5,0.5,2026-06-03
9412,treatment,GB,mobile,1,28.0,1.0,2026-06-03
9413,treatment,GB,desktop,3,57.3,0.333,2026-06-01
9414,treatment,IN,mobile,2,52.0,0.5,2026-06-05
9415,control,PH,mobile,7,46.9,0.714,2026-06-01
9416,control,BR,mobile,2,28.5,0.5,2026-06-05
9417,treatment,US,mobile,0,,,2026-06-01
9418,treatment,US,mobile,1,19.0,0.0,2026-06-03
9419,control,US,desktop,1,27.0,1.0,2026-06-04
9420,control,DE,mobile,1,36.0,1.0,2026-06-02
9421,control,IN,mobile,4,30.5,0.75,2026-06-01
9422,control,IN,tablet,3,15.3,0.333,2026-06-01
9423,control,GB,desktop,0,,,2026-06-01
9424,control,US,mobile,5,47.6,0.6,2026-06-03
9425,treatment,US,desktop,2,30.5,1.0,2026-06-01
9426,treatment,IN,desktop,5,39.0,0.2,2026-06-04
9427,treatment,DE,mobile,1,43.0,0.0,2026-06-04
9428,treatment,PH,mobile,0,,,2026-06-04
9429,control,GB,mobile,2,46.5,1.0,2026-06-02
9430,treatment,US,mobile,4,37.2,1.0,2026-06-03
9431,control,IN,mobile,3,27.0,0.667,2026-06-01
9432,control,DE,mobile,5,29.6,0.6,2026-06-01
9433,control,IN,desktop,2,49.0,1.0,2026-06-01
9434,control,BR,mobile,9,27.3,0.556,2026-06-03
9435,control,US,desktop,6,45.5,0.833,2026-06-01
9436,control,US,mobile,3,30.3,0.333,2026-06-02
9437,control,US,mobile,13,26.6,0.538,2026-06-04
9438,treatment,IN,mobile,2,28.5,0.5,2026-06-01
9439,control,US,desktop,3,46.0,1.0,2026-06-01
9440,control,PH,desktop,6,42.0,1.0,2026-06-04
9441,control,US,mobile,3,29.3,1.0,2026-06-04
9442,control,BR,mobile,3,19.7,1.0,2026-06-04
9443,treatment,BR,mobile,2,37.5,1.0,2026-06-01
9444,control,US,mobile,2,28.0,1.0,2026-06-03
9445,control,US,desktop,3,18.0,0.667,2026-06-02
9446,treatment,US,mobile,2,59.5,0.0,2026-06-05
9447,treatment,PH,desktop,4,40.0,1.0,2026-06-03
9448,treatment,US,desktop,0,,,2026-06-04
9449,treatment,IN,mobile,4,42.0,1.0,2026-06-03
9450,treatment,BR,desktop,8,35.6,0.5,2026-06-03
9451,control,BR,mobile,2,15.0,0.5,2026-06-01
9452,control,PH,desktop,1,24.0,1.0,2026-06-05
9453,treatment,IN,mobile,2,42.5,1.0,2026-06-02
9454,treatment,US,desktop,6,42.3,0.667,2026-06-01
9455,control,GB,mobile,5,47.6,0.6,2026-06-04
9456,control,IN,mobile,3,28.0,1.0,2026-06-05
9457,control,IN,tablet,6,20.3,0.833,2026-06-04
9458,control,IN,desktop,3,61.7,1.0,2026-06-04
9459,treatment,US,mobile,6,50.3,0.833,2026-06-03
9460,control,US,desktop,2,33.0,1.0,2026-06-02
9461,control,IN,desktop,6,36.5,0.833,2026-06-05
9462,control,US,desktop,0,,,2026-06-04
9463,treatment,US,mobile,2,36.0,0.5,2026-06-05
9464,treatment,IN,mobile,2,54.0,1.0,2026-06-04
9465,control,IN,desktop,1,43.0,1.0,2026-06-02
9466,treatment,BR,mobile,2,61.5,0.5,2026-06-04
9467,treatment,US,mobile,2,59.5,0.5,2026-06-01
9468,treatment,IN,mobile,0,,,2026-06-01
9469,control,GB,tablet,3,26.7,0.333,2026-06-05
9470,treatment,US,tablet,1,41.0,1.0,2026-06-02
9471,treatment,IN,desktop,6,58.0,0.5,2026-06-03
9472,control,US,mobile,1,47.0,1.0,2026-06-05
9473,control,IN,mobile,16,46.0,0.75,2026-06-05
9474,treatment,IN,desktop,4,55.0,0.75,2026-06-04
9475,control,US,mobile,1,14.0,1.0,2026-06-02
9476,treatment,US,mobile,4,55.5,0.75,2026-06-03
9477,control,PH,mobile,2,25.5,0.5,2026-06-02
9478,treatment,IN,mobile,1,24.0,1.0,2026-06-03
9479,treatment,US,mobile,0,,,2026-06-05
9480,treatment,US,desktop,7,41.4,0.714,2026-06-03
9481,treatment,PH,mobile,9,39.7,0.556,2026-06-01
9482,control,GB,tablet,0,,,2026-06-01
9483,control,US,desktop,2,40.0,0.5,2026-06-02
9484,control,IN,desktop,4,25.0,0.5,2026-06-01
9485,control,BR,desktop,2,18.0,0.5,2026-06-05
9486,treatment,IN,mobile,4,55.8,0.75,2026-06-05
9487,treatment,US,mobile,1,43.0,1.0,2026-06-02
9488,treatment,CA,desktop,7,40.0,0.714,2026-06-02
9489,control,IN,mobile,3,22.0,1.0,2026-06-05
9490,treatment,IN,mobile,6,40.8,0.667,2026-06-05
9491,treatment,US,mobile,4,55.2,1.0,2026-06-05
9492,treatment,GB,desktop,9,54.8,0.778,2026-06-02
9493,control,IN,desktop,3,28.7,0.667,2026-06-01
9494,treatment,GB,desktop,0,,,2026-06-03
9495,control,US,desktop,0,,,2026-06-01
9496,treatment,PH,desktop,4,31.8,0.5,2026-06-03
9497,treatment,BR,mobile,1,63.0,1.0,2026-06-03
9498,treatment,IN,mobile,9,41.1,0.556,2026-06-04
9499,control,BR,mobile,6,34.2,0.5,2026-06-01
9500,treatment,US,mobile,1,44.0,1.0,2026-06-04
9501,treatment,IN,mobile,2,43.5,0.5,2026-06-03
9502,control,US,mobile,2,33.0,0.5,2026-06-05
9503,treatment,IN,mobile,6,44.7,0.5,2026-06-02
9504,control,CA,mobile,3,37.0,0.667,2026-06-03
9505,control,IN,mobile,0,,,2026-06-01
9506,treatment,IN,mobile,5,44.0,0.4,2026-06-03
9507,treatment,IN,mobile,5,46.4,0.2,2026-06-03
9508,control,US,mobile,5,34.0,0.4,2026-06-01
9509,treatment,US,mobile,2,53.5,0.0,2026-06-02
9510,treatment,US,mobile,3,79.0,0.667,2026-06-04
9511,control,IN,mobile,1,31.0,1.0,2026-06-03
9512,treatment,BR,mobile,1,15.0,0.0,2026-06-01
9513,treatment,US,mobile,4,78.2,1.0,2026-06-01
9514,treatment,IN,mobile,1,33.0,1.0,2026-06-04
9515,control,IN,mobile,2,27.5,1.0,2026-06-02
9516,control,GB,mobile,5,51.8,0.8,2026-06-02
9517,treatment,US,mobile,2,32.5,1.0,2026-06-02
9518,control,IN,mobile,8,25.8,0.625,2026-06-01
9519,treatment,US,mobile,13,59.5,0.538,2026-06-04
9520,treatment,IN,desktop,0,,,2026-06-02
9521,treatment,PH,mobile,3,42.7,0.667,2026-06-05
9522,control,US,mobile,2,38.0,0.5,2026-06-05
9523,control,DE,mobile,3,24.3,1.0,2026-06-01
9524,control,IN,desktop,3,43.0,0.667,2026-06-03
9525,treatment,IN,mobile,1,39.0,1.0,2026-06-04
9526,control,GB,desktop,2,34.0,0.0,2026-06-04
9527,treatment,PH,desktop,2,34.5,0.5,2026-06-04
9528,control,IN,tablet,6,36.2,0.833,2026-06-04
9529,control,DE,desktop,2,25.0,0.5,2026-06-03
9530,control,GB,mobile,2,23.0,0.0,2026-06-04
9531,control,CA,mobile,5,33.2,0.8,2026-06-02
9532,treatment,BR,mobile,3,78.7,0.667,2026-06-04
9533,control,GB,mobile,5,37.2,0.8,2026-06-04
9534,control,US,tablet,2,34.0,1.0,2026-06-01
9535,treatment,US,desktop,2,44.5,1.0,2026-06-04
9536,treatment,IN,mobile,0,,,2026-06-05
9537,control,PH,desktop,0,,,2026-06-01
9538,treatment,US,desktop,8,58.8,0.75,2026-06-02
9539,control,AU,mobile,2,38.0,1.0,2026-06-01
9540,treatment,US,mobile,5,66.8,0.6,2026-06-03
9541,control,BR,tablet,10,32.7,0.5,2026-06-03
9542,control,US,desktop,4,27.8,0.5,2026-06-03
9543,treatment,PH,desktop,1,74.0,1.0,2026-06-02
9544,treatment,AU,mobile,5,50.0,0.8,2026-06-04
9545,treatment,PH,desktop,0,,,2026-06-02
9546,control,IN,desktop,2,32.0,0.5,2026-06-01
9547,treatment,IN,mobile,5,48.0,0.8,2026-06-03
9548,treatment,US,mobile,2,49.0,1.0,2026-06-03
9549,control,IN,mobile,5,38.6,0.6,2026-06-02
9550,treatment,US,desktop,1,121.0,1.0,2026-06-04
9551,treatment,US,mobile,2,45.5,1.0,2026-06-01
9552,treatment,CA,desktop,4,48.0,0.5,2026-06-04
9553,control,IN,tablet,10,34.1,0.8,2026-06-03
9554,treatment,US,mobile,7,47.0,0.571,2026-06-03
9555,control,DE,desktop,11,30.3,0.727,2026-06-03
9556,control,US,desktop,1,120.0,1.0,2026-06-03
9557,treatment,IN,desktop,1,41.0,0.0,2026-06-03
9558,treatment,BR,mobile,3,64.3,0.667,2026-06-03
9559,control,DE,mobile,3,34.7,0.667,2026-06-01
9560,control,US,mobile,5,31.8,0.6,2026-06-05
9561,control,CA,desktop,4,33.8,0.75,2026-06-02
9562,control,IN,desktop,1,32.0,0.0,2026-06-03
9563,treatment,DE,desktop,3,24.7,0.333,2026-06-01
9564,treatment,BR,mobile,2,43.0,0.5,2026-06-03
9565,treatment,IN,mobile,6,32.2,1.0,2026-06-01
9566,treatment,GB,desktop,3,33.7,1.0,2026-06-04
9567,treatment,IN,mobile,5,39.2,0.8,2026-06-04
9568,treatment,AU,mobile,2,45.0,1.0,2026-06-05
9569,control,IN,mobile,3,32.3,1.0,2026-06-05
9570,treatment,DE,mobile,5,48.8,0.4,2026-06-04
9571,control,BR,desktop,1,48.0,1.0,2026-06-02
9572,control,IN,mobile,4,48.8,1.0,2026-06-01
9573,control,BR,desktop,6,29.7,0.833,2026-06-03
9574,control,US,mobile,11,39.8,0.455,2026-06-04
9575,control,IN,desktop,5,37.0,0.4,2026-06-05
9576,control,US,mobile,1,49.0,1.0,2026-06-02
9577,control,US,tablet,2,17.0,1.0,2026-06-01
9578,control,PH,mobile,1,70.0,1.0,2026-06-01
9579,control,PH,mobile,2,40.5,0.5,2026-06-02
9580,control,IN,mobile,1,55.0,1.0,2026-06-02
9581,control,IN,mobile,6,28.2,0.5,2026-06-03
9582,control,GB,mobile,2,32.5,0.5,2026-06-05
9583,treatment,DE,desktop,6,36.5,0.667,2026-06-05
9584,control,CA,mobile,3,54.0,0.667,2026-06-02
9585,control,BR,mobile,6,24.7,0.833,2026-06-01
9586,treatment,IN,mobile,4,64.5,0.5,2026-06-04
9587,treatment,US,mobile,6,36.0,0.5,2026-06-05
9588,control,GB,mobile,2,24.0,0.0,2026-06-01
9589,control,IN,mobile,6,26.5,1.0,2026-06-01
9590,control,IN,mobile,7,27.0,0.286,2026-06-04
9591,treatment,US,desktop,2,79.5,1.0,2026-06-01
9592,control,PH,desktop,0,,,2026-06-04
9593,treatment,CA,desktop,3,38.7,0.667,2026-06-02
9594,treatment,US,mobile,5,61.8,1.0,2026-06-05
9595,treatment,DE,desktop,2,47.5,0.0,2026-06-03
9596,treatment,CA,desktop,0,,,2026-06-04
9597,treatment,US,mobile,2,31.0,1.0,2026-06-04
9598,control,PH,tablet,1,27.0,0.0,2026-06-01
9599,control,BR,mobile,0,,,2026-06-04
9600,treatment,US,desktop,5,42.6,1.0,2026-06-03
9601,control,DE,desktop,7,38.9,0.714,2026-06-05
9602,treatment,US,mobile,4,59.0,0.25,2026-06-05
9603,treatment,IN,mobile,8,39.1,0.75,2026-06-02
9604,treatment,BR,mobile,5,60.8,1.0,2026-06-01
9605,control,IN,mobile,6,35.2,0.5,2026-06-05
9606,control,US,mobile,8,38.4,0.625,2026-06-02
9607,treatment,AU,desktop,2,20.0,1.0,2026-06-02
9608,treatment,BR,mobile,7,42.4,0.857,2026-06-04
9609,treatment,IN,mobile,2,28.0,0.5,2026-06-03
9610,treatment,BR,mobile,13,58.2,0.538,2026-06-01
9611,control,BR,mobile,0,,,2026-06-03
9612,control,US,mobile,10,27.7,0.5,2026-06-01
9613,treatment,US,desktop,6,38.0,0.667,2026-06-02
9614,control,BR,mobile,0,,,2026-06-03
9615,treatment,CA,mobile,2,46.5,1.0,2026-06-02
9616,control,DE,mobile,0,,,2026-06-03
9617,treatment,US,mobile,3,40.3,0.667,2026-06-01
9618,treatment,US,mobile,3,39.0,1.0,2026-06-02
9619,control,CA,mobile,3,26.3,1.0,2026-06-04
9620,control,AU,mobile,3,46.3,0.667,2026-06-05
9621,control,AU,mobile,3,37.3,0.667,2026-06-05
9622,treatment,US,mobile,7,51.3,0.714,2026-06-02
9623,treatment,DE,mobile,5,50.6,0.6,2026-06-01
9624,treatment,GB,desktop,0,,,2026-06-01
9625,treatment,US,mobile,2,43.0,0.5,2026-06-01
9626,control,IN,tablet,2,39.5,0.5,2026-06-02
9627,treatment,US,mobile,3,33.7,1.0,2026-06-02
9628,treatment,IN,desktop,1,29.0,1.0,2026-06-04
9629,control,CA,mobile,3,86.0,0.667,2026-06-04
9630,control,IN,desktop,7,34.0,0.714,2026-06-03
9631,control,IN,desktop,3,38.0,0.667,2026-06-05
9632,treatment,AU,mobile,10,39.2,0.8,2026-06-04
9633,treatment,US,desktop,0,,,2026-06-04
9634,treatment,US,mobile,8,51.1,0.625,2026-06-04
9635,control,IN,mobile,4,27.0,0.75,2026-06-01
9636,control,BR,desktop,8,36.9,0.75,2026-06-03
9637,treatment,BR,desktop,1,63.0,1.0,2026-06-01
9638,treatment,PH,desktop,7,36.3,1.0,2026-06-01
9639,treatment,IN,mobile,5,54.4,0.8,2026-06-03
9640,control,PH,mobile,3,15.3,0.667,2026-06-02
9641,control,BR,mobile,4,35.8,0.5,2026-06-05
9642,treatment,IN,mobile,1,57.0,1.0,2026-06-03
9643,control,US,mobile,4,24.0,0.75,2026-06-01
9644,control,IN,mobile,2,37.0,0.5,2026-06-05
9645,control,US,mobile,4,28.0,0.75,2026-06-05
9646,control,IN,desktop,4,26.2,0.75,2026-06-04
9647,treatment,IN,desktop,13,44.2,0.692,2026-06-05
9648,treatment,IN,mobile,5,69.0,0.8,2026-06-05
9649,control,CA,mobile,0,,,2026-06-04
9650,treatment,AU,desktop,1,26.0,1.0,2026-06-01
9651,control,CA,mobile,3,32.0,1.0,2026-06-04
9652,treatment,DE,mobile,8,46.0,0.75,2026-06-05
9653,control,BR,mobile,1,22.0,0.0,2026-06-03
9654,treatment,IN,desktop,12,53.5,0.75,2026-06-05
9655,control,GB,mobile,1,28.0,1.0,2026-06-05
9656,control,DE,mobile,1,41.0,1.0,2026-06-01
9657,treatment,US,desktop,2,38.0,1.0,2026-06-03
9658,treatment,IN,mobile,0,,,2026-06-02
9659,control,BR,mobile,4,36.5,1.0,2026-06-05
9660,treatment,BR,desktop,4,39.5,0.5,2026-06-02
9661,treatment,US,desktop,0,,,2026-06-04
9662,control,PH,mobile,2,22.5,0.5,2026-06-04
9663,treatment,IN,mobile,2,51.5,1.0,2026-06-04
9664,treatment,DE,desktop,7,45.1,0.571,2026-06-04
9665,control,BR,desktop,0,,,2026-06-04
9666,treatment,IN,mobile,11,52.4,0.455,2026-06-01
9667,treatment,IN,mobile,2,70.0,1.0,2026-06-02
9668,treatment,US,mobile,0,,,2026-06-03
9669,treatment,US,desktop,2,41.0,0.5,2026-06-01
9670,control,PH,desktop,1,46.0,1.0,2026-06-02
9671,control,AU,mobile,0,,,2026-06-02
9672,treatment,AU,desktop,0,,,2026-06-03
9673,treatment,US,mobile,0,,,2026-06-02
9674,control,PH,mobile,4,24.0,1.0,2026-06-04
9675,treatment,PH,mobile,0,,,2026-06-02
9676,control,BR,mobile,4,31.5,1.0,2026-06-01
9677,treatment,CA,desktop,10,56.9,0.8,2026-06-01
9678,treatment,GB,desktop,1,74.0,1.0,2026-06-04
9679,control,IN,desktop,9,23.7,0.444,2026-06-03
9680,control,BR,tablet,4,47.5,1.0,2026-06-04
9681,treatment,US,mobile,4,32.5,0.75,2026-06-01
9682,control,IN,mobile,2,36.0,1.0,2026-06-03
9683,treatment,BR,desktop,0,,,2026-06-01
9684,treatment,IN,mobile,1,37.0,1.0,2026-06-02
9685,treatment,IN,mobile,3,42.0,0.667,2026-06-03
9686,treatment,IN,mobile,0,,,2026-06-03
9687,control,DE,mobile,5,32.6,0.4,2026-06-02
9688,control,IN,mobile,3,71.3,1.0,2026-06-04
9689,treatment,AU,mobile,4,69.2,0.25,2026-06-02
9690,control,US,mobile,4,43.8,0.5,2026-06-02
9691,control,IN,desktop,7,24.3,0.429,2026-06-02
9692,treatment,IN,mobile,3,38.0,1.0,2026-06-02
9693,treatment,IN,mobile,2,37.5,0.5,2026-06-02
9694,control,US,tablet,2,79.5,0.5,2026-06-01
9695,control,PH,tablet,3,37.7,0.333,2026-06-03
9696,control,IN,mobile,10,36.5,0.9,2026-06-01
9697,control,US,mobile,0,,,2026-06-03
9698,treatment,BR,tablet,2,30.5,1.0,2026-06-01
9699,treatment,US,mobile,6,63.0,0.667,2026-06-03
9700,control,US,mobile,2,21.5,0.5,2026-06-05
9701,treatment,PH,mobile,2,62.0,0.5,2026-06-01
9702,treatment,PH,desktop,8,64.9,0.75,2026-06-05
9703,control,US,mobile,1,15.0,1.0,2026-06-01
9704,treatment,US,desktop,0,,,2026-06-01
9705,treatment,US,mobile,3,44.0,0.667,2026-06-03
9706,control,DE,mobile,2,65.0,0.5,2026-06-01
9707,control,IN,desktop,3,30.3,1.0,2026-06-02
9708,control,AU,mobile,2,36.0,0.5,2026-06-04
9709,control,IN,tablet,6,32.0,0.833,2026-06-03
9710,control,BR,desktop,8,38.6,0.75,2026-06-04
9711,treatment,GB,mobile,1,57.0,1.0,2026-06-03
9712,control,BR,mobile,2,27.5,0.5,2026-06-01
9713,control,US,mobile,2,49.5,1.0,2026-06-03
9714,control,PH,desktop,1,16.0,0.0,2026-06-05
9715,treatment,IN,mobile,0,,,2026-06-04
9716,treatment,IN,mobile,0,,,2026-06-05
9717,treatment,BR,mobile,2,37.0,0.0,2026-06-04
9718,treatment,IN,desktop,5,50.0,0.6,2026-06-04
9719,control,AU,mobile,1,21.0,1.0,2026-06-05
9720,control,US,mobile,4,39.5,0.75,2026-06-04
9721,treatment,AU,mobile,2,35.0,1.0,2026-06-03
9722,control,US,mobile,4,64.2,0.5,2026-06-04
9723,control,IN,mobile,5,39.2,0.6,2026-06-04
9724,control,GB,mobile,9,48.6,0.778,2026-06-01
9725,treatment,US,mobile,3,77.0,1.0,2026-06-01
9726,treatment,PH,tablet,1,38.0,0.0,2026-06-01
9727,control,PH,mobile,3,23.3,0.333,2026-06-02
9728,treatment,CA,desktop,2,45.5,0.5,2026-06-02
9729,control,PH,desktop,1,20.0,0.0,2026-06-04
9730,control,US,mobile,0,,,2026-06-01
9731,treatment,DE,desktop,4,61.0,0.5,2026-06-02
9732,control,BR,desktop,5,25.2,1.0,2026-06-01
9733,treatment,US,desktop,4,41.5,0.25,2026-06-04
9734,treatment,IN,mobile,2,82.0,0.0,2026-06-05
9735,treatment,BR,mobile,3,55.0,0.0,2026-06-04
9736,control,US,desktop,5,49.8,1.0,2026-06-05
9737,control,PH,desktop,2,32.0,1.0,2026-06-03
9738,treatment,US,mobile,2,24.0,0.5,2026-06-03
9739,treatment,PH,mobile,1,41.0,0.0,2026-06-02
9740,treatment,BR,desktop,4,52.2,0.75,2026-06-03
9741,treatment,BR,desktop,0,,,2026-06-03
9742,treatment,CA,mobile,1,34.0,1.0,2026-06-03
9743,treatment,US,desktop,1,43.0,1.0,2026-06-01
9744,control,PH,desktop,5,37.2,0.6,2026-06-04
9745,control,US,desktop,10,41.3,0.8,2026-06-02
9746,control,US,mobile,1,28.0,0.0,2026-06-02
9747,treatment,BR,tablet,5,29.8,0.2,2026-06-03
9748,treatment,IN,desktop,4,26.8,1.0,2026-06-02
9749,control,GB,desktop,1,44.0,0.0,2026-06-03
9750,control,PH,tablet,2,20.0,0.0,2026-06-01
9751,treatment,PH,tablet,2,46.5,1.0,2026-06-05
9752,treatment,IN,desktop,3,63.7,1.0,2026-06-03
9753,control,US,mobile,3,22.3,1.0,2026-06-03
9754,control,IN,tablet,4,31.2,0.75,2026-06-05
9755,control,PH,mobile,2,38.5,0.5,2026-06-02
9756,control,IN,desktop,13,35.5,0.385,2026-06-04
9757,control,US,desktop,0,,,2026-06-01
9758,control,US,desktop,3,49.0,0.667,2026-06-02
9759,control,US,desktop,1,32.0,1.0,2026-06-04
9760,control,AU,mobile,3,26.7,0.667,2026-06-05
9761,treatment,BR,mobile,8,48.4,0.625,2026-06-02
9762,treatment,US,mobile,3,27.0,0.667,2026-06-03
9763,treatment,BR,mobile,0,,,2026-06-01
9764,control,US,desktop,7,39.0,0.714,2026-06-01
9765,treatment,US,desktop,5,45.8,0.8,2026-06-03
9766,control,BR,desktop,5,37.6,0.6,2026-06-01
9767,control,PH,mobile,6,35.3,0.833,2026-06-01
9768,treatment,US,mobile,4,37.5,1.0,2026-06-03
9769,treatment,US,desktop,8,50.5,0.875,2026-06-02
9770,control,US,mobile,1,29.0,1.0,2026-06-04
9771,control,GB,mobile,2,36.0,0.5,2026-06-04
9772,treatment,BR,mobile,0,,,2026-06-02
9773,control,US,mobile,2,15.5,0.5,2026-06-01
9774,treatment,IN,mobile,3,41.3,1.0,2026-06-02
9775,treatment,GB,mobile,4,42.8,1.0,2026-06-04
9776,treatment,IN,mobile,1,85.0,0.0,2026-06-02
9777,treatment,IN,mobile,3,50.7,0.667,2026-06-02
9778,treatment,BR,desktop,1,48.0,1.0,2026-06-01
9779,treatment,US,desktop,1,37.0,1.0,2026-06-05
9780,control,PH,desktop,2,22.0,1.0,2026-06-04
9781,control,BR,desktop,2,48.5,1.0,2026-06-05
9782,control,US,mobile,14,33.5,0.643,2026-06-01
9783,treatment,IN,mobile,1,81.0,0.0,2026-06-05
9784,control,US,desktop,9,29.4,0.444,2026-06-01
9785,treatment,PH,mobile,1,157.0,1.0,2026-06-02
9786,treatment,DE,desktop,2,44.5,0.5,2026-06-05
9787,treatment,US,desktop,3,43.7,0.667,2026-06-05
9788,control,US,desktop,1,32.0,1.0,2026-06-01
9789,treatment,US,mobile,6,43.3,1.0,2026-06-01
9790,control,US,mobile,1,72.0,0.0,2026-06-05
9791,treatment,BR,desktop,3,35.0,0.667,2026-06-05
9792,treatment,PH,mobile,6,49.8,0.5,2026-06-03
9793,treatment,DE,mobile,5,53.8,1.0,2026-06-04
9794,treatment,DE,desktop,4,38.8,0.75,2026-06-04
9795,control,IN,desktop,1,58.0,1.0,2026-06-01
9796,treatment,BR,desktop,1,127.0,1.0,2026-06-02
9797,control,US,mobile,2,18.0,0.5,2026-06-01
9798,treatment,US,mobile,2,34.0,0.0,2026-06-03
9799,control,IN,desktop,2,38.0,0.0,2026-06-03
9800,treatment,PH,mobile,4,39.5,0.75,2026-06-05
9801,control,IN,desktop,4,44.8,0.5,2026-06-01
9802,control,US,mobile,1,53.0,1.0,2026-06-03
9803,control,IN,mobile,3,34.3,1.0,2026-06-02
9804,treatment,US,mobile,1,18.0,0.0,2026-06-02
9805,treatment,PH,desktop,2,29.0,1.0,2026-06-05
9806,treatment,IN,desktop,2,76.5,0.5,2026-06-01
9807,treatment,US,mobile,1,98.0,0.0,2026-06-04
9808,control,IN,desktop,1,24.0,0.0,2026-06-04
9809,treatment,US,mobile,0,,,2026-06-04
9810,control,CA,mobile,0,,,2026-06-01
9811,control,IN,desktop,1,16.0,1.0,2026-06-02
9812,treatment,DE,mobile,1,36.0,1.0,2026-06-04
9813,treatment,PH,mobile,2,24.5,1.0,2026-06-03
9814,treatment,US,mobile,3,38.7,1.0,2026-06-02
9815,control,GB,desktop,6,28.8,0.167,2026-06-03
9816,treatment,US,desktop,4,42.0,0.75,2026-06-05
9817,control,PH,desktop,1,21.0,1.0,2026-06-04
9818,treatment,BR,desktop,3,30.7,0.667,2026-06-03
9819,control,CA,desktop,3,26.0,0.667,2026-06-04
9820,treatment,US,mobile,0,,,2026-06-01
9821,treatment,US,mobile,6,70.7,0.333,2026-06-02
9822,control,PH,desktop,0,,,2026-06-03
9823,control,US,mobile,6,31.2,0.667,2026-06-05
9824,control,CA,tablet,4,47.2,0.5,2026-06-03
9825,treatment,DE,mobile,1,68.0,1.0,2026-06-02
9826,treatment,BR,mobile,7,49.3,0.857,2026-06-03
9827,control,CA,mobile,5,41.2,0.4,2026-06-02
9828,treatment,IN,mobile,0,,,2026-06-03
9829,treatment,IN,desktop,0,,,2026-06-02
9830,treatment,GB,tablet,8,50.4,0.875,2026-06-04
9831,treatment,DE,mobile,13,53.7,0.385,2026-06-02
9832,treatment,CA,mobile,5,60.0,0.8,2026-06-03
9833,treatment,US,mobile,2,36.0,1.0,2026-06-03
9834,control,DE,mobile,3,30.7,0.0,2026-06-04
9835,treatment,GB,desktop,8,48.1,0.75,2026-06-01
9836,control,IN,mobile,4,21.5,0.5,2026-06-04
9837,treatment,US,desktop,6,37.5,1.0,2026-06-03
9838,control,IN,desktop,1,24.0,1.0,2026-06-05
9839,treatment,GB,mobile,1,15.0,0.0,2026-06-02
9840,treatment,GB,mobile,4,62.2,0.5,2026-06-02
9841,treatment,US,mobile,0,,,2026-06-01
9842,control,GB,mobile,3,30.7,0.333,2026-06-03
9843,treatment,DE,mobile,2,66.0,0.5,2026-06-05
9844,control,IN,tablet,4,23.5,0.75,2026-06-03
9845,control,GB,desktop,1,37.0,0.0,2026-06-03
9846,control,BR,mobile,6,38.2,0.667,2026-06-05
9847,control,AU,desktop,2,26.0,0.5,2026-06-05
9848,treatment,US,desktop,3,89.0,1.0,2026-06-02
9849,treatment,IN,mobile,1,67.0,0.0,2026-06-01
9850,treatment,IN,mobile,2,32.5,1.0,2026-06-02
9851,control,US,mobile,5,23.6,0.4,2026-06-04
9852,control,PH,mobile,0,,,2026-06-02
9853,treatment,IN,mobile,0,,,2026-06-03
9854,control,US,mobile,1,38.0,1.0,2026-06-05
9855,treatment,AU,desktop,3,39.0,1.0,2026-06-02
9856,control,US,desktop,0,,,2026-06-01
9857,treatment,AU,mobile,1,49.0,1.0,2026-06-03
9858,treatment,BR,tablet,6,49.0,0.667,2026-06-03
9859,treatment,IN,mobile,0,,,2026-06-05
9860,treatment,PH,mobile,2,92.5,1.0,2026-06-01
9861,treatment,DE,mobile,5,54.4,0.8,2026-06-04
9862,control,PH,desktop,2,20.0,1.0,2026-06-01
9863,treatment,GB,desktop,1,30.0,1.0,2026-06-04
9864,treatment,CA,desktop,0,,,2026-06-03
9865,control,US,desktop,0,,,2026-06-01
9866,treatment,US,mobile,9,41.8,0.889,2026-06-02
9867,treatment,BR,desktop,2,84.5,1.0,2026-06-03
9868,treatment,IN,mobile,4,44.0,1.0,2026-06-04
9869,control,BR,mobile,0,,,2026-06-01
9870,treatment,CA,desktop,1,25.0,1.0,2026-06-05
9871,treatment,PH,desktop,3,64.0,1.0,2026-06-03
9872,control,US,desktop,1,17.0,0.0,2026-06-04
9873,control,PH,desktop,3,32.0,0.667,2026-06-03
9874,control,IN,desktop,1,16.0,1.0,2026-06-01
9875,treatment,US,desktop,1,29.0,0.0,2026-06-03
9876,treatment,IN,mobile,5,37.0,1.0,2026-06-02
9877,treatment,AU,mobile,0,,,2026-06-01
9878,treatment,US,desktop,3,29.0,1.0,2026-06-02
9879,treatment,IN,desktop,5,27.2,0.4,2026-06-03
9880,treatment,BR,mobile,2,50.0,1.0,2026-06-05
9881,control,GB,mobile,4,35.2,0.75,2026-06-02
9882,control,US,mobile,4,33.8,0.25,2026-06-04
9883,treatment,PH,mobile,3,58.7,0.667,2026-06-01
9884,treatment,US,mobile,4,53.5,1.0,2026-06-02
9885,treatment,GB,mobile,5,48.0,0.4,2026-06-01
9886,control,IN,tablet,0,,,2026-06-04
9887,control,US,mobile,2,16.0,0.5,2026-06-01
9888,control,PH,mobile,3,34.3,1.0,2026-06-04
9889,control,US,mobile,9,31.9,0.222,2026-06-05
9890,treatment,US,mobile,2,62.0,1.0,2026-06-02
9891,control,US,tablet,5,30.0,0.2,2026-06-03
9892,control,IN,mobile,3,29.0,0.333,2026-06-01
9893,treatment,AU,desktop,5,38.2,0.6,2026-06-01
9894,treatment,DE,mobile,2,46.0,0.5,2026-06-04
9895,treatment,IN,mobile,8,45.6,0.75,2026-06-02
9896,treatment,IN,desktop,0,,,2026-06-01
9897,treatment,BR,mobile,6,37.0,0.667,2026-06-04
9898,treatment,IN,mobile,1,26.0,1.0,2026-06-03
9899,treatment,US,desktop,0,,,2026-06-04
9900,treatment,US,mobile,3,50.7,1.0,2026-06-01
9901,control,CA,desktop,1,13.0,0.0,2026-06-01
9902,treatment,US,mobile,3,51.7,1.0,2026-06-05
9903,control,PH,mobile,2,90.5,1.0,2026-06-05
9904,control,AU,mobile,1,19.0,1.0,2026-06-03
9905,treatment,US,mobile,2,27.5,1.0,2026-06-04
9906,control,GB,mobile,5,65.0,1.0,2026-06-02
9907,control,IN,desktop,4,34.8,0.75,2026-06-03
9908,treatment,US,mobile,4,36.8,1.0,2026-06-01
9909,control,GB,mobile,2,45.0,0.5,2026-06-01
9910,control,IN,mobile,3,29.0,0.667,2026-06-03
9911,treatment,US,mobile,0,,,2026-06-01
9912,treatment,GB,mobile,5,51.0,0.8,2026-06-03
9913,treatment,IN,mobile,1,28.0,1.0,2026-06-03
9914,treatment,DE,tablet,3,43.3,0.333,2026-06-02
9915,control,IN,mobile,0,,,2026-06-02
9916,treatment,GB,tablet,0,,,2026-06-03
9917,treatment,GB,mobile,9,45.1,0.667,2026-06-01
9918,control,US,desktop,2,48.5,1.0,2026-06-02
9919,treatment,US,desktop,5,37.4,0.6,2026-06-02
9920,control,US,desktop,10,48.2,0.9,2026-06-05
9921,treatment,US,mobile,2,40.5,0.5,2026-06-04
9922,treatment,CA,mobile,5,43.2,0.8,2026-06-03
9923,treatment,IN,mobile,4,52.0,0.25,2026-06-02
9924,treatment,IN,mobile,2,33.5,1.0,2026-06-02
9925,treatment,DE,desktop,0,,,2026-06-01
9926,treatment,US,mobile,0,,,2026-06-05
9927,control,GB,tablet,2,47.5,1.0,2026-06-01
9928,treatment,IN,mobile,7,48.0,0.857,2026-06-03
9929,treatment,PH,mobile,0,,,2026-06-01
9930,treatment,IN,mobile,3,40.0,0.667,2026-06-05
9931,treatment,GB,mobile,4,33.8,0.25,2026-06-01
9932,treatment,IN,mobile,4,36.2,0.75,2026-06-05
9933,treatment,US,mobile,2,52.5,1.0,2026-06-03
9934,treatment,AU,desktop,2,47.5,1.0,2026-06-05
9935,control,IN,mobile,2,32.5,1.0,2026-06-05
9936,control,US,desktop,3,33.3,1.0,2026-06-01
9937,control,IN,mobile,1,24.0,1.0,2026-06-02
9938,control,IN,mobile,0,,,2026-06-01
9939,control,GB,tablet,2,25.5,0.5,2026-06-04
9940,control,GB,mobile,0,,,2026-06-04
9941,control,US,tablet,0,,,2026-06-03
9942,treatment,PH,desktop,3,42.7,0.333,2026-06-05
9943,treatment,CA,desktop,1,52.0,0.0,2026-06-05
9944,control,GB,mobile,0,,,2026-06-04
9945,control,IN,mobile,3,39.7,1.0,2026-06-01
9946,control,US,desktop,3,37.0,1.0,2026-06-02
9947,control,IN,mobile,2,36.0,0.5,2026-06-01
9948,control,IN,mobile,5,45.4,0.8,2026-06-02
9949,treatment,BR,desktop,4,47.8,0.5,2026-06-03
9950,treatment,CA,mobile,0,,,2026-06-01
9951,treatment,IN,desktop,7,45.4,0.857,2026-06-01
9952,treatment,US,mobile,8,37.1,0.625,2026-06-02
9953,treatment,US,tablet,6,51.3,1.0,2026-06-01
9954,control,US,mobile,6,43.2,0.833,2026-06-02
9955,control,BR,mobile,1,15.0,0.0,2026-06-04
9956,treatment,BR,desktop,5,48.0,1.0,2026-06-02
9957,treatment,CA,desktop,9,43.1,0.889,2026-06-05
9958,control,BR,mobile,1,13.0,0.0,2026-06-04
9959,control,IN,desktop,4,42.8,0.75,2026-06-03
9960,treatment,IN,mobile,10,40.8,0.8,2026-06-05
9961,treatment,IN,tablet,3,56.3,0.667,2026-06-02
9962,control,US,desktop,1,21.0,0.0,2026-06-02
9963,treatment,BR,desktop,6,48.0,0.5,2026-06-03
9964,control,PH,mobile,1,56.0,1.0,2026-06-04
9965,control,IN,tablet,4,29.2,0.5,2026-06-01
9966,treatment,PH,mobile,2,40.0,0.5,2026-06-03
9967,treatment,US,mobile,11,54.1,0.818,2026-06-04
9968,control,IN,desktop,2,35.5,1.0,2026-06-01
9969,control,AU,desktop,3,35.0,0.667,2026-06-03
9970,control,US,mobile,4,25.5,0.25,2026-06-03
9971,treatment,BR,mobile,2,56.5,1.0,2026-06-03
9972,treatment,GB,mobile,6,47.5,0.833,2026-06-04
9973,control,IN,mobile,1,63.0,1.0,2026-06-02
9974,treatment,BR,desktop,4,65.0,0.75,2026-06-04
9975,treatment,IN,mobile,2,25.0,1.0,2026-06-04
9976,control,BR,mobile,5,24.6,0.8,2026-06-01
9977,treatment,PH,desktop,5,60.6,0.2,2026-06-04
9978,treatment,DE,mobile,2,38.5,1.0,2026-06-04
9979,treatment,IN,mobile,3,67.3,1.0,2026-06-02
9980,control,IN,desktop,8,26.1,0.625,2026-06-03
9981,control,IN,mobile,2,25.0,1.0,2026-06-04
9982,treatment,IN,mobile,2,45.5,1.0,2026-06-04
9983,treatment,IN,mobile,1,31.0,0.0,2026-06-05
9984,control,IN,mobile,3,29.0,0.667,2026-06-04
9985,treatment,US,mobile,2,39.5,1.0,2026-06-01
9986,control,IN,mobile,1,72.0,0.0,2026-06-02
9987,control,US,mobile,2,51.0,0.5,2026-06-02
9988,control,DE,desktop,0,,,2026-06-05
9989,control,US,desktop,3,44.3,0.667,2026-06-04
9990,treatment,IN,mobile,5,89.6,0.8,2026-06-03
9991,control,US,mobile,1,46.0,1.0,2026-06-01
9992,treatment,US,mobile,2,43.5,1.0,2026-06-04
9993,control,AU,mobile,0,,,2026-06-01
9994,control,US,desktop,3,26.0,0.333,2026-06-03
9995,treatment,PH,mobile,1,68.0,1.0,2026-06-01
9996,treatment,DE,mobile,2,29.5,0.5,2026-06-03
9997,treatment,DE,desktop,1,69.0,0.0,2026-06-02
9998,control,IN,mobile,2,39.5,0.0,2026-06-02
9999,control,US,tablet,4,33.2,0.75,2026-06-03
10000,treatment,IN,desktop,2,38.5,1.0,2026-06-02
10001,treatment,IN,mobile,6,61.5,0.667,2026-06-05
10002,treatment,BR,tablet,7,46.9,0.571,2026-06-04
10003,control,US,desktop,0,,,2026-06-05
10004,treatment,PH,mobile,6,58.8,0.5,2026-06-04
10005,treatment,IN,desktop,1,39.0,1.0,2026-06-03
10006,control,BR,desktop,7,34.1,0.429,2026-06-04
10007,control,US,mobile,8,46.6,0.75,2026-06-01
10008,treatment,US,desktop,1,36.0,1.0,2026-06-04
10009,treatment,US,mobile,1,75.0,0.0,2026-06-05
10010,treatment,GB,desktop,1,24.0,1.0,2026-06-04
10011,control,GB,mobile,0,,,2026-06-05
10012,control,IN,mobile,1,17.0,0.0,2026-06-01
10013,treatment,PH,mobile,3,62.7,1.0,2026-06-04
10014,control,US,mobile,3,35.0,0.333,2026-06-02
10015,control,US,desktop,15,27.3,0.733,2026-06-03
10016,control,US,mobile,2,19.5,0.5,2026-06-03
10017,control,GB,mobile,1,23.0,0.0,2026-06-02
10018,control,DE,mobile,2,35.5,0.5,2026-06-01
10019,control,GB,mobile,1,41.0,1.0,2026-06-02
10020,control,US,mobile,5,28.0,0.4,2026-06-02
10021,control,US,desktop,1,20.0,1.0,2026-06-05
10022,control,US,mobile,0,,,2026-06-04
10023,treatment,US,mobile,3,21.7,1.0,2026-06-01
10024,treatment,US,mobile,3,50.3,1.0,2026-06-05
10025,control,US,desktop,6,37.7,0.667,2026-06-02
10026,treatment,US,mobile,4,32.5,1.0,2026-06-02
10027,treatment,GB,desktop,4,38.5,1.0,2026-06-05
10028,control,GB,desktop,0,,,2026-06-02
10029,control,BR,mobile,6,30.0,0.333,2026-06-02
10030,treatment,IN,mobile,1,110.0,1.0,2026-06-02
10031,control,BR,desktop,0,,,2026-06-05
10032,treatment,US,desktop,8,34.0,0.75,2026-06-01
10033,control,US,tablet,5,24.6,0.8,2026-06-01
10034,control,DE,mobile,8,25.9,0.5,2026-06-02
10035,treatment,BR,desktop,6,54.3,0.833,2026-06-05
10036,treatment,IN,desktop,1,12.0,0.0,2026-06-05
10037,control,PH,tablet,3,31.7,1.0,2026-06-02
10038,control,US,desktop,1,50.0,0.0,2026-06-05
10039,treatment,BR,mobile,1,28.0,1.0,2026-06-02
10040,treatment,IN,mobile,2,56.5,1.0,2026-06-05
10041,treatment,PH,mobile,2,18.5,1.0,2026-06-01
10042,control,US,tablet,6,28.5,0.833,2026-06-04
10043,treatment,US,desktop,3,55.3,0.667,2026-06-05
10044,control,BR,mobile,1,27.0,1.0,2026-06-02
10045,treatment,US,mobile,1,39.0,0.0,2026-06-04
10046,control,US,desktop,4,32.8,0.25,2026-06-02
10047,treatment,US,mobile,10,60.7,0.6,2026-06-03
10048,treatment,US,mobile,3,33.3,1.0,2026-06-02
10049,treatment,US,mobile,1,61.0,1.0,2026-06-04
10050,control,BR,mobile,0,,,2026-06-01
10051,control,DE,mobile,4,50.2,0.5,2026-06-05
10052,control,AU,mobile,2,36.0,0.5,2026-06-02
10053,control,CA,desktop,0,,,2026-06-01
10054,control,PH,mobile,2,26.0,0.0,2026-06-02
10055,treatment,US,mobile,1,21.0,1.0,2026-06-03
10056,control,US,desktop,1,32.0,1.0,2026-06-01
10057,treatment,IN,desktop,2,60.0,0.5,2026-06-01
10058,control,US,desktop,4,37.5,1.0,2026-06-02
10059,control,DE,desktop,1,22.0,0.0,2026-06-01
10060,control,PH,tablet,1,21.0,0.0,2026-06-03
10061,treatment,DE,mobile,0,,,2026-06-02
10062,treatment,US,mobile,6,44.7,0.5,2026-06-05
10063,control,BR,mobile,1,46.0,1.0,2026-06-02
10064,control,US,mobile,3,49.0,0.667,2026-06-04
10065,control,IN,desktop,3,44.0,1.0,2026-06-04
10066,control,US,desktop,2,40.0,0.5,2026-06-03
10067,treatment,IN,mobile,2,58.5,1.0,2026-06-05
10068,treatment,IN,mobile,3,39.3,0.333,2026-06-01
10069,control,US,mobile,0,,,2026-06-02
10070,control,US,mobile,4,29.2,0.75,2026-06-02
10071,control,PH,mobile,0,,,2026-06-02
10072,treatment,US,mobile,1,24.0,0.0,2026-06-01
10073,control,US,desktop,2,35.5,0.5,2026-06-03
10074,control,IN,desktop,0,,,2026-06-02
10075,control,GB,mobile,5,26.4,1.0,2026-06-03
10076,control,IN,mobile,5,27.8,1.0,2026-06-05
10077,control,US,mobile,1,48.0,1.0,2026-06-03
10078,control,IN,mobile,1,18.0,1.0,2026-06-05
10079,control,IN,mobile,5,24.8,0.8,2026-06-02
10080,treatment,US,desktop,1,34.0,0.0,2026-06-01
10081,control,BR,mobile,1,33.0,1.0,2026-06-04
10082,control,IN,mobile,10,37.6,0.8,2026-06-03
10083,control,US,mobile,5,43.6,1.0,2026-06-03
10084,treatment,GB,tablet,1,35.0,1.0,2026-06-05
10085,treatment,IN,mobile,4,55.8,1.0,2026-06-01
10086,treatment,PH,desktop,6,70.5,1.0,2026-06-03
10087,treatment,DE,desktop,1,46.0,1.0,2026-06-05
10088,control,BR,desktop,0,,,2026-06-03
10089,control,BR,desktop,2,27.5,1.0,2026-06-02
10090,treatment,CA,mobile,8,42.8,0.625,2026-06-03
10091,treatment,US,desktop,7,35.1,0.714,2026-06-01
10092,treatment,AU,mobile,10,42.0,0.7,2026-06-05
10093,treatment,US,mobile,4,49.8,0.75,2026-06-01
10094,control,DE,desktop,3,46.7,0.333,2026-06-03
10095,treatment,GB,mobile,5,52.2,0.6,2026-06-04
10096,control,IN,mobile,2,48.5,1.0,2026-06-01
10097,control,US,mobile,2,40.0,1.0,2026-06-03
10098,control,BR,mobile,1,31.0,0.0,2026-06-04
10099,control,IN,mobile,2,21.0,0.0,2026-06-05
10100,control,PH,mobile,3,18.7,1.0,2026-06-03
10101,control,IN,tablet,8,43.1,0.875,2026-06-01
10102,control,US,mobile,2,26.0,0.5,2026-06-05
10103,treatment,IN,mobile,2,61.5,1.0,2026-06-01
10104,control,PH,mobile,0,,,2026-06-05
10105,control,IN,desktop,2,19.5,1.0,2026-06-01
10106,treatment,BR,desktop,3,41.0,0.333,2026-06-02
10107,control,GB,mobile,4,51.2,1.0,2026-06-01
10108,treatment,BR,mobile,4,64.2,0.5,2026-06-05
10109,control,US,desktop,3,31.3,0.667,2026-06-01
10110,control,DE,desktop,5,33.0,0.6,2026-06-03
10111,treatment,US,mobile,5,46.8,0.8,2026-06-04
10112,control,US,desktop,2,22.5,0.5,2026-06-04
10113,treatment,GB,desktop,1,38.0,1.0,2026-06-05
10114,treatment,GB,desktop,6,31.7,0.833,2026-06-02
10115,treatment,PH,desktop,5,44.8,0.6,2026-06-04
10116,control,US,mobile,5,40.8,1.0,2026-06-02
10117,treatment,US,mobile,5,41.6,0.6,2026-06-05
10118,control,BR,mobile,13,29.1,0.769,2026-06-05
10119,treatment,IN,mobile,2,39.5,0.5,2026-06-04
10120,control,AU,mobile,3,51.0,0.0,2026-06-04
10121,control,US,mobile,9,34.2,0.778,2026-06-01
10122,control,IN,mobile,16,34.9,0.812,2026-06-02
10123,control,PH,mobile,3,35.0,0.333,2026-06-04
10124,treatment,BR,mobile,7,53.1,0.429,2026-06-02
10125,control,DE,mobile,2,27.0,1.0,2026-06-05
10126,control,US,mobile,0,,,2026-06-03
10127,treatment,IN,mobile,2,48.5,1.0,2026-06-05
10128,treatment,GB,mobile,3,45.7,0.667,2026-06-01
10129,treatment,IN,mobile,2,49.5,0.5,2026-06-04
10130,control,BR,mobile,3,20.0,0.333,2026-06-05
10131,control,DE,mobile,3,39.3,1.0,2026-06-04
10132,treatment,US,mobile,3,80.0,0.667,2026-06-03
10133,treatment,BR,desktop,7,47.6,0.857,2026-06-01
10134,treatment,US,desktop,3,49.0,1.0,2026-06-02
10135,treatment,BR,mobile,2,64.0,0.0,2026-06-05
10136,treatment,IN,desktop,0,,,2026-06-01
10137,control,GB,mobile,1,12.0,1.0,2026-06-05
10138,treatment,IN,mobile,0,,,2026-06-03
10139,treatment,DE,tablet,1,80.0,0.0,2026-06-01
10140,control,PH,desktop,2,44.5,0.5,2026-06-02
10141,control,IN,mobile,2,22.5,0.5,2026-06-01
10142,control,IN,desktop,5,33.0,0.4,2026-06-04
10143,control,IN,mobile,0,,,2026-06-02
10144,control,IN,mobile,0,,,2026-06-05
10145,treatment,PH,mobile,4,32.5,1.0,2026-06-02
10146,treatment,GB,desktop,0,,,2026-06-05
10147,control,PH,mobile,5,48.6,0.8,2026-06-01
10148,control,BR,mobile,1,76.0,1.0,2026-06-04
10149,treatment,IN,mobile,0,,,2026-06-04
10150,treatment,IN,desktop,5,38.4,0.6,2026-06-03
10151,control,CA,desktop,3,52.3,1.0,2026-06-04
10152,control,PH,mobile,1,18.0,1.0,2026-06-02
10153,control,US,desktop,1,23.0,1.0,2026-06-01
10154,treatment,IN,mobile,4,35.0,0.75,2026-06-05
10155,control,AU,mobile,5,30.6,0.8,2026-06-04
10156,treatment,DE,desktop,2,60.5,1.0,2026-06-04
10157,control,GB,mobile,5,38.8,0.6,2026-06-01
10158,control,US,mobile,3,31.3,0.667,2026-06-01
10159,treatment,GB,mobile,1,30.0,1.0,2026-06-01
10160,control,BR,mobile,5,38.6,1.0,2026-06-03
10161,control,BR,desktop,1,36.0,0.0,2026-06-02
10162,control,IN,mobile,3,18.3,0.333,2026-06-04
10163,treatment,IN,desktop,3,31.0,0.333,2026-06-03
10164,control,US,mobile,5,46.0,1.0,2026-06-02
10165,control,DE,mobile,3,31.0,0.333,2026-06-03
10166,treatment,PH,mobile,4,33.0,1.0,2026-06-01
10167,control,US,mobile,1,34.0,1.0,2026-06-03
10168,treatment,US,mobile,0,,,2026-06-03
10169,control,GB,desktop,10,25.6,0.8,2026-06-02
10170,treatment,US,mobile,11,66.5,0.909,2026-06-01
10171,control,US,mobile,2,41.0,0.5,2026-06-04
10172,treatment,US,desktop,0,,,2026-06-05
10173,treatment,PH,mobile,5,52.0,0.6,2026-06-04
10174,treatment,IN,desktop,1,52.0,1.0,2026-06-01
10175,treatment,IN,mobile,1,41.0,1.0,2026-06-03
10176,control,US,mobile,0,,,2026-06-01
10177,treatment,IN,desktop,6,31.8,1.0,2026-06-02
10178,control,US,mobile,1,78.0,1.0,2026-06-02
10179,treatment,BR,desktop,2,41.5,0.5,2026-06-04
10180,treatment,US,mobile,0,,,2026-06-03
10181,treatment,US,mobile,4,45.0,1.0,2026-06-04
10182,control,US,mobile,2,35.0,1.0,2026-06-02
10183,treatment,US,mobile,9,76.3,0.889,2026-06-04
10184,control,AU,mobile,3,24.0,0.667,2026-06-03
10185,control,PH,desktop,6,30.5,0.833,2026-06-01
10186,treatment,BR,mobile,1,37.0,1.0,2026-06-04
10187,control,CA,desktop,1,29.0,0.0,2026-06-01
10188,control,CA,desktop,2,65.0,1.0,2026-06-02
10189,control,IN,mobile,3,29.7,0.667,2026-06-04
10190,control,US,desktop,7,28.0,0.429,2026-06-01
10191,control,IN,mobile,4,33.2,0.75,2026-06-03
10192,treatment,IN,tablet,1,51.0,1.0,2026-06-02
10193,control,BR,mobile,1,38.0,0.0,2026-06-03
10194,control,IN,mobile,2,38.0,0.0,2026-06-02
10195,treatment,IN,desktop,1,41.0,1.0,2026-06-02
10196,treatment,US,mobile,1,20.0,0.0,2026-06-04
10197,control,PH,tablet,2,33.0,1.0,2026-06-01
10198,treatment,AU,mobile,3,47.3,0.667,2026-06-05
10199,control,PH,mobile,7,25.0,0.429,2026-06-03
10200,treatment,BR,mobile,1,27.0,0.0,2026-06-01
10201,treatment,IN,mobile,3,40.7,1.0,2026-06-03
10202,treatment,DE,desktop,3,63.0,1.0,2026-06-01
10203,treatment,US,mobile,4,47.2,0.5,2026-06-05
10204,control,DE,desktop,2,35.5,1.0,2026-06-05
10205,treatment,IN,mobile,3,54.3,1.0,2026-06-01
10206,treatment,DE,mobile,1,51.0,1.0,2026-06-04
10207,treatment,US,desktop,4,51.0,0.5,2026-06-02
10208,control,PH,mobile,0,,,2026-06-05
10209,treatment,AU,desktop,3,63.3,0.333,2026-06-05
10210,treatment,AU,tablet,6,53.3,0.833,2026-06-02
10211,treatment,PH,mobile,4,40.8,0.75,2026-06-05
10212,control,BR,mobile,0,,,2026-06-05
10213,control,PH,mobile,5,33.6,1.0,2026-06-02
10214,treatment,IN,mobile,3,21.7,0.667,2026-06-05
10215,treatment,US,mobile,0,,,2026-06-02
10216,treatment,IN,mobile,1,114.0,1.0,2026-06-02
10217,treatment,GB,desktop,2,22.0,0.0,2026-06-04
10218,control,BR,desktop,1,52.0,1.0,2026-06-04
10219,control,PH,mobile,3,30.7,1.0,2026-06-01
10220,treatment,IN,mobile,0,,,2026-06-03
10221,control,US,mobile,2,20.5,1.0,2026-06-01
10222,control,IN,mobile,1,53.0,1.0,2026-06-02
10223,treatment,PH,desktop,4,63.5,0.5,2026-06-04
10224,treatment,PH,desktop,1,77.0,1.0,2026-06-01
10225,control,PH,mobile,6,37.8,0.5,2026-06-04
10226,treatment,BR,mobile,3,39.7,1.0,2026-06-01
10227,control,US,desktop,5,26.4,0.8,2026-06-02
10228,treatment,IN,mobile,1,73.0,1.0,2026-06-04
10229,treatment,IN,mobile,5,40.4,0.6,2026-06-05
10230,control,GB,mobile,5,26.4,1.0,2026-06-04
10231,control,BR,mobile,4,30.0,0.75,2026-06-04
10232,treatment,IN,mobile,3,31.7,1.0,2026-06-05
10233,control,US,desktop,1,58.0,0.0,2026-06-04
10234,treatment,US,desktop,2,68.5,0.5,2026-06-04
10235,control,IN,desktop,2,42.0,1.0,2026-06-02
10236,treatment,GB,desktop,0,,,2026-06-02
10237,control,CA,desktop,4,27.0,0.75,2026-06-03
10238,treatment,BR,desktop,4,65.8,1.0,2026-06-05
10239,treatment,US,mobile,2,43.0,0.5,2026-06-03
10240,treatment,GB,mobile,5,49.0,0.2,2026-06-02
10241,control,US,mobile,0,,,2026-06-01
10242,control,PH,desktop,4,24.5,0.75,2026-06-02
10243,treatment,IN,mobile,0,,,2026-06-05
10244,treatment,PH,mobile,2,38.5,0.5,2026-06-02
10245,treatment,US,mobile,1,13.0,0.0,2026-06-04
10246,treatment,PH,mobile,4,44.0,0.5,2026-06-02
10247,control,BR,mobile,4,33.0,0.5,2026-06-02
10248,treatment,GB,mobile,0,,,2026-06-02
10249,control,PH,mobile,2,36.0,1.0,2026-06-02
10250,treatment,US,mobile,12,38.3,0.667,2026-06-01
10251,treatment,GB,mobile,4,71.0,0.5,2026-06-02
10252,treatment,IN,desktop,4,63.8,0.75,2026-06-04
10253,control,US,mobile,1,34.0,0.0,2026-06-04
10254,treatment,BR,desktop,1,48.0,1.0,2026-06-04
10255,control,AU,desktop,5,44.6,0.8,2026-06-03
10256,control,DE,mobile,3,36.3,0.667,2026-06-05
10257,control,PH,mobile,1,34.0,1.0,2026-06-01
10258,treatment,US,mobile,0,,,2026-06-02
10259,control,US,tablet,1,27.0,0.0,2026-06-03
10260,treatment,US,mobile,4,48.5,1.0,2026-06-03
10261,control,US,mobile,1,23.0,0.0,2026-06-05
10262,treatment,US,mobile,7,41.6,0.857,2026-06-02
10263,treatment,IN,desktop,0,,,2026-06-05
10264,control,IN,mobile,1,53.0,1.0,2026-06-04
10265,treatment,IN,mobile,1,52.0,1.0,2026-06-04
10266,control,GB,mobile,1,17.0,1.0,2026-06-04
10267,control,US,mobile,0,,,2026-06-05
10268,treatment,GB,mobile,1,70.0,0.0,2026-06-03
10269,control,GB,mobile,6,25.2,0.667,2026-06-02
10270,control,IN,desktop,10,38.4,0.7,2026-06-03
10271,treatment,US,mobile,2,50.5,0.5,2026-06-04
10272,treatment,US,desktop,2,80.0,0.5,2026-06-04
10273,control,DE,mobile,7,34.7,0.857,2026-06-02
10274,treatment,IN,mobile,3,38.7,1.0,2026-06-03
10275,treatment,US,desktop,6,48.2,0.833,2026-06-05
10276,control,BR,mobile,4,37.8,1.0,2026-06-04
10277,treatment,BR,mobile,3,52.3,1.0,2026-06-02
10278,treatment,IN,mobile,5,54.4,0.8,2026-06-03
10279,treatment,IN,tablet,0,,,2026-06-03
10280,control,GB,mobile,0,,,2026-06-03
10281,control,PH,mobile,6,29.7,0.5,2026-06-03
10282,control,US,desktop,2,66.5,0.0,2026-06-01
10283,treatment,GB,mobile,11,43.8,0.727,2026-06-01
10284,treatment,IN,mobile,2,37.0,1.0,2026-06-04
10285,treatment,GB,mobile,1,25.0,1.0,2026-06-04
10286,treatment,US,desktop,3,45.3,1.0,2026-06-05
10287,treatment,AU,desktop,7,57.6,0.429,2026-06-03
10288,treatment,PH,mobile,3,68.0,0.667,2026-06-05
10289,control,US,desktop,1,6.0,1.0,2026-06-01
10290,control,GB,mobile,0,,,2026-06-02
10291,control,IN,desktop,2,46.5,1.0,2026-06-01
10292,treatment,US,mobile,14,49.7,0.857,2026-06-03
10293,control,IN,desktop,4,34.8,1.0,2026-06-04
10294,control,IN,desktop,1,19.0,1.0,2026-06-05
10295,treatment,PH,mobile,12,52.3,0.75,2026-06-01
10296,control,BR,desktop,20,27.8,0.6,2026-06-04
10297,control,US,mobile,1,37.0,1.0,2026-06-01
10298,control,US,desktop,0,,,2026-06-04
10299,control,DE,mobile,3,30.3,1.0,2026-06-03
10300,treatment,GB,desktop,1,19.0,0.0,2026-06-01
10301,treatment,IN,mobile,3,44.0,0.667,2026-06-05
10302,treatment,IN,desktop,2,57.0,1.0,2026-06-03
10303,control,US,desktop,4,19.0,0.75,2026-06-03
10304,treatment,BR,desktop,3,56.7,0.667,2026-06-04
10305,treatment,PH,desktop,2,51.0,1.0,2026-06-03
10306,treatment,CA,mobile,6,52.2,0.833,2026-06-01
10307,treatment,CA,desktop,5,32.4,0.4,2026-06-05
10308,treatment,PH,desktop,0,,,2026-06-01
10309,treatment,CA,desktop,1,72.0,1.0,2026-06-02
10310,treatment,BR,mobile,3,28.0,0.667,2026-06-04
10311,control,US,mobile,2,25.5,0.5,2026-06-04
10312,control,US,desktop,1,54.0,1.0,2026-06-02
10313,control,US,mobile,1,35.0,1.0,2026-06-02
10314,treatment,GB,mobile,4,49.8,0.5,2026-06-03
10315,control,BR,desktop,0,,,2026-06-01
10316,control,BR,mobile,5,31.4,0.6,2026-06-01
10317,treatment,IN,mobile,3,48.7,1.0,2026-06-05
10318,treatment,PH,mobile,3,53.0,1.0,2026-06-04
10319,control,DE,mobile,3,25.7,1.0,2026-06-04
10320,control,US,mobile,4,40.8,0.5,2026-06-02
10321,treatment,CA,mobile,0,,,2026-06-03
10322,control,GB,desktop,6,36.0,0.667,2026-06-02
10323,control,AU,desktop,5,24.6,0.2,2026-06-02
10324,control,US,desktop,4,45.8,0.75,2026-06-05
10325,treatment,US,mobile,4,86.5,0.75,2026-06-01
10326,treatment,IN,mobile,3,43.0,0.667,2026-06-03
10327,treatment,GB,mobile,9,57.9,0.556,2026-06-05
10328,control,US,mobile,0,,,2026-06-05
10329,control,US,mobile,1,28.0,0.0,2026-06-05
10330,control,DE,mobile,4,46.0,1.0,2026-06-02
10331,control,US,mobile,1,30.0,1.0,2026-06-01
10332,treatment,US,desktop,0,,,2026-06-05
10333,treatment,US,desktop,5,41.8,0.8,2026-06-02
10334,control,PH,desktop,1,15.0,1.0,2026-06-02
10335,treatment,US,desktop,1,44.0,1.0,2026-06-05
10336,treatment,IN,mobile,10,40.0,0.6,2026-06-03
10337,treatment,PH,mobile,5,46.4,0.4,2026-06-01
10338,treatment,US,mobile,3,91.0,1.0,2026-06-05
10339,control,IN,mobile,1,37.0,1.0,2026-06-04
10340,control,IN,mobile,5,35.2,0.8,2026-06-04
10341,treatment,GB,mobile,6,45.5,0.5,2026-06-05
10342,treatment,US,mobile,0,,,2026-06-01
10343,treatment,PH,mobile,3,32.7,0.333,2026-06-02
10344,control,US,desktop,2,34.0,1.0,2026-06-01
10345,control,PH,desktop,11,30.8,0.636,2026-06-05
10346,control,DE,mobile,0,,,2026-06-04
10347,treatment,US,desktop,5,47.0,0.4,2026-06-01
10348,control,BR,mobile,8,34.4,0.5,2026-06-02
10349,control,BR,mobile,1,39.0,1.0,2026-06-01
10350,control,US,desktop,2,21.5,0.5,2026-06-01
10351,treatment,AU,mobile,0,,,2026-06-02
10352,treatment,IN,mobile,1,67.0,1.0,2026-06-04
10353,treatment,IN,mobile,3,33.7,1.0,2026-06-02
10354,treatment,IN,desktop,7,39.9,0.857,2026-06-01
10355,control,IN,mobile,3,30.3,0.667,2026-06-02
10356,control,IN,desktop,0,,,2026-06-05
10357,treatment,BR,desktop,5,55.2,0.6,2026-06-01
10358,treatment,US,mobile,1,15.0,0.0,2026-06-05
10359,treatment,BR,desktop,7,49.1,0.714,2026-06-01
10360,control,BR,mobile,6,34.3,1.0,2026-06-04
10361,control,BR,mobile,2,20.5,0.5,2026-06-03
10362,treatment,IN,desktop,2,22.5,1.0,2026-06-02
10363,treatment,GB,mobile,2,45.0,1.0,2026-06-02
10364,treatment,BR,desktop,1,122.0,1.0,2026-06-05
10365,treatment,US,mobile,7,56.6,0.286,2026-06-02
10366,treatment,US,mobile,2,119.0,0.5,2026-06-01
10367,treatment,GB,mobile,1,34.0,1.0,2026-06-03
10368,treatment,GB,mobile,3,35.3,0.333,2026-06-03
10369,treatment,US,mobile,1,66.0,1.0,2026-06-02
10370,treatment,IN,mobile,1,44.0,1.0,2026-06-01
10371,treatment,US,mobile,3,54.7,1.0,2026-06-03
10372,control,US,desktop,12,34.6,0.667,2026-06-02
10373,treatment,GB,desktop,2,36.5,1.0,2026-06-02
10374,treatment,PH,mobile,1,40.0,0.0,2026-06-01
10375,control,US,mobile,2,31.0,1.0,2026-06-03
10376,control,AU,desktop,7,25.3,0.714,2026-06-01
10377,control,US,mobile,0,,,2026-06-02
10378,treatment,BR,mobile,7,43.7,0.429,2026-06-02
10379,treatment,US,desktop,3,44.7,1.0,2026-06-04
10380,control,DE,desktop,10,29.4,0.7,2026-06-01
10381,control,US,mobile,3,42.0,0.667,2026-06-02
10382,treatment,US,desktop,4,42.2,1.0,2026-06-03
10383,treatment,IN,desktop,10,59.5,0.4,2026-06-03
10384,control,GB,mobile,2,23.0,0.5,2026-06-01
10385,treatment,PH,mobile,3,26.3,0.333,2026-06-04
10386,treatment,US,desktop,4,44.8,0.25,2026-06-02
10387,treatment,AU,desktop,1,18.0,1.0,2026-06-01
10388,treatment,IN,mobile,0,,,2026-06-02
10389,control,IN,desktop,6,32.3,0.833,2026-06-05
10390,control,US,desktop,0,,,2026-06-02
10391,treatment,BR,tablet,4,32.2,0.75,2026-06-01
10392,control,IN,mobile,6,26.0,0.833,2026-06-01
10393,control,DE,mobile,4,40.0,1.0,2026-06-01
10394,treatment,IN,tablet,6,37.5,0.5,2026-06-01
10395,treatment,IN,desktop,2,25.5,0.5,2026-06-05
10396,control,AU,desktop,4,37.2,0.75,2026-06-01
10397,control,US,mobile,3,25.3,0.667,2026-06-04
10398,control,US,desktop,6,54.8,0.667,2026-06-04
10399,control,US,mobile,1,12.0,1.0,2026-06-04
10400,control,US,mobile,4,26.8,0.75,2026-06-03
10401,control,BR,desktop,0,,,2026-06-03
10402,control,PH,mobile,6,41.3,0.833,2026-06-02
10403,control,IN,mobile,1,20.0,0.0,2026-06-01
10404,control,US,mobile,1,23.0,0.0,2026-06-03
10405,treatment,US,mobile,1,43.0,1.0,2026-06-05
10406,treatment,BR,mobile,6,44.5,1.0,2026-06-02
10407,control,US,desktop,2,46.0,1.0,2026-06-04
10408,control,IN,mobile,2,23.0,0.5,2026-06-02
10409,treatment,US,desktop,0,,,2026-06-01
10410,control,BR,desktop,1,18.0,1.0,2026-06-01
10411,treatment,US,mobile,2,52.0,0.5,2026-06-04
10412,treatment,BR,mobile,2,28.5,1.0,2026-06-05
10413,treatment,US,mobile,0,,,2026-06-04
10414,control,CA,desktop,1,168.0,1.0,2026-06-05
10415,control,PH,desktop,1,44.0,1.0,2026-06-04
10416,control,AU,desktop,5,28.4,1.0,2026-06-02
10417,control,US,mobile,1,45.0,0.0,2026-06-04
10418,control,PH,desktop,3,30.0,1.0,2026-06-01
10419,treatment,DE,desktop,1,34.0,1.0,2026-06-02
10420,control,US,mobile,2,25.0,0.5,2026-06-01
10421,treatment,US,mobile,3,50.0,1.0,2026-06-02
10422,treatment,AU,mobile,1,25.0,1.0,2026-06-02
10423,control,IN,tablet,2,72.5,1.0,2026-06-01
10424,control,CA,desktop,2,29.5,1.0,2026-06-04
10425,control,CA,mobile,8,31.4,0.375,2026-06-03
10426,treatment,US,desktop,3,54.0,0.667,2026-06-03
10427,control,GB,mobile,1,34.0,0.0,2026-06-04
10428,treatment,IN,desktop,0,,,2026-06-04
10429,control,CA,mobile,0,,,2026-06-04
10430,control,US,mobile,3,36.7,1.0,2026-06-02
10431,treatment,IN,mobile,0,,,2026-06-02
10432,treatment,AU,mobile,1,85.0,1.0,2026-06-03
10433,control,IN,mobile,2,25.0,0.5,2026-06-03
10434,treatment,US,desktop,4,51.0,0.5,2026-06-01
10435,treatment,US,mobile,2,54.5,1.0,2026-06-03
10436,control,US,tablet,3,25.7,0.667,2026-06-05
10437,control,BR,mobile,2,31.5,0.0,2026-06-03
10438,treatment,US,mobile,3,42.3,0.667,2026-06-03
10439,treatment,US,tablet,1,39.0,0.0,2026-06-05
10440,control,US,desktop,7,33.3,0.714,2026-06-02
10441,treatment,US,desktop,2,81.0,1.0,2026-06-04
10442,control,IN,desktop,2,24.5,1.0,2026-06-03
10443,control,PH,mobile,3,17.0,1.0,2026-06-03
10444,control,PH,desktop,2,39.5,0.5,2026-06-05
10445,control,DE,desktop,4,35.5,0.75,2026-06-02
10446,treatment,GB,mobile,5,56.6,0.4,2026-06-04
10447,treatment,IN,mobile,1,131.0,0.0,2026-06-04
10448,control,DE,desktop,2,41.5,1.0,2026-06-01
10449,treatment,IN,mobile,3,48.0,0.333,2026-06-03
10450,treatment,IN,desktop,5,34.2,0.8,2026-06-03
10451,treatment,US,mobile,1,41.0,1.0,2026-06-03
10452,treatment,GB,desktop,0,,,2026-06-05
10453,treatment,GB,desktop,1,51.0,1.0,2026-06-03
10454,control,BR,desktop,1,17.0,1.0,2026-06-01
10455,control,BR,desktop,2,42.5,1.0,2026-06-03
10456,control,IN,mobile,5,33.8,0.8,2026-06-03
10457,treatment,IN,mobile,9,60.8,0.889,2026-06-01
10458,treatment,US,desktop,2,33.5,0.0,2026-06-05
10459,control,US,desktop,2,47.0,1.0,2026-06-02
10460,control,AU,mobile,3,24.3,0.0,2026-06-03
10461,control,US,desktop,2,31.0,0.5,2026-06-04
10462,control,DE,desktop,3,25.3,0.667,2026-06-02
10463,treatment,PH,desktop,5,44.0,0.4,2026-06-02
10464,control,CA,desktop,7,36.6,0.571,2026-06-05
10465,treatment,PH,desktop,5,53.0,0.6,2026-06-01
10466,treatment,PH,desktop,5,48.6,1.0,2026-06-05
10467,treatment,US,desktop,3,42.3,1.0,2026-06-02
10468,treatment,IN,mobile,4,51.0,1.0,2026-06-03
10469,treatment,PH,mobile,7,48.6,0.857,2026-06-02
10470,treatment,CA,mobile,4,27.2,0.75,2026-06-02
10471,treatment,AU,mobile,2,50.0,0.5,2026-06-04
10472,control,US,mobile,5,45.8,0.4,2026-06-01
10473,treatment,IN,mobile,8,49.5,0.75,2026-06-01
10474,treatment,PH,desktop,4,28.0,0.75,2026-06-03
10475,control,GB,tablet,10,38.8,0.8,2026-06-02
10476,control,US,mobile,2,22.5,1.0,2026-06-01
10477,treatment,PH,desktop,1,39.0,1.0,2026-06-04
10478,treatment,PH,desktop,2,66.0,0.5,2026-06-03
10479,treatment,CA,mobile,0,,,2026-06-02
10480,control,GB,desktop,10,30.0,0.8,2026-06-04
10481,treatment,BR,mobile,0,,,2026-06-02
10482,treatment,US,mobile,0,,,2026-06-01
10483,control,PH,mobile,3,34.3,1.0,2026-06-04
10484,treatment,GB,mobile,2,52.0,1.0,2026-06-01
10485,control,IN,desktop,0,,,2026-06-04
10486,treatment,PH,mobile,1,38.0,0.0,2026-06-02
10487,control,US,tablet,3,24.0,0.667,2026-06-03
10488,treatment,IN,mobile,4,82.8,0.5,2026-06-04
10489,treatment,US,mobile,2,40.0,0.5,2026-06-01
10490,control,AU,mobile,3,16.3,0.0,2026-06-04
10491,control,IN,mobile,3,25.7,1.0,2026-06-03
10492,control,US,mobile,0,,,2026-06-03
10493,control,IN,desktop,11,34.5,1.0,2026-06-01
10494,treatment,IN,desktop,4,55.5,1.0,2026-06-02
10495,treatment,PH,desktop,0,,,2026-06-05
10496,control,US,mobile,4,29.8,1.0,2026-06-01
10497,control,DE,tablet,1,49.0,1.0,2026-06-03
10498,treatment,US,mobile,8,35.2,1.0,2026-06-02
10499,control,US,desktop,2,30.5,0.5,2026-06-03
10500,treatment,DE,mobile,1,31.0,0.0,2026-06-05
10501,treatment,US,mobile,3,30.7,0.333,2026-06-04
10502,treatment,US,mobile,2,42.5,0.5,2026-06-03
10503,control,PH,desktop,8,35.6,0.875,2026-06-04
10504,treatment,AU,desktop,3,22.7,0.667,2026-06-01
10505,control,US,mobile,2,37.5,0.5,2026-06-05
10506,treatment,IN,desktop,3,21.0,0.333,2026-06-01
10507,control,IN,mobile,1,23.0,1.0,2026-06-04
10508,treatment,US,mobile,2,104.5,1.0,2026-06-02
10509,treatment,US,desktop,0,,,2026-06-01
10510,control,US,mobile,3,32.0,1.0,2026-06-02
10511,control,US,mobile,5,22.6,1.0,2026-06-03
10512,treatment,US,mobile,2,21.5,0.5,2026-06-02
10513,control,PH,mobile,3,20.0,0.667,2026-06-05
10514,treatment,AU,mobile,0,,,2026-06-05
10515,control,PH,mobile,0,,,2026-06-03
10516,treatment,PH,mobile,1,30.0,1.0,2026-06-01
10517,treatment,DE,mobile,6,52.2,1.0,2026-06-02
10518,control,IN,tablet,4,30.2,0.5,2026-06-05
10519,treatment,IN,mobile,3,56.3,0.667,2026-06-02
10520,treatment,IN,mobile,4,40.5,1.0,2026-06-03
10521,control,IN,tablet,3,50.0,0.667,2026-06-03
10522,control,IN,tablet,2,47.0,0.5,2026-06-04
10523,treatment,GB,mobile,2,47.0,0.0,2026-06-01
10524,control,DE,desktop,5,35.0,0.8,2026-06-03
10525,treatment,IN,mobile,1,60.0,1.0,2026-06-01
10526,treatment,IN,desktop,7,38.3,0.714,2026-06-02
10527,control,IN,mobile,7,30.1,0.571,2026-06-05
10528,control,US,mobile,2,35.5,0.0,2026-06-03
10529,control,IN,mobile,3,19.3,0.667,2026-06-02
10530,control,IN,desktop,1,11.0,0.0,2026-06-03
10531,treatment,US,mobile,9,57.3,0.778,2026-06-05
10532,control,IN,desktop,1,13.0,0.0,2026-06-01
10533,control,US,mobile,2,45.5,0.0,2026-06-01
10534,control,IN,mobile,1,28.0,0.0,2026-06-05
10535,treatment,BR,mobile,0,,,2026-06-01
10536,control,US,tablet,2,26.0,0.5,2026-06-01
10537,treatment,US,desktop,5,82.0,0.8,2026-06-05
10538,control,GB,mobile,3,24.7,1.0,2026-06-04
10539,control,IN,mobile,2,16.0,1.0,2026-06-01
10540,control,GB,mobile,8,43.6,0.625,2026-06-05
10541,control,US,desktop,1,30.0,0.0,2026-06-03
10542,treatment,US,mobile,1,20.0,0.0,2026-06-04
10543,treatment,DE,desktop,4,42.2,0.5,2026-06-04
10544,control,US,mobile,0,,,2026-06-03
10545,treatment,US,mobile,1,28.0,0.0,2026-06-03
10546,control,US,mobile,4,35.2,0.75,2026-06-04
10547,control,DE,mobile,4,24.5,0.5,2026-06-02
10548,control,AU,mobile,2,28.0,0.5,2026-06-01
10549,treatment,US,desktop,3,34.3,0.333,2026-06-04
10550,control,DE,mobile,7,30.9,0.429,2026-06-04
10551,treatment,US,mobile,5,57.0,1.0,2026-06-05
10552,control,IN,mobile,1,13.0,0.0,2026-06-05
10553,control,DE,mobile,0,,,2026-06-01
10554,control,GB,mobile,4,29.8,1.0,2026-06-01
10555,control,US,mobile,2,26.0,1.0,2026-06-04
10556,control,PH,desktop,2,17.0,0.0,2026-06-03
10557,control,IN,tablet,8,41.9,0.75,2026-06-03
10558,treatment,IN,desktop,2,57.0,1.0,2026-06-05
10559,control,US,mobile,0,,,2026-06-04
10560,control,GB,desktop,0,,,2026-06-02
10561,control,US,desktop,2,24.5,0.5,2026-06-02
10562,control,IN,mobile,7,39.3,0.714,2026-06-03
10563,treatment,PH,mobile,0,,,2026-06-05
10564,treatment,GB,desktop,0,,,2026-06-01
10565,control,BR,mobile,0,,,2026-06-05
10566,control,BR,mobile,1,56.0,0.0,2026-06-01
10567,treatment,GB,mobile,1,32.0,1.0,2026-06-05
10568,control,US,desktop,3,25.3,0.333,2026-06-02
10569,control,DE,mobile,1,18.0,0.0,2026-06-01
10570,treatment,AU,mobile,1,40.0,0.0,2026-06-03
10571,treatment,DE,mobile,0,,,2026-06-04
10572,treatment,US,mobile,3,35.0,0.667,2026-06-03
10573,control,PH,mobile,11,28.4,0.636,2026-06-05
10574,treatment,US,mobile,3,36.7,0.667,2026-06-02
10575,treatment,US,desktop,1,55.0,0.0,2026-06-05
10576,treatment,US,desktop,3,69.7,0.667,2026-06-04
10577,treatment,BR,desktop,5,30.8,0.6,2026-06-03
10578,treatment,IN,desktop,4,62.2,0.75,2026-06-03
10579,treatment,PH,desktop,7,54.3,0.714,2026-06-04
10580,treatment,US,tablet,0,,,2026-06-02
10581,control,US,mobile,9,28.7,0.667,2026-06-02
10582,treatment,CA,mobile,0,,,2026-06-04
10583,treatment,IN,desktop,0,,,2026-06-01
10584,control,BR,mobile,6,28.0,0.833,2026-06-04
10585,control,PH,mobile,3,38.3,0.667,2026-06-02
10586,treatment,US,mobile,1,63.0,1.0,2026-06-02
10587,control,US,desktop,1,64.0,1.0,2026-06-04
10588,control,IN,mobile,1,45.0,1.0,2026-06-02
10589,treatment,US,mobile,6,39.2,0.833,2026-06-02
10590,treatment,US,mobile,4,41.5,0.75,2026-06-04
10591,control,BR,desktop,1,20.0,1.0,2026-06-03
10592,treatment,US,desktop,2,30.5,1.0,2026-06-01
10593,treatment,BR,tablet,2,44.0,1.0,2026-06-02
10594,control,US,mobile,2,21.0,1.0,2026-06-04
10595,control,PH,mobile,4,40.8,0.5,2026-06-02
10596,treatment,DE,desktop,13,54.5,0.846,2026-06-02
10597,treatment,US,desktop,2,41.0,1.0,2026-06-01
10598,treatment,US,mobile,1,41.0,0.0,2026-06-03
10599,control,US,desktop,6,26.5,0.333,2026-06-02
10600,treatment,IN,mobile,6,58.5,0.833,2026-06-01
10601,treatment,GB,desktop,2,45.0,0.5,2026-06-01
10602,control,IN,desktop,2,34.0,1.0,2026-06-01
10603,treatment,GB,tablet,2,36.0,1.0,2026-06-03
10604,treatment,IN,mobile,1,79.0,0.0,2026-06-05
10605,treatment,US,mobile,1,63.0,1.0,2026-06-05
10606,treatment,PH,desktop,1,69.0,0.0,2026-06-01
10607,control,BR,desktop,2,38.0,0.5,2026-06-03
10608,treatment,IN,mobile,3,38.7,0.667,2026-06-04
10609,control,US,mobile,1,33.0,1.0,2026-06-04
10610,control,CA,mobile,5,31.8,0.6,2026-06-02
10611,control,GB,tablet,3,49.0,0.667,2026-06-01
10612,control,IN,mobile,1,14.0,1.0,2026-06-03
10613,treatment,DE,tablet,1,53.0,1.0,2026-06-02
10614,treatment,GB,tablet,5,29.6,0.8,2026-06-04
10615,treatment,US,desktop,2,52.5,0.0,2026-06-02
10616,treatment,IN,mobile,2,43.5,1.0,2026-06-03
10617,control,US,mobile,2,43.5,1.0,2026-06-03
10618,treatment,US,mobile,0,,,2026-06-05
10619,treatment,AU,mobile,10,47.7,0.6,2026-06-01
10620,treatment,GB,mobile,4,52.8,0.75,2026-06-02
10621,treatment,AU,mobile,2,34.5,1.0,2026-06-05
10622,control,AU,desktop,1,32.0,1.0,2026-06-04
10623,treatment,IN,desktop,0,,,2026-06-04
10624,control,US,desktop,4,37.0,0.5,2026-06-01
10625,treatment,CA,mobile,1,57.0,1.0,2026-06-01
10626,treatment,IN,desktop,0,,,2026-06-04
10627,treatment,GB,mobile,2,40.0,0.5,2026-06-01
10628,control,US,mobile,0,,,2026-06-05
10629,treatment,IN,desktop,7,46.4,0.714,2026-06-01
10630,control,US,mobile,3,16.7,1.0,2026-06-04
10631,treatment,US,desktop,6,43.5,0.5,2026-06-04
10632,control,BR,mobile,1,14.0,0.0,2026-06-04
10633,control,DE,desktop,1,66.0,0.0,2026-06-03
10634,control,DE,tablet,2,44.5,0.5,2026-06-02
10635,control,BR,desktop,9,37.4,0.778,2026-06-01
10636,treatment,BR,mobile,3,50.0,0.667,2026-06-03
10637,control,BR,mobile,5,24.6,0.8,2026-06-03
10638,control,CA,desktop,1,35.0,1.0,2026-06-02
10639,control,GB,desktop,6,35.7,0.5,2026-06-03
10640,treatment,GB,desktop,2,40.0,0.5,2026-06-01
10641,treatment,BR,mobile,0,,,2026-06-04
10642,treatment,US,mobile,16,46.3,0.812,2026-06-03
10643,control,GB,desktop,2,29.5,0.5,2026-06-03
10644,treatment,US,mobile,5,47.8,0.8,2026-06-05
10645,control,US,desktop,4,27.0,0.5,2026-06-01
10646,control,US,mobile,2,27.0,1.0,2026-06-01
10647,control,IN,desktop,0,,,2026-06-01
10648,control,US,desktop,2,55.0,1.0,2026-06-05
10649,treatment,CA,mobile,2,52.0,0.5,2026-06-01
10650,control,US,mobile,0,,,2026-06-03
10651,control,BR,desktop,1,79.0,1.0,2026-06-01
10652,treatment,PH,mobile,0,,,2026-06-05
10653,treatment,BR,mobile,7,60.6,0.571,2026-06-02
10654,treatment,PH,desktop,1,59.0,1.0,2026-06-04
10655,treatment,US,desktop,5,36.4,0.8,2026-06-05
10656,treatment,BR,mobile,3,63.0,1.0,2026-06-05
10657,control,US,desktop,3,23.7,1.0,2026-06-02
10658,treatment,BR,mobile,5,43.0,0.4,2026-06-05
10659,control,BR,mobile,4,59.0,0.75,2026-06-02
10660,treatment,US,mobile,2,99.0,1.0,2026-06-02
10661,treatment,CA,mobile,2,32.5,0.5,2026-06-03
10662,control,PH,mobile,0,,,2026-06-05
10663,treatment,BR,mobile,1,69.0,1.0,2026-06-04
10664,control,AU,desktop,1,12.0,1.0,2026-06-03
10665,control,GB,mobile,1,47.0,1.0,2026-06-05
10666,control,IN,mobile,2,52.0,0.5,2026-06-03
10667,control,US,mobile,1,9.0,1.0,2026-06-04
10668,control,US,desktop,6,28.7,0.833,2026-06-02
10669,control,IN,mobile,4,46.0,0.25,2026-06-01
10670,treatment,IN,tablet,1,72.0,1.0,2026-06-01
10671,control,GB,mobile,1,32.0,1.0,2026-06-03
10672,treatment,IN,mobile,3,36.0,0.667,2026-06-03
10673,control,US,mobile,3,28.3,1.0,2026-06-02
10674,control,IN,desktop,3,35.7,1.0,2026-06-02
10675,treatment,US,desktop,3,61.0,1.0,2026-06-03
10676,control,BR,mobile,0,,,2026-06-03
10677,treatment,BR,desktop,4,48.5,1.0,2026-06-01
10678,control,US,tablet,4,40.8,0.75,2026-06-05
10679,control,IN,mobile,6,28.8,0.5,2026-06-02
10680,treatment,US,mobile,3,59.3,0.333,2026-06-03
10681,treatment,CA,desktop,1,18.0,0.0,2026-06-01
10682,control,PH,mobile,5,49.8,0.4,2026-06-01
10683,control,US,mobile,3,50.7,1.0,2026-06-02
10684,control,DE,mobile,1,45.0,0.0,2026-06-05
10685,treatment,US,desktop,0,,,2026-06-05
10686,control,IN,desktop,9,27.1,0.778,2026-06-03
10687,treatment,US,mobile,2,93.0,1.0,2026-06-02
10688,treatment,IN,mobile,1,20.0,1.0,2026-06-02
10689,control,CA,mobile,1,48.0,1.0,2026-06-02
10690,control,US,desktop,3,51.0,1.0,2026-06-05
10691,treatment,IN,tablet,1,38.0,1.0,2026-06-01
10692,treatment,BR,mobile,8,49.9,0.75,2026-06-01
10693,treatment,US,mobile,2,30.0,0.5,2026-06-05
10694,treatment,US,mobile,2,25.0,0.5,2026-06-02
10695,control,BR,desktop,3,37.3,0.0,2026-06-03
10696,treatment,US,mobile,1,75.0,1.0,2026-06-05
10697,control,US,desktop,3,34.3,0.667,2026-06-02
10698,treatment,IN,mobile,4,39.2,0.75,2026-06-03
10699,treatment,US,mobile,9,45.7,0.889,2026-06-01
10700,control,CA,mobile,2,58.5,1.0,2026-06-05
10701,control,PH,mobile,2,38.5,0.5,2026-06-04
10702,control,IN,desktop,3,29.0,0.333,2026-06-01
10703,control,BR,mobile,2,25.0,0.0,2026-06-05
10704,treatment,AU,mobile,2,48.5,1.0,2026-06-05
10705,treatment,IN,mobile,2,43.5,1.0,2026-06-02
10706,treatment,DE,desktop,5,71.0,0.6,2026-06-04
10707,control,US,mobile,3,47.7,0.333,2026-06-05
10708,treatment,BR,mobile,1,25.0,0.0,2026-06-02
10709,treatment,PH,mobile,2,37.0,1.0,2026-06-02
10710,treatment,US,mobile,1,70.0,1.0,2026-06-02
10711,control,DE,mobile,0,,,2026-06-05
10712,treatment,IN,mobile,2,57.0,0.5,2026-06-05
10713,control,DE,mobile,2,21.0,0.0,2026-06-03
10714,treatment,IN,desktop,8,41.6,0.75,2026-06-02
10715,control,US,mobile,2,45.0,0.5,2026-06-03
10716,control,BR,desktop,4,38.0,0.5,2026-06-03
10717,treatment,IN,desktop,6,57.2,0.833,2026-06-03
10718,control,IN,mobile,10,32.8,0.7,2026-06-02
10719,treatment,IN,desktop,0,,,2026-06-02
10720,treatment,US,desktop,3,68.7,0.667,2026-06-05
10721,control,IN,mobile,1,11.0,1.0,2026-06-05
10722,treatment,US,desktop,0,,,2026-06-02
10723,control,GB,desktop,2,30.0,1.0,2026-06-01
10724,treatment,GB,mobile,6,46.5,1.0,2026-06-03
10725,treatment,CA,mobile,8,55.9,0.5,2026-06-01
10726,control,US,desktop,1,38.0,1.0,2026-06-05
10727,treatment,BR,desktop,3,67.7,1.0,2026-06-01
10728,treatment,IN,mobile,6,59.8,1.0,2026-06-04
10729,treatment,BR,mobile,4,40.8,1.0,2026-06-05
10730,treatment,CA,mobile,2,51.0,0.5,2026-06-02
10731,control,CA,mobile,0,,,2026-06-02
10732,treatment,IN,mobile,0,,,2026-06-04
10733,treatment,IN,mobile,0,,,2026-06-04
10734,treatment,GB,mobile,1,44.0,1.0,2026-06-03
10735,control,US,mobile,3,56.0,0.667,2026-06-02
10736,treatment,GB,mobile,0,,,2026-06-05
10737,control,IN,desktop,2,33.5,0.5,2026-06-03
10738,control,IN,mobile,2,42.5,0.5,2026-06-03
10739,treatment,PH,mobile,1,50.0,1.0,2026-06-02
10740,treatment,CA,desktop,3,53.0,0.0,2026-06-02
10741,control,PH,desktop,1,48.0,1.0,2026-06-05
10742,control,PH,desktop,12,32.6,0.583,2026-06-04
10743,control,IN,mobile,3,38.3,1.0,2026-06-03
10744,control,PH,mobile,13,34.1,0.846,2026-06-03
10745,treatment,GB,mobile,2,31.5,1.0,2026-06-01
10746,treatment,IN,desktop,4,77.5,0.5,2026-06-05
10747,control,PH,mobile,4,26.5,0.5,2026-06-01
10748,control,US,desktop,3,32.3,0.667,2026-06-03
10749,treatment,IN,mobile,1,29.0,1.0,2026-06-04
10750,treatment,IN,mobile,1,43.0,1.0,2026-06-01
10751,treatment,US,mobile,8,40.9,0.625,2026-06-03
10752,control,PH,mobile,3,37.3,1.0,2026-06-03
10753,control,PH,mobile,6,39.0,0.833,2026-06-04
10754,control,IN,desktop,1,28.0,1.0,2026-06-03
10755,treatment,AU,desktop,8,41.2,0.75,2026-06-04
10756,treatment,PH,mobile,2,41.5,1.0,2026-06-04
10757,control,US,mobile,1,25.0,1.0,2026-06-05
10758,control,CA,desktop,6,33.5,0.5,2026-06-03
10759,treatment,PH,desktop,2,43.0,1.0,2026-06-04
10760,control,US,mobile,0,,,2026-06-04
10761,treatment,IN,desktop,2,83.0,0.5,2026-06-02
10762,treatment,IN,desktop,4,37.8,0.75,2026-06-02
10763,control,BR,tablet,2,26.0,0.0,2026-06-04
10764,treatment,BR,mobile,10,46.7,0.8,2026-06-02
10765,control,US,mobile,4,48.0,0.75,2026-06-05
10766,control,IN,mobile,9,27.3,0.556,2026-06-03
10767,treatment,PH,mobile,0,,,2026-06-04
10768,control,US,mobile,2,34.0,0.5,2026-06-04
10769,control,BR,mobile,2,24.0,1.0,2026-06-03
10770,control,GB,mobile,1,33.0,0.0,2026-06-02
10771,control,US,desktop,2,44.0,1.0,2026-06-02
10772,treatment,PH,desktop,0,,,2026-06-03
10773,treatment,BR,desktop,2,44.5,0.0,2026-06-01
10774,control,CA,desktop,0,,,2026-06-05
10775,treatment,US,mobile,0,,,2026-06-04
10776,treatment,US,desktop,0,,,2026-06-03
10777,treatment,BR,desktop,8,37.5,0.625,2026-06-05
10778,treatment,US,desktop,7,43.7,0.857,2026-06-02
10779,control,US,mobile,0,,,2026-06-04
10780,control,BR,desktop,4,41.0,0.5,2026-06-03
10781,treatment,US,mobile,9,42.9,0.556,2026-06-04
10782,treatment,GB,mobile,5,40.8,1.0,2026-06-04
10783,treatment,GB,mobile,0,,,2026-06-04
10784,treatment,CA,mobile,2,34.5,0.5,2026-06-04
10785,treatment,PH,desktop,2,50.0,1.0,2026-06-01
10786,control,IN,mobile,4,31.0,1.0,2026-06-03
10787,control,IN,mobile,2,49.5,0.0,2026-06-04
10788,control,IN,tablet,2,25.5,0.0,2026-06-05
10789,control,US,mobile,0,,,2026-06-02
10790,control,BR,desktop,2,34.5,1.0,2026-06-04
10791,control,AU,desktop,0,,,2026-06-03
10792,treatment,US,mobile,8,45.9,0.75,2026-06-02
10793,treatment,US,mobile,1,38.0,0.0,2026-06-03
10794,treatment,IN,mobile,3,38.3,0.667,2026-06-01
10795,treatment,US,desktop,7,65.0,0.857,2026-06-01
10796,control,GB,mobile,4,32.8,1.0,2026-06-01
10797,treatment,BR,mobile,5,74.4,1.0,2026-06-03
10798,treatment,US,desktop,3,37.7,1.0,2026-06-03
10799,control,GB,mobile,2,54.0,1.0,2026-06-05
10800,treatment,AU,desktop,3,56.3,1.0,2026-06-01
10801,treatment,US,desktop,9,50.2,0.667,2026-06-04
10802,treatment,BR,mobile,3,52.0,0.333,2026-06-03
10803,treatment,US,mobile,4,60.2,1.0,2026-06-04
10804,treatment,DE,desktop,2,36.5,0.5,2026-06-03
10805,control,GB,mobile,10,41.2,0.5,2026-06-03
10806,control,IN,mobile,0,,,2026-06-05
10807,treatment,US,desktop,1,21.0,0.0,2026-06-02
10808,treatment,BR,mobile,3,44.0,0.667,2026-06-04
10809,treatment,US,desktop,3,38.7,0.333,2026-06-01
10810,treatment,BR,mobile,1,53.0,1.0,2026-06-04
10811,treatment,AU,mobile,4,50.8,0.5,2026-06-03
10812,control,US,desktop,1,21.0,1.0,2026-06-03
10813,control,BR,desktop,4,33.2,1.0,2026-06-03
10814,treatment,US,desktop,1,154.0,1.0,2026-06-01
10815,control,DE,mobile,3,26.7,1.0,2026-06-03
10816,treatment,IN,desktop,4,68.8,0.25,2026-06-03
10817,treatment,IN,mobile,1,16.0,1.0,2026-06-01
10818,control,CA,mobile,1,18.0,0.0,2026-06-03
10819,control,IN,desktop,0,,,2026-06-01
10820,control,IN,mobile,6,37.5,0.667,2026-06-03
10821,treatment,US,mobile,3,76.7,0.667,2026-06-03
10822,control,US,desktop,3,33.0,0.667,2026-06-05
10823,control,AU,mobile,3,23.7,1.0,2026-06-03
10824,control,IN,mobile,0,,,2026-06-04
10825,treatment,BR,desktop,3,57.3,0.667,2026-06-01
10826,treatment,GB,mobile,1,38.0,0.0,2026-06-03
10827,treatment,AU,mobile,0,,,2026-06-01
10828,control,IN,mobile,5,36.4,0.6,2026-06-04
10829,treatment,BR,mobile,0,,,2026-06-02
10830,treatment,DE,mobile,5,37.4,1.0,2026-06-01
10831,control,US,tablet,0,,,2026-06-02
10832,control,US,tablet,3,26.7,0.667,2026-06-01
10833,control,US,mobile,3,26.3,0.0,2026-06-01
10834,treatment,DE,desktop,4,48.8,1.0,2026-06-05
10835,treatment,BR,mobile,0,,,2026-06-05
10836,treatment,PH,tablet,1,29.0,0.0,2026-06-02
10837,treatment,IN,mobile,3,32.7,0.667,2026-06-03
10838,control,PH,tablet,10,31.0,0.6,2026-06-02
10839,control,PH,mobile,2,19.0,1.0,2026-06-03
10840,treatment,DE,mobile,2,43.5,1.0,2026-06-05
10841,control,US,desktop,1,27.0,1.0,2026-06-01
10842,treatment,CA,mobile,2,43.5,1.0,2026-06-02
10843,treatment,GB,mobile,4,46.5,1.0,2026-06-04
10844,treatment,PH,desktop,1,62.0,0.0,2026-06-05
10845,control,US,mobile,1,72.0,1.0,2026-06-04
10846,treatment,US,mobile,4,34.5,0.75,2026-06-05
10847,control,DE,desktop,1,29.0,1.0,2026-06-02
10848,treatment,PH,tablet,8,49.8,0.5,2026-06-04
10849,treatment,BR,mobile,2,61.0,0.5,2026-06-03
10850,treatment,GB,desktop,6,51.7,0.5,2026-06-02
10851,control,CA,tablet,7,30.4,0.857,2026-06-01
10852,control,US,mobile,1,54.0,1.0,2026-06-02
10853,control,US,mobile,0,,,2026-06-02
10854,control,PH,mobile,7,31.4,0.429,2026-06-03
10855,treatment,BR,mobile,4,45.0,0.75,2026-06-03
10856,treatment,CA,mobile,2,39.0,0.5,2026-06-04
10857,treatment,US,mobile,3,29.3,0.333,2026-06-04
10858,treatment,GB,mobile,3,56.7,1.0,2026-06-04
10859,control,US,tablet,3,25.7,0.333,2026-06-02
10860,treatment,IN,mobile,5,27.6,0.8,2026-06-03
10861,control,IN,desktop,1,101.0,0.0,2026-06-04
10862,treatment,CA,desktop,16,48.8,0.688,2026-06-03
10863,control,PH,mobile,7,35.0,0.571,2026-06-04
10864,treatment,IN,mobile,6,51.7,0.833,2026-06-02
10865,treatment,IN,mobile,0,,,2026-06-05
10866,treatment,IN,desktop,2,99.0,1.0,2026-06-01
10867,treatment,PH,desktop,4,50.5,0.75,2026-06-02
10868,control,IN,mobile,5,37.4,0.6,2026-06-01
10869,control,GB,desktop,3,41.0,1.0,2026-06-02
10870,control,US,mobile,3,25.0,1.0,2026-06-01
10871,treatment,US,mobile,2,29.0,1.0,2026-06-01
10872,control,PH,mobile,0,,,2026-06-02
10873,treatment,IN,desktop,2,77.5,0.5,2026-06-04
10874,control,US,mobile,1,29.0,0.0,2026-06-05
10875,control,GB,tablet,2,43.0,1.0,2026-06-02
10876,control,IN,desktop,4,33.2,1.0,2026-06-03
10877,treatment,DE,mobile,2,27.0,1.0,2026-06-02
10878,treatment,PH,mobile,4,40.0,0.25,2026-06-03
10879,treatment,BR,mobile,3,49.0,1.0,2026-06-02
10880,treatment,GB,desktop,2,45.5,1.0,2026-06-03
10881,control,DE,mobile,5,36.2,0.6,2026-06-04
10882,treatment,IN,mobile,0,,,2026-06-05
10883,treatment,AU,mobile,5,47.8,0.6,2026-06-03
10884,treatment,US,tablet,1,25.0,0.0,2026-06-04
10885,treatment,IN,mobile,9,34.3,0.778,2026-06-02
10886,control,IN,mobile,9,39.9,0.556,2026-06-01
10887,control,GB,desktop,0,,,2026-06-03
10888,treatment,AU,mobile,2,26.0,0.0,2026-06-04
10889,control,US,mobile,2,12.0,1.0,2026-06-03
10890,control,IN,desktop,3,26.3,1.0,2026-06-03
10891,control,CA,mobile,3,27.3,1.0,2026-06-04
10892,treatment,DE,mobile,1,26.0,0.0,2026-06-01
10893,treatment,BR,desktop,2,70.0,1.0,2026-06-03
10894,treatment,IN,mobile,2,30.5,0.5,2026-06-05
10895,treatment,GB,desktop,2,32.0,1.0,2026-06-03
10896,treatment,IN,mobile,0,,,2026-06-04
10897,control,PH,mobile,2,15.5,0.0,2026-06-05
10898,control,US,tablet,3,55.0,0.667,2026-06-01
10899,control,US,mobile,2,31.0,0.5,2026-06-03
10900,treatment,PH,mobile,0,,,2026-06-05
10901,control,US,desktop,4,27.2,0.5,2026-06-03
10902,treatment,IN,mobile,11,39.7,0.727,2026-06-01
10903,control,DE,desktop,0,,,2026-06-05
10904,control,CA,mobile,3,26.0,1.0,2026-06-03
10905,control,BR,mobile,1,26.0,0.0,2026-06-03
10906,treatment,IN,mobile,1,41.0,1.0,2026-06-04
10907,control,IN,mobile,3,42.3,0.667,2026-06-02
10908,control,PH,mobile,5,39.8,0.8,2026-06-05
10909,treatment,BR,mobile,3,61.7,0.333,2026-06-05
10910,control,DE,mobile,0,,,2026-06-02
10911,treatment,US,desktop,0,,,2026-06-04
10912,control,US,mobile,2,39.5,0.5,2026-06-05
10913,control,US,desktop,3,28.3,0.667,2026-06-01
10914,control,IN,mobile,3,28.7,0.667,2026-06-04
10915,control,BR,mobile,9,33.8,0.556,2026-06-03
10916,treatment,PH,mobile,5,50.2,0.8,2026-06-01
10917,treatment,US,mobile,2,48.0,1.0,2026-06-01
10918,control,PH,tablet,0,,,2026-06-03
10919,treatment,US,mobile,0,,,2026-06-03
10920,treatment,IN,desktop,0,,,2026-06-01
10921,treatment,US,mobile,0,,,2026-06-03
10922,control,IN,mobile,5,29.8,0.8,2026-06-03
10923,treatment,IN,mobile,2,45.5,1.0,2026-06-05
10924,control,US,mobile,1,40.0,1.0,2026-06-03
10925,treatment,IN,mobile,3,34.7,0.667,2026-06-02
10926,control,CA,mobile,1,37.0,0.0,2026-06-01
10927,treatment,DE,mobile,4,29.0,1.0,2026-06-02
10928,control,US,mobile,3,55.3,0.667,2026-06-02
10929,treatment,BR,mobile,3,85.0,1.0,2026-06-04
10930,treatment,US,mobile,2,39.5,1.0,2026-06-04
10931,control,PH,mobile,7,30.1,0.571,2026-06-02
10932,treatment,US,mobile,3,45.3,0.667,2026-06-05
10933,treatment,BR,mobile,1,68.0,1.0,2026-06-04
10934,control,US,mobile,1,9.0,1.0,2026-06-02
10935,control,IN,desktop,1,45.0,1.0,2026-06-04
10936,treatment,PH,desktop,5,46.2,0.6,2026-06-03
10937,treatment,US,desktop,1,32.0,0.0,2026-06-03
10938,treatment,US,mobile,1,18.0,1.0,2026-06-04
10939,control,BR,desktop,1,50.0,1.0,2026-06-05
10940,control,IN,mobile,3,31.0,0.0,2026-06-01
10941,control,US,desktop,10,31.5,0.8,2026-06-05
10942,treatment,US,mobile,2,86.0,1.0,2026-06-01
10943,control,US,mobile,3,37.3,0.667,2026-06-04
10944,control,US,mobile,2,25.5,0.0,2026-06-05
10945,treatment,US,mobile,1,38.0,1.0,2026-06-05
10946,treatment,IN,desktop,1,17.0,1.0,2026-06-03
10947,control,CA,mobile,3,27.7,0.333,2026-06-03
10948,control,IN,mobile,10,37.5,0.5,2026-06-02
10949,treatment,IN,mobile,5,32.8,0.8,2026-06-05
10950,treatment,GB,desktop,3,44.3,0.333,2026-06-05
10951,treatment,BR,tablet,5,41.2,1.0,2026-06-03
10952,control,US,mobile,8,23.6,0.375,2026-06-02
10953,control,BR,mobile,4,32.8,0.75,2026-06-02
10954,treatment,US,tablet,3,61.3,0.667,2026-06-04
10955,control,IN,mobile,2,34.0,1.0,2026-06-02
10956,treatment,DE,mobile,5,42.2,0.8,2026-06-04
10957,control,IN,desktop,0,,,2026-06-04
10958,treatment,US,mobile,3,44.3,1.0,2026-06-05
10959,control,US,mobile,6,35.5,0.667,2026-06-04
10960,control,US,mobile,0,,,2026-06-02
10961,control,BR,mobile,4,35.2,0.5,2026-06-04
10962,treatment,IN,mobile,1,49.0,1.0,2026-06-01
10963,treatment,US,mobile,1,38.0,0.0,2026-06-03
10964,treatment,IN,desktop,3,33.3,0.667,2026-06-04
10965,treatment,IN,mobile,1,137.0,1.0,2026-06-05
10966,control,US,mobile,3,35.3,0.667,2026-06-03
10967,control,AU,desktop,2,44.0,0.0,2026-06-05
10968,control,US,mobile,1,42.0,0.0,2026-06-01
10969,treatment,US,mobile,0,,,2026-06-01
10970,control,IN,mobile,3,23.7,0.0,2026-06-03
10971,control,IN,mobile,4,29.0,0.25,2026-06-03
10972,treatment,US,mobile,1,39.0,1.0,2026-06-01
10973,treatment,BR,mobile,3,34.0,0.667,2026-06-05
10974,control,IN,mobile,2,48.5,0.5,2026-06-03
10975,control,IN,mobile,1,29.0,1.0,2026-06-03
10976,control,BR,desktop,5,30.0,0.2,2026-06-01
10977,control,AU,mobile,3,48.7,0.667,2026-06-03
10978,treatment,US,mobile,1,32.0,0.0,2026-06-04
10979,treatment,GB,mobile,2,46.0,1.0,2026-06-04
10980,treatment,US,mobile,1,24.0,1.0,2026-06-04
10981,treatment,IN,mobile,4,21.5,1.0,2026-06-02
10982,treatment,US,mobile,4,21.2,0.75,2026-06-02
10983,treatment,GB,mobile,11,46.2,0.727,2026-06-05
10984,control,US,mobile,9,28.8,0.556,2026-06-05
10985,control,PH,mobile,4,26.8,0.75,2026-06-02
10986,treatment,GB,desktop,4,33.8,0.75,2026-06-04
10987,control,IN,desktop,6,32.5,0.833,2026-06-05
10988,control,AU,desktop,3,21.7,1.0,2026-06-03
10989,treatment,US,mobile,3,49.7,0.333,2026-06-01
10990,treatment,US,mobile,5,29.6,0.6,2026-06-01
10991,treatment,CA,mobile,4,29.0,0.75,2026-06-03
10992,control,US,mobile,11,38.8,0.455,2026-06-03
10993,treatment,IN,mobile,3,53.0,0.667,2026-06-02
10994,treatment,US,desktop,3,25.7,0.667,2026-06-03
10995,control,DE,mobile,2,29.5,0.5,2026-06-01
10996,control,BR,desktop,0,,,2026-06-05
10997,control,US,mobile,3,62.3,0.667,2026-06-04
10998,treatment,IN,mobile,0,,,2026-06-04
10999,treatment,PH,mobile,7,73.6,1.0,2026-06-01
11000,treatment,BR,mobile,2,31.5,0.0,2026-06-05
11001,control,IN,mobile,6,31.7,0.833,2026-06-02
11002,treatment,GB,mobile,2,55.0,1.0,2026-06-02
11003,treatment,IN,mobile,2,53.5,0.5,2026-06-02
11004,control,AU,mobile,1,14.0,0.0,2026-06-03
11005,treatment,BR,desktop,12,48.5,0.833,2026-06-04
11006,treatment,US,mobile,2,25.5,0.5,2026-06-04
11007,control,BR,tablet,2,30.0,0.5,2026-06-03
11008,treatment,US,mobile,1,75.0,1.0,2026-06-04
11009,control,GB,mobile,0,,,2026-06-02
11010,control,BR,mobile,2,56.5,0.5,2026-06-05
11011,control,US,desktop,1,20.0,0.0,2026-06-04
11012,treatment,BR,desktop,3,46.0,0.667,2026-06-04
11013,control,BR,mobile,1,24.0,1.0,2026-06-03
11014,treatment,AU,mobile,2,46.0,1.0,2026-06-03
11015,control,DE,desktop,1,17.0,0.0,2026-06-02
11016,treatment,US,mobile,4,38.2,1.0,2026-06-03
11017,treatment,IN,mobile,3,57.3,1.0,2026-06-05
11018,control,US,mobile,1,10.0,1.0,2026-06-04
11019,treatment,PH,mobile,6,52.3,1.0,2026-06-05
11020,treatment,US,mobile,2,47.5,1.0,2026-06-03
11021,treatment,US,mobile,5,48.6,0.8,2026-06-02
11022,treatment,IN,mobile,4,66.5,0.75,2026-06-04
11023,treatment,BR,desktop,4,32.5,0.5,2026-06-02
11024,control,IN,desktop,4,24.2,0.5,2026-06-03
11025,treatment,IN,mobile,0,,,2026-06-04
11026,treatment,US,desktop,4,57.5,0.5,2026-06-05
11027,control,BR,mobile,1,72.0,1.0,2026-06-04
11028,treatment,BR,mobile,8,42.5,0.875,2026-06-02
11029,treatment,US,desktop,3,39.7,1.0,2026-06-05
11030,treatment,IN,desktop,0,,,2026-06-03
11031,control,US,mobile,3,39.7,0.667,2026-06-01
11032,control,PH,mobile,3,30.0,0.667,2026-06-05
11033,treatment,PH,desktop,2,70.5,1.0,2026-06-02
11034,treatment,IN,mobile,1,44.0,0.0,2026-06-03
11035,control,US,mobile,0,,,2026-06-02
11036,treatment,US,mobile,0,,,2026-06-01
11037,control,GB,mobile,2,22.5,1.0,2026-06-02
11038,control,US,mobile,7,23.7,1.0,2026-06-05
11039,control,BR,mobile,2,19.5,0.0,2026-06-02
11040,treatment,US,mobile,2,28.5,1.0,2026-06-02
11041,treatment,BR,mobile,3,38.0,0.333,2026-06-04
11042,control,IN,mobile,6,26.5,0.5,2026-06-04
11043,treatment,US,mobile,5,33.8,0.8,2026-06-01
11044,treatment,US,mobile,4,51.0,0.75,2026-06-04
11045,treatment,IN,mobile,1,97.0,0.0,2026-06-03
11046,treatment,IN,desktop,12,47.3,0.75,2026-06-02
11047,control,US,mobile,12,32.3,0.667,2026-06-03
11048,control,US,mobile,1,10.0,0.0,2026-06-05
11049,treatment,IN,desktop,3,71.7,0.333,2026-06-04
11050,control,BR,mobile,5,29.6,0.6,2026-06-02
11051,treatment,PH,desktop,8,62.8,0.875,2026-06-02
11052,treatment,GB,mobile,5,53.8,1.0,2026-06-02
11053,treatment,IN,mobile,10,44.3,0.9,2026-06-04
11054,control,PH,desktop,6,29.7,0.5,2026-06-01
11055,control,US,mobile,2,23.0,1.0,2026-06-05
11056,control,IN,mobile,2,36.5,0.5,2026-06-01
11057,treatment,IN,mobile,3,65.0,0.667,2026-06-02
11058,control,US,desktop,1,29.0,1.0,2026-06-03
11059,control,US,mobile,1,63.0,1.0,2026-06-01
11060,control,IN,mobile,6,23.0,0.5,2026-06-02
11061,control,IN,desktop,3,44.7,1.0,2026-06-03
11062,treatment,US,mobile,2,47.5,1.0,2026-06-04
11063,control,AU,tablet,0,,,2026-06-02
11064,control,IN,mobile,4,31.8,0.5,2026-06-04
11065,treatment,BR,mobile,1,34.0,1.0,2026-06-05
11066,treatment,CA,mobile,2,75.5,1.0,2026-06-05
11067,control,IN,mobile,2,43.0,0.5,2026-06-05
11068,treatment,IN,mobile,6,38.8,0.667,2026-06-03
11069,control,GB,mobile,2,21.5,0.5,2026-06-04
11070,control,AU,mobile,0,,,2026-06-03
11071,treatment,US,mobile,1,48.0,0.0,2026-06-02
11072,control,GB,mobile,2,12.5,0.5,2026-06-01
11073,treatment,GB,mobile,6,44.2,0.667,2026-06-02
11074,control,US,desktop,4,44.8,0.25,2026-06-02
11075,treatment,PH,tablet,1,13.0,0.0,2026-06-05
11076,treatment,IN,mobile,7,48.0,0.571,2026-06-01
11077,treatment,DE,mobile,0,,,2026-06-03
11078,control,IN,mobile,0,,,2026-06-04
11079,control,DE,desktop,3,47.7,1.0,2026-06-03
11080,control,US,mobile,1,29.0,0.0,2026-06-04
11081,treatment,DE,mobile,2,45.0,1.0,2026-06-03
11082,treatment,CA,mobile,4,31.5,0.25,2026-06-03
11083,treatment,US,mobile,3,46.3,1.0,2026-06-05
11084,treatment,GB,mobile,6,55.3,0.833,2026-06-03
11085,treatment,IN,desktop,0,,,2026-06-04
11086,control,PH,mobile,4,27.5,0.0,2026-06-03
11087,treatment,US,mobile,2,22.5,0.5,2026-06-05
11088,treatment,BR,mobile,2,32.0,0.5,2026-06-01
11089,treatment,BR,tablet,1,54.0,1.0,2026-06-04
11090,control,US,desktop,3,28.3,0.333,2026-06-01
11091,control,US,mobile,2,26.0,0.5,2026-06-03
11092,control,IN,desktop,5,26.8,0.4,2026-06-05
11093,control,IN,mobile,0,,,2026-06-03
11094,treatment,US,mobile,1,93.0,1.0,2026-06-03
11095,treatment,IN,mobile,7,70.1,0.714,2026-06-01
11096,treatment,AU,desktop,3,29.7,0.667,2026-06-04
11097,control,BR,mobile,8,35.0,0.75,2026-06-03
11098,control,US,mobile,0,,,2026-06-03
11099,control,PH,mobile,4,36.5,0.75,2026-06-01
11100,treatment,BR,mobile,3,41.7,0.333,2026-06-04
11101,treatment,IN,desktop,6,36.7,0.833,2026-06-04
11102,treatment,PH,desktop,3,37.3,0.667,2026-06-05
11103,treatment,US,mobile,4,42.5,1.0,2026-06-02
11104,control,US,desktop,1,20.0,0.0,2026-06-05
11105,control,GB,desktop,9,38.9,0.778,2026-06-02
11106,control,US,mobile,3,28.3,1.0,2026-06-04
11107,treatment,US,mobile,1,76.0,1.0,2026-06-01
11108,control,BR,mobile,0,,,2026-06-01
11109,treatment,PH,mobile,0,,,2026-06-05
11110,treatment,US,mobile,2,50.0,0.5,2026-06-03
11111,control,CA,mobile,0,,,2026-06-03
11112,control,DE,mobile,1,15.0,0.0,2026-06-04
11113,treatment,US,desktop,2,30.5,0.0,2026-06-05
11114,treatment,IN,tablet,1,90.0,1.0,2026-06-01
11115,treatment,GB,tablet,0,,,2026-06-05
11116,control,IN,desktop,7,27.6,0.714,2026-06-02
11117,treatment,BR,mobile,5,56.4,0.2,2026-06-04
11118,control,US,desktop,6,39.8,0.5,2026-06-03
11119,control,BR,desktop,3,19.3,0.333,2026-06-02
11120,treatment,US,mobile,3,59.0,1.0,2026-06-01
11121,treatment,IN,mobile,17,49.6,0.471,2026-06-01
11122,treatment,US,mobile,9,53.4,1.0,2026-06-02
11123,treatment,US,desktop,1,71.0,1.0,2026-06-01
11124,control,BR,mobile,0,,,2026-06-05
11125,treatment,AU,mobile,3,54.7,0.333,2026-06-01
11126,treatment,US,tablet,0,,,2026-06-03
11127,treatment,CA,desktop,3,51.0,1.0,2026-06-01
11128,control,PH,mobile,3,25.0,0.667,2026-06-04
11129,control,CA,mobile,3,40.3,1.0,2026-06-05
11130,treatment,US,mobile,6,67.0,0.833,2026-06-02
11131,control,IN,mobile,1,19.0,0.0,2026-06-04
11132,control,PH,mobile,1,45.0,1.0,2026-06-05
11133,treatment,US,mobile,0,,,2026-06-03
11134,control,US,desktop,2,26.0,0.5,2026-06-03
11135,control,US,desktop,3,49.0,1.0,2026-06-05
11136,treatment,US,mobile,1,48.0,0.0,2026-06-01
11137,control,US,mobile,2,44.0,0.5,2026-06-02
11138,treatment,IN,mobile,1,49.0,1.0,2026-06-02
11139,treatment,US,mobile,3,35.7,0.667,2026-06-04
11140,treatment,IN,mobile,3,41.3,0.667,2026-06-01
11141,treatment,IN,desktop,5,69.8,0.4,2026-06-05
11142,treatment,AU,mobile,5,50.8,0.6,2026-06-01
11143,treatment,BR,desktop,10,47.6,0.9,2026-06-05
11144,control,US,mobile,0,,,2026-06-05
11145,treatment,US,desktop,3,54.0,1.0,2026-06-03
11146,treatment,US,mobile,9,47.0,0.667,2026-06-05
11147,control,US,mobile,8,27.4,0.5,2026-06-04
11148,treatment,BR,mobile,0,,,2026-06-04
11149,treatment,IN,mobile,7,38.0,0.571,2026-06-04
11150,treatment,GB,mobile,3,64.7,1.0,2026-06-05
11151,control,US,mobile,2,51.5,0.5,2026-06-02
11152,treatment,IN,mobile,2,49.5,1.0,2026-06-04
11153,control,BR,mobile,4,23.2,0.75,2026-06-03
11154,control,GB,mobile,2,36.5,0.5,2026-06-02
11155,control,IN,desktop,5,31.8,0.8,2026-06-03
11156,treatment,AU,desktop,5,74.6,1.0,2026-06-05
11157,control,CA,desktop,1,58.0,0.0,2026-06-04
11158,control,AU,mobile,4,37.0,0.75,2026-06-03
11159,treatment,BR,tablet,2,44.5,1.0,2026-06-03
11160,treatment,AU,mobile,3,43.3,0.333,2026-06-01
11161,control,US,desktop,0,,,2026-06-04
11162,control,AU,desktop,1,57.0,1.0,2026-06-04
11163,control,IN,mobile,5,50.0,1.0,2026-06-01
11164,control,PH,desktop,7,31.7,0.429,2026-06-03
11165,control,IN,desktop,1,31.0,1.0,2026-06-03
11166,treatment,IN,mobile,18,49.4,0.778,2026-06-05
11167,treatment,US,desktop,4,51.0,1.0,2026-06-03
11168,treatment,IN,mobile,5,40.2,0.8,2026-06-02
11169,control,US,mobile,4,36.5,0.75,2026-06-05
11170,treatment,CA,desktop,1,11.0,0.0,2026-06-04
11171,control,PH,desktop,2,39.0,0.5,2026-06-04
11172,treatment,AU,mobile,2,48.0,0.0,2026-06-05
11173,control,IN,mobile,4,34.2,1.0,2026-06-01
11174,control,DE,tablet,0,,,2026-06-03
11175,control,US,desktop,3,31.3,0.333,2026-06-03
11176,control,BR,mobile,5,30.4,0.4,2026-06-02
11177,treatment,IN,mobile,3,38.3,1.0,2026-06-01
11178,control,IN,mobile,12,39.9,0.833,2026-06-02
11179,control,US,desktop,2,27.0,0.5,2026-06-04
11180,control,DE,mobile,5,29.0,0.6,2026-06-04
11181,treatment,US,desktop,2,35.0,0.5,2026-06-02
11182,treatment,BR,mobile,0,,,2026-06-03
11183,control,BR,desktop,1,37.0,1.0,2026-06-02
11184,control,IN,mobile,6,27.0,0.5,2026-06-02
11185,control,BR,mobile,1,38.0,1.0,2026-06-02
11186,control,DE,desktop,0,,,2026-06-04
11187,control,US,mobile,12,26.9,0.583,2026-06-03
11188,control,US,mobile,3,22.3,0.333,2026-06-02
11189,control,IN,mobile,2,33.0,1.0,2026-06-01
11190,treatment,IN,desktop,0,,,2026-06-02
11191,treatment,BR,mobile,2,45.5,1.0,2026-06-03
11192,treatment,IN,desktop,4,49.2,1.0,2026-06-04
11193,control,CA,mobile,7,26.1,0.857,2026-06-02
11194,control,CA,desktop,1,14.0,0.0,2026-06-05
11195,control,US,desktop,1,9.0,1.0,2026-06-04
11196,control,GB,desktop,0,,,2026-06-05
11197,treatment,PH,mobile,7,52.9,0.429,2026-06-02
11198,treatment,IN,mobile,7,42.3,0.857,2026-06-01
11199,treatment,US,mobile,9,44.3,0.667,2026-06-04
11200,treatment,IN,mobile,6,61.7,0.833,2026-06-05
11201,control,BR,mobile,1,64.0,0.0,2026-06-04
11202,treatment,IN,mobile,0,,,2026-06-01
11203,control,PH,desktop,20,36.9,0.65,2026-06-04
11204,treatment,IN,desktop,4,58.0,0.75,2026-06-01
11205,treatment,IN,mobile,1,43.0,1.0,2026-06-01
11206,treatment,CA,mobile,0,,,2026-06-03
11207,treatment,IN,mobile,3,43.0,0.667,2026-06-01
11208,control,US,desktop,1,29.0,1.0,2026-06-01
11209,treatment,IN,mobile,1,38.0,0.0,2026-06-02
11210,control,IN,mobile,2,28.0,1.0,2026-06-04
11211,treatment,PH,mobile,3,30.7,0.667,2026-06-02
11212,control,IN,desktop,1,35.0,1.0,2026-06-01
11213,control,IN,desktop,1,108.0,1.0,2026-06-04
11214,treatment,IN,desktop,8,47.1,0.75,2026-06-03
11215,control,US,mobile,5,27.4,0.8,2026-06-02
11216,control,GB,desktop,5,34.0,0.6,2026-06-01
11217,control,IN,mobile,1,10.0,1.0,2026-06-01
11218,control,IN,mobile,3,29.3,0.667,2026-06-04
11219,control,IN,mobile,8,26.9,0.875,2026-06-03
11220,treatment,IN,desktop,4,40.5,0.5,2026-06-05
11221,treatment,IN,desktop,4,48.0,0.75,2026-06-03
11222,treatment,US,mobile,3,74.3,0.667,2026-06-02
11223,treatment,IN,mobile,4,32.5,0.75,2026-06-04
11224,control,PH,desktop,3,38.3,1.0,2026-06-02
11225,treatment,US,desktop,6,52.7,0.333,2026-06-05
11226,treatment,GB,desktop,4,48.0,0.5,2026-06-02
11227,control,IN,mobile,5,39.0,0.6,2026-06-02
11228,control,IN,desktop,1,29.0,1.0,2026-06-01
11229,control,IN,mobile,8,40.0,0.625,2026-06-03
11230,control,US,mobile,1,40.0,1.0,2026-06-04
11231,treatment,US,mobile,4,43.8,0.75,2026-06-04
11232,control,IN,mobile,3,25.7,0.667,2026-06-05
11233,control,IN,desktop,2,32.0,1.0,2026-06-02
11234,control,DE,mobile,4,65.5,0.5,2026-06-05
11235,control,GB,desktop,10,31.1,0.7,2026-06-02
11236,control,US,mobile,12,32.6,0.917,2026-06-03
11237,treatment,AU,mobile,3,43.0,1.0,2026-06-01
11238,treatment,GB,desktop,4,59.2,0.25,2026-06-02
11239,control,GB,desktop,3,31.3,1.0,2026-06-02
11240,treatment,US,desktop,2,39.0,0.5,2026-06-05
11241,control,US,tablet,2,35.5,0.5,2026-06-02
11242,control,IN,mobile,0,,,2026-06-03
11243,control,PH,mobile,2,28.5,0.0,2026-06-05
11244,control,IN,tablet,4,14.8,0.5,2026-06-03
11245,treatment,IN,tablet,6,48.7,0.833,2026-06-05
11246,treatment,US,desktop,8,52.4,0.5,2026-06-05
11247,treatment,US,mobile,1,11.0,1.0,2026-06-02
11248,control,US,mobile,1,10.0,1.0,2026-06-01
11249,treatment,DE,mobile,1,33.0,1.0,2026-06-03
11250,treatment,PH,mobile,5,55.8,0.6,2026-06-04
11251,treatment,AU,desktop,5,68.0,1.0,2026-06-02
11252,control,IN,desktop,3,28.7,0.333,2026-06-04
11253,control,US,mobile,5,38.0,0.6,2026-06-05
11254,treatment,US,mobile,2,40.0,1.0,2026-06-04
11255,treatment,PH,mobile,0,,,2026-06-02
11256,treatment,IN,tablet,4,50.2,0.75,2026-06-03
11257,treatment,US,desktop,0,,,2026-06-01
11258,control,IN,desktop,0,,,2026-06-02
11259,control,US,mobile,1,27.0,0.0,2026-06-04
11260,control,BR,mobile,2,41.0,1.0,2026-06-02
11261,control,BR,mobile,5,34.2,1.0,2026-06-03
11262,control,IN,mobile,0,,,2026-06-05
11263,treatment,US,mobile,1,68.0,1.0,2026-06-05
11264,treatment,PH,tablet,1,63.0,1.0,2026-06-04
11265,treatment,US,mobile,2,56.0,0.5,2026-06-02
11266,control,BR,mobile,13,28.8,0.385,2026-06-03
11267,control,BR,mobile,0,,,2026-06-05
11268,treatment,CA,desktop,3,56.0,1.0,2026-06-04
11269,treatment,IN,desktop,5,70.0,0.6,2026-06-05
11270,treatment,GB,mobile,4,32.2,0.5,2026-06-04
11271,control,IN,desktop,1,27.0,1.0,2026-06-01
11272,control,PH,mobile,1,53.0,1.0,2026-06-05
11273,control,IN,mobile,0,,,2026-06-04
11274,treatment,US,mobile,3,45.3,0.333,2026-06-02
11275,control,US,desktop,1,14.0,1.0,2026-06-02
11276,control,BR,mobile,6,34.0,0.833,2026-06-03
11277,treatment,GB,mobile,4,49.8,0.5,2026-06-03
11278,treatment,GB,desktop,9,42.2,0.889,2026-06-01
11279,treatment,GB,mobile,3,45.7,0.667,2026-06-01
11280,control,US,mobile,8,27.8,0.75,2026-06-02
11281,treatment,US,desktop,2,34.5,1.0,2026-06-03
11282,treatment,IN,desktop,4,68.2,0.75,2026-06-05
11283,treatment,US,mobile,3,50.3,0.333,2026-06-05
11284,control,PH,mobile,11,35.5,0.727,2026-06-04
11285,control,GB,mobile,2,36.0,1.0,2026-06-01
11286,treatment,AU,desktop,7,44.3,0.857,2026-06-02
11287,control,DE,mobile,2,44.0,1.0,2026-06-01
11288,treatment,BR,desktop,1,49.0,1.0,2026-06-01
11289,control,US,tablet,5,19.0,0.4,2026-06-01
11290,control,DE,tablet,6,26.2,0.333,2026-06-01
11291,treatment,IN,mobile,12,50.3,0.833,2026-06-02
11292,control,IN,desktop,2,58.5,0.5,2026-06-02
11293,control,BR,desktop,2,21.5,1.0,2026-06-05
11294,control,US,desktop,5,29.2,0.6,2026-06-02
11295,control,IN,mobile,7,40.3,0.714,2026-06-01
11296,control,GB,desktop,1,46.0,1.0,2026-06-04
11297,control,AU,desktop,1,44.0,1.0,2026-06-02
11298,treatment,PH,desktop,1,58.0,1.0,2026-06-02
11299,treatment,CA,mobile,3,55.7,1.0,2026-06-04
11300,treatment,US,mobile,1,87.0,1.0,2026-06-02
11301,control,US,mobile,4,43.5,0.5,2026-06-05
11302,control,PH,desktop,6,39.2,0.667,2026-06-04
11303,treatment,US,mobile,5,43.2,0.8,2026-06-05
11304,treatment,GB,desktop,1,102.0,0.0,2026-06-01
11305,treatment,US,desktop,3,56.0,0.333,2026-06-03
11306,control,CA,mobile,3,28.3,1.0,2026-06-03
11307,treatment,GB,desktop,4,53.5,1.0,2026-06-05
11308,treatment,PH,tablet,5,48.2,0.8,2026-06-01
11309,control,US,desktop,1,36.0,1.0,2026-06-03
11310,treatment,CA,mobile,4,55.5,1.0,2026-06-03
11311,control,IN,desktop,8,25.6,0.75,2026-06-01
11312,treatment,PH,desktop,1,34.0,0.0,2026-06-05
11313,control,PH,mobile,4,33.0,0.75,2026-06-05
11314,control,GB,desktop,7,33.0,0.857,2026-06-04
11315,treatment,IN,mobile,3,47.7,1.0,2026-06-03
11316,treatment,CA,desktop,0,,,2026-06-03
11317,control,BR,desktop,8,27.1,0.75,2026-06-05
11318,control,IN,tablet,4,31.8,1.0,2026-06-03
11319,control,BR,desktop,3,38.7,0.333,2026-06-05
11320,control,PH,mobile,16,34.2,0.812,2026-06-01
11321,control,DE,mobile,0,,,2026-06-01
11322,control,US,desktop,0,,,2026-06-02
11323,control,US,mobile,1,48.0,1.0,2026-06-02
11324,control,IN,desktop,3,20.3,0.333,2026-06-03
11325,treatment,US,mobile,1,54.0,1.0,2026-06-03
11326,control,BR,mobile,1,36.0,1.0,2026-06-01
11327,control,IN,mobile,5,20.2,0.4,2026-06-03
11328,control,AU,mobile,1,29.0,1.0,2026-06-05
11329,treatment,US,desktop,2,35.5,0.5,2026-06-05
11330,control,CA,desktop,3,43.0,0.667,2026-06-04
11331,treatment,PH,desktop,3,74.7,0.0,2026-06-04
11332,control,US,desktop,0,,,2026-06-01
11333,treatment,US,desktop,3,56.0,1.0,2026-06-01
11334,treatment,PH,mobile,0,,,2026-06-04
11335,treatment,IN,mobile,1,37.0,0.0,2026-06-02
11336,treatment,US,desktop,5,40.4,0.6,2026-06-02
11337,treatment,US,desktop,2,52.0,0.5,2026-06-03
11338,control,PH,mobile,1,26.0,1.0,2026-06-01
11339,treatment,DE,tablet,1,68.0,1.0,2026-06-01
11340,control,IN,desktop,5,36.6,0.8,2026-06-01
11341,control,US,mobile,9,30.4,0.778,2026-06-01
11342,control,US,desktop,6,40.7,0.667,2026-06-01
11343,treatment,US,desktop,11,53.5,0.727,2026-06-04
11344,control,US,mobile,2,95.5,0.0,2026-06-04
11345,treatment,GB,mobile,1,40.0,1.0,2026-06-03
11346,treatment,IN,desktop,3,68.0,0.667,2026-06-02
11347,treatment,US,mobile,2,69.0,0.5,2026-06-04
11348,control,AU,desktop,3,26.3,1.0,2026-06-04
11349,control,IN,mobile,3,41.0,1.0,2026-06-02
11350,control,IN,desktop,8,39.6,1.0,2026-06-02
11351,treatment,US,mobile,11,53.8,0.727,2026-06-03
11352,control,BR,desktop,10,38.7,0.6,2026-06-05
11353,control,IN,mobile,6,23.5,0.833,2026-06-02
11354,treatment,US,mobile,0,,,2026-06-01
11355,treatment,GB,mobile,3,36.0,0.333,2026-06-04
11356,treatment,CA,desktop,3,28.7,0.667,2026-06-02
11357,control,PH,mobile,1,32.0,0.0,2026-06-05
11358,control,BR,desktop,6,21.0,0.833,2026-06-01
11359,control,PH,mobile,2,47.0,0.5,2026-06-04
11360,control,US,mobile,0,,,2026-06-01
11361,control,IN,mobile,3,23.3,1.0,2026-06-04
11362,treatment,US,mobile,2,39.0,1.0,2026-06-05
11363,treatment,CA,mobile,3,38.3,0.667,2026-06-04
11364,treatment,US,desktop,3,54.0,0.667,2026-06-01
11365,control,BR,desktop,3,19.0,0.667,2026-06-02
11366,treatment,PH,desktop,3,53.7,0.667,2026-06-02
11367,treatment,US,mobile,0,,,2026-06-02
11368,treatment,AU,mobile,0,,,2026-06-05
11369,treatment,AU,desktop,8,36.5,0.875,2026-06-03
11370,treatment,US,mobile,2,35.0,0.5,2026-06-01
11371,treatment,PH,desktop,10,51.3,0.8,2026-06-04
11372,treatment,US,desktop,2,35.5,0.5,2026-06-04
11373,control,BR,mobile,0,,,2026-06-03
11374,control,US,mobile,2,26.5,1.0,2026-06-01
11375,treatment,IN,desktop,6,56.2,1.0,2026-06-04
11376,treatment,BR,mobile,0,,,2026-06-02
11377,treatment,BR,mobile,2,86.0,1.0,2026-06-04
11378,control,US,desktop,0,,,2026-06-03
11379,control,IN,desktop,1,39.0,1.0,2026-06-04
11380,treatment,IN,mobile,2,49.0,1.0,2026-06-03
11381,treatment,US,desktop,3,35.7,0.667,2026-06-05
11382,control,US,mobile,1,36.0,1.0,2026-06-03
11383,treatment,US,mobile,3,41.3,0.333,2026-06-05
11384,control,IN,mobile,3,27.3,1.0,2026-06-05
11385,control,IN,mobile,0,,,2026-06-04
11386,treatment,IN,mobile,2,34.5,1.0,2026-06-03
11387,treatment,IN,desktop,1,72.0,1.0,2026-06-01
11388,treatment,BR,mobile,3,50.0,1.0,2026-06-03
11389,control,PH,mobile,3,48.7,1.0,2026-06-05
11390,control,PH,mobile,14,29.3,0.571,2026-06-02
11391,control,BR,desktop,1,27.0,0.0,2026-06-05
11392,control,IN,mobile,5,23.6,0.4,2026-06-01
11393,control,US,mobile,9,27.1,0.667,2026-06-02
11394,treatment,IN,mobile,0,,,2026-06-03
11395,control,GB,desktop,1,28.0,0.0,2026-06-01
11396,treatment,US,mobile,0,,,2026-06-02
11397,treatment,US,desktop,3,48.7,0.333,2026-06-05
11398,control,US,mobile,0,,,2026-06-03
11399,treatment,IN,mobile,4,47.8,0.25,2026-06-03
11400,control,PH,desktop,2,24.0,0.0,2026-06-04
11401,treatment,US,mobile,0,,,2026-06-02
11402,treatment,AU,mobile,13,46.9,0.846,2026-06-03
11403,treatment,BR,desktop,4,58.2,0.25,2026-06-03
11404,control,BR,mobile,1,32.0,0.0,2026-06-02
11405,control,PH,mobile,4,20.0,0.75,2026-06-05
11406,control,US,mobile,0,,,2026-06-04
11407,control,IN,tablet,3,61.0,1.0,2026-06-02
11408,control,US,mobile,4,39.5,0.5,2026-06-02
11409,control,DE,desktop,1,22.0,0.0,2026-06-05
11410,control,AU,mobile,1,45.0,1.0,2026-06-05
11411,treatment,US,desktop,3,24.3,0.667,2026-06-05
11412,treatment,US,desktop,3,36.7,0.667,2026-06-05
11413,treatment,US,mobile,3,53.0,0.667,2026-06-05
11414,control,IN,mobile,2,27.0,0.5,2026-06-04
11415,treatment,BR,mobile,1,38.0,0.0,2026-06-01
11416,treatment,IN,mobile,2,28.5,1.0,2026-06-04
11417,control,IN,mobile,3,36.7,0.333,2026-06-04
11418,control,IN,mobile,2,24.0,1.0,2026-06-05
11419,control,CA,mobile,5,42.4,0.6,2026-06-04
11420,control,AU,tablet,1,17.0,1.0,2026-06-01
11421,control,US,tablet,1,30.0,1.0,2026-06-05
11422,control,CA,desktop,4,30.5,0.75,2026-06-04
11423,treatment,PH,desktop,2,39.0,0.5,2026-06-05
11424,treatment,IN,mobile,19,54.6,0.789,2026-06-01
11425,treatment,IN,desktop,7,40.7,0.857,2026-06-05
11426,treatment,CA,mobile,4,42.8,0.75,2026-06-02
11427,treatment,US,desktop,16,47.2,0.688,2026-06-01
11428,treatment,BR,mobile,3,45.7,0.667,2026-06-05
11429,treatment,US,desktop,10,44.6,0.7,2026-06-02
11430,treatment,US,mobile,0,,,2026-06-02
11431,control,GB,mobile,15,31.5,0.467,2026-06-01
11432,control,PH,desktop,1,11.0,0.0,2026-06-02
11433,control,US,mobile,4,30.0,0.75,2026-06-02
11434,treatment,GB,mobile,1,41.0,1.0,2026-06-01
11435,control,CA,mobile,4,26.2,0.25,2026-06-05
11436,treatment,US,mobile,4,30.0,1.0,2026-06-04
11437,treatment,US,desktop,1,103.0,0.0,2026-06-05
11438,control,PH,mobile,2,18.5,0.0,2026-06-01
11439,control,US,mobile,6,34.7,0.333,2026-06-04
11440,control,AU,mobile,2,27.0,0.0,2026-06-02
11441,control,IN,mobile,3,39.7,1.0,2026-06-04
11442,treatment,PH,mobile,2,59.5,1.0,2026-06-03
11443,treatment,DE,mobile,1,44.0,1.0,2026-06-03
11444,control,IN,mobile,3,26.7,0.667,2026-06-01
11445,control,PH,desktop,5,36.6,0.8,2026-06-01
11446,treatment,US,desktop,4,41.8,1.0,2026-06-05
11447,treatment,GB,mobile,2,28.0,1.0,2026-06-04
11448,control,PH,desktop,3,35.0,0.0,2026-06-01
11449,control,US,desktop,2,37.5,0.5,2026-06-05
11450,treatment,CA,mobile,0,,,2026-06-02
11451,treatment,GB,desktop,2,60.0,0.5,2026-06-05
11452,treatment,IN,mobile,2,44.0,0.5,2026-06-01
11453,treatment,CA,mobile,2,34.0,1.0,2026-06-02
11454,treatment,BR,mobile,1,30.0,0.0,2026-06-04
11455,treatment,DE,desktop,8,44.2,0.875,2026-06-02
11456,control,BR,desktop,4,29.8,0.25,2026-06-04
11457,treatment,IN,desktop,1,74.0,1.0,2026-06-01
11458,treatment,US,mobile,1,40.0,1.0,2026-06-05
11459,treatment,BR,mobile,4,67.2,1.0,2026-06-02
11460,treatment,CA,desktop,1,26.0,1.0,2026-06-05
11461,treatment,GB,mobile,1,54.0,1.0,2026-06-03
11462,treatment,IN,desktop,7,40.7,1.0,2026-06-02
11463,control,BR,mobile,3,22.0,0.667,2026-06-01
11464,control,US,mobile,3,23.3,0.667,2026-06-03
11465,control,IN,mobile,8,38.2,0.75,2026-06-05
11466,control,IN,mobile,3,23.0,1.0,2026-06-04
11467,treatment,CA,desktop,3,83.3,1.0,2026-06-04
11468,treatment,US,desktop,2,53.0,0.5,2026-06-05
11469,control,US,mobile,5,38.0,0.4,2026-06-02
11470,treatment,US,mobile,4,59.2,0.5,2026-06-01
11471,treatment,IN,mobile,0,,,2026-06-01
11472,control,GB,desktop,9,35.2,0.778,2026-06-05
11473,control,US,desktop,11,32.0,0.545,2026-06-02
11474,treatment,US,mobile,1,70.0,0.0,2026-06-02
11475,control,US,desktop,6,25.0,0.833,2026-06-05
11476,treatment,IN,mobile,1,30.0,1.0,2026-06-03
11477,treatment,IN,mobile,1,50.0,0.0,2026-06-05
11478,treatment,CA,mobile,0,,,2026-06-02
11479,treatment,US,mobile,5,40.2,0.6,2026-06-04
11480,treatment,US,desktop,2,38.5,1.0,2026-06-01
11481,control,IN,mobile,1,28.0,1.0,2026-06-01
11482,control,IN,mobile,1,60.0,1.0,2026-06-02
11483,treatment,CA,tablet,8,46.1,0.625,2026-06-04
11484,control,GB,mobile,1,17.0,0.0,2026-06-02
11485,control,CA,desktop,0,,,2026-06-03
11486,control,IN,mobile,2,31.0,1.0,2026-06-01
11487,treatment,IN,mobile,5,43.2,0.8,2026-06-04
11488,treatment,PH,mobile,6,58.2,0.667,2026-06-05
11489,control,IN,mobile,16,36.6,0.875,2026-06-01
11490,treatment,US,mobile,2,24.5,0.5,2026-06-04
11491,control,IN,mobile,5,32.6,1.0,2026-06-04
11492,treatment,PH,mobile,2,38.0,1.0,2026-06-03
11493,treatment,US,desktop,0,,,2026-06-02
11494,control,US,tablet,10,39.8,0.7,2026-06-04
11495,treatment,US,mobile,0,,,2026-06-04
11496,control,GB,mobile,10,31.7,0.6,2026-06-03
11497,control,IN,mobile,0,,,2026-06-02
11498,control,IN,mobile,19,29.9,0.684,2026-06-03
11499,control,BR,mobile,0,,,2026-06-01
11500,control,IN,mobile,0,,,2026-06-05
11501,treatment,IN,mobile,0,,,2026-06-01
11502,control,US,tablet,1,22.0,1.0,2026-06-05
11503,treatment,PH,mobile,2,38.5,0.5,2026-06-02
11504,control,GB,mobile,1,20.0,1.0,2026-06-04
11505,control,IN,mobile,4,32.8,0.5,2026-06-04
11506,control,US,mobile,10,46.5,0.9,2026-06-01
11507,control,CA,mobile,3,28.3,1.0,2026-06-01
11508,control,US,mobile,0,,,2026-06-03
11509,treatment,CA,mobile,6,51.7,0.833,2026-06-01
11510,treatment,US,mobile,18,49.0,0.611,2026-06-03
11511,control,PH,mobile,6,34.3,0.667,2026-06-03
11512,control,IN,mobile,6,43.7,0.5,2026-06-05
11513,treatment,DE,desktop,3,49.3,0.333,2026-06-02
11514,control,IN,desktop,7,43.9,1.0,2026-06-02
11515,control,US,desktop,2,18.5,1.0,2026-06-01
11516,treatment,IN,mobile,1,37.0,1.0,2026-06-01
11517,treatment,IN,mobile,1,50.0,1.0,2026-06-04
11518,treatment,US,desktop,5,38.4,0.0,2026-06-04
11519,treatment,DE,mobile,2,40.0,1.0,2026-06-02
11520,control,IN,mobile,11,35.8,0.818,2026-06-04
11521,control,DE,desktop,5,40.6,0.6,2026-06-04
11522,control,US,desktop,6,29.8,0.667,2026-06-04
11523,control,CA,mobile,0,,,2026-06-02
11524,control,BR,mobile,5,41.2,0.6,2026-06-05
11525,control,US,mobile,1,49.0,1.0,2026-06-01
11526,treatment,US,desktop,2,52.5,1.0,2026-06-01
11527,control,BR,desktop,3,30.3,1.0,2026-06-03
11528,control,CA,desktop,2,62.0,1.0,2026-06-04
11529,control,US,mobile,2,37.5,0.0,2026-06-02
11530,control,BR,mobile,5,40.4,0.8,2026-06-03
11531,control,US,mobile,2,42.0,1.0,2026-06-05
11532,control,CA,mobile,12,35.9,0.75,2026-06-05
11533,treatment,PH,mobile,2,32.0,1.0,2026-06-03
11534,treatment,US,mobile,1,37.0,1.0,2026-06-02
11535,treatment,DE,desktop,4,54.2,0.5,2026-06-02
11536,control,IN,desktop,1,60.0,1.0,2026-06-04
11537,control,US,mobile,3,24.3,0.667,2026-06-04
11538,control,DE,mobile,1,15.0,1.0,2026-06-04
11539,control,US,mobile,5,27.2,0.6,2026-06-01
11540,control,GB,mobile,8,27.0,0.75,2026-06-05
11541,control,US,desktop,0,,,2026-06-02
11542,control,PH,desktop,0,,,2026-06-03
11543,treatment,IN,desktop,2,37.5,0.0,2026-06-02
11544,control,BR,desktop,7,25.1,0.429,2026-06-05
11545,control,DE,mobile,11,42.3,0.455,2026-06-03
11546,control,IN,mobile,11,30.5,0.545,2026-06-03
11547,treatment,PH,mobile,2,36.5,0.5,2026-06-03
11548,control,PH,mobile,0,,,2026-06-01
11549,treatment,US,tablet,0,,,2026-06-01
11550,treatment,GB,mobile,2,42.0,1.0,2026-06-01
11551,control,BR,mobile,5,33.2,0.8,2026-06-01
11552,control,CA,mobile,5,27.8,0.6,2026-06-04
11553,control,IN,mobile,2,71.5,0.5,2026-06-04
11554,control,DE,mobile,6,35.7,0.667,2026-06-01
11555,control,CA,desktop,1,36.0,1.0,2026-06-02
11556,control,AU,desktop,2,45.5,1.0,2026-06-04
11557,control,IN,mobile,0,,,2026-06-05
11558,treatment,AU,mobile,1,78.0,1.0,2026-06-05
11559,treatment,BR,tablet,2,40.0,1.0,2026-06-03
11560,treatment,BR,tablet,0,,,2026-06-04
11561,treatment,BR,desktop,1,85.0,1.0,2026-06-02
11562,control,BR,mobile,2,38.0,1.0,2026-06-03
11563,treatment,IN,desktop,1,85.0,1.0,2026-06-02
11564,treatment,US,mobile,1,79.0,1.0,2026-06-01
11565,control,CA,desktop,1,12.0,1.0,2026-06-04
11566,treatment,CA,mobile,1,36.0,1.0,2026-06-05
11567,treatment,DE,mobile,3,31.0,1.0,2026-06-04
11568,treatment,PH,mobile,0,,,2026-06-02
11569,control,US,mobile,4,25.0,0.25,2026-06-03
11570,treatment,PH,tablet,1,60.0,1.0,2026-06-01
11571,treatment,GB,mobile,1,45.0,1.0,2026-06-03
11572,control,PH,desktop,5,25.8,0.6,2026-06-05
11573,control,US,mobile,1,97.0,1.0,2026-06-01
11574,treatment,US,desktop,9,43.9,0.556,2026-06-02
11575,treatment,PH,mobile,5,38.8,1.0,2026-06-02
11576,treatment,IN,mobile,2,108.0,0.5,2026-06-04
11577,treatment,CA,mobile,5,43.2,0.4,2026-06-03
11578,treatment,BR,mobile,2,52.5,1.0,2026-06-01
11579,treatment,PH,mobile,0,,,2026-06-03
11580,treatment,IN,desktop,2,46.0,0.0,2026-06-02
11581,control,PH,desktop,1,87.0,1.0,2026-06-03
11582,control,PH,desktop,1,6.0,1.0,2026-06-05
11583,control,IN,mobile,4,26.8,0.5,2026-06-01
11584,treatment,IN,tablet,3,52.7,0.667,2026-06-02
11585,treatment,CA,mobile,2,33.0,0.5,2026-06-01
11586,control,AU,desktop,8,35.2,0.75,2026-06-01
11587,control,AU,desktop,3,40.3,0.667,2026-06-04
11588,control,GB,mobile,1,52.0,1.0,2026-06-02
11589,treatment,BR,tablet,2,63.5,0.5,2026-06-02
11590,treatment,GB,desktop,1,68.0,1.0,2026-06-01
11591,control,US,desktop,1,59.0,1.0,2026-06-05
11592,treatment,BR,mobile,9,49.9,0.667,2026-06-02
11593,control,US,mobile,5,29.4,1.0,2026-06-05
11594,control,IN,mobile,2,22.0,0.0,2026-06-04
11595,treatment,PH,mobile,3,62.0,0.333,2026-06-03
11596,treatment,BR,mobile,3,28.7,0.333,2026-06-02
11597,control,IN,desktop,4,51.8,0.5,2026-06-03
11598,control,PH,mobile,3,31.3,0.667,2026-06-01
11599,control,PH,mobile,1,13.0,1.0,2026-06-04
11600,treatment,IN,mobile,1,85.0,1.0,2026-06-01
11601,control,PH,desktop,2,21.5,0.5,2026-06-04
11602,treatment,IN,mobile,7,44.3,0.571,2026-06-03
11603,control,BR,desktop,6,31.2,0.667,2026-06-05
11604,treatment,GB,mobile,2,72.0,1.0,2026-06-02
11605,control,US,mobile,0,,,2026-06-05
11606,control,GB,mobile,0,,,2026-06-04
11607,treatment,DE,mobile,1,68.0,1.0,2026-06-01
11608,treatment,GB,desktop,3,52.0,0.667,2026-06-04
11609,treatment,BR,desktop,1,20.0,1.0,2026-06-05
11610,treatment,US,desktop,3,45.0,0.667,2026-06-04
11611,control,US,mobile,1,33.0,1.0,2026-06-02
11612,control,PH,mobile,2,21.5,0.5,2026-06-04
11613,treatment,DE,tablet,10,52.6,0.7,2026-06-02
11614,control,DE,tablet,1,17.0,1.0,2026-06-02
11615,treatment,US,desktop,2,44.0,0.5,2026-06-05
11616,treatment,PH,mobile,4,44.0,0.5,2026-06-05
11617,treatment,US,desktop,9,60.7,0.889,2026-06-05
11618,treatment,BR,tablet,1,26.0,0.0,2026-06-04
11619,treatment,DE,desktop,5,49.6,0.8,2026-06-01
11620,control,PH,mobile,4,36.8,0.75,2026-06-02
11621,control,PH,tablet,4,30.0,1.0,2026-06-05
11622,control,IN,mobile,2,75.0,1.0,2026-06-04
11623,treatment,PH,mobile,5,32.2,0.8,2026-06-02
11624,control,IN,mobile,1,14.0,0.0,2026-06-04
11625,control,AU,desktop,0,,,2026-06-02
11626,treatment,US,desktop,1,55.0,0.0,2026-06-01
11627,control,PH,desktop,5,34.0,0.8,2026-06-03
11628,control,IN,desktop,2,17.5,0.5,2026-06-02
11629,control,GB,mobile,2,36.5,0.5,2026-06-03
11630,control,US,mobile,1,26.0,1.0,2026-06-02
11631,control,IN,desktop,3,31.7,1.0,2026-06-05
11632,control,AU,mobile,2,38.5,1.0,2026-06-02
11633,control,DE,desktop,1,68.0,1.0,2026-06-05
11634,treatment,IN,mobile,0,,,2026-06-04
11635,control,IN,desktop,2,26.0,0.5,2026-06-03
11636,control,BR,mobile,3,34.3,0.667,2026-06-03
11637,treatment,IN,mobile,1,49.0,0.0,2026-06-05
11638,treatment,US,mobile,3,55.7,1.0,2026-06-01
11639,control,CA,mobile,1,22.0,0.0,2026-06-05
11640,control,IN,tablet,3,36.7,0.667,2026-06-05
11641,treatment,US,mobile,2,28.0,0.0,2026-06-03
11642,treatment,GB,desktop,2,43.0,1.0,2026-06-01
11643,treatment,IN,desktop,7,33.9,0.571,2026-06-01
11644,control,US,mobile,0,,,2026-06-02
11645,control,IN,mobile,1,35.0,1.0,2026-06-05
11646,control,IN,mobile,4,21.8,0.5,2026-06-05
11647,control,IN,desktop,2,15.5,0.0,2026-06-03
11648,treatment,BR,desktop,3,45.0,1.0,2026-06-05
11649,control,CA,mobile,2,31.0,1.0,2026-06-05
11650,treatment,US,mobile,1,45.0,1.0,2026-06-02
11651,control,CA,desktop,2,20.5,0.5,2026-06-05
11652,control,CA,mobile,2,35.0,0.0,2026-06-05
11653,control,DE,desktop,3,28.0,0.333,2026-06-03
11654,control,US,mobile,1,32.0,0.0,2026-06-03
11655,control,US,mobile,7,30.3,0.571,2026-06-01
11656,treatment,US,desktop,1,18.0,1.0,2026-06-01
11657,control,BR,mobile,5,31.6,0.8,2026-06-04
11658,treatment,BR,mobile,3,41.0,0.667,2026-06-02
11659,treatment,IN,mobile,1,85.0,1.0,2026-06-01
11660,treatment,PH,desktop,1,77.0,1.0,2026-06-05
11661,treatment,US,mobile,1,34.0,1.0,2026-06-05
11662,control,IN,desktop,2,25.0,0.0,2026-06-05
11663,control,IN,mobile,1,21.0,1.0,2026-06-04
11664,control,CA,mobile,4,33.5,0.0,2026-06-04
11665,control,PH,mobile,2,33.0,0.5,2026-06-03
11666,control,GB,mobile,4,32.0,0.75,2026-06-05
11667,treatment,PH,desktop,0,,,2026-06-03
11668,control,GB,mobile,1,85.0,0.0,2026-06-05
11669,treatment,IN,desktop,0,,,2026-06-03
11670,treatment,US,tablet,3,37.7,1.0,2026-06-02
11671,control,PH,mobile,2,39.0,1.0,2026-06-01
11672,treatment,IN,mobile,3,32.0,0.667,2026-06-04
11673,treatment,IN,mobile,8,42.8,0.125,2026-06-05
11674,treatment,IN,mobile,2,96.5,0.0,2026-06-04
11675,control,IN,mobile,5,29.0,0.6,2026-06-01
11676,treatment,US,desktop,4,51.2,0.75,2026-06-05
11677,control,IN,mobile,1,53.0,0.0,2026-06-01
11678,control,IN,desktop,3,49.3,1.0,2026-06-04
11679,treatment,US,desktop,3,71.3,0.667,2026-06-01
11680,control,DE,tablet,3,25.3,0.333,2026-06-02
11681,treatment,PH,mobile,2,69.0,1.0,2026-06-02
11682,control,AU,tablet,1,42.0,1.0,2026-06-02
11683,treatment,US,tablet,6,35.3,1.0,2026-06-05
11684,treatment,PH,desktop,4,66.0,0.5,2026-06-02
11685,treatment,US,desktop,2,49.0,1.0,2026-06-03
11686,treatment,IN,desktop,7,52.0,0.857,2026-06-03
11687,treatment,GB,mobile,11,53.4,0.727,2026-06-03
11688,treatment,GB,desktop,0,,,2026-06-01
11689,control,GB,mobile,2,22.0,0.5,2026-06-01
11690,treatment,BR,desktop,0,,,2026-06-02
11691,treatment,US,mobile,4,50.0,0.5,2026-06-02
11692,control,IN,desktop,2,18.0,1.0,2026-06-04
11693,control,CA,mobile,8,29.0,0.625,2026-06-05
11694,treatment,BR,mobile,3,54.7,1.0,2026-06-04
11695,control,IN,desktop,8,32.0,0.75,2026-06-02
11696,control,DE,mobile,4,58.5,1.0,2026-06-02
11697,control,US,mobile,4,26.0,1.0,2026-06-04
11698,control,GB,mobile,0,,,2026-06-04
11699,treatment,IN,mobile,9,48.0,0.778,2026-06-04
11700,control,US,mobile,2,28.0,1.0,2026-06-02
11701,treatment,IN,mobile,2,37.0,1.0,2026-06-05
11702,treatment,US,desktop,4,41.2,1.0,2026-06-02
11703,treatment,US,mobile,1,38.0,1.0,2026-06-02
11704,treatment,BR,mobile,6,43.2,1.0,2026-06-02
11705,control,PH,desktop,13,35.8,0.769,2026-06-02
11706,treatment,PH,mobile,2,42.0,1.0,2026-06-04
11707,control,US,mobile,0,,,2026-06-05
11708,control,IN,desktop,3,29.7,0.667,2026-06-04
11709,control,IN,mobile,2,31.0,1.0,2026-06-02
11710,treatment,IN,mobile,1,14.0,0.0,2026-06-03
11711,treatment,US,mobile,2,28.5,1.0,2026-06-01
11712,treatment,BR,mobile,3,46.7,1.0,2026-06-03
11713,treatment,CA,mobile,4,48.0,0.5,2026-06-05
11714,control,GB,tablet,3,29.3,0.333,2026-06-02
11715,control,US,tablet,4,24.0,0.75,2026-06-05
11716,treatment,IN,mobile,1,18.0,1.0,2026-06-04
11717,control,IN,mobile,6,35.7,0.667,2026-06-04
11718,control,US,mobile,1,17.0,0.0,2026-06-01
11719,treatment,US,mobile,3,40.7,0.0,2026-06-04
11720,control,US,tablet,11,36.5,0.727,2026-06-04
11721,control,US,desktop,7,31.9,0.714,2026-06-01
11722,treatment,IN,mobile,0,,,2026-06-03
11723,control,US,desktop,2,49.5,1.0,2026-06-02
11724,treatment,US,mobile,7,43.6,1.0,2026-06-05
11725,treatment,DE,mobile,0,,,2026-06-01
11726,control,US,mobile,0,,,2026-06-05
11727,treatment,US,mobile,1,32.0,1.0,2026-06-05
11728,treatment,IN,desktop,3,76.0,1.0,2026-06-03
11729,treatment,US,mobile,1,76.0,1.0,2026-06-01
11730,treatment,GB,mobile,9,53.0,0.778,2026-06-03
11731,treatment,AU,desktop,1,91.0,1.0,2026-06-01
11732,control,IN,mobile,3,24.3,0.667,2026-06-05
11733,control,IN,mobile,5,26.0,0.6,2026-06-05
11734,treatment,DE,mobile,7,34.9,0.857,2026-06-04
11735,control,IN,mobile,5,32.2,0.6,2026-06-04
11736,control,GB,desktop,0,,,2026-06-01
11737,treatment,IN,desktop,2,63.5,1.0,2026-06-04
11738,control,IN,desktop,1,18.0,1.0,2026-06-03
11739,treatment,CA,desktop,0,,,2026-06-04
11740,treatment,US,mobile,8,38.1,0.625,2026-06-04
11741,control,DE,mobile,5,31.4,0.6,2026-06-02
11742,treatment,GB,desktop,5,63.0,1.0,2026-06-02
11743,control,US,mobile,1,31.0,0.0,2026-06-04
11744,control,IN,desktop,0,,,2026-06-05
11745,control,IN,mobile,13,33.8,0.538,2026-06-05
11746,control,DE,desktop,4,59.2,0.5,2026-06-02
11747,treatment,BR,mobile,10,51.1,0.9,2026-06-02
11748,treatment,PH,mobile,1,33.0,1.0,2026-06-03
11749,control,GB,tablet,0,,,2026-06-03
11750,control,US,desktop,7,32.9,0.571,2026-06-01
11751,control,PH,desktop,1,39.0,1.0,2026-06-04
11752,control,BR,mobile,1,47.0,1.0,2026-06-04
11753,control,PH,mobile,1,41.0,1.0,2026-06-05
11754,control,PH,mobile,3,46.0,1.0,2026-06-04
11755,treatment,US,mobile,7,53.9,1.0,2026-06-01
11756,treatment,GB,mobile,10,61.3,0.7,2026-06-02
11757,control,GB,mobile,2,33.5,0.5,2026-06-04
11758,control,BR,mobile,6,31.5,0.833,2026-06-04
11759,control,DE,desktop,1,26.0,1.0,2026-06-05
11760,treatment,PH,desktop,7,56.1,0.429,2026-06-02
11761,control,PH,desktop,10,23.4,0.8,2026-06-05
11762,treatment,GB,mobile,6,52.3,0.833,2026-06-01
11763,control,IN,mobile,2,42.0,0.0,2026-06-02
11764,treatment,PH,mobile,0,,,2026-06-04
11765,control,IN,mobile,2,26.5,1.0,2026-06-03
11766,control,PH,desktop,1,17.0,0.0,2026-06-01
11767,treatment,GB,mobile,6,46.3,0.5,2026-06-05
11768,control,US,mobile,2,38.0,0.5,2026-06-04
11769,treatment,IN,mobile,1,83.0,1.0,2026-06-03
11770,treatment,US,mobile,1,29.0,1.0,2026-06-01
11771,control,IN,mobile,4,43.8,0.75,2026-06-04
11772,control,US,mobile,2,39.5,0.5,2026-06-03
11773,control,PH,desktop,9,31.7,0.556,2026-06-05
11774,treatment,US,mobile,7,44.4,1.0,2026-06-03
11775,treatment,GB,mobile,4,35.2,0.75,2026-06-03
11776,control,BR,mobile,5,33.4,0.6,2026-06-05
11777,control,IN,desktop,0,,,2026-06-02
11778,control,PH,mobile,3,25.7,0.667,2026-06-01
11779,treatment,GB,desktop,3,44.3,1.0,2026-06-02
11780,control,US,desktop,2,27.0,0.5,2026-06-02
11781,control,GB,mobile,3,36.0,0.667,2026-06-04
11782,control,US,mobile,1,19.0,1.0,2026-06-02
11783,control,IN,mobile,7,43.0,0.571,2026-06-03
11784,control,GB,desktop,2,37.0,0.0,2026-06-04
11785,control,IN,desktop,0,,,2026-06-02
11786,control,IN,desktop,7,30.9,0.714,2026-06-04
11787,control,US,tablet,1,15.0,0.0,2026-06-04
11788,control,US,mobile,1,14.0,1.0,2026-06-03
11789,treatment,IN,mobile,4,32.0,1.0,2026-06-03
11790,control,IN,mobile,6,47.8,0.833,2026-06-03
11791,control,US,mobile,3,28.0,0.667,2026-06-02
11792,control,US,tablet,2,37.5,1.0,2026-06-01
11793,treatment,PH,desktop,0,,,2026-06-03
11794,control,US,mobile,5,45.6,0.8,2026-06-01
11795,control,BR,mobile,4,32.2,0.5,2026-06-04
11796,treatment,BR,desktop,1,141.0,1.0,2026-06-05
11797,treatment,IN,desktop,3,44.3,0.333,2026-06-03
11798,control,GB,tablet,5,23.8,0.8,2026-06-04
11799,treatment,IN,desktop,3,49.0,0.333,2026-06-02
11800,control,US,desktop,4,25.2,1.0,2026-06-05
11801,treatment,IN,mobile,3,33.3,0.667,2026-06-04
11802,treatment,PH,mobile,3,64.7,0.667,2026-06-01
11803,control,US,mobile,1,31.0,1.0,2026-06-03
11804,control,PH,mobile,2,33.5,0.5,2026-06-03
11805,control,US,mobile,3,40.3,0.667,2026-06-03
11806,treatment,PH,mobile,10,53.9,0.7,2026-06-04
11807,treatment,IN,desktop,1,27.0,1.0,2026-06-02
11808,control,US,mobile,6,35.3,0.833,2026-06-02
11809,treatment,US,mobile,2,75.5,0.5,2026-06-03
11810,treatment,IN,mobile,9,48.0,0.778,2026-06-03
11811,treatment,US,mobile,1,53.0,1.0,2026-06-01
11812,treatment,BR,desktop,7,43.3,0.857,2026-06-03
11813,treatment,IN,desktop,0,,,2026-06-02
11814,treatment,US,mobile,0,,,2026-06-02
11815,control,GB,mobile,1,17.0,1.0,2026-06-05
11816,treatment,US,mobile,1,29.0,1.0,2026-06-02
11817,treatment,US,desktop,2,28.0,0.5,2026-06-03
11818,treatment,IN,mobile,1,40.0,1.0,2026-06-05
11819,treatment,BR,mobile,0,,,2026-06-04
11820,treatment,US,mobile,1,88.0,1.0,2026-06-01
11821,treatment,US,mobile,0,,,2026-06-04
11822,treatment,IN,mobile,3,38.3,0.667,2026-06-05
11823,treatment,BR,desktop,2,74.0,0.5,2026-06-04
11824,treatment,US,mobile,1,30.0,1.0,2026-06-04
11825,treatment,US,mobile,7,69.3,0.857,2026-06-05
11826,control,GB,mobile,0,,,2026-06-05
11827,control,IN,mobile,1,16.0,1.0,2026-06-02
11828,treatment,BR,mobile,2,43.0,0.5,2026-06-03
11829,control,GB,tablet,3,39.7,1.0,2026-06-04
11830,treatment,US,mobile,6,50.2,0.833,2026-06-02
11831,control,US,mobile,3,34.3,1.0,2026-06-01
11832,control,CA,mobile,2,31.5,0.5,2026-06-02
11833,treatment,US,mobile,4,49.5,0.0,2026-06-03
11834,control,IN,mobile,1,60.0,0.0,2026-06-05
11835,treatment,GB,mobile,14,48.6,0.5,2026-06-02
11836,control,PH,mobile,6,36.3,0.833,2026-06-02
11837,control,BR,tablet,2,37.5,1.0,2026-06-01
11838,treatment,US,mobile,3,47.0,0.667,2026-06-02
11839,treatment,CA,desktop,2,41.5,1.0,2026-06-01
11840,control,BR,mobile,4,27.8,0.75,2026-06-02
11841,control,DE,desktop,3,62.3,0.667,2026-06-02
11842,treatment,PH,mobile,2,46.5,1.0,2026-06-05
11843,control,GB,mobile,4,29.5,0.5,2026-06-01
11844,control,PH,mobile,1,21.0,1.0,2026-06-01
11845,control,AU,mobile,0,,,2026-06-01
11846,control,IN,mobile,4,37.2,0.75,2026-06-05
11847,control,DE,mobile,2,15.5,0.5,2026-06-03
11848,treatment,PH,mobile,3,38.3,0.333,2026-06-04
11849,control,IN,mobile,2,27.0,0.5,2026-06-05
11850,treatment,US,tablet,5,65.4,1.0,2026-06-05
11851,control,CA,mobile,2,19.5,0.0,2026-06-02
11852,treatment,DE,desktop,8,46.9,0.75,2026-06-03
11853,control,IN,mobile,1,68.0,1.0,2026-06-02
11854,control,AU,mobile,1,21.0,1.0,2026-06-04
11855,treatment,US,desktop,10,42.1,0.6,2026-06-04
11856,treatment,PH,mobile,2,120.0,1.0,2026-06-05
11857,treatment,PH,mobile,2,56.5,1.0,2026-06-05
11858,control,US,desktop,7,45.1,0.571,2026-06-02
11859,control,IN,tablet,5,52.2,0.4,2026-06-02
11860,control,GB,desktop,3,21.0,0.667,2026-06-05
11861,control,BR,desktop,1,52.0,1.0,2026-06-05
11862,treatment,IN,desktop,7,46.7,0.571,2026-06-02
11863,treatment,AU,desktop,0,,,2026-06-04
11864,treatment,US,desktop,5,41.2,0.8,2026-06-02
11865,treatment,CA,mobile,0,,,2026-06-03
11866,control,BR,mobile,1,31.0,0.0,2026-06-02
11867,control,US,mobile,4,49.2,0.5,2026-06-05
11868,treatment,US,mobile,2,58.5,1.0,2026-06-05
11869,treatment,GB,mobile,5,49.0,0.4,2026-06-05
11870,control,IN,tablet,0,,,2026-06-03
11871,control,IN,mobile,6,45.2,0.833,2026-06-05
11872,control,IN,mobile,2,30.5,1.0,2026-06-04
11873,control,IN,desktop,2,22.0,0.5,2026-06-01
11874,treatment,US,mobile,6,36.0,0.333,2026-06-04
11875,treatment,US,tablet,0,,,2026-06-05
11876,control,IN,tablet,1,31.0,1.0,2026-06-03
11877,control,BR,mobile,6,23.5,0.5,2026-06-02
11878,treatment,IN,desktop,3,28.3,0.667,2026-06-03
11879,treatment,US,desktop,2,55.0,0.5,2026-06-03
11880,control,BR,desktop,1,24.0,1.0,2026-06-05
11881,treatment,DE,mobile,2,51.0,1.0,2026-06-03
11882,treatment,IN,mobile,11,46.0,0.818,2026-06-05
11883,control,PH,mobile,3,30.3,0.667,2026-06-01
11884,control,IN,desktop,2,23.5,0.5,2026-06-01
11885,treatment,BR,desktop,2,60.5,0.5,2026-06-01
11886,control,IN,desktop,5,35.4,1.0,2026-06-03
11887,control,IN,desktop,2,33.5,1.0,2026-06-02
11888,control,AU,desktop,7,19.3,0.429,2026-06-02
11889,treatment,AU,mobile,2,50.0,1.0,2026-06-01
11890,control,US,mobile,1,14.0,1.0,2026-06-01
11891,control,PH,desktop,7,23.0,0.429,2026-06-04
11892,treatment,US,desktop,4,50.5,0.5,2026-06-05
11893,control,GB,mobile,6,27.0,0.833,2026-06-03
11894,control,AU,tablet,13,31.8,0.769,2026-06-04
11895,treatment,IN,desktop,2,48.5,1.0,2026-06-04
11896,treatment,US,mobile,7,50.6,0.714,2026-06-04
11897,control,US,desktop,5,29.6,0.8,2026-06-03
11898,control,IN,desktop,1,77.0,0.0,2026-06-03
11899,control,IN,desktop,1,10.0,0.0,2026-06-05
11900,treatment,IN,desktop,6,42.5,1.0,2026-06-03
11901,treatment,US,mobile,1,38.0,1.0,2026-06-03
11902,treatment,IN,mobile,2,67.0,1.0,2026-06-01
11903,treatment,US,desktop,2,78.0,0.5,2026-06-03
11904,control,IN,desktop,3,26.0,1.0,2026-06-03
11905,treatment,CA,desktop,3,51.3,0.333,2026-06-03
11906,treatment,CA,desktop,3,55.3,0.333,2026-06-02
11907,treatment,US,mobile,1,58.0,1.0,2026-06-01
11908,control,US,mobile,0,,,2026-06-01
11909,treatment,US,desktop,16,48.6,0.812,2026-06-01
11910,control,BR,desktop,4,23.8,0.5,2026-06-05
11911,control,US,desktop,2,45.0,0.5,2026-06-01
11912,treatment,IN,mobile,0,,,2026-06-04
11913,control,CA,tablet,1,37.0,1.0,2026-06-02
11914,treatment,US,desktop,7,42.4,0.857,2026-06-01
11915,control,IN,mobile,1,28.0,1.0,2026-06-01
11916,control,US,desktop,4,26.5,0.5,2026-06-03
11917,treatment,CA,desktop,3,65.7,1.0,2026-06-05
11918,control,PH,tablet,4,22.8,0.75,2026-06-02
11919,control,PH,tablet,2,25.5,0.5,2026-06-01
11920,control,US,mobile,1,22.0,0.0,2026-06-05
11921,control,BR,mobile,1,12.0,0.0,2026-06-02
11922,control,GB,tablet,5,52.4,0.6,2026-06-04
11923,control,DE,mobile,0,,,2026-06-02
11924,control,BR,mobile,0,,,2026-06-01
11925,treatment,US,mobile,2,30.0,0.5,2026-06-04
11926,treatment,BR,mobile,2,32.0,1.0,2026-06-03
11927,control,US,mobile,11,32.5,0.455,2026-06-04
11928,control,IN,mobile,8,28.2,1.0,2026-06-02
11929,control,US,desktop,7,39.9,0.714,2026-06-04
11930,treatment,US,mobile,0,,,2026-06-01
11931,treatment,GB,mobile,5,67.8,0.6,2026-06-02
11932,control,BR,desktop,4,17.8,0.25,2026-06-02
11933,control,US,mobile,3,34.3,0.667,2026-06-04
11934,treatment,PH,mobile,6,46.0,0.667,2026-06-02
11935,control,US,mobile,0,,,2026-06-03
11936,control,IN,tablet,3,41.0,0.667,2026-06-05
11937,control,US,mobile,3,25.0,0.667,2026-06-03
11938,control,GB,mobile,2,34.5,0.0,2026-06-01
11939,control,IN,mobile,8,42.4,1.0,2026-06-03
11940,control,CA,mobile,9,32.7,0.667,2026-06-01
11941,treatment,IN,mobile,0,,,2026-06-02
11942,control,CA,mobile,2,29.0,1.0,2026-06-01
11943,control,PH,mobile,2,32.5,1.0,2026-06-02
11944,control,US,desktop,1,21.0,0.0,2026-06-04
11945,treatment,AU,mobile,3,38.0,1.0,2026-06-02
11946,treatment,IN,mobile,0,,,2026-06-02
11947,control,BR,mobile,7,34.6,0.857,2026-06-03
11948,control,US,mobile,2,47.0,0.5,2026-06-01
11949,treatment,PH,mobile,4,49.8,0.75,2026-06-01
11950,control,US,desktop,7,38.3,0.857,2026-06-02
11951,treatment,PH,desktop,2,25.5,1.0,2026-06-04
11952,treatment,IN,desktop,2,31.0,0.0,2026-06-04
11953,treatment,IN,mobile,4,64.5,0.75,2026-06-03
11954,treatment,GB,mobile,5,33.0,0.6,2026-06-02
11955,treatment,IN,desktop,0,,,2026-06-05
11956,control,IN,tablet,2,48.0,1.0,2026-06-04
11957,control,PH,mobile,4,35.2,0.75,2026-06-02
11958,treatment,IN,tablet,1,26.0,1.0,2026-06-01
11959,treatment,US,desktop,3,50.7,1.0,2026-06-02
11960,control,PH,mobile,3,19.0,0.667,2026-06-04
11961,control,PH,mobile,1,16.0,0.0,2026-06-03
11962,control,AU,desktop,5,24.4,0.8,2026-06-03
11963,treatment,IN,desktop,5,39.2,0.6,2026-06-03
11964,control,IN,mobile,8,31.5,0.875,2026-06-02
11965,control,GB,desktop,2,40.0,1.0,2026-06-02
11966,control,US,mobile,2,29.5,1.0,2026-06-04
11967,control,IN,mobile,4,58.5,0.75,2026-06-03
11968,control,US,mobile,4,23.5,1.0,2026-06-03
11969,control,IN,mobile,3,36.3,1.0,2026-06-02
11970,control,US,desktop,6,30.8,0.667,2026-06-02
11971,treatment,DE,desktop,3,43.7,0.667,2026-06-04
11972,treatment,BR,mobile,4,50.5,0.5,2026-06-04
11973,treatment,IN,mobile,5,32.8,1.0,2026-06-04
11974,treatment,BR,desktop,1,30.0,0.0,2026-06-05
11975,treatment,IN,mobile,3,34.7,0.667,2026-06-01
11976,control,PH,tablet,3,28.0,0.333,2026-06-05
11977,control,US,mobile,0,,,2026-06-02
11978,treatment,IN,mobile,4,29.8,1.0,2026-06-04
11979,control,AU,tablet,2,29.0,1.0,2026-06-02
11980,treatment,DE,mobile,9,48.3,0.444,2026-06-03
11981,treatment,CA,desktop,12,53.2,0.917,2026-06-05
11982,control,PH,mobile,1,29.0,0.0,2026-06-01
11983,treatment,IN,desktop,1,42.0,1.0,2026-06-01
11984,treatment,US,desktop,3,34.3,0.333,2026-06-05
11985,control,US,desktop,1,21.0,1.0,2026-06-03
11986,control,IN,tablet,2,36.0,1.0,2026-06-05
11987,treatment,US,mobile,0,,,2026-06-02
11988,control,CA,mobile,0,,,2026-06-02
11989,control,GB,desktop,1,36.0,1.0,2026-06-04
11990,treatment,GB,mobile,4,40.2,0.75,2026-06-02
11991,treatment,IN,mobile,15,53.4,0.533,2026-06-05
11992,treatment,US,desktop,2,43.0,0.5,2026-06-02
11993,treatment,PH,desktop,1,85.0,1.0,2026-06-03
11994,control,BR,desktop,2,31.0,0.5,2026-06-01
11995,control,IN,desktop,1,31.0,0.0,2026-06-02
11996,treatment,US,mobile,6,53.2,0.667,2026-06-05
11997,control,DE,mobile,1,18.0,0.0,2026-06-05
11998,control,IN,tablet,0,,,2026-06-01
11999,treatment,GB,mobile,2,83.5,1.0,2026-06-05
12000,control,GB,desktop,1,20.0,1.0,2026-06-01
