user_id,signup_date,country,device_type
1,2026-04-14,IN,mobile
2,2024-02-24,CA,desktop
3,2024-06-08,BR,mobile
4,2026-03-01,BR,mobile
5,2023-06-04,PH,desktop
6,2025-08-18,PH,tablet
7,2025-07-08,BR,mobile
8,2025-09-29,IN,mobile
9,2025-04-07,US,mobile
10,2025-10-09,IN,mobile
11,2025-03-22,BR,desktop
12,2023-09-25,IN,mobile
13,2024-11-20,US,mobile
14,2023-05-18,IN,desktop
15,2024-11-23,GB,mobile
16,2025-06-13,US,mobile
17,2023-10-23,BR,mobile
18,2023-09-16,CA,tablet
19,2023-07-29,IN,desktop
20,2023-06-26,IN,mobile
21,2026-04-03,US,mobile
22,2024-09-09,US,desktop
23,2025-06-23,US,desktop
24,2025-07-20,CA,mobile
25,2025-07-24,DE,mobile
26,2023-09-11,US,mobile
27,2023-10-19,CA,desktop
28,2025-08-25,US,desktop
29,2025-01-08,DE,mobile
30,2023-12-17,PH,desktop
31,2025-11-10,IN,desktop
32,2024-04-25,US,mobile
33,2024-12-05,BR,mobile
34,2023-05-13,DE,mobile
35,2023-12-20,BR,desktop
36,2025-08-04,AU,mobile
37,2023-08-29,US,mobile
38,2023-10-11,AU,desktop
39,2025-08-26,IN,mobile
40,2024-09-03,GB,mobile
41,2023-10-16,AU,mobile
42,2025-08-05,US,mobile
43,2025-07-20,BR,mobile
44,2025-10-20,AU,mobile
45,2026-04-24,BR,mobile
46,2024-09-27,PH,mobile
47,2026-04-14,DE,mobile
48,2024-06-20,PH,desktop
49,2025-01-01,US,mobile
50,2025-09-29,PH,mobile
51,2025-03-05,IN,mobile
52,2026-04-15,GB,mobile
53,2025-11-16,BR,mobile
54,2024-10-28,GB,mobile
55,2026-02-01,US,tablet
56,2024-01-01,BR,mobile
57,2025-07-06,IN,mobile
58,2023-05-24,CA,mobile
59,2025-10-16,US,mobile
60,2024-05-01,BR,mobile
61,2024-09-07,US,desktop
62,2023-05-25,DE,mobile
63,2024-05-10,BR,mobile
64,2023-07-26,IN,mobile
65,2024-11-05,DE,mobile
66,2025-08-20,US,mobile
67,2025-09-23,BR,mobile
68,2023-07-24,US,mobile
69,2025-09-07,IN,desktop
70,2023-12-30,US,desktop
71,2024-08-23,PH,desktop
72,2025-06-11,US,desktop
73,2025-01-07,US,mobile
74,2023-10-13,IN,mobile
75,2024-11-19,US,mobile
76,2023-07-25,US,tablet
77,2023-04-22,US,mobile
78,2025-05-17,US,mobile
79,2024-08-25,PH,mobile
80,2024-08-24,CA,mobile
81,2024-08-05,US,mobile
82,2026-02-08,GB,mobile
83,2025-02-24,GB,mobile
84,2024-06-19,US,tablet
85,2023-05-24,BR,mobile
86,2025-07-28,IN,desktop
87,2024-04-09,IN,mobile
88,2023-11-19,IN,mobile
89,2023-05-17,BR,mobile
90,2025-10-11,US,mobile
91,2024-03-05,CA,desktop
92,2025-05-02,IN,mobile
93,2024-12-04,IN,mobile
94,2026-04-16,DE,mobile
95,2024-01-08,IN,mobile
96,2026-03-25,US,desktop
97,2025-02-19,IN,mobile
98,2024-09-28,BR,desktop
99,2024-03-11,AU,mobile
100,2024-11-01,US,mobile
101,2023-08-25,IN,desktop
102,2025-12-04,US,mobile
103,2025-06-30,US,desktop
104,2025-07-05,US,desktop
105,2025-02-12,US,mobile
106,2026-04-29,IN,tablet
107,2024-12-16,AU,mobile
108,2025-02-11,US,mobile
109,2024-06-17,PH,tablet
110,2024-06-28,IN,desktop
111,2025-06-07,DE,desktop
112,2024-12-19,IN,mobile
113,2024-09-21,DE,mobile
114,2023-08-29,PH,mobile
115,2026-02-02,US,mobile
116,2024-05-11,IN,desktop
117,2026-01-29,CA,mobile
118,2025-06-25,PH,desktop
119,2024-11-29,IN,mobile
120,2023-09-27,CA,desktop
121,2025-04-03,IN,mobile
122,2024-09-25,GB,mobile
123,2024-06-24,GB,desktop
124,2023-11-27,PH,mobile
125,2025-01-24,CA,mobile
126,2024-07-09,US,mobile
127,2023-08-25,IN,mobile
128,2024-12-07,PH,desktop
129,2023-05-01,AU,desktop
130,2025-01-24,US,mobile
131,2024-12-12,BR,tablet
132,2026-04-06,CA,desktop
133,2024-08-17,IN,desktop
134,2024-10-30,US,mobile
135,2025-01-02,US,mobile
136,2024-05-03,PH,desktop
137,2024-07-31,CA,desktop
138,2023-04-22,US,mobile
139,2025-01-12,US,mobile
140,2024-12-09,US,desktop
141,2023-09-25,AU,mobile
142,2024-10-11,IN,tablet
143,2025-07-14,DE,mobile
144,2024-09-02,PH,tablet
145,2024-09-17,GB,desktop
146,2025-01-09,US,mobile
147,2024-08-19,BR,mobile
148,2024-06-24,GB,tablet
149,2023-03-24,US,desktop
150,2026-02-09,US,desktop
151,2023-05-30,US,desktop
152,2024-10-08,AU,mobile
153,2025-02-13,GB,desktop
154,2024-05-19,PH,desktop
155,2025-12-18,IN,desktop
156,2023-12-14,US,desktop
157,2026-01-12,US,mobile
158,2024-12-16,IN,mobile
159,2025-09-09,IN,desktop
160,2025-05-13,IN,mobile
161,2024-10-29,DE,mobile
162,2026-04-26,US,mobile
163,2023-06-28,IN,mobile
164,2023-11-29,CA,mobile
165,2023-04-07,US,mobile
166,2026-02-01,PH,mobile
167,2025-10-08,GB,desktop
168,2024-10-06,US,tablet
169,2023-08-06,US,mobile
170,2025-05-11,US,mobile
171,2025-05-17,IN,tablet
172,2023-08-23,PH,mobile
173,2026-05-01,PH,mobile
174,2023-04-16,US,tablet
175,2025-09-22,BR,desktop
176,2025-04-24,CA,desktop
177,2025-04-18,PH,desktop
178,2023-06-17,US,mobile
179,2023-09-15,US,desktop
180,2025-04-03,US,mobile
181,2025-03-29,GB,desktop
182,2023-09-25,US,mobile
183,2025-06-06,PH,mobile
184,2023-10-11,US,desktop
185,2023-09-21,US,desktop
186,2024-03-27,US,mobile
187,2023-12-15,AU,mobile
188,2025-08-08,IN,mobile
189,2024-07-14,IN,desktop
190,2025-11-22,US,mobile
191,2026-02-24,US,mobile
192,2024-12-22,US,mobile
193,2025-05-23,US,mobile
194,2025-11-06,GB,mobile
195,2024-08-25,CA,mobile
196,2023-07-16,BR,mobile
197,2025-07-16,US,desktop
198,2025-10-05,US,mobile
199,2023-07-22,US,desktop
200,2026-03-28,IN,mobile
201,2024-06-14,US,desktop
202,2024-07-17,US,desktop
203,2024-11-02,US,mobile
204,2024-12-17,US,tablet
205,2026-03-31,AU,mobile
206,2023-08-02,AU,desktop
207,2026-02-12,BR,mobile
208,2025-10-26,IN,mobile
209,2023-07-07,BR,mobile
210,2025-03-07,GB,mobile
211,2024-11-12,CA,mobile
212,2024-04-13,IN,mobile
213,2024-07-12,US,tablet
214,2023-05-09,BR,desktop
215,2023-05-01,DE,desktop
216,2025-06-30,GB,desktop
217,2023-11-21,IN,mobile
218,2024-02-17,AU,mobile
219,2025-07-16,DE,mobile
220,2025-11-09,US,mobile
221,2023-09-22,GB,desktop
222,2023-12-19,IN,mobile
223,2025-02-18,DE,desktop
224,2025-05-24,GB,desktop
225,2024-02-15,US,mobile
226,2025-07-21,US,mobile
227,2024-11-06,CA,mobile
228,2025-08-07,IN,mobile
229,2024-05-08,IN,mobile
230,2025-02-23,US,tablet
231,2024-03-14,GB,desktop
232,2025-04-13,IN,mobile
233,2024-04-30,IN,mobile
234,2024-05-16,US,desktop
235,2024-11-21,IN,desktop
236,2024-08-03,DE,mobile
237,2025-10-06,PH,mobile
238,2023-12-07,AU,tablet
239,2024-01-11,CA,mobile
240,2025-05-22,IN,desktop
241,2024-12-25,US,mobile
242,2023-04-05,US,mobile
243,2025-12-05,US,mobile
244,2024-08-05,IN,desktop
245,2024-08-19,CA,mobile
246,2024-02-28,US,mobile
247,2024-11-27,US,tablet
248,2024-02-17,IN,desktop
249,2025-12-23,PH,mobile
250,2025-11-05,IN,desktop
251,2024-08-17,AU,mobile
252,2025-11-14,BR,mobile
253,2026-04-06,BR,mobile
254,2024-11-08,US,mobile
255,2024-02-03,US,mobile
256,2024-08-30,US,desktop
257,2023-07-13,PH,mobile
258,2025-06-18,AU,mobile
259,2024-11-23,PH,mobile
260,2025-10-04,US,desktop
261,2025-07-08,GB,mobile
262,2024-09-20,IN,mobile
263,2024-05-27,US,mobile
264,2024-03-22,IN,mobile
265,2025-06-29,US,mobile
266,2025-08-08,US,desktop
267,2025-01-08,BR,desktop
268,2025-08-20,GB,desktop
269,2025-08-10,US,mobile
270,2023-04-11,PH,desktop
271,2025-04-03,US,mobile
272,2024-01-05,IN,mobile
273,2025-04-25,BR,desktop
274,2026-03-23,US,desktop
275,2026-03-05,US,mobile
276,2023-03-11,PH,mobile
277,2025-03-01,US,desktop
278,2026-04-23,US,tablet
279,2025-02-13,US,desktop
280,2025-06-26,CA,mobile
281,2024-03-07,GB,desktop
282,2023-05-25,GB,mobile
283,2023-06-21,US,mobile
284,2026-01-28,US,desktop
285,2026-04-28,GB,mobile
286,2023-08-06,US,mobile
287,2025-10-03,CA,desktop
288,2025-11-14,IN,desktop
289,2023-04-21,DE,tablet
290,2025-10-05,US,mobile
291,2023-08-02,PH,tablet
292,2023-10-27,US,mobile
293,2025-09-10,IN,tablet
294,2023-06-20,US,mobile
295,2024-05-01,DE,mobile
296,2024-11-09,PH,mobile
297,2024-10-08,AU,mobile
298,2026-03-18,BR,desktop
299,2023-07-20,CA,mobile
300,2025-04-29,IN,tablet
301,2025-06-11,BR,desktop
302,2026-04-15,GB,desktop
303,2025-06-30,IN,mobile
304,2025-03-20,DE,mobile
305,2026-03-11,GB,mobile
306,2024-03-22,DE,desktop
307,2025-11-17,DE,desktop
308,2025-06-26,US,mobile
309,2024-10-18,IN,desktop
310,2024-03-31,IN,mobile
311,2025-09-27,IN,mobile
312,2023-05-13,BR,desktop
313,2024-09-03,PH,mobile
314,2024-11-03,DE,mobile
315,2023-12-10,IN,mobile
316,2025-09-02,CA,mobile
317,2025-06-08,US,desktop
318,2023-05-19,IN,mobile
319,2024-01-30,CA,mobile
320,2023-04-22,US,desktop
321,2024-04-28,IN,desktop
322,2025-11-26,BR,mobile
323,2023-12-01,IN,mobile
324,2023-06-15,IN,mobile
325,2025-12-08,IN,desktop
326,2025-05-26,BR,desktop
327,2023-10-31,BR,mobile
328,2025-12-04,IN,mobile
329,2023-03-23,IN,mobile
330,2025-12-15,BR,mobile
331,2026-04-03,BR,mobile
332,2023-11-26,IN,desktop
333,2026-04-27,BR,desktop
334,2026-01-19,GB,tablet
335,2024-03-04,IN,desktop
336,2023-11-22,US,mobile
337,2023-07-01,US,mobile
338,2025-07-26,DE,mobile
339,2023-09-23,IN,desktop
340,2024-12-29,PH,mobile
341,2023-11-09,US,mobile
342,2025-11-16,GB,desktop
343,2024-01-02,AU,mobile
344,2024-03-30,US,desktop
345,2025-01-10,US,desktop
346,2024-11-13,IN,mobile
347,2025-10-11,IN,mobile
348,2025-01-27,IN,mobile
349,2024-05-18,US,mobile
350,2023-10-04,CA,mobile
351,2024-06-03,IN,mobile
352,2024-11-11,IN,mobile
353,2024-01-13,DE,mobile
354,2024-02-13,BR,mobile
355,2023-04-23,GB,tablet
356,2023-10-31,US,desktop
357,2026-02-09,GB,mobile
358,2024-05-13,AU,mobile
359,2024-01-21,AU,desktop
360,2023-04-04,US,desktop
361,2023-11-25,IN,mobile
362,2024-07-27,PH,mobile
363,2026-03-13,US,mobile
364,2025-08-19,BR,mobile
365,2023-11-23,US,mobile
366,2024-08-07,US,mobile
367,2024-02-19,PH,mobile
368,2025-07-20,AU,mobile
369,2023-10-18,BR,mobile
370,2026-01-25,IN,mobile
371,2023-03-22,US,desktop
372,2023-11-30,PH,desktop
373,2024-02-22,CA,mobile
374,2025-06-27,IN,mobile
375,2023-10-11,US,desktop
376,2025-05-01,IN,mobile
377,2023-08-16,PH,mobile
378,2023-03-03,IN,desktop
379,2023-08-03,AU,mobile
380,2025-01-19,US,mobile
381,2023-06-09,GB,mobile
382,2024-12-02,US,tablet
383,2023-09-14,CA,desktop
384,2023-05-21,GB,desktop
385,2025-02-07,US,mobile
386,2023-10-21,US,desktop
387,2023-03-09,IN,desktop
388,2023-08-01,BR,mobile
389,2025-09-07,CA,mobile
390,2024-11-01,DE,mobile
391,2024-11-28,US,mobile
392,2025-08-27,US,mobile
393,2025-08-19,AU,mobile
394,2026-02-15,DE,mobile
395,2024-02-10,IN,mobile
396,2026-01-29,US,desktop
397,2025-12-06,CA,mobile
398,2025-11-23,GB,mobile
399,2024-09-01,PH,desktop
400,2025-06-21,BR,desktop
401,2024-11-17,AU,desktop
402,2023-11-05,DE,mobile
403,2025-03-07,US,mobile
404,2025-08-07,IN,mobile
405,2026-02-01,BR,mobile
406,2024-12-25,US,tablet
407,2023-09-19,US,mobile
408,2024-11-12,US,mobile
409,2025-06-23,GB,mobile
410,2025-05-05,IN,mobile
411,2026-04-13,US,mobile
412,2025-10-07,CA,desktop
413,2026-01-02,GB,mobile
414,2025-06-23,US,mobile
415,2023-04-26,PH,desktop
416,2023-08-09,PH,mobile
417,2023-11-30,US,desktop
418,2023-02-24,BR,tablet
419,2025-05-06,GB,mobile
420,2025-02-23,AU,desktop
421,2026-03-19,GB,mobile
422,2024-11-08,PH,mobile
423,2024-09-06,US,mobile
424,2025-04-06,DE,mobile
425,2024-03-12,BR,desktop
426,2025-03-01,US,mobile
427,2024-11-25,IN,mobile
428,2024-02-19,US,mobile
429,2024-02-11,US,mobile
430,2023-12-24,GB,mobile
431,2024-02-15,US,mobile
432,2025-04-27,IN,mobile
433,2025-08-09,US,mobile
434,2025-11-14,GB,mobile
435,2025-04-18,PH,mobile
436,2024-01-26,GB,desktop
437,2023-08-20,GB,mobile
438,2024-12-04,IN,mobile
439,2026-02-02,IN,mobile
440,2023-05-26,US,mobile
441,2023-09-11,DE,desktop
442,2025-01-09,GB,mobile
443,2024-05-11,US,tablet
444,2026-03-31,IN,desktop
445,2025-01-07,IN,mobile
446,2024-01-04,PH,desktop
447,2023-12-14,US,mobile
448,2023-03-06,BR,mobile
449,2024-09-22,PH,mobile
450,2024-11-03,BR,mobile
451,2024-08-10,US,mobile
452,2023-04-14,IN,mobile
453,2025-12-10,AU,mobile
454,2025-10-24,US,desktop
455,2023-10-08,BR,tablet
456,2025-08-26,IN,desktop
457,2024-04-24,IN,mobile
458,2025-03-29,IN,mobile
459,2023-12-01,IN,desktop
460,2025-01-13,US,tablet
461,2025-10-23,US,mobile
462,2023-06-15,CA,desktop
463,2026-04-21,IN,mobile
464,2023-03-22,US,desktop
465,2026-03-11,CA,mobile
466,2024-09-13,US,desktop
467,2023-05-31,US,tablet
468,2024-02-07,PH,desktop
469,2025-08-17,CA,mobile
470,2024-04-28,AU,desktop
471,2025-08-30,IN,desktop
472,2023-07-31,AU,desktop
473,2026-02-12,PH,mobile
474,2025-12-27,AU,desktop
475,2024-01-24,IN,mobile
476,2024-07-14,CA,mobile
477,2023-12-14,IN,mobile
478,2023-09-30,AU,mobile
479,2026-01-26,IN,mobile
480,2023-11-09,BR,desktop
481,2025-02-17,GB,mobile
482,2023-11-17,US,mobile
483,2025-09-03,DE,mobile
484,2023-03-11,IN,desktop
485,2024-10-16,US,mobile
486,2026-03-30,US,desktop
487,2024-01-14,US,mobile
488,2025-12-29,US,mobile
489,2024-05-31,US,mobile
490,2025-11-04,US,mobile
491,2025-08-20,CA,desktop
492,2024-06-22,CA,mobile
493,2024-06-24,IN,desktop
494,2024-12-14,BR,tablet
495,2025-06-05,IN,mobile
496,2026-02-16,US,mobile
497,2025-04-01,US,mobile
498,2025-06-10,IN,mobile
499,2023-03-01,PH,desktop
500,2025-01-30,IN,desktop
501,2024-08-09,GB,mobile
502,2024-09-18,IN,mobile
503,2023-05-13,IN,desktop
504,2023-11-30,IN,tablet
505,2024-07-26,AU,desktop
506,2024-10-07,IN,desktop
507,2023-06-17,IN,desktop
508,2023-09-09,US,mobile
509,2024-02-14,DE,desktop
510,2024-08-08,DE,mobile
511,2025-12-28,IN,mobile
512,2025-03-11,US,mobile
513,2024-01-31,IN,desktop
514,2023-10-03,US,mobile
515,2024-03-02,US,desktop
516,2025-09-26,DE,mobile
517,2025-08-26,IN,mobile
518,2023-06-27,IN,mobile
519,2025-03-16,AU,mobile
520,2024-03-06,IN,desktop
521,2025-09-17,US,mobile
522,2023-04-13,PH,desktop
523,2025-06-12,IN,mobile
524,2025-08-30,CA,mobile
525,2025-06-21,US,mobile
526,2025-08-03,US,mobile
527,2026-01-11,IN,desktop
528,2024-11-14,US,mobile
529,2024-07-03,IN,mobile
530,2025-11-09,US,desktop
531,2024-11-06,US,desktop
532,2026-03-17,BR,mobile
533,2024-07-27,IN,mobile
534,2025-03-17,DE,mobile
535,2024-03-02,IN,desktop
536,2023-12-06,US,mobile
537,2025-10-28,US,mobile
538,2023-06-27,PH,desktop
539,2023-10-22,IN,mobile
540,2025-08-03,US,desktop
541,2024-12-03,US,desktop
542,2023-04-24,US,mobile
543,2023-07-06,PH,desktop
544,2026-01-30,AU,desktop
545,2023-06-22,IN,desktop
546,2026-01-31,IN,mobile
547,2025-04-09,US,desktop
548,2024-01-28,DE,mobile
549,2023-09-12,IN,mobile
550,2026-02-12,GB,mobile
551,2023-04-07,GB,desktop
552,2023-03-24,GB,mobile
553,2025-02-09,BR,mobile
554,2025-06-16,US,mobile
555,2025-12-29,CA,desktop
556,2025-12-03,US,mobile
557,2026-02-22,GB,mobile
558,2023-11-15,GB,tablet
559,2024-12-20,AU,desktop
560,2024-12-24,DE,mobile
561,2025-06-29,GB,mobile
562,2023-06-14,BR,tablet
563,2024-08-28,GB,mobile
564,2024-10-03,CA,mobile
565,2025-02-06,DE,desktop
566,2026-04-23,IN,tablet
567,2025-10-24,CA,mobile
568,2025-10-23,US,desktop
569,2024-12-22,US,mobile
570,2026-01-06,US,desktop
571,2023-06-12,US,mobile
572,2025-10-02,IN,mobile
573,2024-06-22,GB,desktop
574,2025-06-20,IN,mobile
575,2026-01-20,PH,desktop
576,2026-02-03,US,mobile
577,2024-10-25,IN,mobile
578,2023-07-09,DE,desktop
579,2024-01-03,DE,mobile
580,2024-03-06,PH,mobile
581,2024-04-26,IN,desktop
582,2024-11-29,BR,mobile
583,2024-02-08,US,desktop
584,2023-06-16,AU,mobile
585,2024-08-22,PH,desktop
586,2024-05-17,US,mobile
587,2025-09-22,CA,mobile
588,2024-02-25,US,mobile
589,2025-12-24,US,mobile
590,2024-01-20,IN,desktop
591,2023-02-24,US,tablet
592,2024-12-04,DE,mobile
593,2024-09-01,US,mobile
594,2025-05-24,BR,tablet
595,2023-12-03,DE,mobile
596,2023-06-30,IN,mobile
597,2025-10-22,BR,mobile
598,2025-02-25,CA,desktop
599,2025-03-03,IN,mobile
600,2024-12-07,IN,desktop
601,2026-04-11,US,tablet
602,2025-06-13,US,mobile
603,2024-10-01,PH,mobile
604,2024-07-24,IN,mobile
605,2023-11-16,PH,desktop
606,2024-08-11,CA,desktop
607,2026-03-13,IN,desktop
608,2024-12-13,CA,mobile
609,2024-12-09,IN,mobile
610,2025-03-15,US,mobile
611,2025-06-07,IN,mobile
612,2024-08-07,US,mobile
613,2024-11-04,IN,mobile
614,2025-02-09,GB,mobile
615,2023-03-06,PH,desktop
616,2023-11-03,BR,mobile
617,2025-11-19,AU,mobile
618,2025-11-04,IN,desktop
619,2025-06-12,PH,desktop
620,2024-01-11,GB,tablet
621,2025-09-02,US,mobile
622,2025-08-31,BR,mobile
623,2023-02-23,IN,mobile
624,2023-05-08,CA,mobile
625,2024-02-01,IN,mobile
626,2025-02-06,US,tablet
627,2024-04-11,US,desktop
628,2025-04-19,US,mobile
629,2026-04-14,US,desktop
630,2023-06-13,GB,desktop
631,2023-03-01,US,mobile
632,2026-03-08,IN,mobile
633,2024-07-06,US,mobile
634,2023-03-16,US,mobile
635,2023-09-18,PH,desktop
636,2023-05-12,IN,mobile
637,2023-10-10,US,mobile
638,2024-03-16,US,mobile
639,2024-09-13,US,mobile
640,2024-07-05,BR,mobile
641,2026-04-10,US,mobile
642,2024-08-27,US,mobile
643,2026-03-26,DE,mobile
644,2026-01-25,GB,tablet
645,2023-09-02,CA,mobile
646,2026-01-16,BR,desktop
647,2024-07-09,US,mobile
648,2024-02-14,US,desktop
649,2026-04-05,BR,mobile
650,2023-04-08,BR,mobile
651,2025-01-04,BR,mobile
652,2024-09-13,IN,desktop
653,2023-04-24,AU,mobile
654,2026-05-01,GB,mobile
655,2025-12-08,GB,mobile
656,2023-09-06,BR,mobile
657,2025-05-03,BR,mobile
658,2023-09-04,US,desktop
659,2023-05-12,IN,mobile
660,2025-04-04,BR,mobile
661,2026-04-29,GB,mobile
662,2024-02-27,US,tablet
663,2023-10-14,US,mobile
664,2025-11-18,BR,mobile
665,2025-07-10,PH,desktop
666,2025-10-24,DE,mobile
667,2024-05-29,IN,desktop
668,2024-01-21,US,desktop
669,2026-03-25,US,tablet
670,2024-09-13,US,mobile
671,2023-12-31,US,desktop
672,2024-06-12,US,desktop
673,2023-03-06,IN,tablet
674,2024-08-28,IN,desktop
675,2023-05-09,US,mobile
676,2023-04-28,PH,mobile
677,2025-10-06,IN,desktop
678,2023-10-23,IN,mobile
679,2024-05-04,IN,tablet
680,2023-06-16,GB,desktop
681,2025-07-16,IN,mobile
682,2025-05-26,PH,mobile
683,2025-01-10,IN,mobile
684,2023-03-13,IN,mobile
685,2023-02-19,IN,mobile
686,2023-09-18,US,tablet
687,2026-03-04,BR,desktop
688,2026-01-06,IN,desktop
689,2024-02-29,US,mobile
690,2026-01-21,IN,mobile
691,2023-03-25,IN,desktop
692,2025-09-20,GB,mobile
693,2023-04-25,PH,mobile
694,2025-04-04,PH,mobile
695,2025-07-01,US,mobile
696,2025-08-19,GB,desktop
697,2023-11-14,BR,mobile
698,2026-03-03,GB,mobile
699,2024-06-11,IN,mobile
700,2024-11-28,GB,desktop
701,2024-08-01,IN,mobile
702,2025-06-29,DE,desktop
703,2026-02-19,BR,mobile
704,2024-11-07,GB,desktop
705,2025-04-28,AU,desktop
706,2023-10-29,US,desktop
707,2025-04-04,IN,mobile
708,2025-04-21,US,tablet
709,2025-02-07,US,mobile
710,2026-03-16,BR,mobile
711,2024-09-25,DE,desktop
712,2023-08-30,US,desktop
713,2024-09-17,IN,mobile
714,2024-10-06,IN,desktop
715,2024-10-02,CA,mobile
716,2025-07-21,US,tablet
717,2025-12-26,US,mobile
718,2023-05-12,IN,mobile
719,2023-10-28,AU,desktop
720,2023-12-24,BR,mobile
721,2026-02-24,US,desktop
722,2024-12-25,US,desktop
723,2026-05-02,PH,mobile
724,2025-03-22,IN,mobile
725,2026-01-08,IN,mobile
726,2026-02-08,IN,mobile
727,2024-11-05,PH,mobile
728,2025-06-02,IN,mobile
729,2023-03-18,DE,mobile
730,2024-01-16,US,desktop
731,2025-03-13,PH,mobile
732,2026-02-03,BR,mobile
733,2024-04-06,US,desktop
734,2025-02-16,US,mobile
735,2025-02-14,US,mobile
736,2024-06-09,GB,desktop
737,2025-01-11,PH,mobile
738,2023-12-19,BR,mobile
739,2023-07-11,US,mobile
740,2023-12-15,BR,desktop
741,2023-03-10,GB,desktop
742,2025-05-25,IN,desktop
743,2025-05-10,US,mobile
744,2025-04-12,DE,tablet
745,2025-09-22,CA,mobile
746,2025-10-30,IN,mobile
747,2025-09-23,AU,mobile
748,2023-12-31,GB,mobile
749,2024-09-19,BR,mobile
750,2025-06-26,US,mobile
751,2024-03-26,US,mobile
752,2024-10-17,US,mobile
753,2026-04-23,BR,desktop
754,2023-06-15,CA,mobile
755,2025-02-17,IN,mobile
756,2026-04-25,IN,desktop
757,2025-10-02,PH,desktop
758,2023-08-04,IN,mobile
759,2024-04-11,PH,mobile
760,2023-12-19,IN,mobile
761,2025-04-10,US,mobile
762,2024-04-08,US,desktop
763,2025-05-06,BR,desktop
764,2025-01-11,IN,mobile
765,2025-10-18,BR,mobile
766,2024-05-02,IN,mobile
767,2024-05-26,GB,mobile
768,2023-04-19,US,mobile
769,2024-03-07,IN,mobile
770,2026-01-11,US,desktop
771,2025-06-25,GB,tablet
772,2026-02-12,PH,desktop
773,2025-06-07,IN,desktop
774,2025-03-30,US,mobile
775,2023-04-27,IN,desktop
776,2026-01-02,BR,mobile
777,2024-09-08,US,mobile
778,2023-05-25,GB,mobile
779,2025-05-05,IN,mobile
780,2023-10-24,DE,mobile
781,2025-04-09,US,desktop
782,2025-10-29,US,mobile
783,2024-06-19,IN,desktop
784,2025-02-19,IN,mobile
785,2026-05-01,IN,mobile
786,2025-01-01,PH,mobile
787,2025-01-23,GB,mobile
788,2023-04-12,IN,desktop
789,2023-08-01,IN,mobile
790,2025-04-12,IN,desktop
791,2023-12-17,PH,mobile
792,2024-10-18,US,mobile
793,2023-06-05,US,mobile
794,2024-08-22,DE,mobile
795,2026-01-24,US,desktop
796,2023-10-31,US,mobile
797,2024-03-08,US,desktop
798,2023-07-22,US,desktop
799,2024-01-14,US,desktop
800,2024-03-09,DE,mobile
801,2025-03-06,US,desktop
802,2025-03-03,IN,mobile
803,2025-02-10,IN,desktop
804,2025-08-08,CA,mobile
805,2024-01-26,US,mobile
806,2025-01-22,GB,mobile
807,2023-04-03,IN,mobile
808,2024-06-28,US,desktop
809,2025-05-16,US,mobile
810,2023-11-17,PH,mobile
811,2024-11-14,US,mobile
812,2023-04-06,IN,desktop
813,2023-10-09,US,desktop
814,2023-07-16,AU,mobile
815,2023-03-26,IN,desktop
816,2023-10-24,BR,mobile
817,2023-04-25,IN,mobile
818,2023-06-14,US,desktop
819,2025-11-07,BR,desktop
820,2024-02-08,GB,mobile
821,2024-07-21,US,mobile
822,2023-04-22,CA,mobile
823,2023-11-29,US,mobile
824,2024-09-09,BR,mobile
825,2024-04-17,AU,tablet
826,2026-01-16,IN,tablet
827,2025-03-15,AU,mobile
828,2023-12-31,CA,mobile
829,2024-12-15,US,mobile
830,2023-04-19,IN,mobile
831,2024-03-25,CA,mobile
832,2026-03-27,DE,mobile
833,2025-10-29,AU,mobile
834,2024-05-05,IN,mobile
835,2023-10-15,PH,mobile
836,2025-05-11,DE,mobile
837,2025-01-26,US,mobile
838,2025-01-15,GB,mobile
839,2025-07-17,PH,desktop
840,2023-05-24,IN,mobile
841,2024-09-24,IN,desktop
842,2025-04-06,US,desktop
843,2023-05-03,US,mobile
844,2024-04-30,US,mobile
845,2026-04-23,PH,mobile
846,2024-12-23,IN,desktop
847,2024-03-01,IN,desktop
848,2023-05-14,BR,mobile
849,2024-09-05,US,mobile
850,2025-02-25,CA,mobile
851,2025-04-17,CA,mobile
852,2026-01-06,GB,mobile
853,2026-01-15,GB,mobile
854,2024-12-28,IN,desktop
855,2023-10-28,GB,mobile
856,2025-01-14,BR,mobile
857,2025-11-20,IN,mobile
858,2023-07-02,CA,desktop
859,2023-09-23,BR,desktop
860,2025-04-10,BR,mobile
861,2025-04-02,US,mobile
862,2025-05-24,US,tablet
863,2025-11-14,US,mobile
864,2025-01-11,US,mobile
865,2024-10-25,US,mobile
866,2024-02-14,GB,desktop
867,2025-10-04,US,mobile
868,2024-12-24,CA,mobile
869,2026-04-19,PH,desktop
870,2024-08-30,PH,mobile
871,2025-01-01,IN,mobile
872,2024-01-23,BR,mobile
873,2024-06-29,CA,mobile
874,2026-04-01,BR,desktop
875,2025-11-25,US,desktop
876,2025-11-28,CA,mobile
877,2023-09-11,US,mobile
878,2024-01-05,PH,desktop
879,2025-10-27,US,desktop
880,2023-06-06,BR,mobile
881,2024-08-20,US,tablet
882,2023-07-23,IN,desktop
883,2025-09-03,CA,mobile
884,2024-01-26,IN,mobile
885,2024-04-13,CA,mobile
886,2023-03-11,IN,mobile
887,2024-12-15,PH,desktop
888,2023-08-09,BR,mobile
889,2026-02-16,GB,mobile
890,2024-02-11,US,mobile
891,2024-07-16,CA,mobile
892,2024-04-14,DE,tablet
893,2023-10-17,GB,mobile
894,2023-08-08,GB,mobile
895,2026-02-01,US,mobile
896,2023-07-08,US,mobile
897,2024-11-09,IN,mobile
898,2025-06-16,US,mobile
899,2026-02-21,US,mobile
900,2023-08-07,IN,tablet
901,2024-01-12,US,tablet
902,2024-06-13,IN,mobile
903,2026-03-07,BR,desktop
904,2026-05-02,US,desktop
905,2025-05-19,US,mobile
906,2025-09-14,US,desktop
907,2023-11-29,US,desktop
908,2023-11-02,BR,mobile
909,2025-09-05,US,mobile
910,2025-03-28,IN,mobile
911,2026-02-26,IN,tablet
912,2023-08-20,BR,mobile
913,2026-03-16,GB,desktop
914,2024-05-27,IN,mobile
915,2024-05-10,IN,desktop
916,2023-03-05,US,mobile
917,2024-11-23,IN,desktop
918,2023-11-21,DE,mobile
919,2025-06-22,CA,tablet
920,2026-01-14,US,mobile
921,2023-09-06,US,mobile
922,2023-08-26,PH,mobile
923,2023-05-17,DE,desktop
924,2024-03-17,US,desktop
925,2025-12-22,GB,desktop
926,2025-08-18,AU,mobile
927,2024-07-06,GB,mobile
928,2024-09-05,US,mobile
929,2026-01-12,DE,mobile
930,2025-10-27,US,mobile
931,2024-05-01,US,desktop
932,2025-02-20,IN,mobile
933,2023-06-03,US,mobile
934,2023-12-13,US,mobile
935,2024-11-03,US,mobile
936,2024-11-18,US,mobile
937,2026-01-03,IN,desktop
938,2024-03-20,US,mobile
939,2023-09-26,IN,mobile
940,2023-06-15,BR,desktop
941,2025-07-30,CA,desktop
942,2024-02-02,IN,mobile
943,2025-02-18,PH,tablet
944,2026-01-15,IN,tablet
945,2025-11-10,PH,mobile
946,2025-01-05,IN,desktop
947,2026-04-18,IN,mobile
948,2025-04-28,US,mobile
949,2024-10-06,IN,tablet
950,2024-10-20,US,desktop
951,2023-07-13,DE,desktop
952,2023-06-18,IN,tablet
953,2025-01-24,US,desktop
954,2025-03-27,CA,mobile
955,2023-03-22,PH,mobile
956,2023-12-17,CA,mobile
957,2025-10-19,IN,mobile
958,2024-11-01,IN,desktop
959,2024-06-19,CA,desktop
960,2023-08-26,US,mobile
961,2024-09-09,IN,desktop
962,2025-07-31,US,mobile
963,2023-04-10,US,mobile
964,2024-08-28,CA,mobile
965,2024-07-18,IN,desktop
966,2024-04-23,GB,mobile
967,2023-04-27,US,desktop
968,2025-02-16,US,desktop
969,2023-07-28,PH,mobile
970,2024-07-12,IN,desktop
971,2023-06-28,DE,desktop
972,2025-05-20,IN,mobile
973,2023-07-18,PH,mobile
974,2023-03-04,PH,mobile
975,2024-09-21,AU,mobile
976,2024-02-18,AU,mobile
977,2023-09-05,US,desktop
978,2024-04-26,BR,mobile
979,2023-05-10,IN,desktop
980,2023-05-05,BR,mobile
981,2025-10-10,US,mobile
982,2024-12-03,PH,mobile
983,2023-09-28,US,mobile
984,2023-03-11,IN,mobile
985,2023-06-05,US,mobile
986,2026-01-17,US,mobile
987,2023-09-20,BR,desktop
988,2023-03-03,US,mobile
989,2025-12-11,DE,mobile
990,2024-01-11,US,mobile
991,2024-10-31,GB,tablet
992,2024-06-23,BR,mobile
993,2023-03-27,GB,mobile
994,2025-03-11,BR,mobile
995,2025-06-15,CA,mobile
996,2025-09-07,PH,mobile
997,2025-09-11,DE,mobile
998,2023-03-10,IN,mobile
999,2025-07-15,BR,desktop
1000,2025-07-31,CA,tablet
1001,2024-09-21,CA,mobile
1002,2023-07-08,DE,mobile
1003,2023-08-29,GB,mobile
1004,2026-02-25,US,mobile
1005,2025-12-23,BR,desktop
1006,2023-10-08,IN,tablet
1007,2023-12-24,IN,desktop
1008,2023-07-20,US,mobile
1009,2025-10-08,BR,mobile
1010,2025-07-20,BR,mobile
1011,2023-03-04,IN,mobile
1012,2023-03-16,PH,mobile
1013,2024-03-18,BR,desktop
1014,2025-02-21,CA,mobile
1015,2023-11-22,US,mobile
1016,2025-10-29,IN,tablet
1017,2024-04-09,IN,desktop
1018,2024-12-28,IN,mobile
1019,2023-08-11,IN,desktop
1020,2023-03-22,DE,desktop
1021,2024-12-16,DE,mobile
1022,2025-12-21,PH,desktop
1023,2023-03-07,BR,mobile
1024,2024-02-12,US,desktop
1025,2025-06-29,BR,mobile
1026,2025-11-24,GB,desktop
1027,2025-02-22,IN,mobile
1028,2024-02-21,BR,desktop
1029,2025-05-07,US,mobile
1030,2025-11-03,GB,mobile
1031,2025-02-16,GB,mobile
1032,2023-04-24,PH,mobile
1033,2025-04-30,US,desktop
1034,2023-05-29,IN,mobile
1035,2025-01-09,DE,mobile
1036,2023-03-08,BR,mobile
1037,2023-04-22,CA,tablet
1038,2023-07-10,GB,mobile
1039,2026-02-20,CA,mobile
1040,2025-02-05,IN,mobile
1041,2023-09-22,DE,desktop
1042,2024-11-04,IN,desktop
1043,2024-05-24,IN,mobile
1044,2025-04-30,US,desktop
1045,2024-04-17,US,mobile
1046,2024-10-04,GB,mobile
1047,2023-08-22,GB,mobile
1048,2025-07-28,GB,desktop
1049,2025-09-14,IN,desktop
1050,2023-04-05,CA,desktop
1051,2024-09-16,IN,desktop
1052,2024-12-30,GB,mobile
1053,2025-11-26,BR,desktop
1054,2025-04-04,US,mobile
1055,2023-10-13,DE,mobile
1056,2023-05-04,DE,mobile
1057,2026-01-31,GB,mobile
1058,2025-03-22,GB,mobile
1059,2025-12-22,US,tablet
1060,2024-12-25,CA,mobile
1061,2026-02-22,PH,mobile
1062,2024-04-28,PH,desktop
1063,2024-11-03,PH,mobile
1064,2023-12-30,IN,desktop
1065,2025-12-27,IN,desktop
1066,2024-12-20,US,desktop
1067,2023-11-22,CA,desktop
1068,2025-08-15,DE,mobile
1069,2025-06-07,US,mobile
1070,2024-05-05,IN,desktop
1071,2023-10-23,BR,desktop
1072,2025-10-15,IN,mobile
1073,2025-01-22,IN,desktop
1074,2024-05-08,IN,desktop
1075,2023-05-15,CA,mobile
1076,2024-04-11,PH,mobile
1077,2024-08-27,BR,mobile
1078,2024-04-15,IN,desktop
1079,2026-01-02,US,mobile
1080,2025-03-17,AU,mobile
1081,2024-07-13,US,mobile
1082,2025-01-24,GB,mobile
1083,2026-01-18,BR,mobile
1084,2025-06-26,PH,mobile
1085,2026-03-20,GB,desktop
1086,2023-10-22,US,desktop
1087,2024-06-10,IN,mobile
1088,2024-01-16,AU,mobile
1089,2024-08-06,IN,mobile
1090,2024-02-14,BR,mobile
1091,2024-06-14,US,mobile
1092,2023-03-23,AU,mobile
1093,2025-04-15,AU,desktop
1094,2023-06-30,BR,mobile
1095,2026-01-10,BR,mobile
1096,2024-12-16,IN,mobile
1097,2023-04-02,US,tablet
1098,2023-11-28,US,mobile
1099,2024-09-04,US,mobile
1100,2024-04-09,IN,desktop
1101,2023-12-12,IN,mobile
1102,2024-08-12,US,desktop
1103,2023-09-23,IN,desktop
1104,2025-11-20,BR,desktop
1105,2024-02-11,IN,tablet
1106,2024-10-02,AU,mobile
1107,2024-01-21,IN,mobile
1108,2025-08-22,US,desktop
1109,2026-03-24,BR,mobile
1110,2023-09-30,IN,mobile
1111,2026-03-13,US,desktop
1112,2023-12-20,IN,desktop
1113,2025-04-29,US,mobile
1114,2025-10-05,BR,mobile
1115,2024-10-14,IN,desktop
1116,2026-01-17,GB,mobile
1117,2023-12-21,IN,mobile
1118,2025-12-26,IN,desktop
1119,2023-11-30,BR,mobile
1120,2023-10-29,DE,desktop
1121,2024-12-22,PH,mobile
1122,2023-04-27,US,mobile
1123,2023-08-09,PH,mobile
1124,2025-05-29,IN,mobile
1125,2023-05-17,IN,desktop
1126,2025-12-26,PH,desktop
1127,2023-06-28,CA,desktop
1128,2024-01-25,US,mobile
1129,2025-04-11,IN,mobile
1130,2024-08-29,IN,mobile
1131,2025-07-31,US,desktop
1132,2024-05-24,AU,mobile
1133,2026-02-13,US,mobile
1134,2024-09-22,IN,mobile
1135,2024-01-28,IN,desktop
1136,2023-09-28,IN,desktop
1137,2026-03-22,IN,mobile
1138,2024-06-17,CA,desktop
1139,2023-09-06,IN,desktop
1140,2023-10-07,CA,mobile
1141,2023-05-22,DE,desktop
1142,2024-03-24,US,mobile
1143,2025-03-21,IN,mobile
1144,2024-02-21,US,desktop
1145,2025-08-05,US,mobile
1146,2023-12-23,IN,desktop
1147,2025-08-07,CA,mobile
1148,2024-06-25,BR,desktop
1149,2024-12-14,US,desktop
1150,2025-03-08,US,desktop
1151,2023-07-26,IN,mobile
1152,2025-01-24,PH,desktop
1153,2024-04-18,IN,mobile
1154,2026-04-06,CA,mobile
1155,2024-01-25,IN,desktop
1156,2026-03-20,PH,mobile
1157,2024-07-10,US,mobile
1158,2024-11-05,US,desktop
1159,2023-10-05,DE,mobile
1160,2023-10-07,IN,mobile
1161,2024-09-05,IN,desktop
1162,2024-01-26,IN,desktop
1163,2025-12-30,IN,mobile
1164,2025-02-06,GB,mobile
1165,2024-06-21,CA,desktop
1166,2024-10-18,US,mobile
1167,2025-05-02,PH,desktop
1168,2023-08-26,IN,mobile
1169,2025-11-01,US,mobile
1170,2023-10-24,US,mobile
1171,2025-08-16,PH,desktop
1172,2024-05-19,CA,mobile
1173,2024-08-02,AU,mobile
1174,2023-08-13,PH,mobile
1175,2024-12-24,BR,mobile
1176,2023-03-14,AU,mobile
1177,2026-01-03,CA,mobile
1178,2024-05-04,PH,mobile
1179,2025-10-25,IN,mobile
1180,2023-03-25,PH,mobile
1181,2023-12-12,GB,mobile
1182,2026-01-31,AU,mobile
1183,2023-09-18,PH,mobile
1184,2023-11-07,US,desktop
1185,2025-07-21,IN,mobile
1186,2026-01-10,AU,desktop
1187,2026-01-07,US,mobile
1188,2025-08-16,US,desktop
1189,2025-12-30,IN,mobile
1190,2025-04-01,US,mobile
1191,2024-05-25,IN,desktop
1192,2025-12-17,US,mobile
1193,2024-07-16,US,mobile
1194,2024-01-16,US,desktop
1195,2025-10-19,BR,desktop
1196,2025-03-20,CA,desktop
1197,2023-07-07,US,desktop
1198,2025-10-17,US,desktop
1199,2026-04-28,US,mobile
1200,2025-08-24,US,mobile
1201,2024-08-25,IN,mobile
1202,2026-04-04,IN,desktop
1203,2024-01-15,US,mobile
1204,2023-04-05,BR,mobile
1205,2024-12-06,IN,desktop
1206,2023-04-16,IN,tablet
1207,2025-05-04,US,mobile
1208,2025-07-09,BR,mobile
1209,2023-10-22,PH,desktop
1210,2024-02-04,US,mobile
1211,2026-02-17,IN,desktop
1212,2026-03-09,IN,mobile
1213,2026-04-06,US,desktop
1214,2025-03-20,US,desktop
1215,2024-08-07,US,mobile
1216,2024-03-02,US,desktop
1217,2026-02-22,GB,mobile
1218,2025-08-09,CA,mobile
1219,2023-07-05,BR,desktop
1220,2025-04-01,GB,desktop
1221,2026-04-20,US,mobile
1222,2025-11-30,BR,tablet
1223,2023-08-29,IN,mobile
1224,2025-11-06,AU,mobile
1225,2024-01-18,US,desktop
1226,2026-04-25,IN,mobile
1227,2024-05-08,BR,tablet
1228,2025-04-01,CA,desktop
1229,2024-10-18,IN,mobile
1230,2024-12-20,IN,mobile
1231,2023-03-16,GB,tablet
1232,2024-12-24,BR,desktop
1233,2023-03-11,PH,mobile
1234,2025-06-03,US,desktop
1235,2024-02-05,US,mobile
1236,2024-08-18,US,desktop
1237,2024-07-27,CA,mobile
1238,2026-04-03,IN,desktop
1239,2025-10-07,GB,desktop
1240,2025-01-13,US,mobile
1241,2025-03-05,DE,desktop
1242,2024-05-15,DE,desktop
1243,2026-04-17,US,desktop
1244,2023-11-21,US,mobile
1245,2026-01-13,AU,desktop
1246,2023-02-26,PH,mobile
1247,2025-08-20,IN,tablet
1248,2024-12-04,BR,desktop
1249,2025-01-20,IN,mobile
1250,2023-04-28,BR,desktop
1251,2023-05-24,US,mobile
1252,2023-05-26,US,mobile
1253,2023-10-26,US,mobile
1254,2025-11-21,US,mobile
1255,2025-06-17,IN,mobile
1256,2024-09-24,PH,mobile
1257,2024-07-12,US,desktop
1258,2025-08-13,PH,mobile
1259,2023-11-15,DE,mobile
1260,2023-10-18,PH,mobile
1261,2024-01-04,IN,mobile
1262,2023-12-24,US,mobile
1263,2023-08-16,IN,tablet
1264,2023-03-21,BR,mobile
1265,2024-12-02,US,mobile
1266,2026-02-22,GB,mobile
1267,2023-04-25,PH,mobile
1268,2024-12-12,IN,tablet
1269,2024-09-23,US,mobile
1270,2025-03-02,BR,mobile
1271,2023-12-08,GB,desktop
1272,2024-03-26,US,mobile
1273,2025-11-15,US,desktop
1274,2024-08-19,IN,mobile
1275,2024-02-24,BR,mobile
1276,2024-07-04,US,desktop
1277,2024-09-05,PH,desktop
1278,2025-11-17,CA,mobile
1279,2025-04-15,US,desktop
1280,2023-04-27,CA,mobile
1281,2024-01-09,BR,desktop
1282,2025-04-17,CA,desktop
1283,2025-02-08,DE,mobile
1284,2025-01-27,DE,mobile
1285,2025-08-03,IN,mobile
1286,2025-08-08,IN,mobile
1287,2025-09-26,CA,desktop
1288,2025-05-13,US,desktop
1289,2025-09-07,US,tablet
1290,2025-02-13,PH,desktop
1291,2024-10-16,BR,mobile
1292,2025-07-02,US,mobile
1293,2023-06-07,US,mobile
1294,2024-11-18,US,mobile
1295,2024-05-22,US,desktop
1296,2023-09-01,US,mobile
1297,2025-08-16,US,mobile
1298,2023-08-19,PH,mobile
1299,2023-03-22,US,mobile
1300,2024-05-16,US,tablet
1301,2024-04-03,CA,desktop
1302,2024-07-25,IN,desktop
1303,2025-03-25,US,mobile
1304,2024-05-28,IN,mobile
1305,2025-01-11,GB,mobile
1306,2024-09-20,CA,mobile
1307,2025-11-16,CA,mobile
1308,2026-02-08,DE,mobile
1309,2024-12-11,US,mobile
1310,2026-01-03,IN,desktop
1311,2023-09-02,AU,mobile
1312,2024-10-19,PH,mobile
1313,2023-02-18,US,mobile
1314,2026-02-05,IN,mobile
1315,2026-02-02,GB,mobile
1316,2025-12-02,IN,mobile
1317,2025-04-03,US,mobile
1318,2024-04-30,BR,desktop
1319,2025-03-04,PH,mobile
1320,2023-04-22,US,mobile
1321,2023-02-28,IN,mobile
1322,2026-03-23,AU,mobile
1323,2024-04-06,US,mobile
1324,2024-05-28,US,mobile
1325,2023-08-01,US,tablet
1326,2024-11-19,US,desktop
1327,2026-01-17,US,mobile
1328,2026-03-17,US,desktop
1329,2025-10-23,BR,mobile
1330,2023-11-01,GB,desktop
1331,2026-01-16,GB,mobile
1332,2024-01-29,IN,mobile
1333,2025-12-08,IN,desktop
1334,2023-05-05,BR,mobile
1335,2025-12-18,AU,desktop
1336,2024-03-17,US,mobile
1337,2026-04-14,BR,mobile
1338,2024-01-16,IN,desktop
1339,2026-02-12,PH,desktop
1340,2025-03-07,BR,desktop
1341,2023-08-06,US,mobile
1342,2024-06-24,DE,mobile
1343,2025-03-30,US,mobile
1344,2024-05-07,US,mobile
1345,2024-05-07,IN,mobile
1346,2025-12-17,GB,desktop
1347,2024-10-27,GB,mobile
1348,2025-09-11,DE,desktop
1349,2024-10-19,US,mobile
1350,2025-07-30,IN,mobile
1351,2025-07-08,AU,mobile
1352,2024-05-19,US,desktop
1353,2024-11-01,BR,mobile
1354,2024-08-05,US,tablet
1355,2025-12-11,AU,desktop
1356,2025-04-20,PH,mobile
1357,2025-04-05,IN,desktop
1358,2023-10-21,IN,desktop
1359,2025-02-25,IN,mobile
1360,2024-02-13,DE,mobile
1361,2023-08-01,IN,mobile
1362,2025-11-21,IN,mobile
1363,2026-01-24,US,desktop
1364,2023-10-21,GB,mobile
1365,2025-05-04,GB,desktop
1366,2025-05-05,BR,desktop
1367,2023-02-19,BR,desktop
1368,2024-11-03,US,desktop
1369,2024-05-11,CA,desktop
1370,2025-10-02,US,desktop
1371,2025-07-07,BR,desktop
1372,2025-01-16,IN,tablet
1373,2026-04-08,US,mobile
1374,2025-08-07,US,desktop
1375,2023-03-04,DE,mobile
1376,2023-12-26,IN,tablet
1377,2024-06-16,US,desktop
1378,2024-06-13,PH,mobile
1379,2025-04-05,PH,mobile
1380,2023-07-06,US,mobile
1381,2024-11-03,PH,desktop
1382,2025-10-30,IN,desktop
1383,2026-02-24,AU,desktop
1384,2024-06-29,PH,desktop
1385,2025-12-13,BR,mobile
1386,2024-10-27,US,mobile
1387,2023-08-22,PH,mobile
1388,2024-10-22,DE,mobile
1389,2024-05-30,US,desktop
1390,2023-12-01,US,mobile
1391,2025-01-04,PH,mobile
1392,2025-01-02,BR,mobile
1393,2026-01-31,IN,mobile
1394,2024-02-09,US,mobile
1395,2026-04-15,GB,mobile
1396,2025-06-10,IN,desktop
1397,2025-06-17,GB,mobile
1398,2025-12-05,US,desktop
1399,2023-11-28,GB,mobile
1400,2023-10-18,CA,mobile
1401,2025-12-05,US,desktop
1402,2024-08-25,GB,tablet
1403,2025-07-27,IN,desktop
1404,2025-07-17,BR,mobile
1405,2025-11-01,US,desktop
1406,2024-11-20,BR,mobile
1407,2023-04-01,US,desktop
1408,2024-04-22,US,mobile
1409,2026-04-25,US,desktop
1410,2025-07-18,AU,mobile
1411,2025-05-14,IN,desktop
1412,2025-10-03,US,mobile
1413,2025-10-19,IN,mobile
1414,2023-03-01,AU,desktop
1415,2024-03-20,US,desktop
1416,2025-09-29,CA,mobile
1417,2024-09-04,DE,mobile
1418,2025-04-06,PH,desktop
1419,2025-04-11,CA,desktop
1420,2025-01-21,IN,mobile
1421,2023-05-02,US,desktop
1422,2023-07-30,US,desktop
1423,2024-07-29,IN,mobile
1424,2025-06-11,IN,mobile
1425,2023-07-07,US,mobile
1426,2025-08-16,IN,desktop
1427,2026-03-29,IN,desktop
1428,2025-12-05,PH,mobile
1429,2024-08-21,GB,mobile
1430,2023-11-25,GB,desktop
1431,2025-08-07,US,mobile
1432,2024-07-10,DE,mobile
1433,2025-06-04,US,desktop
1434,2026-01-12,US,mobile
1435,2024-04-10,PH,mobile
1436,2024-11-16,BR,desktop
1437,2025-02-22,AU,desktop
1438,2023-03-03,BR,desktop
1439,2023-04-02,US,mobile
1440,2023-05-19,BR,mobile
1441,2025-09-10,IN,mobile
1442,2024-07-14,DE,desktop
1443,2025-01-27,BR,mobile
1444,2025-07-31,US,mobile
1445,2024-08-13,IN,desktop
1446,2024-06-12,BR,mobile
1447,2023-09-10,GB,mobile
1448,2024-09-10,BR,tablet
1449,2024-06-19,CA,mobile
1450,2023-03-25,DE,mobile
1451,2025-10-31,IN,mobile
1452,2026-04-15,DE,desktop
1453,2025-10-11,CA,mobile
1454,2025-05-03,IN,mobile
1455,2025-05-30,GB,mobile
1456,2025-01-16,US,tablet
1457,2024-03-20,DE,desktop
1458,2023-12-30,US,mobile
1459,2024-02-24,US,mobile
1460,2023-12-08,CA,tablet
1461,2024-08-27,US,desktop
1462,2023-12-25,AU,mobile
1463,2023-07-14,IN,mobile
1464,2024-07-06,GB,mobile
1465,2023-10-12,CA,mobile
1466,2024-07-26,GB,mobile
1467,2025-03-16,CA,tablet
1468,2025-05-28,US,mobile
1469,2023-08-12,BR,tablet
1470,2023-07-21,IN,desktop
1471,2025-09-18,BR,mobile
1472,2024-12-19,IN,mobile
1473,2024-04-27,BR,desktop
1474,2025-03-10,PH,desktop
1475,2024-09-08,BR,desktop
1476,2023-10-15,BR,mobile
1477,2025-07-17,CA,mobile
1478,2024-01-06,US,desktop
1479,2025-01-02,IN,mobile
1480,2025-04-25,DE,mobile
1481,2026-02-22,AU,mobile
1482,2026-04-05,US,desktop
1483,2025-09-17,PH,desktop
1484,2026-04-23,BR,mobile
1485,2024-08-11,GB,mobile
1486,2023-08-11,IN,mobile
1487,2026-03-27,IN,mobile
1488,2025-11-07,IN,mobile
1489,2023-07-19,BR,mobile
1490,2024-05-28,IN,mobile
1491,2023-11-11,PH,desktop
1492,2024-06-10,US,tablet
1493,2023-04-17,PH,mobile
1494,2025-08-12,PH,mobile
1495,2023-08-22,PH,desktop
1496,2024-11-27,IN,mobile
1497,2026-03-23,GB,tablet
1498,2024-12-28,US,mobile
1499,2025-01-06,AU,mobile
1500,2024-09-21,IN,mobile
1501,2025-10-18,GB,mobile
1502,2023-08-04,IN,mobile
1503,2025-05-07,AU,mobile
1504,2023-05-27,BR,mobile
1505,2023-02-18,US,mobile
1506,2026-01-21,US,tablet
1507,2023-12-24,GB,mobile
1508,2024-12-16,US,tablet
1509,2024-09-03,GB,mobile
1510,2025-05-23,US,mobile
1511,2025-01-18,US,mobile
1512,2023-10-24,IN,mobile
1513,2024-06-13,IN,mobile
1514,2025-03-24,GB,mobile
1515,2024-01-22,US,mobile
1516,2024-10-12,CA,mobile
1517,2024-01-14,DE,desktop
1518,2024-01-27,GB,desktop
1519,2023-07-15,US,mobile
1520,2024-04-19,DE,desktop
1521,2023-12-16,IN,mobile
1522,2023-12-15,GB,mobile
1523,2023-10-04,IN,mobile
1524,2024-12-14,US,mobile
1525,2025-06-30,US,desktop
1526,2024-08-07,US,desktop
1527,2024-11-24,GB,desktop
1528,2025-06-18,IN,mobile
1529,2025-07-28,DE,mobile
1530,2023-11-05,US,mobile
1531,2024-06-13,IN,mobile
1532,2023-07-24,BR,desktop
1533,2024-08-12,IN,mobile
1534,2025-05-14,IN,tablet
1535,2023-08-12,IN,tablet
1536,2024-09-27,IN,mobile
1537,2026-04-17,PH,mobile
1538,2025-12-31,US,mobile
1539,2024-08-26,PH,mobile
1540,2025-12-23,US,desktop
1541,2023-10-01,IN,mobile
1542,2025-11-14,US,mobile
1543,2024-10-26,US,mobile
1544,2024-04-26,US,mobile
1545,2026-04-04,GB,desktop
1546,2023-10-26,US,desktop
1547,2026-01-26,IN,desktop
1548,2025-12-02,US,mobile
1549,2026-03-10,IN,desktop
1550,2023-02-20,US,desktop
1551,2024-12-13,US,mobile
1552,2025-03-14,US,mobile
1553,2025-08-12,PH,tablet
1554,2023-06-22,US,mobile
1555,2024-05-26,IN,mobile
1556,2023-02-18,GB,mobile
1557,2023-03-05,US,desktop
1558,2023-08-22,PH,mobile
1559,2023-11-06,US,mobile
1560,2025-02-11,GB,desktop
1561,2025-04-01,PH,mobile
1562,2026-04-04,BR,desktop
1563,2023-10-21,GB,desktop
1564,2024-09-15,CA,mobile
1565,2023-07-15,BR,desktop
1566,2024-10-09,US,mobile
1567,2026-04-25,IN,mobile
1568,2026-04-28,IN,desktop
1569,2023-10-05,IN,desktop
1570,2023-07-21,US,tablet
1571,2025-03-15,AU,mobile
1572,2025-11-12,BR,desktop
1573,2026-02-25,GB,desktop
1574,2024-04-29,CA,desktop
1575,2023-09-06,GB,mobile
1576,2025-06-29,US,mobile
1577,2025-09-21,AU,desktop
1578,2025-01-03,IN,desktop
1579,2023-10-25,IN,mobile
1580,2024-10-30,PH,mobile
1581,2024-09-06,US,mobile
1582,2024-06-14,GB,mobile
1583,2024-08-18,BR,mobile
1584,2024-09-02,US,mobile
1585,2026-02-08,IN,mobile
1586,2025-03-02,US,desktop
1587,2024-06-01,BR,desktop
1588,2026-03-16,AU,mobile
1589,2023-09-24,IN,mobile
1590,2025-12-05,BR,mobile
1591,2026-04-18,IN,mobile
1592,2024-05-02,DE,mobile
1593,2024-04-09,US,mobile
1594,2024-05-23,IN,desktop
1595,2024-07-09,IN,mobile
1596,2024-03-12,CA,tablet
1597,2025-03-05,PH,mobile
1598,2026-01-28,CA,desktop
1599,2024-01-04,IN,mobile
1600,2025-07-14,US,mobile
1601,2026-01-28,IN,mobile
1602,2025-08-01,IN,mobile
1603,2023-07-06,PH,mobile
1604,2023-09-22,IN,tablet
1605,2025-12-28,IN,desktop
1606,2023-11-26,CA,mobile
1607,2024-07-26,PH,mobile
1608,2023-12-05,US,desktop
1609,2024-01-14,US,mobile
1610,2023-03-22,AU,mobile
1611,2024-05-24,GB,desktop
1612,2023-05-27,GB,desktop
1613,2023-11-06,AU,mobile
1614,2024-04-09,BR,mobile
1615,2025-02-16,US,mobile
1616,2024-09-14,GB,desktop
1617,2023-05-27,DE,desktop
1618,2023-09-19,DE,mobile
1619,2024-10-05,US,tablet
1620,2024-07-28,IN,mobile
1621,2024-05-09,US,mobile
1622,2023-11-16,GB,mobile
1623,2025-08-02,AU,mobile
1624,2025-10-04,GB,mobile
1625,2023-12-28,GB,desktop
1626,2024-09-09,BR,mobile
1627,2024-07-29,AU,desktop
1628,2024-10-14,GB,mobile
1629,2024-02-10,US,mobile
1630,2024-10-12,US,mobile
1631,2024-03-03,US,tablet
1632,2024-09-02,US,tablet
1633,2026-03-11,IN,desktop
1634,2024-05-14,IN,desktop
1635,2026-01-27,IN,mobile
1636,2024-05-24,US,tablet
1637,2026-02-06,CA,desktop
1638,2023-04-14,US,mobile
1639,2025-07-21,US,mobile
1640,2025-08-19,IN,mobile
1641,2026-04-23,IN,desktop
1642,2025-11-15,CA,mobile
1643,2026-03-24,US,desktop
1644,2023-12-31,BR,mobile
1645,2025-12-05,IN,desktop
1646,2025-07-22,GB,desktop
1647,2023-06-21,DE,desktop
1648,2025-06-08,PH,mobile
1649,2024-05-03,IN,mobile
1650,2025-10-05,IN,mobile
1651,2025-02-07,IN,desktop
1652,2024-10-21,US,tablet
1653,2023-08-09,US,desktop
1654,2025-01-08,DE,mobile
1655,2025-01-30,AU,mobile
1656,2023-03-19,US,mobile
1657,2025-03-04,DE,desktop
1658,2024-03-04,GB,mobile
1659,2023-04-26,PH,desktop
1660,2024-06-17,US,desktop
1661,2024-01-01,PH,mobile
1662,2024-06-26,GB,mobile
1663,2023-12-29,DE,mobile
1664,2025-06-03,AU,desktop
1665,2024-07-04,US,mobile
1666,2023-06-29,IN,desktop
1667,2025-10-01,GB,mobile
1668,2025-12-17,AU,desktop
1669,2025-01-21,GB,mobile
1670,2023-12-24,IN,mobile
1671,2023-09-18,IN,mobile
1672,2025-12-08,CA,desktop
1673,2024-04-13,US,mobile
1674,2024-09-26,CA,mobile
1675,2024-07-01,US,mobile
1676,2025-08-22,US,mobile
1677,2025-09-24,US,mobile
1678,2024-07-24,CA,desktop
1679,2024-06-24,BR,mobile
1680,2025-09-15,IN,mobile
1681,2025-08-23,PH,desktop
1682,2024-09-21,IN,mobile
1683,2024-05-26,BR,desktop
1684,2026-03-27,DE,desktop
1685,2024-01-11,BR,mobile
1686,2025-07-18,IN,mobile
1687,2023-11-12,IN,mobile
1688,2023-12-24,US,mobile
1689,2023-07-14,IN,mobile
1690,2024-09-01,IN,mobile
1691,2024-02-06,CA,tablet
1692,2024-09-30,US,mobile
1693,2025-04-24,CA,desktop
1694,2024-04-18,US,mobile
1695,2024-03-08,PH,desktop
1696,2024-08-26,BR,mobile
1697,2025-06-09,US,desktop
1698,2025-06-29,IN,mobile
1699,2023-05-19,US,mobile
1700,2023-06-26,AU,desktop
1701,2023-11-15,IN,mobile
1702,2025-05-01,BR,mobile
1703,2024-10-30,US,desktop
1704,2026-04-11,US,mobile
1705,2024-06-29,BR,desktop
1706,2025-09-23,AU,mobile
1707,2023-02-18,US,mobile
1708,2025-01-09,CA,desktop
1709,2026-03-13,IN,desktop
1710,2026-04-21,DE,desktop
1711,2024-02-24,US,mobile
1712,2024-08-02,US,mobile
1713,2024-02-04,BR,desktop
1714,2023-04-13,IN,mobile
1715,2025-04-29,US,mobile
1716,2024-07-17,IN,mobile
1717,2025-11-19,US,mobile
1718,2025-09-02,GB,mobile
1719,2025-05-15,PH,mobile
1720,2026-02-16,IN,mobile
1721,2025-12-16,IN,mobile
1722,2024-08-08,CA,desktop
1723,2024-09-30,GB,mobile
1724,2024-02-21,DE,desktop
1725,2024-04-07,DE,tablet
1726,2024-04-12,IN,desktop
1727,2025-07-07,GB,mobile
1728,2024-07-08,PH,tablet
1729,2025-03-22,IN,desktop
1730,2025-02-26,IN,mobile
1731,2024-09-30,DE,mobile
1732,2025-02-02,US,desktop
1733,2025-12-03,US,mobile
1734,2023-07-28,US,mobile
1735,2025-01-25,CA,desktop
1736,2026-03-07,GB,mobile
1737,2024-03-30,US,mobile
1738,2025-05-18,PH,mobile
1739,2023-10-19,BR,mobile
1740,2025-05-31,GB,desktop
1741,2023-08-08,AU,mobile
1742,2023-03-11,CA,desktop
1743,2024-08-17,US,mobile
1744,2024-09-22,PH,desktop
1745,2025-11-01,PH,desktop
1746,2025-10-02,AU,mobile
1747,2025-09-06,DE,desktop
1748,2023-08-14,PH,desktop
1749,2023-07-14,BR,desktop
1750,2025-02-19,US,desktop
1751,2023-08-27,IN,desktop
1752,2025-02-06,DE,desktop
1753,2025-10-30,US,mobile
1754,2025-04-03,PH,mobile
1755,2025-01-04,IN,mobile
1756,2025-11-08,US,desktop
1757,2024-03-06,BR,mobile
1758,2024-11-26,IN,mobile
1759,2023-12-14,CA,mobile
1760,2024-07-29,US,desktop
1761,2024-05-25,IN,desktop
1762,2024-11-19,DE,mobile
1763,2024-06-08,PH,mobile
1764,2025-02-10,US,desktop
1765,2025-03-27,GB,mobile
1766,2025-08-07,GB,desktop
1767,2023-08-11,DE,desktop
1768,2023-08-02,IN,mobile
1769,2023-08-27,US,desktop
1770,2023-07-28,IN,desktop
1771,2025-07-03,IN,mobile
1772,2024-07-13,US,mobile
1773,2023-04-01,BR,mobile
1774,2024-01-23,DE,mobile
1775,2025-11-09,DE,desktop
1776,2023-06-02,US,mobile
1777,2024-06-25,US,mobile
1778,2025-10-27,IN,desktop
1779,2025-10-20,GB,desktop
1780,2025-12-04,BR,mobile
1781,2025-08-09,US,desktop
1782,2025-09-12,PH,desktop
1783,2023-02-19,IN,mobile
1784,2024-06-10,IN,mobile
1785,2024-02-04,US,desktop
1786,2026-02-06,PH,mobile
1787,2024-02-01,BR,mobile
1788,2023-12-26,IN,mobile
1789,2026-04-24,IN,mobile
1790,2026-03-05,US,mobile
1791,2024-09-19,DE,desktop
1792,2026-04-02,AU,desktop
1793,2025-02-28,US,tablet
1794,2023-03-29,US,mobile
1795,2023-04-24,CA,tablet
1796,2025-03-15,US,desktop
1797,2023-02-23,US,desktop
1798,2024-07-17,IN,desktop
1799,2024-08-30,BR,mobile
1800,2024-10-14,GB,mobile
1801,2023-11-02,IN,mobile
1802,2024-04-05,US,mobile
1803,2024-06-19,US,tablet
1804,2023-04-26,PH,mobile
1805,2025-05-18,US,desktop
1806,2024-07-20,IN,desktop
1807,2026-01-28,GB,desktop
1808,2025-04-20,IN,tablet
1809,2024-02-07,PH,mobile
1810,2026-03-16,IN,desktop
1811,2024-08-30,US,mobile
1812,2024-04-08,US,desktop
1813,2026-01-17,BR,mobile
1814,2024-12-26,PH,mobile
1815,2026-03-07,US,mobile
1816,2023-04-11,BR,mobile
1817,2023-04-20,IN,mobile
1818,2024-06-17,US,mobile
1819,2025-12-26,BR,mobile
1820,2024-04-21,DE,mobile
1821,2023-11-04,US,mobile
1822,2024-04-12,IN,mobile
1823,2023-10-31,US,mobile
1824,2024-08-05,AU,desktop
1825,2023-06-29,US,mobile
1826,2025-02-03,IN,desktop
1827,2023-02-21,BR,tablet
1828,2024-11-09,US,mobile
1829,2023-03-10,US,mobile
1830,2024-02-24,IN,mobile
1831,2025-01-29,IN,desktop
1832,2025-07-27,CA,mobile
1833,2023-06-17,GB,mobile
1834,2025-10-01,GB,mobile
1835,2023-04-22,BR,desktop
1836,2023-06-15,US,mobile
1837,2024-04-26,US,mobile
1838,2024-02-24,IN,desktop
1839,2024-06-30,IN,mobile
1840,2023-07-18,US,mobile
1841,2025-11-05,AU,mobile
1842,2025-02-27,IN,tablet
1843,2025-03-22,US,mobile
1844,2024-06-28,US,desktop
1845,2024-09-17,US,desktop
1846,2024-05-25,IN,desktop
1847,2025-05-17,PH,desktop
1848,2023-06-21,US,desktop
1849,2025-05-09,DE,desktop
1850,2023-07-11,GB,mobile
1851,2026-01-11,US,desktop
1852,2025-07-02,CA,desktop
1853,2024-01-29,US,mobile
1854,2023-03-26,IN,mobile
1855,2025-07-23,IN,desktop
1856,2025-02-21,GB,mobile
1857,2023-05-02,US,mobile
1858,2024-05-19,IN,mobile
1859,2024-03-25,US,mobile
1860,2023-02-25,US,mobile
1861,2023-04-01,GB,desktop
1862,2025-01-11,PH,mobile
1863,2024-06-21,US,mobile
1864,2024-04-12,DE,mobile
1865,2023-09-27,US,desktop
1866,2023-03-03,IN,desktop
1867,2025-09-15,PH,mobile
1868,2024-04-26,US,desktop
1869,2025-03-30,IN,tablet
1870,2024-03-24,US,mobile
1871,2025-09-10,IN,desktop
1872,2023-10-23,DE,mobile
1873,2023-08-10,PH,mobile
1874,2023-10-24,IN,desktop
1875,2023-10-14,US,mobile
1876,2023-04-19,DE,tablet
1877,2025-11-01,IN,mobile
1878,2024-04-03,AU,desktop
1879,2024-06-05,US,mobile
1880,2025-07-13,IN,desktop
1881,2024-01-12,US,mobile
1882,2026-02-20,DE,desktop
1883,2025-01-29,US,mobile
1884,2026-01-29,US,mobile
1885,2025-05-24,AU,desktop
1886,2023-04-03,PH,mobile
1887,2023-10-17,US,desktop
1888,2023-09-12,US,desktop
1889,2023-03-06,GB,desktop
1890,2024-06-07,US,mobile
1891,2023-03-08,IN,desktop
1892,2023-06-15,IN,tablet
1893,2024-09-18,GB,desktop
1894,2023-07-19,GB,mobile
1895,2025-07-03,BR,mobile
1896,2025-03-08,US,mobile
1897,2023-03-10,IN,tablet
1898,2023-09-28,CA,mobile
1899,2024-04-21,US,mobile
1900,2025-09-12,BR,mobile
1901,2025-11-17,IN,mobile
1902,2023-03-08,US,desktop
1903,2023-10-14,BR,mobile
1904,2025-04-28,IN,mobile
1905,2025-11-20,IN,desktop
1906,2025-06-09,DE,mobile
1907,2025-12-31,BR,mobile
1908,2025-10-01,IN,mobile
1909,2025-01-20,US,tablet
1910,2024-07-22,PH,desktop
1911,2023-07-20,US,mobile
1912,2023-06-13,BR,mobile
1913,2025-06-27,GB,desktop
1914,2024-07-23,US,desktop
1915,2024-01-09,IN,desktop
1916,2026-03-18,IN,mobile
1917,2024-11-24,CA,mobile
1918,2026-03-01,CA,mobile
1919,2025-09-08,BR,mobile
1920,2024-09-03,GB,tablet
1921,2026-02-20,US,mobile
1922,2023-06-26,PH,mobile
1923,2023-09-25,IN,mobile
1924,2024-06-19,IN,mobile
1925,2025-05-10,DE,desktop
1926,2023-12-11,BR,mobile
1927,2024-04-13,CA,mobile
1928,2023-08-28,US,desktop
1929,2023-06-03,BR,desktop
1930,2025-11-30,GB,desktop
1931,2026-04-02,PH,desktop
1932,2024-12-17,US,mobile
1933,2025-12-19,BR,mobile
1934,2026-04-28,CA,desktop
1935,2025-02-16,CA,desktop
1936,2024-12-28,US,mobile
1937,2024-04-19,IN,mobile
1938,2023-08-02,IN,mobile
1939,2023-04-15,IN,desktop
1940,2023-10-24,US,mobile
1941,2023-04-17,BR,desktop
1942,2025-04-06,IN,mobile
1943,2023-09-21,BR,desktop
1944,2024-01-19,IN,desktop
1945,2023-02-23,IN,desktop
1946,2024-01-20,IN,tablet
1947,2026-03-21,PH,mobile
1948,2024-10-05,US,desktop
1949,2025-11-10,US,mobile
1950,2026-01-01,DE,mobile
1951,2023-07-30,IN,mobile
1952,2023-05-15,IN,mobile
1953,2025-05-09,IN,tablet
1954,2024-07-02,BR,mobile
1955,2023-10-25,US,desktop
1956,2025-10-06,US,mobile
1957,2026-03-03,US,desktop
1958,2024-03-05,US,desktop
1959,2025-07-23,US,mobile
1960,2023-11-12,CA,desktop
1961,2023-03-02,US,desktop
1962,2025-12-23,CA,mobile
1963,2024-05-06,GB,desktop
1964,2024-12-21,US,desktop
1965,2024-05-20,BR,mobile
1966,2023-04-17,IN,desktop
1967,2023-10-11,GB,mobile
1968,2024-06-14,US,mobile
1969,2023-03-12,AU,mobile
1970,2023-10-27,US,desktop
1971,2023-08-05,IN,mobile
1972,2025-11-06,IN,mobile
1973,2023-05-27,BR,mobile
1974,2025-06-24,US,mobile
1975,2024-04-24,IN,mobile
1976,2023-04-02,GB,mobile
1977,2023-03-19,AU,desktop
1978,2026-01-28,US,mobile
1979,2024-06-07,PH,mobile
1980,2023-06-21,CA,mobile
1981,2024-06-29,GB,mobile
1982,2026-02-17,IN,mobile
1983,2024-07-16,AU,mobile
1984,2024-06-06,US,mobile
1985,2024-01-28,IN,desktop
1986,2026-04-16,US,mobile
1987,2025-08-17,DE,mobile
1988,2023-06-12,US,desktop
1989,2024-11-06,IN,tablet
1990,2024-08-15,IN,mobile
1991,2025-10-14,US,mobile
1992,2024-08-12,IN,mobile
1993,2025-05-21,US,desktop
1994,2025-02-02,IN,mobile
1995,2024-10-05,AU,mobile
1996,2024-02-07,US,mobile
1997,2026-04-28,IN,desktop
1998,2024-03-13,IN,mobile
1999,2023-03-12,GB,mobile
2000,2024-05-29,BR,desktop
2001,2025-11-24,IN,mobile
2002,2024-11-09,IN,desktop
2003,2023-11-28,BR,mobile
2004,2025-09-23,AU,mobile
2005,2023-07-28,IN,mobile
2006,2024-06-23,GB,mobile
2007,2025-08-28,IN,mobile
2008,2023-04-30,IN,desktop
2009,2025-11-27,IN,desktop
2010,2025-05-18,US,desktop
2011,2024-04-23,IN,desktop
2012,2024-11-10,BR,mobile
2013,2025-01-04,US,mobile
2014,2026-02-24,PH,desktop
2015,2025-09-30,DE,desktop
2016,2026-01-23,US,mobile
2017,2026-03-08,IN,tablet
2018,2025-09-11,US,desktop
2019,2023-11-24,PH,mobile
2020,2024-04-25,BR,mobile
2021,2026-02-12,IN,tablet
2022,2025-06-18,GB,tablet
2023,2023-05-11,DE,mobile
2024,2023-04-17,US,mobile
2025,2023-10-28,US,tablet
2026,2025-01-01,US,mobile
2027,2023-12-07,CA,desktop
2028,2024-05-02,GB,desktop
2029,2024-10-08,US,mobile
2030,2024-07-10,IN,desktop
2031,2024-11-04,US,mobile
2032,2024-09-28,BR,mobile
2033,2025-09-28,US,mobile
2034,2025-01-20,IN,mobile
2035,2024-06-05,PH,mobile
2036,2024-11-27,CA,mobile
2037,2025-09-06,PH,mobile
2038,2023-02-22,AU,tablet
2039,2025-05-02,PH,mobile
2040,2026-01-15,US,mobile
2041,2024-11-20,IN,mobile
2042,2023-03-29,US,mobile
2043,2024-04-14,BR,mobile
2044,2025-07-10,IN,desktop
2045,2023-05-18,IN,mobile
2046,2023-10-12,BR,mobile
2047,2023-04-15,US,mobile
2048,2025-08-05,PH,mobile
2049,2024-11-19,CA,mobile
2050,2025-01-30,US,mobile
2051,2023-04-28,US,mobile
2052,2024-01-20,US,tablet
2053,2025-09-03,IN,mobile
2054,2023-05-17,IN,mobile
2055,2025-04-23,IN,mobile
2056,2024-12-08,US,mobile
2057,2025-04-17,PH,mobile
2058,2024-05-19,BR,desktop
2059,2025-11-21,US,mobile
2060,2025-03-22,PH,mobile
2061,2023-03-16,IN,mobile
2062,2025-08-30,US,tablet
2063,2025-03-22,US,desktop
2064,2023-04-28,US,mobile
2065,2024-11-13,CA,mobile
2066,2023-04-30,IN,desktop
2067,2024-05-22,AU,desktop
2068,2023-03-18,US,mobile
2069,2023-07-27,AU,mobile
2070,2023-03-15,DE,desktop
2071,2024-03-15,US,mobile
2072,2023-06-11,IN,desktop
2073,2023-11-29,DE,desktop
2074,2024-07-15,IN,desktop
2075,2026-04-16,IN,mobile
2076,2025-05-06,US,desktop
2077,2025-01-02,US,mobile
2078,2025-01-29,IN,mobile
2079,2023-12-19,US,desktop
2080,2025-05-25,PH,mobile
2081,2023-08-01,PH,mobile
2082,2025-04-26,DE,mobile
2083,2024-07-24,IN,mobile
2084,2023-11-18,CA,mobile
2085,2025-08-04,PH,desktop
2086,2023-04-29,US,mobile
2087,2024-08-21,GB,mobile
2088,2024-07-05,US,mobile
2089,2025-05-03,DE,desktop
2090,2024-01-19,GB,desktop
2091,2025-08-29,US,mobile
2092,2025-06-16,AU,desktop
2093,2025-12-21,IN,mobile
2094,2023-06-20,CA,mobile
2095,2025-07-25,BR,mobile
2096,2024-08-20,IN,mobile
2097,2024-02-29,BR,mobile
2098,2024-03-19,IN,desktop
2099,2024-08-09,GB,mobile
2100,2023-07-27,IN,mobile
2101,2025-06-03,AU,mobile
2102,2025-04-28,PH,mobile
2103,2024-08-18,PH,mobile
2104,2025-09-24,IN,desktop
2105,2023-10-07,US,mobile
2106,2024-07-20,PH,mobile
2107,2023-10-01,GB,desktop
2108,2023-09-19,US,mobile
2109,2024-03-30,BR,mobile
2110,2023-08-02,AU,mobile
2111,2025-04-27,US,mobile
2112,2026-03-05,GB,mobile
2113,2025-05-02,US,mobile
2114,2023-10-18,DE,mobile
2115,2023-08-07,IN,mobile
2116,2025-06-14,BR,tablet
2117,2024-03-17,IN,mobile
2118,2025-12-29,BR,mobile
2119,2024-05-05,AU,mobile
2120,2025-05-20,CA,mobile
2121,2024-12-23,BR,mobile
2122,2025-12-11,US,mobile
2123,2025-08-21,US,mobile
2124,2025-02-20,US,desktop
2125,2025-07-24,AU,desktop
2126,2024-10-12,IN,desktop
2127,2023-07-16,CA,tablet
2128,2023-05-19,GB,mobile
2129,2023-05-22,US,mobile
2130,2023-07-14,IN,mobile
2131,2024-01-12,US,desktop
2132,2023-12-04,US,desktop
2133,2026-05-02,DE,mobile
2134,2026-01-08,BR,desktop
2135,2025-01-14,GB,mobile
2136,2024-11-22,IN,desktop
2137,2025-05-04,US,desktop
2138,2025-04-11,CA,mobile
2139,2025-02-03,DE,mobile
2140,2023-03-15,IN,mobile
2141,2025-02-01,IN,mobile
2142,2023-05-28,US,mobile
2143,2025-12-07,CA,desktop
2144,2023-05-29,US,mobile
2145,2024-04-11,AU,mobile
2146,2023-08-26,CA,mobile
2147,2025-05-17,BR,desktop
2148,2023-12-08,DE,tablet
2149,2023-12-20,PH,mobile
2150,2024-01-22,IN,desktop
2151,2024-04-14,CA,mobile
2152,2024-08-24,US,mobile
2153,2023-06-24,DE,mobile
2154,2024-06-20,PH,desktop
2155,2024-03-07,PH,desktop
2156,2024-10-18,PH,mobile
2157,2026-01-07,GB,desktop
2158,2024-09-18,BR,desktop
2159,2023-08-13,US,mobile
2160,2025-10-26,GB,mobile
2161,2023-08-01,IN,mobile
2162,2025-07-22,CA,mobile
2163,2025-11-26,BR,mobile
2164,2025-08-02,DE,mobile
2165,2023-04-06,CA,mobile
2166,2025-03-30,US,mobile
2167,2023-07-12,GB,mobile
2168,2024-11-02,US,mobile
2169,2024-11-25,CA,mobile
2170,2024-11-30,US,desktop
2171,2025-05-05,CA,mobile
2172,2023-05-26,GB,tablet
2173,2024-03-22,DE,mobile
2174,2025-10-23,IN,desktop
2175,2023-04-26,US,desktop
2176,2024-12-12,BR,tablet
2177,2026-04-07,GB,tablet
2178,2025-07-14,CA,desktop
2179,2023-03-19,US,tablet
2180,2023-03-25,CA,mobile
2181,2025-05-29,US,desktop
2182,2024-09-18,BR,mobile
2183,2024-08-04,DE,mobile
2184,2024-06-02,IN,mobile
2185,2024-04-05,IN,desktop
2186,2023-04-04,PH,mobile
2187,2025-06-15,IN,mobile
2188,2024-02-17,IN,desktop
2189,2025-08-01,IN,mobile
2190,2024-09-10,US,mobile
2191,2024-06-09,DE,desktop
2192,2025-03-01,US,mobile
2193,2024-12-17,BR,mobile
2194,2023-11-08,IN,desktop
2195,2024-04-01,CA,mobile
2196,2025-01-09,US,desktop
2197,2025-05-02,BR,desktop
2198,2023-11-29,BR,desktop
2199,2025-02-17,IN,mobile
2200,2025-09-10,IN,desktop
2201,2026-01-13,IN,mobile
2202,2026-04-05,IN,mobile
2203,2025-01-10,PH,tablet
2204,2025-04-29,BR,mobile
2205,2023-03-02,PH,desktop
2206,2024-01-13,BR,mobile
2207,2024-03-06,IN,desktop
2208,2023-02-25,IN,mobile
2209,2026-02-14,AU,desktop
2210,2025-09-05,AU,desktop
2211,2024-07-24,US,desktop
2212,2023-09-24,IN,mobile
2213,2025-05-06,US,mobile
2214,2024-05-28,BR,mobile
2215,2024-11-19,IN,mobile
2216,2024-10-27,BR,tablet
2217,2023-05-07,PH,mobile
2218,2023-05-27,US,mobile
2219,2024-03-26,CA,mobile
2220,2024-07-29,US,mobile
2221,2024-08-22,IN,mobile
2222,2024-07-24,IN,desktop
2223,2025-08-30,BR,desktop
2224,2026-03-19,IN,mobile
2225,2025-06-27,AU,mobile
2226,2024-05-03,PH,desktop
2227,2024-12-13,AU,desktop
2228,2023-11-06,GB,desktop
2229,2024-11-28,PH,mobile
2230,2024-06-19,US,mobile
2231,2024-07-09,US,mobile
2232,2023-10-02,IN,mobile
2233,2024-02-23,US,desktop
2234,2024-06-13,US,mobile
2235,2024-02-24,US,mobile
2236,2024-02-02,US,desktop
2237,2026-03-28,US,desktop
2238,2025-06-07,US,desktop
2239,2023-06-20,CA,mobile
2240,2025-11-06,AU,mobile
2241,2025-08-06,GB,desktop
2242,2024-07-10,BR,desktop
2243,2023-05-25,IN,desktop
2244,2023-12-27,US,desktop
2245,2025-07-15,US,mobile
2246,2024-07-30,US,mobile
2247,2024-02-07,US,mobile
2248,2025-10-07,DE,desktop
2249,2024-03-13,US,desktop
2250,2023-10-02,IN,tablet
2251,2025-01-27,US,desktop
2252,2025-10-09,AU,tablet
2253,2025-04-15,US,mobile
2254,2025-01-02,DE,mobile
2255,2026-02-24,IN,desktop
2256,2023-07-30,BR,desktop
2257,2024-07-07,BR,desktop
2258,2025-09-06,US,desktop
2259,2023-04-21,IN,desktop
2260,2025-05-13,BR,mobile
2261,2023-03-01,CA,mobile
2262,2023-04-10,BR,desktop
2263,2023-08-18,BR,mobile
2264,2024-09-28,US,mobile
2265,2023-05-02,IN,mobile
2266,2025-06-29,US,desktop
2267,2023-11-20,BR,mobile
2268,2026-04-26,IN,mobile
2269,2023-06-01,IN,mobile
2270,2024-09-16,US,mobile
2271,2024-09-17,PH,desktop
2272,2023-07-22,IN,mobile
2273,2025-10-23,PH,desktop
2274,2025-07-07,US,mobile
2275,2023-07-09,US,mobile
2276,2024-05-24,US,tablet
2277,2025-10-10,US,desktop
2278,2026-03-08,IN,mobile
2279,2026-03-25,US,mobile
2280,2026-04-29,US,desktop
2281,2026-04-05,US,mobile
2282,2024-07-22,PH,mobile
2283,2023-03-09,PH,mobile
2284,2025-12-24,IN,desktop
2285,2025-09-13,IN,desktop
2286,2023-03-16,IN,mobile
2287,2025-10-23,US,desktop
2288,2024-04-08,US,desktop
2289,2023-10-28,IN,desktop
2290,2024-10-03,IN,mobile
2291,2023-09-03,US,mobile
2292,2024-12-06,GB,mobile
2293,2024-08-10,US,desktop
2294,2026-01-06,IN,desktop
2295,2025-03-24,US,desktop
2296,2024-01-10,DE,desktop
2297,2025-01-17,DE,mobile
2298,2023-03-29,GB,mobile
2299,2023-04-05,IN,mobile
2300,2024-07-20,US,desktop
2301,2023-12-16,AU,mobile
2302,2024-07-08,AU,desktop
2303,2024-01-10,IN,mobile
2304,2025-09-10,US,desktop
2305,2024-01-10,IN,mobile
2306,2025-09-09,PH,mobile
2307,2024-12-01,IN,tablet
2308,2026-04-09,BR,mobile
2309,2026-04-02,IN,mobile
2310,2024-01-24,BR,mobile
2311,2024-12-12,US,tablet
2312,2023-10-29,IN,desktop
2313,2024-02-09,GB,desktop
2314,2024-05-24,IN,mobile
2315,2025-09-19,US,mobile
2316,2026-01-19,BR,mobile
2317,2025-12-21,IN,mobile
2318,2026-01-14,US,mobile
2319,2025-06-15,GB,desktop
2320,2025-04-02,BR,mobile
2321,2024-04-02,PH,desktop
2322,2024-03-07,GB,mobile
2323,2024-07-30,US,mobile
2324,2023-09-27,US,mobile
2325,2024-02-10,US,mobile
2326,2024-04-04,IN,desktop
2327,2026-01-23,BR,mobile
2328,2026-01-22,IN,mobile
2329,2024-08-07,IN,desktop
2330,2025-01-01,BR,mobile
2331,2025-09-22,IN,desktop
2332,2025-12-21,GB,desktop
2333,2025-04-06,PH,desktop
2334,2025-02-06,BR,desktop
2335,2025-12-03,IN,mobile
2336,2023-06-16,US,desktop
2337,2024-01-28,IN,mobile
2338,2023-09-06,GB,desktop
2339,2023-05-04,IN,mobile
2340,2024-04-23,US,desktop
2341,2025-06-21,CA,mobile
2342,2025-08-29,US,mobile
2343,2026-03-29,AU,desktop
2344,2026-01-03,IN,mobile
2345,2025-09-28,IN,mobile
2346,2023-08-13,IN,mobile
2347,2024-11-29,BR,mobile
2348,2024-09-22,US,mobile
2349,2023-07-04,US,mobile
2350,2026-01-26,BR,mobile
2351,2026-04-11,BR,tablet
2352,2023-07-10,US,desktop
2353,2025-06-28,PH,tablet
2354,2024-08-04,US,tablet
2355,2024-04-13,AU,tablet
2356,2023-05-03,IN,tablet
2357,2025-11-12,CA,mobile
2358,2026-03-20,BR,mobile
2359,2025-12-28,BR,mobile
2360,2025-08-02,US,mobile
2361,2023-11-07,GB,mobile
2362,2025-04-09,DE,mobile
2363,2023-07-18,AU,desktop
2364,2025-12-17,CA,desktop
2365,2026-02-08,US,mobile
2366,2025-10-04,US,mobile
2367,2024-05-08,US,mobile
2368,2024-07-28,PH,mobile
2369,2025-10-29,GB,mobile
2370,2025-04-29,GB,mobile
2371,2023-11-25,CA,desktop
2372,2024-11-03,IN,mobile
2373,2024-11-07,BR,mobile
2374,2025-12-14,CA,desktop
2375,2024-01-12,DE,desktop
2376,2023-03-28,US,desktop
2377,2026-01-27,PH,mobile
2378,2024-09-04,IN,mobile
2379,2025-08-07,US,mobile
2380,2025-04-12,PH,desktop
2381,2025-11-01,US,mobile
2382,2024-09-16,IN,mobile
2383,2025-07-02,US,mobile
2384,2024-03-01,PH,desktop
2385,2025-06-05,US,mobile
2386,2024-12-04,US,mobile
2387,2025-11-22,US,desktop
2388,2024-08-13,PH,mobile
2389,2023-06-01,BR,mobile
2390,2024-09-15,BR,desktop
2391,2025-02-12,US,mobile
2392,2024-03-20,PH,mobile
2393,2024-07-13,US,desktop
2394,2025-06-07,IN,desktop
2395,2025-01-12,AU,mobile
2396,2023-11-17,US,desktop
2397,2026-01-17,AU,mobile
2398,2024-12-07,PH,mobile
2399,2023-04-01,US,tablet
2400,2023-08-08,BR,desktop
2401,2023-08-13,IN,desktop
2402,2025-03-07,DE,desktop
2403,2023-09-08,IN,desktop
2404,2025-09-11,US,mobile
2405,2023-07-07,GB,mobile
2406,2025-06-16,IN,mobile
2407,2026-01-22,IN,mobile
2408,2026-01-25,PH,mobile
2409,2023-11-06,IN,desktop
2410,2024-03-31,US,mobile
2411,2023-10-19,AU,desktop
2412,2025-07-26,GB,desktop
2413,2024-05-06,BR,mobile
2414,2025-01-20,US,mobile
2415,2024-07-05,US,mobile
2416,2025-05-23,IN,mobile
2417,2023-06-05,US,mobile
2418,2025-07-03,IN,mobile
2419,2023-10-05,BR,desktop
2420,2023-05-21,CA,mobile
2421,2023-07-23,US,mobile
2422,2023-03-16,IN,desktop
2423,2023-09-18,US,desktop
2424,2023-11-26,US,mobile
2425,2024-01-12,IN,mobile
2426,2023-05-25,IN,mobile
2427,2025-05-20,IN,mobile
2428,2025-08-13,IN,mobile
2429,2024-10-08,IN,mobile
2430,2026-04-22,US,mobile
2431,2024-01-12,US,tablet
2432,2025-04-08,IN,tablet
2433,2024-03-12,IN,mobile
2434,2025-09-28,US,mobile
2435,2023-03-01,US,mobile
2436,2025-10-31,IN,mobile
2437,2025-05-27,US,desktop
2438,2023-03-05,CA,desktop
2439,2025-12-11,AU,desktop
2440,2025-09-30,PH,mobile
2441,2025-08-27,US,mobile
2442,2025-03-07,IN,desktop
2443,2025-08-05,IN,mobile
2444,2026-03-23,US,mobile
2445,2023-12-09,CA,mobile
2446,2024-02-03,GB,mobile
2447,2023-07-04,US,mobile
2448,2024-10-09,AU,mobile
2449,2026-03-08,IN,mobile
2450,2025-12-06,GB,tablet
2451,2024-07-30,US,mobile
2452,2025-06-22,CA,mobile
2453,2025-08-18,AU,mobile
2454,2026-02-27,CA,desktop
2455,2025-06-12,IN,desktop
2456,2023-03-17,DE,mobile
2457,2023-09-23,BR,mobile
2458,2025-05-09,IN,mobile
2459,2024-09-26,IN,mobile
2460,2026-02-18,IN,mobile
2461,2023-12-02,DE,mobile
2462,2023-07-18,US,desktop
2463,2024-10-30,BR,mobile
2464,2024-08-01,US,mobile
2465,2024-09-04,DE,mobile
2466,2024-07-04,AU,desktop
2467,2025-12-13,IN,mobile
2468,2025-02-08,PH,desktop
2469,2025-01-22,BR,mobile
2470,2024-03-21,PH,mobile
2471,2024-05-03,PH,desktop
2472,2025-05-12,IN,mobile
2473,2025-07-23,IN,mobile
2474,2024-06-09,US,mobile
2475,2024-01-16,US,mobile
2476,2025-07-16,CA,mobile
2477,2023-05-18,PH,desktop
2478,2024-12-21,AU,mobile
2479,2023-02-23,CA,mobile
2480,2025-07-27,GB,desktop
2481,2024-09-11,US,desktop
2482,2023-05-20,IN,desktop
2483,2025-06-05,US,desktop
2484,2024-10-10,IN,mobile
2485,2023-10-17,IN,mobile
2486,2024-06-01,CA,mobile
2487,2024-03-18,GB,mobile
2488,2024-05-27,US,mobile
2489,2023-07-22,IN,mobile
2490,2023-07-06,IN,mobile
2491,2024-09-28,IN,mobile
2492,2024-09-22,GB,tablet
2493,2023-08-07,DE,desktop
2494,2023-04-10,PH,mobile
2495,2024-07-13,AU,desktop
2496,2023-10-06,IN,mobile
2497,2024-05-03,GB,mobile
2498,2023-06-27,DE,mobile
2499,2024-03-08,GB,desktop
2500,2024-06-16,IN,mobile
2501,2024-06-07,US,mobile
2502,2025-05-18,IN,mobile
2503,2026-04-16,IN,desktop
2504,2025-10-15,PH,mobile
2505,2023-07-18,AU,desktop
2506,2024-03-02,AU,desktop
2507,2024-07-20,PH,mobile
2508,2026-03-09,PH,mobile
2509,2023-12-06,BR,tablet
2510,2024-06-21,US,mobile
2511,2024-06-26,US,mobile
2512,2024-12-15,US,mobile
2513,2024-05-16,US,mobile
2514,2025-09-16,BR,mobile
2515,2024-05-22,IN,mobile
2516,2023-07-14,PH,mobile
2517,2024-12-23,CA,desktop
2518,2025-06-14,IN,desktop
2519,2026-03-19,IN,mobile
2520,2025-12-23,US,mobile
2521,2024-03-04,US,desktop
2522,2025-06-16,IN,mobile
2523,2024-03-09,IN,desktop
2524,2024-11-20,AU,mobile
2525,2025-02-21,IN,desktop
2526,2024-07-11,IN,tablet
2527,2024-05-03,US,mobile
2528,2023-04-17,AU,mobile
2529,2024-05-16,DE,desktop
2530,2025-03-10,US,desktop
2531,2025-06-29,PH,mobile
2532,2023-09-15,US,mobile
2533,2026-03-15,US,mobile
2534,2023-10-30,IN,mobile
2535,2023-06-12,BR,desktop
2536,2025-04-29,IN,mobile
2537,2023-10-23,US,mobile
2538,2024-03-24,PH,desktop
2539,2024-02-04,US,mobile
2540,2024-03-04,IN,desktop
2541,2024-08-01,US,mobile
2542,2025-09-13,BR,tablet
2543,2023-10-21,US,mobile
2544,2023-05-06,CA,desktop
2545,2023-04-11,DE,desktop
2546,2026-02-17,IN,desktop
2547,2025-07-28,GB,mobile
2548,2026-02-19,US,mobile
2549,2023-09-20,BR,mobile
2550,2024-07-24,IN,desktop
2551,2023-08-06,US,desktop
2552,2025-05-01,US,mobile
2553,2023-08-08,DE,tablet
2554,2024-07-25,US,desktop
2555,2023-12-20,DE,mobile
2556,2025-05-21,US,mobile
2557,2024-04-01,BR,mobile
2558,2023-06-30,IN,desktop
2559,2023-11-22,GB,desktop
2560,2024-11-17,GB,mobile
2561,2025-01-07,GB,mobile
2562,2025-12-21,IN,tablet
2563,2023-11-03,GB,desktop
2564,2025-06-17,US,desktop
2565,2023-02-21,US,mobile
2566,2025-10-27,GB,mobile
2567,2023-09-11,IN,tablet
2568,2023-03-03,CA,tablet
2569,2023-09-25,PH,mobile
2570,2023-11-20,GB,mobile
2571,2023-05-04,DE,mobile
2572,2025-07-27,US,mobile
2573,2025-08-16,US,mobile
2574,2025-09-03,US,mobile
2575,2024-01-12,IN,desktop
2576,2024-01-23,BR,mobile
2577,2024-09-03,US,mobile
2578,2023-10-29,AU,desktop
2579,2023-03-15,US,desktop
2580,2024-09-26,IN,desktop
2581,2023-07-12,US,desktop
2582,2023-05-19,DE,mobile
2583,2025-01-25,US,desktop
2584,2024-12-12,IN,mobile
2585,2026-01-24,BR,mobile
2586,2024-06-03,US,mobile
2587,2025-03-03,CA,mobile
2588,2026-02-19,AU,mobile
2589,2024-07-01,US,mobile
2590,2024-08-09,PH,mobile
2591,2023-07-05,CA,desktop
2592,2025-08-08,DE,mobile
2593,2023-11-28,US,desktop
2594,2025-12-11,US,mobile
2595,2024-01-28,IN,mobile
2596,2025-03-05,IN,desktop
2597,2023-11-24,IN,mobile
2598,2024-06-04,US,mobile
2599,2025-04-16,GB,desktop
2600,2023-08-17,GB,mobile
2601,2023-11-10,US,desktop
2602,2025-04-08,CA,mobile
2603,2023-06-07,PH,tablet
2604,2024-09-06,US,mobile
2605,2024-02-24,IN,mobile
2606,2024-03-12,BR,mobile
2607,2026-02-15,IN,desktop
2608,2026-04-20,US,desktop
2609,2024-09-11,AU,desktop
2610,2024-07-10,IN,desktop
2611,2024-08-21,AU,mobile
2612,2024-05-27,DE,mobile
2613,2023-12-31,PH,desktop
2614,2025-12-12,IN,mobile
2615,2023-06-03,PH,desktop
2616,2024-11-27,US,mobile
2617,2023-12-09,IN,desktop
2618,2024-12-03,PH,mobile
2619,2024-03-11,PH,mobile
2620,2023-12-12,US,tablet
2621,2025-11-10,IN,tablet
2622,2025-04-29,BR,desktop
2623,2023-08-26,GB,desktop
2624,2025-03-03,IN,mobile
2625,2025-08-26,PH,mobile
2626,2026-02-21,US,desktop
2627,2025-11-18,BR,desktop
2628,2025-07-18,AU,mobile
2629,2026-01-09,US,mobile
2630,2024-03-28,DE,tablet
2631,2024-03-12,BR,mobile
2632,2025-04-29,GB,mobile
2633,2023-12-03,IN,desktop
2634,2024-06-07,GB,desktop
2635,2023-05-13,IN,mobile
2636,2025-03-05,IN,mobile
2637,2023-07-13,US,desktop
2638,2024-06-12,IN,mobile
2639,2023-05-04,IN,mobile
2640,2024-03-31,IN,mobile
2641,2023-02-20,US,desktop
2642,2025-01-13,US,desktop
2643,2024-12-27,US,mobile
2644,2023-07-01,IN,desktop
2645,2025-11-27,IN,desktop
2646,2026-04-26,US,desktop
2647,2023-10-01,DE,mobile
2648,2025-12-01,GB,mobile
2649,2025-01-15,US,mobile
2650,2024-07-23,GB,mobile
2651,2023-04-09,US,desktop
2652,2025-10-29,US,mobile
2653,2025-10-11,CA,desktop
2654,2025-05-19,US,desktop
2655,2025-11-28,US,desktop
2656,2025-07-27,BR,desktop
2657,2026-04-01,US,mobile
2658,2023-09-24,CA,desktop
2659,2024-01-25,US,mobile
2660,2025-07-06,US,mobile
2661,2024-04-05,US,mobile
2662,2024-11-16,US,mobile
2663,2025-01-06,DE,mobile
2664,2023-07-23,DE,mobile
2665,2025-11-17,US,desktop
2666,2024-10-25,AU,mobile
2667,2025-05-20,IN,mobile
2668,2023-07-08,CA,mobile
2669,2026-01-19,BR,mobile
2670,2024-05-15,BR,mobile
2671,2024-06-21,AU,mobile
2672,2023-10-03,GB,mobile
2673,2024-06-15,IN,desktop
2674,2025-01-31,PH,desktop
2675,2025-03-02,PH,mobile
2676,2024-07-29,GB,mobile
2677,2024-07-28,IN,desktop
2678,2026-04-10,IN,mobile
2679,2024-04-06,US,mobile
2680,2024-02-28,IN,desktop
2681,2024-09-04,US,desktop
2682,2026-04-08,CA,mobile
2683,2024-01-04,AU,desktop
2684,2023-12-10,US,mobile
2685,2025-12-13,AU,mobile
2686,2023-02-26,BR,mobile
2687,2025-03-04,US,mobile
2688,2023-04-09,GB,mobile
2689,2023-07-20,IN,desktop
2690,2024-04-27,IN,mobile
2691,2023-10-07,IN,mobile
2692,2023-10-27,US,mobile
2693,2025-05-07,PH,desktop
2694,2025-08-05,US,mobile
2695,2025-03-03,GB,mobile
2696,2024-11-08,US,desktop
2697,2025-10-28,PH,desktop
2698,2023-12-19,IN,mobile
2699,2026-02-09,US,mobile
2700,2025-11-30,GB,mobile
2701,2025-04-06,IN,mobile
2702,2025-05-28,US,mobile
2703,2023-07-05,US,mobile
2704,2025-10-13,US,mobile
2705,2025-07-18,AU,mobile
2706,2025-07-04,PH,mobile
2707,2025-01-09,US,desktop
2708,2025-12-23,US,mobile
2709,2025-02-14,BR,mobile
2710,2025-09-04,DE,mobile
2711,2025-07-31,GB,mobile
2712,2024-05-06,CA,mobile
2713,2025-10-12,US,mobile
2714,2023-04-08,US,mobile
2715,2025-12-19,IN,desktop
2716,2024-08-02,IN,desktop
2717,2024-10-21,GB,desktop
2718,2023-05-16,BR,mobile
2719,2026-01-20,BR,mobile
2720,2025-03-01,DE,mobile
2721,2024-11-11,BR,mobile
2722,2024-01-21,GB,mobile
2723,2025-10-07,GB,mobile
2724,2025-03-31,US,mobile
2725,2025-04-19,IN,mobile
2726,2024-09-11,IN,mobile
2727,2025-06-29,US,desktop
2728,2025-11-09,IN,desktop
2729,2026-03-31,IN,desktop
2730,2023-11-17,CA,desktop
2731,2023-07-08,DE,mobile
2732,2025-06-30,US,mobile
2733,2023-09-25,DE,mobile
2734,2024-10-29,PH,desktop
2735,2025-03-01,PH,mobile
2736,2023-03-21,US,mobile
2737,2024-05-14,PH,desktop
2738,2024-10-30,US,mobile
2739,2023-12-24,BR,mobile
2740,2023-06-03,US,desktop
2741,2023-12-28,CA,desktop
2742,2023-08-18,CA,mobile
2743,2023-04-03,IN,mobile
2744,2024-09-22,PH,desktop
2745,2024-06-16,IN,mobile
2746,2025-11-26,IN,tablet
2747,2025-12-24,US,mobile
2748,2025-09-28,US,mobile
2749,2024-06-18,US,mobile
2750,2024-12-24,US,tablet
2751,2023-05-14,BR,mobile
2752,2024-12-08,US,mobile
2753,2023-09-05,US,mobile
2754,2023-11-15,PH,tablet
2755,2023-05-24,IN,mobile
2756,2023-12-13,PH,mobile
2757,2024-02-11,US,tablet
2758,2026-01-28,IN,desktop
2759,2025-05-09,IN,desktop
2760,2025-02-27,US,mobile
2761,2024-12-21,US,desktop
2762,2026-03-18,PH,tablet
2763,2026-01-24,BR,desktop
2764,2025-08-09,US,desktop
2765,2023-09-24,IN,mobile
2766,2023-04-10,IN,mobile
2767,2023-04-16,IN,mobile
2768,2025-06-24,AU,mobile
2769,2024-11-01,BR,mobile
2770,2025-12-26,BR,mobile
2771,2025-04-30,IN,mobile
2772,2024-02-21,PH,mobile
2773,2024-08-10,US,desktop
2774,2026-01-11,US,desktop
2775,2026-01-02,CA,mobile
2776,2023-05-27,GB,mobile
2777,2025-08-12,US,mobile
2778,2024-04-29,BR,mobile
2779,2024-04-03,US,mobile
2780,2024-02-13,US,mobile
2781,2024-08-01,CA,mobile
2782,2024-07-25,PH,desktop
2783,2025-06-13,US,desktop
2784,2025-03-06,GB,mobile
2785,2023-05-09,US,mobile
2786,2026-03-28,PH,mobile
2787,2025-11-11,US,mobile
2788,2025-06-01,CA,desktop
2789,2024-02-12,US,mobile
2790,2026-02-21,IN,desktop
2791,2024-11-23,DE,mobile
2792,2023-11-12,US,desktop
2793,2025-11-28,IN,desktop
2794,2024-12-15,US,mobile
2795,2024-10-25,IN,mobile
2796,2024-03-04,PH,desktop
2797,2025-08-06,PH,mobile
2798,2023-08-29,BR,mobile
2799,2023-07-14,US,mobile
2800,2025-05-22,AU,mobile
2801,2024-06-07,US,desktop
2802,2023-07-14,AU,desktop
2803,2024-11-01,US,mobile
2804,2025-12-07,BR,mobile
2805,2024-07-11,DE,mobile
2806,2024-08-24,DE,mobile
2807,2023-05-12,US,mobile
2808,2023-11-05,US,desktop
2809,2025-12-04,PH,desktop
2810,2023-12-19,BR,desktop
2811,2023-12-08,PH,mobile
2812,2024-03-20,US,desktop
2813,2024-06-11,CA,desktop
2814,2024-07-10,IN,mobile
2815,2024-10-09,BR,tablet
2816,2025-08-18,GB,mobile
2817,2023-10-22,BR,mobile
2818,2025-07-28,IN,desktop
2819,2024-06-01,IN,mobile
2820,2026-04-22,BR,desktop
2821,2025-03-06,BR,mobile
2822,2024-11-24,IN,mobile
2823,2024-05-17,PH,mobile
2824,2025-06-26,US,mobile
2825,2024-05-17,US,mobile
2826,2025-07-25,PH,desktop
2827,2023-12-20,BR,mobile
2828,2024-04-15,IN,desktop
2829,2023-09-27,PH,desktop
2830,2025-10-31,US,mobile
2831,2024-10-07,CA,tablet
2832,2025-07-30,US,desktop
2833,2023-07-01,PH,mobile
2834,2023-12-11,IN,mobile
2835,2023-07-23,PH,mobile
2836,2025-01-23,US,mobile
2837,2026-02-25,IN,desktop
2838,2023-11-16,US,desktop
2839,2024-01-15,US,mobile
2840,2025-10-03,US,mobile
2841,2025-09-22,IN,mobile
2842,2025-02-09,AU,mobile
2843,2023-11-02,IN,desktop
2844,2024-05-05,DE,mobile
2845,2024-11-06,GB,mobile
2846,2024-06-21,US,mobile
2847,2025-06-14,US,desktop
2848,2025-05-21,GB,mobile
2849,2023-03-06,IN,mobile
2850,2023-02-26,CA,mobile
2851,2023-03-25,US,tablet
2852,2025-01-31,GB,mobile
2853,2023-03-18,AU,mobile
2854,2024-04-15,CA,mobile
2855,2025-12-01,IN,mobile
2856,2025-10-19,GB,mobile
2857,2025-01-22,BR,desktop
2858,2025-10-12,IN,desktop
2859,2025-04-06,IN,desktop
2860,2026-04-16,DE,tablet
2861,2025-09-23,IN,mobile
2862,2025-07-29,US,mobile
2863,2025-07-14,US,mobile
2864,2025-09-11,CA,mobile
2865,2024-03-24,DE,mobile
2866,2023-10-15,US,desktop
2867,2024-04-23,US,desktop
2868,2025-10-07,BR,tablet
2869,2023-11-17,IN,tablet
2870,2025-02-23,PH,mobile
2871,2024-11-26,CA,desktop
2872,2023-05-15,US,desktop
2873,2025-05-05,IN,desktop
2874,2025-02-08,US,tablet
2875,2024-11-17,IN,mobile
2876,2025-10-30,PH,mobile
2877,2024-08-16,PH,mobile
2878,2023-06-29,IN,mobile
2879,2024-09-26,GB,mobile
2880,2025-10-24,US,mobile
2881,2026-02-06,US,mobile
2882,2023-04-24,US,desktop
2883,2024-07-29,IN,mobile
2884,2023-04-20,PH,mobile
2885,2025-08-03,US,desktop
2886,2025-08-31,GB,mobile
2887,2024-01-07,US,mobile
2888,2025-07-06,US,desktop
2889,2024-06-08,GB,tablet
2890,2024-02-26,PH,desktop
2891,2025-05-28,US,desktop
2892,2025-03-28,US,mobile
2893,2025-10-09,IN,mobile
2894,2025-11-26,IN,desktop
2895,2023-04-13,BR,tablet
2896,2024-10-01,BR,desktop
2897,2025-11-20,BR,desktop
2898,2026-04-26,PH,desktop
2899,2024-07-07,BR,mobile
2900,2025-07-20,IN,mobile
2901,2023-07-02,GB,desktop
2902,2024-05-08,US,desktop
2903,2024-09-01,BR,mobile
2904,2023-03-18,US,desktop
2905,2025-10-20,IN,mobile
2906,2026-02-22,US,mobile
2907,2025-09-10,GB,desktop
2908,2026-01-16,IN,mobile
2909,2024-07-31,DE,desktop
2910,2024-11-07,US,mobile
2911,2024-08-21,IN,mobile
2912,2023-09-13,IN,mobile
2913,2024-07-10,IN,desktop
2914,2025-10-15,AU,mobile
2915,2026-03-20,CA,desktop
2916,2024-06-29,IN,mobile
2917,2026-01-27,PH,mobile
2918,2025-04-05,CA,mobile
2919,2024-07-03,GB,desktop
2920,2024-10-31,GB,mobile
2921,2023-08-24,CA,desktop
2922,2025-11-11,BR,mobile
2923,2023-10-25,US,mobile
2924,2023-08-15,US,desktop
2925,2024-12-11,IN,mobile
2926,2024-12-27,GB,mobile
2927,2025-01-27,CA,desktop
2928,2026-04-01,BR,mobile
2929,2024-10-01,US,mobile
2930,2024-05-16,BR,desktop
2931,2025-07-20,AU,mobile
2932,2025-07-05,US,mobile
2933,2025-04-21,IN,desktop
2934,2023-11-25,AU,mobile
2935,2023-02-23,GB,mobile
2936,2026-04-19,IN,desktop
2937,2026-04-25,PH,mobile
2938,2024-12-31,US,mobile
2939,2025-05-25,DE,mobile
2940,2024-04-14,PH,mobile
2941,2025-05-27,GB,desktop
2942,2025-04-20,IN,desktop
2943,2024-12-24,GB,mobile
2944,2025-02-18,US,desktop
2945,2024-05-05,DE,mobile
2946,2025-01-31,PH,tablet
2947,2025-10-29,IN,mobile
2948,2024-02-25,US,mobile
2949,2025-06-10,US,mobile
2950,2023-05-11,US,mobile
2951,2025-02-28,US,mobile
2952,2023-05-12,BR,desktop
2953,2026-03-07,US,mobile
2954,2025-08-18,IN,mobile
2955,2023-06-04,PH,mobile
2956,2024-07-30,IN,mobile
2957,2024-03-03,DE,desktop
2958,2024-11-25,BR,desktop
2959,2025-08-01,PH,mobile
2960,2025-08-11,GB,mobile
2961,2025-02-06,AU,mobile
2962,2024-03-05,CA,mobile
2963,2024-12-20,GB,mobile
2964,2023-08-13,PH,mobile
2965,2024-11-19,BR,mobile
2966,2024-02-12,US,mobile
2967,2023-09-02,CA,desktop
2968,2025-07-23,IN,desktop
2969,2025-02-11,IN,desktop
2970,2023-07-27,IN,mobile
2971,2025-03-15,IN,mobile
2972,2023-12-22,CA,mobile
2973,2023-05-25,BR,mobile
2974,2025-01-29,IN,mobile
2975,2024-12-22,US,mobile
2976,2024-05-17,DE,mobile
2977,2024-05-29,PH,mobile
2978,2024-01-08,US,mobile
2979,2025-09-25,PH,desktop
2980,2023-12-31,IN,mobile
2981,2024-05-09,CA,mobile
2982,2025-02-09,US,mobile
2983,2025-10-30,IN,desktop
2984,2025-12-21,US,mobile
2985,2024-12-30,IN,mobile
2986,2024-03-19,US,mobile
2987,2026-04-01,US,desktop
2988,2024-07-29,US,mobile
2989,2023-10-14,IN,mobile
2990,2024-06-25,PH,mobile
2991,2023-06-14,US,desktop
2992,2023-09-06,PH,desktop
2993,2023-12-27,IN,desktop
2994,2023-07-24,CA,tablet
2995,2024-05-15,GB,mobile
2996,2024-05-23,PH,desktop
2997,2024-02-05,PH,mobile
2998,2023-12-14,US,mobile
2999,2024-06-24,CA,mobile
3000,2024-02-22,IN,mobile
3001,2025-05-15,US,mobile
3002,2024-09-19,CA,mobile
3003,2023-08-29,AU,mobile
3004,2024-06-16,CA,desktop
3005,2023-05-06,US,mobile
3006,2024-08-03,AU,tablet
3007,2024-02-12,DE,tablet
3008,2024-09-19,US,mobile
3009,2024-10-30,US,mobile
3010,2025-02-26,BR,mobile
3011,2025-01-02,US,desktop
3012,2024-01-27,GB,desktop
3013,2025-08-19,IN,mobile
3014,2026-01-27,US,desktop
3015,2023-10-27,US,desktop
3016,2024-11-12,DE,mobile
3017,2023-03-01,IN,mobile
3018,2024-08-03,US,mobile
3019,2025-09-09,US,desktop
3020,2023-08-24,GB,mobile
3021,2024-01-02,PH,mobile
3022,2025-01-09,IN,desktop
3023,2025-02-17,GB,desktop
3024,2024-11-17,US,desktop
3025,2024-10-12,US,desktop
3026,2024-09-23,BR,mobile
3027,2025-10-07,US,desktop
3028,2023-07-05,US,mobile
3029,2024-02-17,US,mobile
3030,2024-02-05,US,mobile
3031,2025-02-08,US,mobile
3032,2024-10-01,US,mobile
3033,2023-02-22,DE,desktop
3034,2025-06-19,GB,desktop
3035,2023-06-07,AU,desktop
3036,2023-03-12,US,mobile
3037,2025-07-22,IN,mobile
3038,2025-02-15,DE,mobile
3039,2023-04-06,US,tablet
3040,2025-03-14,GB,mobile
3041,2025-01-25,DE,mobile
3042,2025-03-10,US,mobile
3043,2025-07-29,CA,mobile
3044,2025-10-23,PH,mobile
3045,2023-07-26,PH,mobile
3046,2024-09-19,PH,mobile
3047,2023-05-12,BR,mobile
3048,2025-10-31,CA,mobile
3049,2023-05-18,US,mobile
3050,2025-06-29,GB,mobile
3051,2024-03-01,CA,mobile
3052,2023-12-02,PH,tablet
3053,2025-07-09,CA,mobile
3054,2025-11-17,US,mobile
3055,2026-02-09,GB,mobile
3056,2026-03-06,IN,desktop
3057,2024-03-16,IN,mobile
3058,2023-06-18,DE,mobile
3059,2024-05-12,GB,mobile
3060,2025-10-20,AU,mobile
3061,2025-01-27,PH,mobile
3062,2025-12-30,PH,mobile
3063,2023-11-24,US,desktop
3064,2024-06-26,IN,mobile
3065,2023-08-28,PH,mobile
3066,2024-09-30,IN,desktop
3067,2024-06-10,GB,mobile
3068,2025-06-22,GB,mobile
3069,2026-04-19,US,desktop
3070,2026-02-04,IN,mobile
3071,2024-11-07,BR,mobile
3072,2023-10-09,PH,desktop
3073,2025-04-27,IN,tablet
3074,2024-04-16,US,desktop
3075,2024-07-07,IN,desktop
3076,2025-11-14,DE,mobile
3077,2024-12-12,BR,mobile
3078,2025-05-29,US,desktop
3079,2024-06-11,IN,desktop
3080,2023-09-06,PH,mobile
3081,2023-10-09,US,mobile
3082,2023-06-07,IN,desktop
3083,2024-04-25,IN,mobile
3084,2024-08-15,IN,desktop
3085,2025-07-14,CA,mobile
3086,2025-09-24,BR,mobile
3087,2023-11-24,GB,desktop
3088,2026-04-16,US,mobile
3089,2025-06-08,BR,mobile
3090,2025-12-11,IN,desktop
3091,2025-12-21,US,mobile
3092,2023-08-08,GB,mobile
3093,2025-10-30,US,tablet
3094,2023-12-19,GB,mobile
3095,2025-12-02,GB,desktop
3096,2025-07-07,US,mobile
3097,2023-05-29,PH,mobile
3098,2024-09-29,IN,desktop
3099,2023-09-18,DE,desktop
3100,2025-11-18,BR,desktop
3101,2026-02-05,IN,mobile
3102,2025-12-24,IN,mobile
3103,2024-07-13,US,mobile
3104,2026-04-06,US,mobile
3105,2023-03-28,IN,mobile
3106,2024-09-16,US,mobile
3107,2023-12-28,BR,tablet
3108,2024-01-20,US,mobile
3109,2023-07-14,PH,mobile
3110,2026-02-20,US,desktop
3111,2025-09-29,GB,mobile
3112,2025-01-13,CA,mobile
3113,2023-08-06,US,mobile
3114,2024-06-28,PH,mobile
3115,2024-09-29,US,desktop
3116,2024-12-18,GB,desktop
3117,2026-04-16,IN,mobile
3118,2026-03-18,BR,desktop
3119,2024-03-25,IN,mobile
3120,2025-03-08,AU,mobile
3121,2024-07-26,DE,desktop
3122,2024-05-22,PH,mobile
3123,2025-10-04,US,mobile
3124,2025-08-30,IN,mobile
3125,2025-08-22,PH,mobile
3126,2024-04-17,PH,mobile
3127,2024-04-11,US,mobile
3128,2024-11-01,US,tablet
3129,2025-03-24,IN,mobile
3130,2024-03-12,IN,mobile
3131,2025-06-21,PH,mobile
3132,2024-09-06,IN,mobile
3133,2023-06-06,PH,desktop
3134,2026-04-12,IN,desktop
3135,2023-10-31,US,mobile
3136,2023-02-28,GB,mobile
3137,2023-08-04,US,mobile
3138,2024-03-17,PH,mobile
3139,2023-12-01,BR,desktop
3140,2026-04-01,US,mobile
3141,2025-08-02,IN,desktop
3142,2025-04-12,CA,desktop
3143,2025-12-26,IN,mobile
3144,2025-09-06,US,desktop
3145,2024-06-14,AU,mobile
3146,2024-08-26,US,desktop
3147,2024-12-30,US,mobile
3148,2024-08-30,BR,mobile
3149,2023-05-02,GB,mobile
3150,2025-03-05,IN,mobile
3151,2025-07-11,PH,mobile
3152,2024-02-02,DE,mobile
3153,2026-02-26,DE,mobile
3154,2023-07-31,US,desktop
3155,2024-07-17,US,desktop
3156,2025-06-05,IN,mobile
3157,2025-09-05,GB,mobile
3158,2026-01-08,BR,mobile
3159,2025-09-30,IN,mobile
3160,2023-02-20,US,mobile
3161,2026-01-16,US,tablet
3162,2023-08-24,US,mobile
3163,2025-04-02,BR,mobile
3164,2025-05-29,US,mobile
3165,2024-05-11,IN,mobile
3166,2024-05-29,US,mobile
3167,2024-02-23,IN,desktop
3168,2026-01-31,US,mobile
3169,2025-06-05,US,mobile
3170,2023-04-07,GB,mobile
3171,2023-07-13,BR,mobile
3172,2025-05-22,IN,mobile
3173,2023-05-08,CA,mobile
3174,2025-06-17,BR,mobile
3175,2025-09-07,BR,mobile
3176,2025-08-24,IN,mobile
3177,2025-12-23,BR,mobile
3178,2025-08-03,IN,desktop
3179,2025-10-19,US,tablet
3180,2023-06-15,IN,desktop
3181,2023-09-18,CA,mobile
3182,2025-06-30,IN,mobile
3183,2025-07-10,US,mobile
3184,2024-12-16,US,mobile
3185,2023-10-25,US,tablet
3186,2024-09-14,BR,mobile
3187,2025-09-13,US,desktop
3188,2023-11-06,AU,desktop
3189,2026-01-26,BR,mobile
3190,2023-03-28,US,mobile
3191,2025-01-17,IN,mobile
3192,2023-06-11,BR,mobile
3193,2024-03-24,PH,desktop
3194,2024-08-30,CA,mobile
3195,2026-03-16,BR,tablet
3196,2024-02-01,IN,desktop
3197,2026-02-13,BR,desktop
3198,2025-07-16,CA,desktop
3199,2024-11-09,BR,tablet
3200,2024-07-30,GB,desktop
3201,2023-08-02,GB,mobile
3202,2025-09-22,IN,tablet
3203,2024-05-27,US,mobile
3204,2025-12-17,IN,mobile
3205,2024-12-21,US,mobile
3206,2026-02-01,CA,mobile
3207,2023-06-23,IN,mobile
3208,2023-10-12,DE,desktop
3209,2025-11-25,US,mobile
3210,2025-05-08,US,tablet
3211,2024-11-10,US,mobile
3212,2023-05-06,IN,desktop
3213,2026-01-04,US,mobile
3214,2024-01-23,GB,desktop
3215,2024-08-04,US,desktop
3216,2024-05-27,GB,mobile
3217,2025-04-01,GB,desktop
3218,2025-03-28,PH,mobile
3219,2023-02-23,PH,desktop
3220,2025-01-31,US,mobile
3221,2025-09-27,BR,mobile
3222,2023-09-23,PH,mobile
3223,2025-11-30,US,mobile
3224,2024-07-30,US,mobile
3225,2023-12-12,AU,mobile
3226,2024-02-28,CA,mobile
3227,2024-09-12,CA,tablet
3228,2024-08-23,IN,mobile
3229,2025-08-16,IN,mobile
3230,2023-05-19,US,desktop
3231,2024-11-08,IN,tablet
3232,2024-11-05,US,tablet
3233,2025-08-23,CA,mobile
3234,2023-11-05,IN,desktop
3235,2025-01-04,US,mobile
3236,2024-03-17,IN,mobile
3237,2023-10-21,BR,tablet
3238,2023-11-29,CA,mobile
3239,2026-05-02,US,desktop
3240,2025-02-03,PH,desktop
3241,2025-12-27,GB,mobile
3242,2025-04-01,IN,mobile
3243,2024-02-17,US,desktop
3244,2025-01-08,BR,mobile
3245,2024-01-13,US,mobile
3246,2026-03-05,AU,desktop
3247,2023-05-06,BR,mobile
3248,2026-02-13,CA,mobile
3249,2024-06-02,GB,mobile
3250,2023-07-17,DE,mobile
3251,2025-01-24,BR,mobile
3252,2024-01-18,AU,desktop
3253,2023-07-10,US,mobile
3254,2023-07-18,PH,mobile
3255,2026-03-13,IN,mobile
3256,2024-10-29,US,mobile
3257,2023-11-24,AU,mobile
3258,2025-04-02,GB,desktop
3259,2025-12-26,IN,tablet
3260,2025-09-18,US,mobile
3261,2024-12-10,IN,mobile
3262,2026-04-22,US,desktop
3263,2024-07-31,CA,mobile
3264,2026-04-18,PH,desktop
3265,2025-07-05,PH,mobile
3266,2023-09-10,US,mobile
3267,2023-09-24,PH,mobile
3268,2026-03-23,DE,desktop
3269,2026-04-01,US,mobile
3270,2025-12-07,US,mobile
3271,2023-08-02,US,mobile
3272,2023-03-28,BR,mobile
3273,2023-09-02,IN,desktop
3274,2026-01-11,IN,desktop
3275,2025-08-29,IN,mobile
3276,2025-12-21,US,mobile
3277,2025-04-23,US,mobile
3278,2023-07-24,IN,mobile
3279,2023-12-30,PH,mobile
3280,2023-08-04,PH,mobile
3281,2024-09-01,DE,mobile
3282,2024-04-21,CA,mobile
3283,2026-04-13,CA,mobile
3284,2024-08-30,BR,mobile
3285,2025-05-16,DE,mobile
3286,2026-04-05,US,mobile
3287,2024-02-03,BR,mobile
3288,2026-03-11,PH,mobile
3289,2024-09-02,IN,mobile
3290,2025-12-16,US,desktop
3291,2024-08-09,CA,mobile
3292,2023-08-23,IN,desktop
3293,2024-02-19,US,mobile
3294,2024-07-21,DE,mobile
3295,2023-10-12,US,mobile
3296,2023-11-30,PH,mobile
3297,2025-07-11,IN,mobile
3298,2024-05-04,US,mobile
3299,2025-06-02,US,mobile
3300,2025-08-10,PH,desktop
3301,2023-05-10,US,mobile
3302,2024-05-27,US,mobile
3303,2025-05-16,DE,mobile
3304,2026-01-29,BR,desktop
3305,2026-03-11,US,mobile
3306,2025-06-14,GB,mobile
3307,2024-03-24,IN,mobile
3308,2023-12-23,US,desktop
3309,2024-10-20,IN,mobile
3310,2025-04-27,US,mobile
3311,2024-04-15,PH,desktop
3312,2025-02-02,DE,desktop
3313,2023-11-12,CA,mobile
3314,2025-04-30,IN,desktop
3315,2025-12-31,US,mobile
3316,2024-01-28,CA,desktop
3317,2025-08-13,US,desktop
3318,2023-02-22,US,desktop
3319,2024-06-18,AU,mobile
3320,2023-09-24,BR,mobile
3321,2024-07-20,PH,mobile
3322,2026-03-28,GB,mobile
3323,2023-03-28,BR,desktop
3324,2025-03-26,AU,mobile
3325,2026-01-23,GB,mobile
3326,2024-02-24,US,desktop
3327,2024-07-09,US,mobile
3328,2024-10-21,IN,mobile
3329,2025-08-25,US,mobile
3330,2025-12-26,US,mobile
3331,2025-07-20,GB,mobile
3332,2023-05-11,PH,mobile
3333,2024-07-08,BR,mobile
3334,2025-12-17,PH,mobile
3335,2026-03-11,GB,mobile
3336,2024-05-18,US,mobile
3337,2024-05-15,BR,tablet
3338,2023-04-23,US,desktop
3339,2023-12-07,DE,mobile
3340,2025-08-22,PH,mobile
3341,2025-09-07,US,mobile
3342,2025-11-22,US,mobile
3343,2024-12-27,GB,mobile
3344,2025-08-04,IN,mobile
3345,2024-03-31,US,mobile
3346,2023-10-17,US,desktop
3347,2026-04-11,PH,mobile
3348,2023-10-27,BR,mobile
3349,2023-06-04,IN,mobile
3350,2023-04-03,IN,mobile
3351,2023-08-09,IN,desktop
3352,2023-03-15,PH,desktop
3353,2024-07-23,US,desktop
3354,2025-07-06,IN,desktop
3355,2023-02-20,PH,desktop
3356,2025-07-11,GB,mobile
3357,2023-05-07,US,mobile
3358,2023-08-02,BR,mobile
3359,2026-04-22,DE,tablet
3360,2025-07-16,BR,mobile
3361,2025-09-06,US,desktop
3362,2023-09-10,PH,mobile
3363,2024-07-09,AU,mobile
3364,2024-07-01,IN,desktop
3365,2025-08-19,PH,mobile
3366,2024-09-02,US,tablet
3367,2023-12-09,GB,mobile
3368,2023-08-06,AU,mobile
3369,2024-05-19,IN,desktop
3370,2024-07-07,IN,desktop
3371,2023-08-20,PH,mobile
3372,2023-11-11,US,mobile
3373,2025-02-07,DE,desktop
3374,2023-08-17,US,mobile
3375,2025-10-27,IN,desktop
3376,2025-07-10,GB,desktop
3377,2024-12-23,IN,desktop
3378,2023-05-14,IN,mobile
3379,2023-10-25,BR,desktop
3380,2025-01-17,CA,desktop
3381,2023-06-19,US,mobile
3382,2025-01-14,US,tablet
3383,2025-09-10,IN,desktop
3384,2023-06-19,US,desktop
3385,2023-06-06,PH,mobile
3386,2025-01-15,US,tablet
3387,2026-04-23,IN,mobile
3388,2025-07-18,BR,desktop
3389,2023-11-10,AU,mobile
3390,2024-03-17,GB,mobile
3391,2023-08-30,IN,desktop
3392,2023-10-13,US,mobile
3393,2025-02-15,US,desktop
3394,2025-12-11,CA,desktop
3395,2023-04-02,AU,mobile
3396,2026-04-04,IN,desktop
3397,2023-08-24,US,tablet
3398,2025-03-26,US,desktop
3399,2025-02-11,BR,tablet
3400,2024-05-13,US,desktop
3401,2025-12-19,US,mobile
3402,2025-07-18,IN,mobile
3403,2024-05-30,US,desktop
3404,2025-12-18,IN,desktop
3405,2024-01-28,GB,mobile
3406,2026-02-22,US,mobile
3407,2023-10-03,AU,desktop
3408,2023-05-03,CA,desktop
3409,2024-03-05,US,mobile
3410,2025-10-03,CA,mobile
3411,2026-03-20,US,desktop
3412,2025-11-01,IN,mobile
3413,2024-10-27,GB,mobile
3414,2025-04-13,DE,mobile
3415,2024-05-23,US,desktop
3416,2024-05-01,IN,desktop
3417,2025-12-07,BR,mobile
3418,2023-04-05,US,mobile
3419,2024-10-22,GB,mobile
3420,2023-03-12,US,mobile
3421,2024-07-03,IN,desktop
3422,2023-12-20,IN,mobile
3423,2024-09-22,PH,mobile
3424,2024-04-15,IN,mobile
3425,2026-01-08,DE,desktop
3426,2024-12-25,US,mobile
3427,2025-11-18,GB,mobile
3428,2024-04-12,US,mobile
3429,2025-01-07,BR,desktop
3430,2025-11-02,US,mobile
3431,2023-10-05,IN,mobile
3432,2025-11-22,DE,mobile
3433,2025-01-06,IN,mobile
3434,2024-12-02,IN,desktop
3435,2024-09-10,DE,mobile
3436,2025-08-31,IN,mobile
3437,2023-05-31,IN,mobile
3438,2025-11-21,BR,mobile
3439,2023-10-24,US,mobile
3440,2024-05-06,US,mobile
3441,2024-06-24,PH,mobile
3442,2025-05-25,PH,mobile
3443,2025-02-05,BR,mobile
3444,2024-10-21,GB,mobile
3445,2024-04-06,US,desktop
3446,2024-10-01,US,mobile
3447,2025-11-14,IN,desktop
3448,2025-10-02,GB,mobile
3449,2023-09-27,IN,mobile
3450,2026-05-02,PH,mobile
3451,2024-10-16,DE,mobile
3452,2025-08-18,US,mobile
3453,2026-04-09,CA,mobile
3454,2024-11-04,US,tablet
3455,2024-10-08,IN,mobile
3456,2025-02-04,US,mobile
3457,2023-06-01,US,desktop
3458,2024-03-20,IN,mobile
3459,2024-11-25,CA,desktop
3460,2024-01-19,BR,mobile
3461,2025-12-20,US,desktop
3462,2023-06-03,GB,mobile
3463,2024-08-26,BR,tablet
3464,2025-07-04,BR,mobile
3465,2025-04-15,CA,mobile
3466,2023-08-16,PH,mobile
3467,2025-08-27,US,desktop
3468,2024-12-03,DE,mobile
3469,2023-05-15,IN,desktop
3470,2025-10-02,PH,mobile
3471,2024-06-07,IN,mobile
3472,2024-07-11,PH,desktop
3473,2024-05-19,US,tablet
3474,2024-05-29,DE,desktop
3475,2025-09-08,BR,desktop
3476,2025-12-29,DE,mobile
3477,2025-11-02,DE,desktop
3478,2025-04-03,US,mobile
3479,2023-12-13,BR,desktop
3480,2025-01-07,US,desktop
3481,2024-07-28,IN,desktop
3482,2025-05-16,US,mobile
3483,2025-06-05,CA,desktop
3484,2024-02-09,CA,mobile
3485,2024-07-25,PH,mobile
3486,2025-11-22,GB,mobile
3487,2026-01-30,IN,mobile
3488,2024-10-30,US,desktop
3489,2025-10-19,AU,desktop
3490,2026-04-23,GB,mobile
3491,2024-05-04,GB,mobile
3492,2025-05-24,US,mobile
3493,2025-01-20,PH,mobile
3494,2023-03-22,US,mobile
3495,2024-09-24,IN,mobile
3496,2026-01-16,GB,mobile
3497,2024-11-21,GB,mobile
3498,2023-11-15,CA,mobile
3499,2023-06-13,US,mobile
3500,2024-10-28,US,desktop
3501,2023-08-11,US,mobile
3502,2025-07-25,AU,mobile
3503,2023-03-17,IN,mobile
3504,2024-04-14,AU,mobile
3505,2024-01-26,BR,tablet
3506,2023-11-11,BR,desktop
3507,2023-09-19,IN,mobile
3508,2025-11-18,US,mobile
3509,2023-04-10,PH,mobile
3510,2023-08-07,IN,desktop
3511,2025-06-24,IN,desktop
3512,2025-07-17,BR,mobile
3513,2025-12-22,US,mobile
3514,2023-11-08,IN,desktop
3515,2025-01-30,US,desktop
3516,2026-03-11,US,mobile
3517,2024-09-27,IN,mobile
3518,2025-06-17,IN,mobile
3519,2023-04-11,US,desktop
3520,2024-07-23,GB,desktop
3521,2025-11-22,DE,mobile
3522,2023-07-27,US,desktop
3523,2024-07-03,PH,mobile
3524,2023-11-09,BR,mobile
3525,2026-01-25,BR,desktop
3526,2024-12-31,IN,tablet
3527,2024-01-18,AU,mobile
3528,2024-01-05,GB,mobile
3529,2025-01-10,CA,mobile
3530,2024-08-10,IN,mobile
3531,2025-07-10,US,mobile
3532,2025-12-26,US,mobile
3533,2023-08-09,IN,mobile
3534,2026-01-26,IN,mobile
3535,2023-05-09,US,desktop
3536,2025-05-09,IN,desktop
3537,2023-03-30,AU,desktop
3538,2025-02-08,IN,mobile
3539,2023-07-02,BR,mobile
3540,2023-07-30,US,desktop
3541,2025-12-06,PH,mobile
3542,2024-02-27,IN,mobile
3543,2025-09-03,AU,mobile
3544,2024-01-04,GB,mobile
3545,2023-04-16,DE,desktop
3546,2023-03-07,IN,mobile
3547,2026-03-02,BR,desktop
3548,2026-03-15,US,mobile
3549,2024-11-21,IN,mobile
3550,2026-03-02,US,mobile
3551,2023-08-07,BR,mobile
3552,2026-03-19,BR,mobile
3553,2023-04-12,BR,desktop
3554,2023-12-23,CA,mobile
3555,2024-07-18,DE,mobile
3556,2023-04-07,AU,mobile
3557,2024-12-04,US,mobile
3558,2026-04-17,IN,mobile
3559,2023-12-28,BR,mobile
3560,2025-01-30,PH,mobile
3561,2025-03-07,US,tablet
3562,2023-05-23,BR,desktop
3563,2024-09-01,US,desktop
3564,2025-08-02,DE,mobile
3565,2025-10-28,IN,mobile
3566,2024-10-16,CA,mobile
3567,2024-09-11,US,desktop
3568,2024-11-14,IN,mobile
3569,2025-12-09,IN,mobile
3570,2024-03-05,IN,mobile
3571,2024-05-19,US,desktop
3572,2023-11-06,IN,mobile
3573,2025-02-18,IN,desktop
3574,2023-09-11,US,desktop
3575,2023-11-15,IN,tablet
3576,2024-01-21,US,mobile
3577,2024-01-14,PH,mobile
3578,2025-11-11,IN,mobile
3579,2023-03-31,CA,tablet
3580,2026-04-19,BR,desktop
3581,2025-02-05,IN,desktop
3582,2023-03-01,PH,tablet
3583,2025-04-08,US,mobile
3584,2023-09-10,IN,mobile
3585,2024-10-19,GB,desktop
3586,2023-12-08,PH,tablet
3587,2023-10-14,US,desktop
3588,2023-09-21,US,mobile
3589,2025-03-16,BR,desktop
3590,2024-11-10,GB,mobile
3591,2024-02-27,IN,mobile
3592,2025-05-20,IN,desktop
3593,2024-07-10,US,mobile
3594,2023-08-07,AU,mobile
3595,2024-07-13,BR,mobile
3596,2024-08-11,DE,mobile
3597,2026-01-07,IN,mobile
3598,2023-04-03,IN,mobile
3599,2026-04-24,IN,desktop
3600,2025-09-08,BR,mobile
3601,2025-10-29,US,desktop
3602,2025-01-21,PH,mobile
3603,2024-04-18,US,mobile
3604,2023-06-17,US,desktop
3605,2026-04-12,US,mobile
3606,2025-08-21,US,mobile
3607,2024-05-06,US,desktop
3608,2024-01-14,AU,mobile
3609,2023-12-18,DE,mobile
3610,2023-08-20,US,mobile
3611,2026-04-16,PH,mobile
3612,2024-09-14,PH,desktop
3613,2024-08-21,PH,mobile
3614,2025-06-11,US,mobile
3615,2023-04-10,US,mobile
3616,2023-11-13,US,desktop
3617,2023-10-19,IN,mobile
3618,2023-06-16,GB,desktop
3619,2023-10-02,IN,mobile
3620,2026-04-06,IN,mobile
3621,2025-09-28,IN,mobile
3622,2024-02-02,IN,mobile
3623,2024-05-20,IN,tablet
3624,2024-10-14,GB,desktop
3625,2024-04-12,BR,mobile
3626,2024-06-25,US,tablet
3627,2024-06-03,BR,mobile
3628,2023-08-02,BR,tablet
3629,2025-10-07,DE,desktop
3630,2026-02-18,US,mobile
3631,2023-03-17,US,desktop
3632,2025-11-24,US,mobile
3633,2026-04-23,DE,tablet
3634,2024-08-28,IN,mobile
3635,2026-04-26,US,mobile
3636,2024-10-25,GB,desktop
3637,2023-05-15,AU,mobile
3638,2025-05-03,GB,mobile
3639,2025-05-10,AU,desktop
3640,2025-03-30,US,mobile
3641,2025-11-12,IN,desktop
3642,2025-02-07,BR,mobile
3643,2024-05-12,GB,mobile
3644,2025-05-31,AU,mobile
3645,2023-08-08,BR,mobile
3646,2025-07-10,IN,mobile
3647,2025-09-06,DE,mobile
3648,2024-06-21,IN,mobile
3649,2023-04-15,US,desktop
3650,2024-08-19,US,mobile
3651,2024-04-25,US,mobile
3652,2023-05-04,US,mobile
3653,2024-09-27,DE,mobile
3654,2026-04-29,IN,mobile
3655,2023-12-26,GB,desktop
3656,2025-05-31,GB,mobile
3657,2023-02-18,PH,desktop
3658,2025-06-03,GB,mobile
3659,2023-07-02,IN,desktop
3660,2024-03-11,BR,mobile
3661,2025-12-03,GB,desktop
3662,2024-09-03,BR,mobile
3663,2025-10-14,BR,mobile
3664,2023-09-04,BR,mobile
3665,2024-10-29,US,desktop
3666,2025-01-10,US,mobile
3667,2023-07-06,IN,mobile
3668,2024-03-09,US,desktop
3669,2023-03-09,US,desktop
3670,2024-01-23,US,desktop
3671,2024-12-04,DE,desktop
3672,2023-03-16,IN,desktop
3673,2024-05-03,BR,mobile
3674,2025-12-01,US,desktop
3675,2025-02-04,IN,mobile
3676,2023-12-12,US,mobile
3677,2025-10-01,IN,mobile
3678,2026-02-16,US,desktop
3679,2024-09-13,PH,desktop
3680,2024-05-08,IN,desktop
3681,2023-05-23,BR,mobile
3682,2025-12-28,US,mobile
3683,2025-08-06,IN,mobile
3684,2026-02-19,US,mobile
3685,2025-10-12,GB,mobile
3686,2024-05-13,US,mobile
3687,2024-09-21,US,tablet
3688,2023-08-18,DE,mobile
3689,2023-12-08,IN,desktop
3690,2025-11-22,PH,mobile
3691,2024-09-02,US,mobile
3692,2023-12-08,US,mobile
3693,2024-09-16,BR,desktop
3694,2025-05-05,PH,desktop
3695,2023-09-29,BR,tablet
3696,2025-10-30,DE,mobile
3697,2026-01-05,IN,desktop
3698,2023-05-28,US,mobile
3699,2025-08-05,GB,mobile
3700,2024-11-10,US,mobile
3701,2024-12-25,IN,mobile
3702,2024-02-19,US,desktop
3703,2024-05-06,IN,mobile
3704,2024-05-15,US,mobile
3705,2024-04-09,IN,desktop
3706,2024-07-02,US,mobile
3707,2024-07-25,IN,mobile
3708,2025-09-29,US,desktop
3709,2023-07-09,AU,mobile
3710,2024-12-28,GB,mobile
3711,2025-04-08,US,desktop
3712,2023-10-08,IN,mobile
3713,2024-02-26,US,desktop
3714,2025-07-02,GB,mobile
3715,2023-09-11,US,mobile
3716,2026-01-26,IN,mobile
3717,2025-07-01,IN,mobile
3718,2024-02-22,IN,desktop
3719,2023-05-27,BR,mobile
3720,2023-12-04,US,mobile
3721,2023-08-11,PH,mobile
3722,2023-09-06,IN,mobile
3723,2024-05-31,AU,desktop
3724,2024-05-10,US,desktop
3725,2025-02-10,BR,mobile
3726,2025-05-19,CA,desktop
3727,2026-02-13,US,mobile
3728,2025-10-11,BR,mobile
3729,2024-02-24,US,mobile
3730,2025-05-10,PH,desktop
3731,2023-10-24,US,desktop
3732,2026-04-30,AU,mobile
3733,2023-03-05,DE,desktop
3734,2025-07-08,AU,mobile
3735,2024-03-06,US,mobile
3736,2024-10-16,DE,desktop
3737,2025-03-03,CA,mobile
3738,2023-08-30,CA,desktop
3739,2023-09-30,PH,mobile
3740,2025-07-04,AU,mobile
3741,2023-09-16,US,desktop
3742,2025-12-23,GB,mobile
3743,2023-03-10,AU,desktop
3744,2025-05-05,US,desktop
3745,2023-04-17,CA,desktop
3746,2023-09-29,US,mobile
3747,2024-08-29,IN,mobile
3748,2023-04-16,PH,mobile
3749,2026-01-01,DE,mobile
3750,2026-02-03,BR,mobile
3751,2024-01-05,US,mobile
3752,2023-10-29,US,mobile
3753,2026-02-12,US,mobile
3754,2024-11-10,BR,desktop
3755,2026-04-03,IN,desktop
3756,2024-11-12,US,mobile
3757,2024-02-11,PH,desktop
3758,2024-09-12,PH,desktop
3759,2025-03-27,US,mobile
3760,2023-11-28,CA,desktop
3761,2024-09-24,CA,mobile
3762,2023-05-26,US,tablet
3763,2026-02-13,US,mobile
3764,2025-12-03,US,tablet
3765,2024-11-26,IN,mobile
3766,2025-07-04,IN,desktop
3767,2026-01-01,US,mobile
3768,2024-02-07,US,mobile
3769,2025-05-02,DE,mobile
3770,2026-04-26,IN,mobile
3771,2023-08-02,IN,mobile
3772,2024-02-13,IN,desktop
3773,2023-11-08,US,mobile
3774,2024-11-11,DE,mobile
3775,2026-01-16,PH,mobile
3776,2024-11-21,DE,mobile
3777,2025-06-26,IN,mobile
3778,2023-12-18,IN,mobile
3779,2024-01-29,DE,desktop
3780,2025-03-05,IN,mobile
3781,2025-02-16,IN,desktop
3782,2025-11-23,IN,mobile
3783,2025-01-26,CA,desktop
3784,2024-03-31,IN,mobile
3785,2025-10-16,AU,desktop
3786,2023-10-30,IN,mobile
3787,2024-03-11,DE,desktop
3788,2023-04-14,DE,desktop
3789,2025-04-08,PH,mobile
3790,2025-05-28,US,mobile
3791,2024-02-02,US,desktop
3792,2024-02-17,US,mobile
3793,2025-02-01,PH,desktop
3794,2023-11-14,DE,mobile
3795,2023-12-29,US,desktop
3796,2024-11-12,PH,desktop
3797,2023-07-29,IN,mobile
3798,2023-04-30,CA,tablet
3799,2024-03-13,AU,mobile
3800,2023-11-22,GB,mobile
3801,2023-08-29,GB,desktop
3802,2025-11-23,PH,mobile
3803,2024-11-22,IN,mobile
3804,2024-07-20,IN,mobile
3805,2025-09-06,US,mobile
3806,2024-11-05,IN,mobile
3807,2025-05-21,IN,mobile
3808,2025-07-21,GB,mobile
3809,2025-06-12,US,mobile
3810,2025-11-26,GB,desktop
3811,2023-11-12,PH,desktop
3812,2024-08-08,PH,desktop
3813,2023-06-21,IN,mobile
3814,2023-05-26,IN,mobile
3815,2026-03-19,US,mobile
3816,2023-11-21,US,tablet
3817,2026-01-05,GB,mobile
3818,2025-11-06,IN,desktop
3819,2026-02-17,GB,mobile
3820,2023-08-16,DE,desktop
3821,2024-08-21,US,mobile
3822,2025-08-16,IN,desktop
3823,2024-01-03,AU,mobile
3824,2023-09-20,US,mobile
3825,2025-07-22,DE,mobile
3826,2023-05-16,US,mobile
3827,2023-05-27,IN,mobile
3828,2024-11-15,PH,mobile
3829,2025-10-04,IN,mobile
3830,2024-01-29,US,desktop
3831,2024-01-08,US,desktop
3832,2024-10-20,US,desktop
3833,2023-12-21,US,desktop
3834,2024-12-21,US,mobile
3835,2023-07-09,GB,mobile
3836,2024-10-24,PH,desktop
3837,2026-02-06,IN,mobile
3838,2025-04-04,GB,mobile
3839,2023-10-31,IN,mobile
3840,2025-02-28,BR,mobile
3841,2024-03-01,US,mobile
3842,2025-09-24,IN,mobile
3843,2025-06-15,IN,mobile
3844,2024-04-06,US,mobile
3845,2023-07-23,US,tablet
3846,2023-03-18,DE,mobile
3847,2026-04-08,US,mobile
3848,2025-10-23,US,mobile
3849,2024-06-27,US,desktop
3850,2025-01-30,IN,desktop
3851,2023-04-15,IN,mobile
3852,2025-06-05,AU,desktop
3853,2024-08-07,IN,desktop
3854,2023-11-10,PH,mobile
3855,2024-01-30,DE,mobile
3856,2025-03-06,IN,mobile
3857,2023-11-01,IN,mobile
3858,2026-04-27,BR,desktop
3859,2026-01-22,US,mobile
3860,2025-05-01,CA,desktop
3861,2023-09-24,DE,mobile
3862,2024-10-23,BR,desktop
3863,2026-01-05,US,desktop
3864,2025-10-29,IN,desktop
3865,2026-02-02,US,desktop
3866,2025-10-11,GB,mobile
3867,2023-07-07,IN,mobile
3868,2025-11-14,IN,desktop
3869,2025-02-02,IN,mobile
3870,2023-08-05,IN,tablet
3871,2025-07-13,US,mobile
3872,2025-09-28,BR,mobile
3873,2025-01-03,BR,mobile
3874,2024-09-15,US,mobile
3875,2025-01-04,US,mobile
3876,2025-03-13,US,mobile
3877,2026-01-19,IN,desktop
3878,2023-03-06,IN,mobile
3879,2026-03-09,US,mobile
3880,2024-01-17,US,desktop
3881,2023-03-05,DE,mobile
3882,2024-10-17,US,mobile
3883,2026-01-26,PH,tablet
3884,2023-06-04,CA,desktop
3885,2025-09-10,CA,mobile
3886,2025-07-20,DE,desktop
3887,2025-09-22,IN,mobile
3888,2026-03-17,IN,mobile
3889,2024-10-02,US,mobile
3890,2025-06-18,US,mobile
3891,2024-03-10,BR,desktop
3892,2024-08-02,BR,mobile
3893,2025-07-10,US,mobile
3894,2023-03-28,PH,mobile
3895,2025-04-16,US,mobile
3896,2025-02-08,IN,desktop
3897,2025-01-21,IN,mobile
3898,2024-05-04,US,tablet
3899,2023-05-31,US,desktop
3900,2024-08-06,GB,mobile
3901,2023-09-05,IN,mobile
3902,2024-02-16,GB,desktop
3903,2025-07-15,US,mobile
3904,2024-11-18,PH,desktop
3905,2024-02-04,PH,desktop
3906,2025-06-15,US,mobile
3907,2024-03-19,US,mobile
3908,2024-08-18,US,mobile
3909,2025-06-11,GB,mobile
3910,2025-01-11,IN,mobile
3911,2025-02-16,AU,mobile
3912,2026-03-17,AU,mobile
3913,2024-08-19,US,desktop
3914,2023-04-14,IN,mobile
3915,2024-06-18,IN,mobile
3916,2023-03-12,CA,desktop
3917,2023-09-11,US,desktop
3918,2025-10-25,CA,desktop
3919,2024-10-12,IN,mobile
3920,2023-05-26,US,mobile
3921,2025-02-22,BR,mobile
3922,2023-09-24,IN,mobile
3923,2024-02-23,US,mobile
3924,2023-10-30,IN,mobile
3925,2025-01-21,IN,mobile
3926,2024-02-14,US,mobile
3927,2024-05-02,GB,mobile
3928,2024-04-04,PH,mobile
3929,2025-09-27,GB,mobile
3930,2024-06-12,US,mobile
3931,2024-09-08,BR,desktop
3932,2025-08-30,US,desktop
3933,2023-03-25,IN,desktop
3934,2023-03-05,IN,desktop
3935,2024-04-04,US,mobile
3936,2023-07-07,DE,desktop
3937,2025-11-30,BR,mobile
3938,2026-04-04,IN,desktop
3939,2023-06-16,PH,mobile
3940,2023-03-13,BR,mobile
3941,2025-01-27,BR,mobile
3942,2024-07-18,IN,mobile
3943,2025-03-07,US,mobile
3944,2023-11-17,US,desktop
3945,2025-07-30,PH,mobile
3946,2023-08-24,GB,tablet
3947,2025-05-16,BR,desktop
3948,2025-06-13,IN,mobile
3949,2026-03-09,IN,desktop
3950,2025-12-22,US,desktop
3951,2025-05-09,BR,mobile
3952,2024-09-02,CA,mobile
3953,2025-07-24,DE,tablet
3954,2024-07-28,US,desktop
3955,2025-11-15,IN,mobile
3956,2025-06-22,IN,mobile
3957,2025-03-13,CA,desktop
3958,2024-11-15,BR,mobile
3959,2025-10-04,BR,tablet
3960,2025-12-20,US,mobile
3961,2025-10-25,US,desktop
3962,2023-10-13,GB,desktop
3963,2023-05-13,DE,mobile
3964,2023-04-20,US,mobile
3965,2025-04-06,GB,mobile
3966,2026-04-30,US,mobile
3967,2025-11-18,AU,mobile
3968,2025-04-17,IN,desktop
3969,2025-04-01,IN,tablet
3970,2025-01-27,IN,mobile
3971,2026-02-15,IN,mobile
3972,2025-10-15,BR,mobile
3973,2023-08-04,GB,mobile
3974,2023-03-15,BR,tablet
3975,2024-03-01,GB,mobile
3976,2025-08-07,US,mobile
3977,2025-06-16,US,desktop
3978,2023-11-30,GB,mobile
3979,2023-05-17,US,desktop
3980,2025-02-27,US,desktop
3981,2023-05-09,IN,tablet
3982,2024-02-12,AU,mobile
3983,2025-01-13,GB,mobile
3984,2026-01-21,GB,mobile
3985,2024-07-27,US,mobile
3986,2025-05-24,DE,mobile
3987,2025-07-05,IN,mobile
3988,2024-03-15,PH,desktop
3989,2024-04-26,DE,mobile
3990,2025-09-26,IN,desktop
3991,2025-06-19,US,desktop
3992,2025-01-21,DE,desktop
3993,2023-06-26,US,desktop
3994,2023-03-08,BR,tablet
3995,2025-01-11,IN,mobile
3996,2024-05-29,IN,mobile
3997,2023-06-24,IN,mobile
3998,2025-12-30,IN,mobile
3999,2025-03-02,IN,mobile
4000,2026-03-12,IN,mobile
4001,2024-08-06,BR,desktop
4002,2025-03-22,IN,mobile
4003,2024-05-03,GB,mobile
4004,2023-04-23,BR,tablet
4005,2023-07-12,PH,mobile
4006,2023-04-07,US,desktop
4007,2024-11-27,IN,desktop
4008,2025-08-07,IN,desktop
4009,2024-08-17,BR,mobile
4010,2024-10-06,GB,tablet
4011,2024-05-11,US,desktop
4012,2023-12-06,AU,mobile
4013,2023-03-20,GB,mobile
4014,2023-05-05,BR,mobile
4015,2025-05-03,AU,mobile
4016,2025-08-23,US,mobile
4017,2024-02-02,GB,mobile
4018,2024-10-24,IN,mobile
4019,2023-09-10,PH,mobile
4020,2024-10-04,IN,mobile
4021,2024-02-15,IN,mobile
4022,2023-04-06,IN,mobile
4023,2025-05-10,US,mobile
4024,2025-02-09,PH,mobile
4025,2025-06-23,IN,mobile
4026,2025-04-20,US,mobile
4027,2024-01-25,IN,desktop
4028,2024-12-26,PH,desktop
4029,2023-11-20,US,mobile
4030,2025-08-16,PH,mobile
4031,2025-06-13,US,mobile
4032,2025-01-04,US,desktop
4033,2023-03-26,US,mobile
4034,2023-11-24,US,mobile
4035,2023-12-13,GB,mobile
4036,2025-01-09,GB,mobile
4037,2026-03-29,CA,mobile
4038,2026-01-11,DE,desktop
4039,2025-12-20,BR,mobile
4040,2025-11-25,GB,desktop
4041,2024-10-15,PH,mobile
4042,2024-07-11,US,desktop
4043,2023-11-25,BR,mobile
4044,2025-03-20,PH,mobile
4045,2025-01-04,US,mobile
4046,2024-06-01,US,mobile
4047,2023-12-24,IN,mobile
4048,2025-11-16,IN,desktop
4049,2025-05-09,US,mobile
4050,2025-03-16,IN,desktop
4051,2023-12-22,US,mobile
4052,2023-04-28,US,desktop
4053,2023-10-01,AU,mobile
4054,2026-03-12,PH,desktop
4055,2025-04-27,IN,desktop
4056,2023-10-27,US,mobile
4057,2025-04-06,US,desktop
4058,2023-08-21,US,mobile
4059,2023-02-27,IN,mobile
4060,2024-08-07,US,mobile
4061,2025-07-02,US,desktop
4062,2023-10-27,PH,mobile
4063,2025-09-27,IN,desktop
4064,2024-03-25,US,mobile
4065,2025-07-05,US,desktop
4066,2025-11-29,US,mobile
4067,2025-01-28,BR,mobile
4068,2024-08-31,IN,mobile
4069,2024-09-15,US,mobile
4070,2025-11-03,BR,mobile
4071,2025-03-14,GB,mobile
4072,2026-02-21,DE,mobile
4073,2024-09-13,BR,mobile
4074,2025-08-05,US,desktop
4075,2023-08-11,IN,mobile
4076,2024-06-19,BR,mobile
4077,2025-02-04,AU,mobile
4078,2025-04-10,GB,desktop
4079,2023-07-11,US,desktop
4080,2025-08-24,PH,tablet
4081,2023-12-08,US,mobile
4082,2025-02-12,US,mobile
4083,2023-05-19,PH,mobile
4084,2025-09-20,US,desktop
4085,2023-08-03,IN,mobile
4086,2025-11-03,IN,mobile
4087,2025-03-13,CA,mobile
4088,2025-02-26,IN,mobile
4089,2025-12-01,AU,mobile
4090,2026-04-03,BR,mobile
4091,2025-12-03,US,mobile
4092,2024-02-10,IN,mobile
4093,2026-01-31,CA,mobile
4094,2024-05-19,IN,mobile
4095,2023-08-15,US,mobile
4096,2024-03-15,CA,desktop
4097,2025-09-17,US,mobile
4098,2023-11-26,US,mobile
4099,2024-04-13,IN,mobile
4100,2025-07-24,GB,desktop
4101,2026-02-06,IN,mobile
4102,2023-09-03,US,mobile
4103,2025-06-11,IN,mobile
4104,2025-04-18,GB,desktop
4105,2025-11-22,US,desktop
4106,2025-04-01,DE,mobile
4107,2024-07-02,PH,desktop
4108,2023-10-08,US,mobile
4109,2024-01-09,BR,mobile
4110,2024-01-28,US,desktop
4111,2024-12-04,GB,mobile
4112,2023-11-27,US,tablet
4113,2025-04-27,PH,mobile
4114,2024-04-14,US,desktop
4115,2024-10-09,BR,mobile
4116,2025-02-15,CA,mobile
4117,2026-03-14,US,mobile
4118,2024-08-16,IN,mobile
4119,2024-11-04,IN,mobile
4120,2024-09-15,GB,mobile
4121,2024-08-05,US,desktop
4122,2025-10-02,US,tablet
4123,2023-12-14,BR,mobile
4124,2023-12-13,IN,tablet
4125,2024-07-03,US,mobile
4126,2024-02-08,CA,mobile
4127,2025-10-04,GB,mobile
4128,2025-02-06,AU,desktop
4129,2023-10-31,IN,desktop
4130,2023-05-05,US,desktop
4131,2026-01-05,US,desktop
4132,2025-01-30,US,desktop
4133,2023-05-11,US,desktop
4134,2025-11-15,CA,mobile
4135,2024-10-10,IN,desktop
4136,2023-02-22,BR,mobile
4137,2024-02-08,IN,tablet
4138,2023-11-17,DE,mobile
4139,2023-06-22,US,desktop
4140,2024-06-24,US,mobile
4141,2024-04-06,PH,desktop
4142,2024-05-20,US,desktop
4143,2023-11-13,AU,mobile
4144,2025-05-02,BR,mobile
4145,2024-08-10,PH,mobile
4146,2024-06-11,PH,mobile
4147,2026-01-07,PH,mobile
4148,2023-07-09,DE,desktop
4149,2025-07-10,US,desktop
4150,2025-08-10,US,mobile
4151,2023-11-26,BR,mobile
4152,2025-10-25,DE,desktop
4153,2023-06-17,CA,desktop
4154,2023-11-02,AU,desktop
4155,2024-06-14,IN,mobile
4156,2024-02-25,US,desktop
4157,2024-03-15,US,desktop
4158,2025-09-02,PH,mobile
4159,2025-05-08,BR,mobile
4160,2024-03-05,US,mobile
4161,2025-05-21,CA,mobile
4162,2024-01-11,BR,mobile
4163,2025-10-17,US,desktop
4164,2025-06-07,DE,mobile
4165,2024-06-04,US,mobile
4166,2025-05-09,US,mobile
4167,2025-03-29,PH,mobile
4168,2025-11-07,AU,mobile
4169,2024-05-19,US,mobile
4170,2024-07-19,US,mobile
4171,2025-02-22,US,mobile
4172,2024-04-04,GB,mobile
4173,2026-04-20,PH,mobile
4174,2024-07-20,CA,desktop
4175,2024-05-16,CA,mobile
4176,2025-06-12,IN,mobile
4177,2024-12-31,AU,desktop
4178,2024-10-05,DE,mobile
4179,2023-11-17,BR,desktop
4180,2025-04-10,PH,mobile
4181,2023-11-08,GB,mobile
4182,2025-04-05,US,desktop
4183,2025-06-10,US,tablet
4184,2024-12-01,US,desktop
4185,2025-10-27,PH,mobile
4186,2025-01-06,AU,mobile
4187,2025-08-05,GB,desktop
4188,2025-04-10,US,desktop
4189,2023-12-13,IN,mobile
4190,2025-01-01,PH,mobile
4191,2023-10-30,IN,mobile
4192,2026-01-25,IN,desktop
4193,2025-11-12,IN,tablet
4194,2025-08-18,IN,mobile
4195,2025-03-22,US,desktop
4196,2023-02-18,DE,mobile
4197,2023-04-14,DE,desktop
4198,2024-04-25,PH,desktop
4199,2023-11-22,US,mobile
4200,2024-10-30,IN,mobile
4201,2024-08-05,US,mobile
4202,2026-04-05,PH,mobile
4203,2023-12-25,IN,mobile
4204,2025-10-15,AU,mobile
4205,2024-01-11,US,mobile
4206,2026-03-15,IN,desktop
4207,2026-01-26,US,mobile
4208,2025-06-03,PH,mobile
4209,2023-02-19,IN,mobile
4210,2024-04-10,PH,mobile
4211,2026-01-21,US,mobile
4212,2024-07-18,US,tablet
4213,2025-06-11,DE,tablet
4214,2026-04-09,US,desktop
4215,2024-01-25,IN,mobile
4216,2024-05-29,IN,desktop
4217,2024-08-19,BR,mobile
4218,2026-04-07,PH,mobile
4219,2023-12-31,DE,desktop
4220,2025-10-28,AU,desktop
4221,2023-05-22,US,tablet
4222,2025-10-19,US,desktop
4223,2024-03-09,IN,mobile
4224,2023-08-01,US,mobile
4225,2024-01-01,GB,mobile
4226,2025-08-31,IN,mobile
4227,2024-07-04,US,mobile
4228,2023-07-24,GB,desktop
4229,2023-02-24,US,desktop
4230,2024-06-22,IN,mobile
4231,2025-12-22,US,desktop
4232,2024-03-08,PH,desktop
4233,2025-03-20,DE,mobile
4234,2024-07-27,AU,desktop
4235,2023-05-17,CA,desktop
4236,2024-04-28,BR,mobile
4237,2026-01-15,US,desktop
4238,2026-02-04,CA,mobile
4239,2024-02-18,IN,mobile
4240,2025-01-05,BR,mobile
4241,2024-08-16,CA,mobile
4242,2025-06-30,US,desktop
4243,2024-09-15,CA,desktop
4244,2023-12-28,IN,desktop
4245,2025-03-31,US,desktop
4246,2026-02-03,US,mobile
4247,2025-09-05,IN,desktop
4248,2023-11-11,BR,mobile
4249,2025-10-12,US,mobile
4250,2026-02-05,AU,mobile
4251,2025-11-22,GB,desktop
4252,2025-03-07,BR,mobile
4253,2023-08-09,GB,mobile
4254,2024-09-06,AU,mobile
4255,2024-04-28,US,mobile
4256,2023-06-05,GB,tablet
4257,2025-01-22,IN,desktop
4258,2023-11-12,DE,mobile
4259,2025-07-09,CA,mobile
4260,2026-03-11,IN,mobile
4261,2024-07-28,IN,mobile
4262,2023-08-21,BR,desktop
4263,2025-07-25,BR,tablet
4264,2023-12-17,BR,mobile
4265,2025-06-09,DE,mobile
4266,2025-09-12,IN,mobile
4267,2024-04-11,US,desktop
4268,2024-02-14,AU,mobile
4269,2025-02-13,US,mobile
4270,2024-06-23,BR,desktop
4271,2025-11-25,US,mobile
4272,2024-12-03,IN,mobile
4273,2025-06-14,US,mobile
4274,2023-09-05,IN,mobile
4275,2023-03-01,US,mobile
4276,2025-06-12,BR,mobile
4277,2023-02-20,US,mobile
4278,2026-01-21,DE,tablet
4279,2023-12-21,US,desktop
4280,2023-05-16,CA,mobile
4281,2023-08-11,CA,desktop
4282,2023-07-02,US,desktop
4283,2024-02-20,US,desktop
4284,2023-08-13,US,mobile
4285,2024-04-12,US,mobile
4286,2025-03-12,GB,mobile
4287,2024-11-21,IN,desktop
4288,2023-12-15,US,desktop
4289,2023-04-12,US,mobile
4290,2025-12-22,US,desktop
4291,2025-05-17,US,mobile
4292,2023-03-21,US,mobile
4293,2025-06-15,PH,desktop
4294,2024-10-03,CA,desktop
4295,2023-07-21,US,desktop
4296,2023-11-07,IN,mobile
4297,2025-06-06,US,mobile
4298,2024-03-22,CA,desktop
4299,2024-10-24,PH,desktop
4300,2025-06-10,IN,mobile
4301,2025-08-23,IN,desktop
4302,2026-01-16,PH,mobile
4303,2023-07-25,IN,mobile
4304,2024-03-19,IN,mobile
4305,2024-07-19,AU,mobile
4306,2026-01-23,BR,mobile
4307,2025-07-31,GB,mobile
4308,2024-09-26,US,mobile
4309,2025-04-14,IN,mobile
4310,2024-09-05,AU,desktop
4311,2023-11-22,US,desktop
4312,2025-09-12,GB,mobile
4313,2025-12-19,US,mobile
4314,2023-02-26,PH,desktop
4315,2026-03-05,US,mobile
4316,2023-09-09,PH,mobile
4317,2024-08-21,BR,desktop
4318,2024-12-26,US,tablet
4319,2025-10-23,IN,mobile
4320,2023-03-22,US,desktop
4321,2024-11-22,PH,desktop
4322,2025-04-25,US,desktop
4323,2026-02-19,PH,desktop
4324,2023-04-30,US,mobile
4325,2023-11-30,IN,mobile
4326,2026-02-23,US,mobile
4327,2024-12-13,IN,mobile
4328,2024-04-23,DE,desktop
4329,2025-03-27,US,mobile
4330,2023-10-02,CA,mobile
4331,2025-06-07,BR,desktop
4332,2025-11-22,PH,desktop
4333,2024-09-10,BR,desktop
4334,2024-03-29,CA,desktop
4335,2023-07-07,US,mobile
4336,2025-07-19,GB,mobile
4337,2023-07-24,BR,tablet
4338,2024-12-09,PH,mobile
4339,2025-03-08,AU,mobile
4340,2024-08-10,US,tablet
4341,2025-12-22,CA,mobile
4342,2025-03-22,US,mobile
4343,2023-08-13,IN,mobile
4344,2024-02-24,BR,mobile
4345,2025-09-16,IN,mobile
4346,2025-12-04,GB,mobile
4347,2023-03-12,US,mobile
4348,2025-02-04,BR,tablet
4349,2026-02-20,IN,mobile
4350,2025-02-25,IN,desktop
4351,2023-11-10,IN,mobile
4352,2024-09-10,US,mobile
4353,2023-06-09,IN,mobile
4354,2025-03-25,AU,mobile
4355,2026-02-16,BR,mobile
4356,2024-07-03,US,mobile
4357,2025-03-20,CA,mobile
4358,2023-06-08,IN,mobile
4359,2026-02-27,IN,desktop
4360,2023-09-01,BR,desktop
4361,2023-12-19,IN,mobile
4362,2023-06-18,BR,desktop
4363,2025-05-04,US,tablet
4364,2024-08-07,US,mobile
4365,2024-05-13,US,mobile
4366,2025-12-25,GB,mobile
4367,2026-04-18,US,mobile
4368,2023-11-20,IN,mobile
4369,2023-11-30,US,mobile
4370,2024-09-05,IN,mobile
4371,2025-11-02,US,mobile
4372,2024-07-08,DE,desktop
4373,2026-03-30,BR,desktop
4374,2026-03-29,CA,mobile
4375,2023-12-22,BR,desktop
4376,2024-05-05,AU,mobile
4377,2024-01-15,AU,mobile
4378,2025-11-18,BR,desktop
4379,2024-07-03,US,desktop
4380,2024-03-06,IN,mobile
4381,2024-08-25,US,mobile
4382,2025-08-19,BR,desktop
4383,2023-04-14,DE,mobile
4384,2026-03-12,US,mobile
4385,2026-02-25,BR,tablet
4386,2025-10-19,IN,mobile
4387,2023-06-27,IN,mobile
4388,2024-10-19,BR,desktop
4389,2025-04-23,US,mobile
4390,2025-03-26,IN,mobile
4391,2025-02-13,BR,mobile
4392,2024-05-26,DE,mobile
4393,2024-12-21,BR,desktop
4394,2025-03-16,US,mobile
4395,2025-06-06,GB,mobile
4396,2023-11-03,US,desktop
4397,2023-03-31,AU,mobile
4398,2023-11-30,IN,desktop
4399,2024-02-06,IN,mobile
4400,2024-08-16,IN,mobile
4401,2024-11-13,US,mobile
4402,2024-01-10,BR,mobile
4403,2025-03-17,IN,mobile
4404,2024-09-03,PH,mobile
4405,2024-02-22,AU,mobile
4406,2026-03-17,US,mobile
4407,2025-05-11,US,mobile
4408,2026-01-19,US,mobile
4409,2025-08-30,BR,mobile
4410,2025-08-02,US,tablet
4411,2025-05-28,BR,mobile
4412,2023-06-02,PH,mobile
4413,2025-04-19,US,mobile
4414,2024-06-05,US,mobile
4415,2023-06-05,US,mobile
4416,2025-01-01,US,mobile
4417,2025-06-03,IN,mobile
4418,2023-05-08,GB,mobile
4419,2024-10-29,PH,mobile
4420,2026-02-10,BR,desktop
4421,2025-12-09,PH,mobile
4422,2024-10-26,IN,mobile
4423,2026-03-22,GB,desktop
4424,2025-08-24,US,desktop
4425,2024-10-31,IN,mobile
4426,2026-04-08,GB,mobile
4427,2023-10-20,IN,mobile
4428,2026-03-14,CA,mobile
4429,2025-03-13,IN,mobile
4430,2024-04-25,BR,mobile
4431,2025-10-31,US,mobile
4432,2024-07-09,US,tablet
4433,2025-07-03,GB,mobile
4434,2023-07-03,CA,mobile
4435,2024-05-30,IN,mobile
4436,2024-11-07,AU,desktop
4437,2024-01-31,US,mobile
4438,2023-08-13,US,mobile
4439,2026-01-25,IN,desktop
4440,2023-10-13,IN,mobile
4441,2023-11-20,US,mobile
4442,2024-11-06,US,desktop
4443,2025-08-20,BR,mobile
4444,2024-07-27,CA,mobile
4445,2025-02-26,US,desktop
4446,2025-03-27,DE,mobile
4447,2024-07-13,IN,mobile
4448,2023-11-13,US,mobile
4449,2024-07-02,US,mobile
4450,2024-06-10,US,mobile
4451,2025-08-16,US,mobile
4452,2024-03-12,IN,mobile
4453,2023-08-25,US,desktop
4454,2024-03-30,IN,mobile
4455,2024-09-19,BR,mobile
4456,2025-05-02,PH,mobile
4457,2023-12-04,IN,mobile
4458,2023-09-02,DE,mobile
4459,2023-12-19,GB,mobile
4460,2024-01-14,US,desktop
4461,2024-03-27,IN,mobile
4462,2025-10-04,IN,mobile
4463,2025-11-25,PH,mobile
4464,2024-04-26,PH,mobile
4465,2025-08-10,BR,mobile
4466,2024-01-11,IN,desktop
4467,2026-03-16,BR,mobile
4468,2025-06-22,IN,mobile
4469,2025-04-20,US,desktop
4470,2026-01-25,CA,mobile
4471,2026-03-14,US,desktop
4472,2026-04-28,DE,mobile
4473,2024-10-26,US,mobile
4474,2023-12-21,US,desktop
4475,2023-06-25,PH,mobile
4476,2023-09-19,IN,desktop
4477,2024-11-04,US,mobile
4478,2024-01-06,PH,mobile
4479,2023-10-27,CA,mobile
4480,2025-12-21,US,mobile
4481,2025-11-01,US,tablet
4482,2024-04-15,US,mobile
4483,2025-11-23,PH,mobile
4484,2024-08-11,PH,mobile
4485,2025-11-30,PH,mobile
4486,2023-08-26,IN,mobile
4487,2023-08-17,IN,mobile
4488,2025-03-31,BR,desktop
4489,2025-04-25,AU,mobile
4490,2026-04-24,IN,mobile
4491,2025-09-27,US,mobile
4492,2025-06-10,PH,mobile
4493,2026-01-06,IN,mobile
4494,2023-07-28,CA,desktop
4495,2023-08-26,IN,mobile
4496,2023-12-09,IN,mobile
4497,2024-01-03,US,desktop
4498,2024-09-09,US,desktop
4499,2023-12-29,PH,desktop
4500,2023-07-26,PH,mobile
4501,2023-05-23,IN,mobile
4502,2025-09-15,IN,desktop
4503,2023-11-02,PH,desktop
4504,2024-10-14,US,mobile
4505,2024-10-31,AU,desktop
4506,2026-03-18,CA,mobile
4507,2023-08-20,IN,mobile
4508,2024-08-10,BR,desktop
4509,2024-08-24,IN,desktop
4510,2023-06-04,CA,desktop
4511,2024-05-03,AU,desktop
4512,2025-08-22,AU,mobile
4513,2023-07-16,US,desktop
4514,2024-11-22,DE,desktop
4515,2025-03-04,IN,mobile
4516,2025-04-10,US,desktop
4517,2023-04-14,CA,desktop
4518,2023-08-26,US,mobile
4519,2023-03-03,IN,mobile
4520,2024-02-08,IN,mobile
4521,2025-06-24,US,mobile
4522,2024-10-15,US,desktop
4523,2025-09-24,CA,mobile
4524,2025-11-21,US,desktop
4525,2025-06-23,US,mobile
4526,2024-07-31,IN,mobile
4527,2025-07-04,CA,mobile
4528,2025-02-25,BR,desktop
4529,2025-01-08,US,mobile
4530,2025-04-19,GB,desktop
4531,2024-07-08,BR,desktop
4532,2025-07-10,US,mobile
4533,2023-06-05,IN,mobile
4534,2025-08-07,BR,desktop
4535,2025-01-18,BR,tablet
4536,2024-05-07,IN,mobile
4537,2023-12-07,IN,mobile
4538,2024-09-04,US,desktop
4539,2025-11-03,US,mobile
4540,2025-05-17,US,mobile
4541,2024-05-19,US,mobile
4542,2023-07-12,AU,mobile
4543,2025-05-19,IN,desktop
4544,2025-08-15,IN,mobile
4545,2025-04-04,IN,desktop
4546,2024-09-04,AU,mobile
4547,2023-08-26,CA,mobile
4548,2023-08-21,IN,mobile
4549,2025-03-28,GB,mobile
4550,2024-06-26,IN,desktop
4551,2024-04-17,DE,desktop
4552,2023-03-15,US,mobile
4553,2024-07-05,US,mobile
4554,2023-03-01,US,mobile
4555,2026-04-07,IN,mobile
4556,2026-02-05,IN,desktop
4557,2025-07-02,US,mobile
4558,2025-08-12,US,desktop
4559,2025-05-29,US,tablet
4560,2025-04-07,BR,mobile
4561,2025-05-23,PH,desktop
4562,2025-02-12,US,mobile
4563,2024-11-13,IN,mobile
4564,2023-02-19,IN,desktop
4565,2024-07-28,PH,mobile
4566,2025-06-27,IN,mobile
4567,2024-08-06,IN,mobile
4568,2025-07-09,US,mobile
4569,2026-01-21,DE,desktop
4570,2023-09-13,BR,desktop
4571,2026-02-04,CA,desktop
4572,2024-01-27,AU,mobile
4573,2024-01-11,IN,mobile
4574,2024-09-20,IN,desktop
4575,2024-11-03,AU,desktop
4576,2023-05-29,IN,desktop
4577,2025-01-10,US,mobile
4578,2026-02-17,GB,desktop
4579,2025-06-01,US,mobile
4580,2023-12-06,US,mobile
4581,2025-12-13,GB,mobile
4582,2024-09-08,US,mobile
4583,2025-12-08,IN,desktop
4584,2026-02-13,BR,mobile
4585,2025-03-29,CA,mobile
4586,2023-10-12,PH,mobile
4587,2023-09-13,US,mobile
4588,2023-05-29,US,mobile
4589,2026-02-13,DE,mobile
4590,2026-02-16,AU,desktop
4591,2024-06-12,US,desktop
4592,2024-03-13,IN,desktop
4593,2024-05-25,PH,mobile
4594,2025-12-21,US,desktop
4595,2025-08-16,US,mobile
4596,2025-12-05,US,tablet
4597,2025-08-23,US,mobile
4598,2024-08-15,CA,mobile
4599,2023-12-16,US,desktop
4600,2026-04-15,BR,desktop
4601,2024-05-30,DE,desktop
4602,2026-01-22,PH,mobile
4603,2024-11-14,BR,tablet
4604,2024-02-03,US,desktop
4605,2025-11-01,GB,mobile
4606,2025-02-24,CA,mobile
4607,2025-06-11,US,mobile
4608,2023-04-20,CA,mobile
4609,2024-12-11,IN,desktop
4610,2024-03-09,GB,mobile
4611,2026-01-16,AU,mobile
4612,2024-07-16,GB,mobile
4613,2026-01-11,US,desktop
4614,2025-08-25,BR,mobile
4615,2025-02-01,US,mobile
4616,2025-11-27,IN,desktop
4617,2023-11-07,US,mobile
4618,2024-04-28,IN,mobile
4619,2023-07-01,IN,desktop
4620,2024-09-06,CA,mobile
4621,2023-04-30,BR,mobile
4622,2023-05-20,US,mobile
4623,2024-10-31,US,desktop
4624,2025-05-28,GB,desktop
4625,2024-01-03,GB,mobile
4626,2024-04-30,IN,desktop
4627,2023-03-24,DE,mobile
4628,2024-10-21,BR,mobile
4629,2023-11-12,PH,desktop
4630,2025-10-08,IN,mobile
4631,2023-12-27,PH,mobile
4632,2023-03-04,IN,mobile
4633,2023-04-26,US,mobile
4634,2025-02-24,BR,mobile
4635,2026-01-02,CA,mobile
4636,2025-07-22,GB,desktop
4637,2023-07-19,PH,mobile
4638,2025-06-16,US,desktop
4639,2025-04-05,GB,desktop
4640,2024-05-07,US,mobile
4641,2025-04-27,PH,desktop
4642,2024-11-28,US,mobile
4643,2025-02-27,CA,tablet
4644,2023-10-07,US,desktop
4645,2024-02-19,US,desktop
4646,2025-05-31,IN,desktop
4647,2023-08-10,IN,desktop
4648,2024-11-03,US,mobile
4649,2025-11-25,GB,mobile
4650,2023-12-29,US,mobile
4651,2026-03-17,IN,desktop
4652,2026-02-06,IN,mobile
4653,2026-04-22,US,mobile
4654,2024-04-20,PH,mobile
4655,2023-07-21,DE,mobile
4656,2025-10-14,BR,mobile
4657,2025-05-02,IN,desktop
4658,2023-08-20,DE,mobile
4659,2024-06-30,AU,mobile
4660,2025-03-10,GB,mobile
4661,2024-11-03,CA,tablet
4662,2024-07-15,CA,tablet
4663,2023-04-03,BR,mobile
4664,2024-12-26,US,mobile
4665,2024-11-07,GB,mobile
4666,2023-03-21,US,mobile
4667,2025-08-25,IN,tablet
4668,2024-08-13,AU,mobile
4669,2026-03-22,IN,mobile
4670,2026-02-25,US,mobile
4671,2026-01-15,US,desktop
4672,2024-06-13,PH,mobile
4673,2024-09-21,US,mobile
4674,2024-08-04,BR,desktop
4675,2023-03-19,US,desktop
4676,2024-07-14,IN,mobile
4677,2023-07-25,US,mobile
4678,2024-10-30,US,desktop
4679,2024-04-15,BR,mobile
4680,2023-11-15,IN,desktop
4681,2023-07-11,AU,mobile
4682,2026-01-20,IN,desktop
4683,2025-01-19,BR,mobile
4684,2024-10-08,IN,mobile
4685,2023-09-14,US,mobile
4686,2024-03-04,US,mobile
4687,2023-07-04,US,mobile
4688,2024-01-19,US,desktop
4689,2023-07-21,CA,mobile
4690,2025-11-06,US,desktop
4691,2024-07-10,US,mobile
4692,2024-04-08,IN,desktop
4693,2026-02-09,GB,mobile
4694,2025-04-15,IN,desktop
4695,2024-06-04,IN,mobile
4696,2023-10-11,US,desktop
4697,2023-02-25,BR,mobile
4698,2025-09-17,PH,mobile
4699,2026-01-05,BR,mobile
4700,2023-03-07,US,mobile
4701,2025-07-23,DE,mobile
4702,2023-12-14,BR,desktop
4703,2026-04-04,PH,mobile
4704,2025-07-09,BR,mobile
4705,2025-08-28,IN,mobile
4706,2024-04-14,PH,desktop
4707,2025-08-22,IN,mobile
4708,2025-09-15,GB,mobile
4709,2023-05-28,AU,mobile
4710,2024-11-09,PH,desktop
4711,2024-09-30,US,desktop
4712,2025-03-27,BR,desktop
4713,2025-07-17,IN,mobile
4714,2024-04-17,CA,mobile
4715,2024-08-24,PH,mobile
4716,2023-09-01,IN,mobile
4717,2023-06-13,BR,mobile
4718,2025-09-01,BR,mobile
4719,2023-02-28,US,desktop
4720,2024-12-13,US,mobile
4721,2023-03-11,US,desktop
4722,2025-02-09,BR,mobile
4723,2023-12-15,BR,mobile
4724,2023-07-06,DE,mobile
4725,2024-08-21,US,mobile
4726,2024-09-24,PH,tablet
4727,2023-09-10,PH,mobile
4728,2025-06-15,IN,mobile
4729,2023-07-17,GB,desktop
4730,2023-02-20,CA,mobile
4731,2024-05-19,BR,desktop
4732,2025-01-16,PH,mobile
4733,2023-07-16,US,mobile
4734,2025-08-25,PH,desktop
4735,2025-06-03,IN,mobile
4736,2023-09-01,PH,mobile
4737,2024-10-23,IN,mobile
4738,2024-12-28,IN,mobile
4739,2023-04-12,CA,desktop
4740,2024-08-02,GB,mobile
4741,2025-10-24,US,mobile
4742,2025-10-28,US,mobile
4743,2025-11-24,CA,desktop
4744,2025-02-23,AU,mobile
4745,2023-08-11,US,mobile
4746,2024-05-25,BR,mobile
4747,2025-03-03,CA,mobile
4748,2025-10-06,IN,tablet
4749,2023-11-17,AU,mobile
4750,2024-05-07,DE,tablet
4751,2023-12-03,AU,mobile
4752,2023-08-08,CA,mobile
4753,2025-11-17,PH,desktop
4754,2025-02-12,GB,desktop
4755,2026-03-21,US,mobile
4756,2025-08-29,IN,desktop
4757,2025-10-12,US,desktop
4758,2026-03-08,GB,mobile
4759,2025-08-21,IN,desktop
4760,2025-11-03,US,mobile
4761,2026-01-24,IN,mobile
4762,2023-10-15,PH,mobile
4763,2024-09-03,IN,tablet
4764,2025-06-12,US,mobile
4765,2025-01-09,US,mobile
4766,2026-01-16,US,mobile
4767,2026-04-19,US,mobile
4768,2023-11-13,US,mobile
4769,2025-10-19,AU,tablet
4770,2023-11-07,IN,desktop
4771,2024-01-24,IN,mobile
4772,2025-01-23,AU,desktop
4773,2024-07-24,US,desktop
4774,2025-04-22,BR,mobile
4775,2025-07-13,US,mobile
4776,2026-04-03,CA,mobile
4777,2023-02-25,DE,desktop
4778,2024-10-22,GB,mobile
4779,2026-03-19,DE,mobile
4780,2026-03-08,US,mobile
4781,2023-07-02,BR,mobile
4782,2023-02-28,DE,desktop
4783,2024-12-19,US,desktop
4784,2025-06-06,BR,mobile
4785,2023-10-22,GB,mobile
4786,2023-07-19,US,mobile
4787,2025-11-03,IN,mobile
4788,2023-10-28,BR,mobile
4789,2026-01-23,IN,mobile
4790,2025-03-22,GB,mobile
4791,2025-12-09,IN,mobile
4792,2023-08-12,BR,mobile
4793,2024-10-30,US,mobile
4794,2024-08-22,IN,desktop
4795,2023-12-25,IN,mobile
4796,2023-06-21,IN,desktop
4797,2025-11-08,PH,mobile
4798,2023-10-16,PH,mobile
4799,2024-09-14,US,mobile
4800,2025-08-20,PH,desktop
4801,2025-08-24,PH,mobile
4802,2023-05-20,AU,mobile
4803,2023-05-14,US,mobile
4804,2025-03-26,BR,mobile
4805,2024-01-03,GB,mobile
4806,2024-01-24,BR,mobile
4807,2023-08-12,AU,mobile
4808,2025-06-14,US,mobile
4809,2025-01-07,IN,desktop
4810,2025-03-16,DE,desktop
4811,2026-03-08,IN,mobile
4812,2026-04-12,GB,desktop
4813,2026-01-12,BR,mobile
4814,2024-08-17,GB,desktop
4815,2025-11-14,US,mobile
4816,2025-06-30,BR,desktop
4817,2026-02-13,GB,mobile
4818,2026-01-13,US,mobile
4819,2024-10-19,CA,desktop
4820,2026-03-31,CA,mobile
4821,2024-11-03,CA,desktop
4822,2025-06-11,IN,mobile
4823,2024-12-25,IN,mobile
4824,2024-02-28,PH,mobile
4825,2024-07-08,IN,desktop
4826,2023-09-13,AU,mobile
4827,2026-01-05,GB,mobile
4828,2024-06-23,IN,mobile
4829,2023-05-25,US,mobile
4830,2025-08-24,CA,desktop
4831,2023-12-14,GB,desktop
4832,2026-04-30,US,mobile
4833,2024-02-17,US,mobile
4834,2024-07-04,IN,mobile
4835,2026-03-02,US,desktop
4836,2025-01-01,DE,mobile
4837,2023-07-28,IN,desktop
4838,2024-11-22,US,mobile
4839,2025-01-29,PH,mobile
4840,2023-08-18,PH,mobile
4841,2025-08-03,IN,mobile
4842,2026-03-03,BR,mobile
4843,2025-11-17,IN,mobile
4844,2025-10-30,PH,mobile
4845,2023-05-01,IN,mobile
4846,2024-05-08,IN,mobile
4847,2025-10-06,AU,mobile
4848,2026-04-30,US,mobile
4849,2023-11-14,US,mobile
4850,2024-10-14,IN,desktop
4851,2026-04-10,GB,desktop
4852,2025-12-12,GB,mobile
4853,2025-08-13,IN,mobile
4854,2024-01-02,AU,desktop
4855,2024-03-14,US,mobile
4856,2025-11-24,GB,mobile
4857,2024-05-08,US,mobile
4858,2023-09-26,PH,desktop
4859,2023-06-09,GB,desktop
4860,2024-06-30,AU,mobile
4861,2025-01-09,BR,desktop
4862,2023-06-19,PH,tablet
4863,2023-04-25,DE,desktop
4864,2025-11-25,GB,desktop
4865,2025-01-05,PH,desktop
4866,2025-07-09,AU,desktop
4867,2023-09-12,AU,mobile
4868,2024-07-21,AU,desktop
4869,2023-10-01,BR,mobile
4870,2025-08-28,BR,mobile
4871,2025-05-17,AU,mobile
4872,2024-10-25,US,mobile
4873,2025-04-24,IN,mobile
4874,2025-07-14,IN,mobile
4875,2025-04-30,IN,desktop
4876,2024-12-31,BR,mobile
4877,2024-10-30,IN,mobile
4878,2024-03-08,US,mobile
4879,2023-09-24,US,desktop
4880,2024-09-24,IN,mobile
4881,2023-12-07,AU,mobile
4882,2023-06-06,PH,mobile
4883,2023-04-28,US,mobile
4884,2024-03-15,US,mobile
4885,2025-07-25,GB,mobile
4886,2025-04-29,US,tablet
4887,2023-07-09,US,desktop
4888,2023-12-05,IN,mobile
4889,2025-11-29,AU,desktop
4890,2025-06-01,US,desktop
4891,2024-05-04,PH,mobile
4892,2023-03-17,US,mobile
4893,2023-09-30,AU,mobile
4894,2026-01-23,GB,mobile
4895,2025-07-20,US,mobile
4896,2024-12-09,IN,mobile
4897,2025-10-27,US,mobile
4898,2025-06-09,BR,tablet
4899,2024-03-24,US,desktop
4900,2024-04-10,AU,mobile
4901,2023-07-05,IN,mobile
4902,2023-08-27,US,mobile
4903,2025-08-24,IN,mobile
4904,2023-03-31,IN,mobile
4905,2024-07-07,GB,mobile
4906,2024-12-18,US,mobile
4907,2025-03-16,PH,mobile
4908,2024-05-07,DE,mobile
4909,2023-12-11,US,mobile
4910,2023-05-11,IN,mobile
4911,2025-01-01,US,desktop
4912,2024-08-10,BR,mobile
4913,2023-07-20,GB,desktop
4914,2025-12-07,GB,mobile
4915,2025-10-20,BR,mobile
4916,2023-10-22,BR,mobile
4917,2026-02-17,IN,mobile
4918,2023-02-28,US,desktop
4919,2024-08-11,BR,mobile
4920,2026-05-02,BR,mobile
4921,2025-08-12,US,mobile
4922,2024-06-28,US,desktop
4923,2025-06-23,IN,mobile
4924,2023-10-04,BR,mobile
4925,2025-08-01,IN,mobile
4926,2024-03-02,IN,mobile
4927,2026-03-25,US,desktop
4928,2023-08-20,IN,desktop
4929,2023-04-09,IN,mobile
4930,2024-02-24,PH,mobile
4931,2024-01-19,CA,desktop
4932,2025-05-21,US,mobile
4933,2024-11-01,IN,mobile
4934,2024-10-18,US,mobile
4935,2025-09-14,BR,mobile
4936,2023-06-20,BR,mobile
4937,2023-06-19,BR,mobile
4938,2025-10-22,US,tablet
4939,2025-11-09,US,mobile
4940,2026-01-19,US,desktop
4941,2025-10-17,CA,mobile
4942,2025-07-10,BR,mobile
4943,2025-12-25,US,mobile
4944,2024-01-09,US,desktop
4945,2023-05-11,US,tablet
4946,2026-02-26,IN,mobile
4947,2024-01-17,AU,tablet
4948,2023-11-01,IN,mobile
4949,2024-03-07,BR,mobile
4950,2023-03-28,US,mobile
4951,2025-06-26,BR,mobile
4952,2025-07-28,US,desktop
4953,2026-03-23,IN,desktop
4954,2023-09-03,DE,mobile
4955,2023-08-12,IN,mobile
4956,2024-07-12,PH,mobile
4957,2025-12-07,US,tablet
4958,2025-07-04,BR,mobile
4959,2025-03-06,US,mobile
4960,2024-01-05,CA,tablet
4961,2024-02-09,US,desktop
4962,2025-05-22,US,mobile
4963,2024-03-08,US,mobile
4964,2023-07-27,BR,mobile
4965,2025-12-12,IN,mobile
4966,2024-11-21,US,mobile
4967,2023-08-09,DE,mobile
4968,2024-03-19,GB,mobile
4969,2025-01-10,BR,desktop
4970,2023-10-21,US,mobile
4971,2024-08-10,US,mobile
4972,2025-09-05,US,mobile
4973,2025-10-19,PH,mobile
4974,2026-03-12,US,tablet
4975,2023-08-20,US,mobile
4976,2024-05-17,PH,mobile
4977,2024-01-29,US,mobile
4978,2025-01-05,DE,mobile
4979,2023-02-24,PH,mobile
4980,2025-12-31,CA,mobile
4981,2024-12-16,IN,mobile
4982,2025-08-13,US,desktop
4983,2026-04-16,DE,mobile
4984,2024-04-25,GB,mobile
4985,2023-02-21,IN,mobile
4986,2024-09-11,US,mobile
4987,2023-12-14,BR,tablet
4988,2025-11-07,DE,tablet
4989,2023-10-22,IN,mobile
4990,2024-09-30,IN,mobile
4991,2024-04-06,US,desktop
4992,2023-10-31,IN,mobile
4993,2025-10-16,US,mobile
4994,2023-09-18,BR,mobile
4995,2023-05-24,BR,desktop
4996,2023-02-27,US,mobile
4997,2023-12-23,US,mobile
4998,2025-06-07,US,mobile
4999,2025-12-26,IN,mobile
5000,2025-05-05,CA,mobile
5001,2026-03-30,AU,mobile
5002,2024-05-22,US,mobile
5003,2024-12-24,US,desktop
5004,2025-11-19,CA,mobile
5005,2025-12-16,GB,mobile
5006,2024-10-18,PH,desktop
5007,2023-05-20,AU,mobile
5008,2025-06-11,US,desktop
5009,2023-05-23,US,mobile
5010,2024-07-30,CA,tablet
5011,2024-10-25,AU,desktop
5012,2023-09-27,GB,mobile
5013,2024-02-25,US,desktop
5014,2024-03-01,IN,mobile
5015,2026-01-29,BR,desktop
5016,2023-10-31,PH,mobile
5017,2025-10-24,CA,desktop
5018,2024-10-12,IN,tablet
5019,2023-09-07,CA,desktop
5020,2023-11-25,BR,mobile
5021,2024-01-24,BR,mobile
5022,2023-11-22,IN,mobile
5023,2024-09-18,US,desktop
5024,2024-09-17,BR,desktop
5025,2024-03-03,BR,desktop
5026,2025-03-24,DE,mobile
5027,2025-03-17,BR,mobile
5028,2025-02-01,US,mobile
5029,2023-07-06,PH,mobile
5030,2024-10-28,GB,tablet
5031,2025-12-14,PH,desktop
5032,2024-02-07,BR,desktop
5033,2024-05-07,US,mobile
5034,2024-05-28,US,mobile
5035,2026-01-12,US,mobile
5036,2023-11-30,BR,mobile
5037,2025-04-07,US,mobile
5038,2023-03-07,PH,mobile
5039,2024-03-25,IN,mobile
5040,2024-06-17,US,mobile
5041,2023-12-16,PH,tablet
5042,2023-03-23,CA,desktop
5043,2025-05-20,CA,desktop
5044,2023-08-02,AU,desktop
5045,2025-12-11,IN,mobile
5046,2023-11-22,IN,mobile
5047,2024-02-12,IN,desktop
5048,2023-09-21,IN,desktop
5049,2023-09-25,CA,desktop
5050,2026-02-02,IN,mobile
5051,2023-11-09,US,mobile
5052,2025-08-13,BR,mobile
5053,2025-03-09,IN,mobile
5054,2023-11-22,BR,mobile
5055,2023-06-09,BR,desktop
5056,2024-05-31,GB,mobile
5057,2024-06-08,GB,desktop
5058,2025-09-09,IN,desktop
5059,2024-08-12,AU,desktop
5060,2023-12-05,US,mobile
5061,2023-06-15,US,mobile
5062,2024-12-10,IN,mobile
5063,2024-03-07,PH,desktop
5064,2025-05-14,IN,mobile
5065,2023-03-24,CA,tablet
5066,2023-04-03,PH,desktop
5067,2024-07-07,BR,mobile
5068,2024-03-07,GB,desktop
5069,2023-04-20,US,desktop
5070,2025-10-08,AU,desktop
5071,2024-09-09,AU,mobile
5072,2025-08-21,US,mobile
5073,2024-05-21,GB,desktop
5074,2023-11-25,GB,mobile
5075,2024-05-08,PH,desktop
5076,2026-04-07,US,desktop
5077,2026-01-02,BR,mobile
5078,2023-09-12,IN,desktop
5079,2023-12-24,PH,desktop
5080,2026-04-15,DE,desktop
5081,2023-12-26,GB,tablet
5082,2024-12-11,US,desktop
5083,2026-03-12,US,mobile
5084,2023-08-03,IN,desktop
5085,2024-01-11,DE,desktop
5086,2024-12-14,CA,desktop
5087,2026-04-01,IN,mobile
5088,2024-12-09,IN,mobile
5089,2024-06-28,US,mobile
5090,2024-11-23,GB,mobile
5091,2023-03-21,IN,mobile
5092,2025-06-05,DE,desktop
5093,2024-12-17,PH,desktop
5094,2023-12-23,PH,desktop
5095,2024-10-29,IN,desktop
5096,2025-07-05,GB,desktop
5097,2024-11-16,IN,mobile
5098,2023-11-15,IN,mobile
5099,2024-09-29,PH,mobile
5100,2023-05-22,US,desktop
5101,2026-01-29,IN,mobile
5102,2026-02-16,US,mobile
5103,2026-04-11,BR,desktop
5104,2026-04-18,IN,mobile
5105,2025-06-11,US,desktop
5106,2023-12-08,BR,mobile
5107,2024-01-16,AU,desktop
5108,2023-11-23,US,mobile
5109,2023-12-30,US,desktop
5110,2025-08-02,IN,tablet
5111,2025-07-23,IN,mobile
5112,2025-04-12,BR,mobile
5113,2026-01-05,BR,mobile
5114,2025-08-25,GB,mobile
5115,2026-01-19,IN,mobile
5116,2025-10-26,IN,mobile
5117,2024-08-17,IN,desktop
5118,2025-05-05,US,mobile
5119,2025-09-08,US,mobile
5120,2026-02-04,US,mobile
5121,2026-02-24,PH,mobile
5122,2024-12-22,US,desktop
5123,2024-05-02,GB,desktop
5124,2023-11-18,IN,mobile
5125,2023-06-24,IN,mobile
5126,2024-02-06,US,desktop
5127,2023-08-29,IN,desktop
5128,2025-04-10,US,mobile
5129,2026-02-16,US,mobile
5130,2025-03-25,US,desktop
5131,2024-09-03,BR,mobile
5132,2023-06-03,PH,mobile
5133,2023-08-19,US,mobile
5134,2024-03-11,US,mobile
5135,2025-02-12,US,mobile
5136,2025-04-29,IN,desktop
5137,2025-07-10,US,mobile
5138,2025-04-13,IN,mobile
5139,2025-12-27,IN,mobile
5140,2026-01-11,US,tablet
5141,2024-09-15,GB,mobile
5142,2025-01-27,BR,mobile
5143,2024-12-05,GB,desktop
5144,2025-12-07,IN,desktop
5145,2023-10-03,IN,mobile
5146,2025-11-30,US,mobile
5147,2024-07-21,BR,mobile
5148,2026-01-06,US,mobile
5149,2023-10-10,IN,mobile
5150,2025-10-29,BR,mobile
5151,2024-04-11,US,mobile
5152,2025-04-05,US,mobile
5153,2024-08-13,BR,mobile
5154,2025-11-26,DE,mobile
5155,2024-11-20,BR,tablet
5156,2024-12-23,BR,mobile
5157,2025-03-11,IN,desktop
5158,2024-09-02,BR,mobile
5159,2025-04-20,IN,desktop
5160,2024-06-10,DE,mobile
5161,2024-07-18,US,desktop
5162,2026-03-05,IN,mobile
5163,2026-03-05,IN,mobile
5164,2026-02-01,PH,mobile
5165,2023-11-09,US,mobile
5166,2024-12-18,DE,mobile
5167,2023-04-11,GB,desktop
5168,2026-01-08,BR,desktop
5169,2024-04-07,CA,mobile
5170,2026-02-11,IN,mobile
5171,2025-06-02,US,tablet
5172,2023-02-20,PH,mobile
5173,2026-01-05,PH,mobile
5174,2025-05-09,CA,mobile
5175,2023-08-30,IN,desktop
5176,2025-10-31,US,mobile
5177,2026-01-24,IN,mobile
5178,2023-12-11,GB,desktop
5179,2025-01-20,DE,desktop
5180,2024-11-15,IN,mobile
5181,2023-12-07,US,desktop
5182,2023-04-07,AU,mobile
5183,2025-07-06,PH,mobile
5184,2025-11-06,US,mobile
5185,2023-05-17,US,mobile
5186,2025-09-30,US,desktop
5187,2026-01-13,US,mobile
5188,2023-06-11,US,desktop
5189,2024-02-16,US,mobile
5190,2023-03-12,CA,mobile
5191,2024-12-17,CA,mobile
5192,2023-04-10,US,mobile
5193,2023-10-18,US,mobile
5194,2023-03-30,GB,mobile
5195,2024-09-05,US,mobile
5196,2026-04-27,IN,mobile
5197,2025-11-19,IN,mobile
5198,2023-12-06,US,mobile
5199,2025-03-15,US,mobile
5200,2026-02-11,US,tablet
5201,2025-10-27,GB,desktop
5202,2024-12-25,US,mobile
5203,2024-01-27,US,desktop
5204,2024-11-12,AU,mobile
5205,2024-08-11,BR,mobile
5206,2025-06-11,DE,desktop
5207,2023-02-22,GB,desktop
5208,2024-03-18,IN,mobile
5209,2025-09-21,IN,desktop
5210,2025-08-12,CA,mobile
5211,2025-02-10,IN,mobile
5212,2024-08-25,US,desktop
5213,2023-06-22,GB,mobile
5214,2025-03-20,DE,mobile
5215,2026-02-08,US,mobile
5216,2024-05-12,IN,desktop
5217,2024-02-04,IN,desktop
5218,2024-07-13,US,desktop
5219,2023-05-01,US,desktop
5220,2025-11-21,PH,mobile
5221,2023-09-08,US,desktop
5222,2024-07-02,PH,mobile
5223,2024-02-23,US,tablet
5224,2025-10-26,US,mobile
5225,2025-01-07,US,mobile
5226,2025-01-01,US,desktop
5227,2024-12-27,US,desktop
5228,2024-05-05,AU,mobile
5229,2025-06-20,IN,mobile
5230,2023-10-13,GB,mobile
5231,2024-08-06,US,desktop
5232,2023-11-13,PH,tablet
5233,2025-05-26,US,mobile
5234,2023-06-14,GB,mobile
5235,2025-08-10,US,desktop
5236,2024-02-19,US,mobile
5237,2025-08-12,US,mobile
5238,2025-05-08,DE,mobile
5239,2024-11-30,US,mobile
5240,2024-12-20,US,mobile
5241,2025-03-18,US,mobile
5242,2024-12-20,IN,mobile
5243,2026-04-28,GB,mobile
5244,2025-02-17,US,mobile
5245,2026-02-01,PH,desktop
5246,2024-11-27,BR,mobile
5247,2024-05-11,BR,mobile
5248,2023-11-24,CA,mobile
5249,2024-11-05,US,mobile
5250,2024-08-28,PH,mobile
5251,2024-11-01,US,mobile
5252,2023-02-21,DE,mobile
5253,2024-10-23,IN,desktop
5254,2023-07-25,DE,mobile
5255,2025-11-14,US,desktop
5256,2024-07-06,GB,desktop
5257,2025-11-22,US,mobile
5258,2025-09-06,BR,mobile
5259,2024-01-10,PH,mobile
5260,2025-02-04,IN,mobile
5261,2023-06-04,BR,mobile
5262,2025-11-19,GB,tablet
5263,2023-06-19,IN,mobile
5264,2025-08-18,IN,desktop
5265,2025-03-21,US,mobile
5266,2023-11-04,US,mobile
5267,2023-05-12,US,desktop
5268,2023-05-15,US,mobile
5269,2024-11-15,GB,desktop
5270,2024-01-20,GB,desktop
5271,2025-05-03,US,mobile
5272,2026-01-02,IN,mobile
5273,2025-01-07,AU,desktop
5274,2024-08-18,PH,desktop
5275,2023-12-05,IN,desktop
5276,2023-07-18,IN,desktop
5277,2024-05-11,BR,mobile
5278,2025-09-29,IN,desktop
5279,2026-01-10,IN,desktop
5280,2025-07-16,US,mobile
5281,2023-08-18,BR,mobile
5282,2023-05-12,CA,desktop
5283,2025-11-19,US,desktop
5284,2023-09-26,GB,mobile
5285,2025-08-06,US,mobile
5286,2023-09-20,IN,mobile
5287,2023-07-26,US,desktop
5288,2024-08-29,PH,mobile
5289,2024-07-14,PH,desktop
5290,2024-05-28,US,mobile
5291,2024-08-06,IN,mobile
5292,2023-07-09,IN,mobile
5293,2024-02-03,US,desktop
5294,2024-01-18,AU,mobile
5295,2024-02-19,GB,mobile
5296,2025-02-01,PH,desktop
5297,2023-12-03,US,desktop
5298,2024-07-30,GB,tablet
5299,2025-09-05,US,desktop
5300,2023-06-10,CA,mobile
5301,2024-04-09,GB,mobile
5302,2024-01-26,US,mobile
5303,2024-07-24,BR,mobile
5304,2024-08-25,IN,mobile
5305,2026-05-01,BR,desktop
5306,2025-12-06,BR,desktop
5307,2026-01-10,GB,mobile
5308,2025-12-15,IN,desktop
5309,2023-07-19,PH,desktop
5310,2026-03-03,AU,mobile
5311,2025-08-05,BR,mobile
5312,2026-01-13,CA,mobile
5313,2025-10-26,PH,mobile
5314,2025-02-24,BR,mobile
5315,2025-06-18,US,mobile
5316,2024-11-21,GB,mobile
5317,2024-11-26,IN,mobile
5318,2026-01-13,GB,desktop
5319,2025-09-26,DE,desktop
5320,2025-08-06,CA,desktop
5321,2024-11-28,PH,mobile
5322,2024-11-19,GB,desktop
5323,2023-07-06,US,mobile
5324,2023-08-02,PH,mobile
5325,2024-11-11,BR,mobile
5326,2023-12-17,PH,desktop
5327,2024-04-24,US,mobile
5328,2023-04-02,US,mobile
5329,2023-03-18,GB,desktop
5330,2024-07-08,DE,desktop
5331,2023-07-13,BR,mobile
5332,2025-05-08,IN,mobile
5333,2023-12-27,PH,tablet
5334,2023-10-30,BR,mobile
5335,2025-01-27,PH,desktop
5336,2024-02-08,BR,desktop
5337,2026-01-05,DE,mobile
5338,2024-01-29,BR,mobile
5339,2024-05-11,DE,desktop
5340,2024-07-25,AU,mobile
5341,2023-12-21,US,mobile
5342,2026-01-07,BR,desktop
5343,2023-10-10,GB,mobile
5344,2025-07-25,US,desktop
5345,2023-11-28,IN,mobile
5346,2023-04-08,BR,mobile
5347,2026-02-27,IN,tablet
5348,2025-10-30,US,mobile
5349,2026-04-19,PH,desktop
5350,2024-11-16,US,desktop
5351,2024-09-19,GB,mobile
5352,2026-01-25,US,desktop
5353,2025-06-25,BR,desktop
5354,2024-07-28,PH,mobile
5355,2023-09-12,US,desktop
5356,2024-11-06,US,desktop
5357,2025-08-15,PH,desktop
5358,2025-06-19,IN,mobile
5359,2024-02-09,CA,desktop
5360,2024-11-26,BR,mobile
5361,2023-03-10,BR,mobile
5362,2025-08-06,US,mobile
5363,2025-10-07,US,mobile
5364,2025-07-30,IN,mobile
5365,2025-05-21,US,tablet
5366,2023-03-18,US,mobile
5367,2025-12-28,US,desktop
5368,2023-10-11,PH,mobile
5369,2023-05-02,US,mobile
5370,2025-08-09,PH,desktop
5371,2025-06-12,DE,mobile
5372,2026-02-27,IN,mobile
5373,2023-12-27,BR,desktop
5374,2025-10-25,US,desktop
5375,2026-04-18,IN,mobile
5376,2026-03-31,IN,mobile
5377,2024-10-02,BR,mobile
5378,2025-09-26,GB,mobile
5379,2024-10-29,IN,mobile
5380,2025-05-06,US,desktop
5381,2025-10-27,PH,mobile
5382,2023-12-05,CA,mobile
5383,2024-07-15,US,desktop
5384,2024-07-03,CA,desktop
5385,2025-01-27,US,mobile
5386,2026-01-18,IN,mobile
5387,2026-03-08,AU,desktop
5388,2023-05-12,US,mobile
5389,2023-12-08,AU,mobile
5390,2024-01-07,BR,mobile
5391,2024-08-30,DE,mobile
5392,2024-09-08,PH,mobile
5393,2025-04-01,PH,mobile
5394,2024-06-27,GB,mobile
5395,2023-12-07,US,mobile
5396,2024-05-01,DE,desktop
5397,2025-08-20,US,desktop
5398,2024-05-24,IN,mobile
5399,2024-06-01,CA,desktop
5400,2023-08-02,AU,desktop
5401,2025-05-31,BR,mobile
5402,2024-01-29,BR,mobile
5403,2023-02-22,IN,mobile
5404,2024-02-11,US,mobile
5405,2024-04-05,US,mobile
5406,2024-03-24,BR,tablet
5407,2025-04-17,US,mobile
5408,2024-01-15,GB,desktop
5409,2025-06-05,US,mobile
5410,2025-08-26,US,tablet
5411,2024-10-05,US,mobile
5412,2023-12-01,AU,desktop
5413,2025-08-10,PH,mobile
5414,2024-12-07,US,desktop
5415,2025-11-27,US,desktop
5416,2024-01-19,PH,desktop
5417,2025-01-25,IN,desktop
5418,2023-02-26,IN,mobile
5419,2024-10-21,GB,desktop
5420,2023-06-19,BR,mobile
5421,2023-12-04,US,mobile
5422,2023-06-17,CA,mobile
5423,2024-07-10,US,desktop
5424,2024-09-16,US,desktop
5425,2025-09-13,US,mobile
5426,2025-12-17,BR,mobile
5427,2023-08-27,AU,mobile
5428,2026-01-21,BR,tablet
5429,2023-02-18,DE,mobile
5430,2023-03-26,BR,mobile
5431,2025-05-18,US,mobile
5432,2024-06-14,US,mobile
5433,2023-08-23,IN,mobile
5434,2024-08-18,GB,desktop
5435,2023-12-19,CA,mobile
5436,2024-03-13,BR,mobile
5437,2024-10-15,BR,mobile
5438,2024-11-23,CA,mobile
5439,2024-06-30,US,mobile
5440,2024-07-02,IN,desktop
5441,2025-05-25,IN,mobile
5442,2023-11-18,IN,mobile
5443,2023-06-02,IN,mobile
5444,2024-03-15,IN,mobile
5445,2023-07-02,US,mobile
5446,2025-09-12,US,mobile
5447,2025-11-05,US,desktop
5448,2023-12-16,IN,tablet
5449,2025-10-06,US,desktop
5450,2023-09-06,DE,mobile
5451,2025-11-15,CA,mobile
5452,2024-11-09,PH,mobile
5453,2025-07-01,US,desktop
5454,2024-12-21,IN,tablet
5455,2023-03-13,CA,mobile
5456,2024-10-15,PH,mobile
5457,2023-07-13,US,mobile
5458,2025-08-17,US,mobile
5459,2025-06-12,CA,tablet
5460,2024-05-15,PH,mobile
5461,2023-11-07,BR,mobile
5462,2023-04-21,US,tablet
5463,2026-04-25,IN,mobile
5464,2024-11-08,IN,mobile
5465,2026-04-07,IN,desktop
5466,2024-07-27,PH,mobile
5467,2023-04-30,US,desktop
5468,2025-07-18,GB,mobile
5469,2026-01-13,PH,mobile
5470,2024-08-24,US,mobile
5471,2025-10-05,US,mobile
5472,2026-02-02,IN,mobile
5473,2025-02-02,GB,mobile
5474,2024-09-24,US,desktop
5475,2023-04-23,IN,desktop
5476,2025-11-16,GB,mobile
5477,2023-06-30,IN,mobile
5478,2026-01-09,IN,mobile
5479,2024-09-19,CA,desktop
5480,2024-11-04,US,mobile
5481,2023-08-17,US,mobile
5482,2023-03-09,IN,desktop
5483,2026-03-13,IN,tablet
5484,2024-12-17,DE,mobile
5485,2023-12-19,US,desktop
5486,2026-02-18,US,desktop
5487,2025-09-23,DE,mobile
5488,2026-03-03,DE,desktop
5489,2025-10-03,US,desktop
5490,2023-08-27,CA,mobile
5491,2026-03-08,PH,mobile
5492,2023-11-21,BR,desktop
5493,2025-10-16,IN,desktop
5494,2023-11-15,GB,mobile
5495,2025-12-18,PH,mobile
5496,2026-02-27,GB,mobile
5497,2025-01-06,CA,desktop
5498,2023-03-27,US,mobile
5499,2024-11-21,PH,mobile
5500,2025-07-20,CA,desktop
5501,2023-05-13,CA,desktop
5502,2024-09-11,US,desktop
5503,2023-10-26,IN,mobile
5504,2026-01-09,IN,desktop
5505,2025-08-09,GB,mobile
5506,2026-03-13,IN,desktop
5507,2025-01-13,US,desktop
5508,2023-10-20,AU,desktop
5509,2024-04-27,PH,mobile
5510,2025-12-02,US,desktop
5511,2023-05-14,US,desktop
5512,2024-01-04,US,mobile
5513,2024-12-03,US,desktop
5514,2026-04-05,IN,mobile
5515,2025-11-14,US,desktop
5516,2026-03-15,IN,desktop
5517,2023-04-04,PH,desktop
5518,2024-08-09,IN,tablet
5519,2024-02-05,GB,mobile
5520,2023-08-26,IN,mobile
5521,2025-08-13,GB,desktop
5522,2023-06-02,CA,mobile
5523,2024-05-22,DE,mobile
5524,2023-02-24,CA,desktop
5525,2024-09-26,BR,mobile
5526,2026-03-13,IN,desktop
5527,2025-08-23,GB,mobile
5528,2023-06-19,DE,mobile
5529,2024-01-28,US,desktop
5530,2023-03-23,CA,mobile
5531,2025-04-14,CA,mobile
5532,2023-03-23,US,mobile
5533,2025-05-09,CA,mobile
5534,2023-08-09,PH,desktop
5535,2023-09-19,CA,desktop
5536,2024-02-22,DE,mobile
5537,2023-12-23,US,tablet
5538,2025-09-18,PH,tablet
5539,2023-09-01,GB,mobile
5540,2024-03-22,US,desktop
5541,2026-04-03,PH,desktop
5542,2024-06-21,BR,desktop
5543,2025-05-30,PH,mobile
5544,2023-03-25,CA,desktop
5545,2024-04-05,IN,tablet
5546,2023-11-20,IN,mobile
5547,2024-01-20,GB,mobile
5548,2023-11-27,GB,tablet
5549,2025-10-08,IN,mobile
5550,2025-03-25,GB,mobile
5551,2023-07-27,PH,mobile
5552,2025-09-17,CA,tablet
5553,2024-07-17,PH,desktop
5554,2024-02-20,BR,mobile
5555,2023-05-01,US,mobile
5556,2023-10-27,PH,mobile
5557,2025-09-20,IN,tablet
5558,2023-05-09,US,desktop
5559,2026-04-18,US,tablet
5560,2023-07-09,IN,mobile
5561,2023-02-26,IN,mobile
5562,2025-10-12,CA,desktop
5563,2023-11-29,DE,desktop
5564,2025-06-10,IN,desktop
5565,2025-08-23,DE,mobile
5566,2025-11-30,IN,tablet
5567,2024-06-13,IN,mobile
5568,2025-03-26,US,desktop
5569,2023-04-10,US,desktop
5570,2025-06-30,IN,mobile
5571,2025-08-06,US,tablet
5572,2023-12-13,US,mobile
5573,2024-02-13,US,mobile
5574,2026-04-30,GB,desktop
5575,2025-05-18,DE,mobile
5576,2025-12-12,PH,mobile
5577,2025-07-08,US,mobile
5578,2025-05-26,IN,desktop
5579,2026-04-05,GB,mobile
5580,2023-05-14,IN,desktop
5581,2023-04-11,IN,desktop
5582,2025-04-21,GB,desktop
5583,2024-11-08,IN,mobile
5584,2024-08-19,IN,mobile
5585,2025-10-28,GB,desktop
5586,2023-11-17,IN,mobile
5587,2024-10-24,CA,desktop
5588,2025-01-02,US,mobile
5589,2026-01-31,IN,desktop
5590,2024-02-11,IN,mobile
5591,2025-05-02,BR,mobile
5592,2023-08-15,GB,mobile
5593,2026-03-03,PH,mobile
5594,2024-06-01,BR,mobile
5595,2024-03-29,BR,tablet
5596,2025-11-14,US,mobile
5597,2025-12-07,BR,mobile
5598,2023-05-19,IN,mobile
5599,2024-10-01,US,desktop
5600,2024-10-14,CA,mobile
5601,2025-01-01,US,mobile
5602,2024-10-27,GB,mobile
5603,2025-01-24,GB,mobile
5604,2025-01-13,IN,mobile
5605,2024-10-19,PH,mobile
5606,2025-09-12,BR,mobile
5607,2025-08-12,IN,desktop
5608,2025-05-01,US,mobile
5609,2023-12-05,CA,desktop
5610,2023-12-30,IN,mobile
5611,2025-06-08,US,mobile
5612,2024-04-08,GB,mobile
5613,2024-10-24,GB,tablet
5614,2026-04-11,IN,mobile
5615,2025-10-09,CA,desktop
5616,2026-03-04,AU,desktop
5617,2023-05-22,IN,desktop
5618,2026-04-14,US,desktop
5619,2024-05-26,GB,mobile
5620,2025-08-05,US,desktop
5621,2024-06-20,BR,mobile
5622,2024-09-02,US,mobile
5623,2025-06-21,US,mobile
5624,2024-02-11,BR,mobile
5625,2024-08-08,IN,mobile
5626,2025-11-24,BR,mobile
5627,2024-12-22,US,desktop
5628,2023-03-18,IN,mobile
5629,2023-03-17,DE,mobile
5630,2026-03-03,IN,mobile
5631,2026-04-07,IN,mobile
5632,2023-10-14,US,mobile
5633,2023-09-29,BR,mobile
5634,2023-08-01,DE,desktop
5635,2025-08-11,GB,desktop
5636,2024-10-23,IN,desktop
5637,2023-12-26,IN,mobile
5638,2023-10-24,BR,mobile
5639,2023-03-19,GB,mobile
5640,2023-07-15,US,tablet
5641,2025-04-24,US,desktop
5642,2023-04-15,PH,mobile
5643,2024-09-25,AU,mobile
5644,2024-06-02,US,desktop
5645,2023-10-26,IN,mobile
5646,2025-02-21,IN,mobile
5647,2026-01-29,IN,mobile
5648,2026-04-24,IN,mobile
5649,2024-12-08,US,tablet
5650,2023-03-24,GB,mobile
5651,2025-09-09,US,mobile
5652,2025-08-05,CA,desktop
5653,2024-07-11,PH,tablet
5654,2023-11-08,US,desktop
5655,2023-03-25,US,desktop
5656,2024-05-03,US,mobile
5657,2024-02-17,IN,mobile
5658,2023-03-31,IN,mobile
5659,2023-04-14,IN,mobile
5660,2024-11-10,IN,mobile
5661,2024-05-01,US,mobile
5662,2024-11-23,IN,desktop
5663,2023-10-16,AU,desktop
5664,2025-11-13,IN,tablet
5665,2023-04-23,BR,tablet
5666,2025-10-16,US,mobile
5667,2023-02-27,IN,mobile
5668,2023-05-14,AU,tablet
5669,2025-05-22,CA,mobile
5670,2024-08-23,BR,desktop
5671,2023-08-15,US,mobile
5672,2026-04-29,US,mobile
5673,2023-08-29,IN,desktop
5674,2024-08-23,GB,mobile
5675,2025-05-15,AU,desktop
5676,2023-05-23,US,desktop
5677,2023-11-25,GB,desktop
5678,2023-12-19,PH,desktop
5679,2025-07-03,US,desktop
5680,2024-11-02,IN,mobile
5681,2024-03-06,US,mobile
5682,2024-05-10,IN,mobile
5683,2023-12-05,GB,mobile
5684,2023-05-22,GB,mobile
5685,2025-11-25,IN,desktop
5686,2025-04-14,IN,desktop
5687,2024-01-07,IN,mobile
5688,2025-06-26,PH,desktop
5689,2024-06-04,IN,mobile
5690,2024-03-10,IN,desktop
5691,2024-02-25,CA,mobile
5692,2025-10-04,IN,desktop
5693,2024-11-01,DE,mobile
5694,2025-07-01,US,desktop
5695,2024-02-03,IN,desktop
5696,2024-07-31,PH,desktop
5697,2025-03-01,IN,mobile
5698,2025-07-29,PH,desktop
5699,2025-06-15,PH,desktop
5700,2025-10-27,US,mobile
5701,2025-10-20,DE,mobile
5702,2024-11-27,GB,desktop
5703,2024-11-04,US,mobile
5704,2026-02-20,BR,mobile
5705,2024-12-15,US,mobile
5706,2023-07-09,US,mobile
5707,2025-01-12,IN,desktop
5708,2023-11-10,BR,desktop
5709,2023-05-28,DE,mobile
5710,2025-05-26,GB,desktop
5711,2024-01-11,US,mobile
5712,2024-12-06,IN,tablet
5713,2026-05-01,AU,mobile
5714,2025-04-12,US,mobile
5715,2025-08-12,GB,mobile
5716,2025-09-12,DE,desktop
5717,2023-06-01,PH,mobile
5718,2025-11-02,US,mobile
5719,2023-10-04,GB,mobile
5720,2025-09-29,IN,mobile
5721,2024-03-04,US,mobile
5722,2026-01-10,BR,desktop
5723,2024-05-16,PH,mobile
5724,2024-08-08,US,mobile
5725,2023-07-09,US,desktop
5726,2025-08-21,US,desktop
5727,2023-04-10,IN,desktop
5728,2025-08-20,BR,mobile
5729,2024-09-08,IN,tablet
5730,2023-09-10,IN,desktop
5731,2025-11-28,IN,mobile
5732,2025-07-29,IN,mobile
5733,2024-10-16,PH,tablet
5734,2025-11-03,GB,mobile
5735,2024-01-18,US,mobile
5736,2025-04-06,PH,desktop
5737,2024-10-17,US,mobile
5738,2023-04-19,US,mobile
5739,2023-03-17,DE,desktop
5740,2026-02-28,DE,desktop
5741,2024-04-16,US,mobile
5742,2026-04-09,US,mobile
5743,2025-09-29,BR,mobile
5744,2023-08-02,US,mobile
5745,2026-02-13,DE,mobile
5746,2023-07-16,BR,desktop
5747,2023-08-06,IN,mobile
5748,2025-05-31,IN,mobile
5749,2023-09-19,US,desktop
5750,2026-02-16,PH,tablet
5751,2025-06-19,IN,mobile
5752,2025-03-29,IN,tablet
5753,2023-07-02,AU,mobile
5754,2023-11-08,GB,mobile
5755,2023-02-23,CA,mobile
5756,2024-08-15,IN,mobile
5757,2024-09-10,US,mobile
5758,2025-01-12,AU,mobile
5759,2024-11-17,PH,mobile
5760,2023-06-15,US,mobile
5761,2025-09-17,CA,mobile
5762,2024-06-04,US,mobile
5763,2023-11-22,GB,mobile
5764,2024-10-15,US,desktop
5765,2025-11-03,US,desktop
5766,2023-10-28,GB,mobile
5767,2024-08-28,US,mobile
5768,2025-12-13,CA,desktop
5769,2025-03-11,US,mobile
5770,2025-10-09,GB,mobile
5771,2023-12-06,US,desktop
5772,2025-01-26,DE,mobile
5773,2025-03-02,IN,mobile
5774,2025-02-20,CA,mobile
5775,2025-03-22,IN,mobile
5776,2024-08-07,US,tablet
5777,2025-09-14,CA,mobile
5778,2023-04-22,CA,mobile
5779,2025-03-05,US,tablet
5780,2024-12-28,CA,mobile
5781,2024-01-14,IN,mobile
5782,2026-04-27,CA,tablet
5783,2025-03-07,BR,desktop
5784,2024-06-04,GB,desktop
5785,2025-03-23,IN,mobile
5786,2025-11-01,DE,desktop
5787,2024-08-30,GB,mobile
5788,2023-06-05,BR,mobile
5789,2025-11-14,BR,mobile
5790,2024-06-10,BR,desktop
5791,2025-02-09,BR,desktop
5792,2024-05-01,IN,desktop
5793,2023-10-08,US,desktop
5794,2024-05-09,GB,mobile
5795,2025-12-19,US,mobile
5796,2023-08-25,AU,desktop
5797,2024-03-03,US,desktop
5798,2025-10-22,US,desktop
5799,2024-03-05,IN,desktop
5800,2025-01-21,IN,mobile
5801,2025-09-01,US,desktop
5802,2024-12-17,US,mobile
5803,2023-04-21,US,desktop
5804,2025-05-01,CA,mobile
5805,2025-03-29,IN,mobile
5806,2026-04-29,BR,mobile
5807,2024-09-05,US,mobile
5808,2025-06-23,US,mobile
5809,2026-01-04,US,mobile
5810,2024-05-16,AU,desktop
5811,2024-05-24,US,mobile
5812,2025-01-10,US,mobile
5813,2025-07-03,CA,desktop
5814,2023-09-11,BR,mobile
5815,2025-04-21,PH,mobile
5816,2024-01-01,US,mobile
5817,2023-12-30,IN,desktop
5818,2023-03-18,IN,desktop
5819,2025-07-09,US,mobile
5820,2024-06-09,US,mobile
5821,2023-11-14,PH,mobile
5822,2023-11-27,US,mobile
5823,2025-04-22,CA,desktop
5824,2025-09-30,US,mobile
5825,2024-10-05,IN,mobile
5826,2026-03-07,IN,mobile
5827,2025-08-29,IN,mobile
5828,2025-07-18,CA,mobile
5829,2025-03-16,IN,mobile
5830,2025-04-05,US,mobile
5831,2026-04-05,PH,mobile
5832,2026-02-18,US,desktop
5833,2025-06-01,IN,mobile
5834,2023-09-10,BR,mobile
5835,2025-10-22,US,desktop
5836,2025-07-27,US,mobile
5837,2024-06-17,DE,desktop
5838,2023-03-18,PH,desktop
5839,2024-09-16,BR,mobile
5840,2024-10-25,IN,mobile
5841,2023-07-14,AU,mobile
5842,2023-06-01,US,mobile
5843,2024-10-04,BR,desktop
5844,2025-03-15,AU,mobile
5845,2026-01-27,IN,mobile
5846,2024-06-13,PH,mobile
5847,2026-04-06,IN,mobile
5848,2024-07-13,US,mobile
5849,2025-11-19,IN,desktop
5850,2024-11-26,US,desktop
5851,2024-03-08,BR,mobile
5852,2024-05-11,IN,tablet
5853,2025-03-08,AU,mobile
5854,2025-01-28,IN,mobile
5855,2025-02-28,IN,tablet
5856,2025-11-23,US,mobile
5857,2025-11-30,BR,desktop
5858,2023-02-25,PH,desktop
5859,2024-12-31,IN,mobile
5860,2025-12-22,IN,mobile
5861,2025-02-11,AU,mobile
5862,2025-07-10,IN,mobile
5863,2023-05-30,BR,mobile
5864,2026-02-07,GB,desktop
5865,2025-01-10,GB,mobile
5866,2024-02-02,PH,mobile
5867,2026-04-24,US,mobile
5868,2024-08-15,AU,mobile
5869,2025-11-17,BR,mobile
5870,2024-02-26,DE,mobile
5871,2024-06-17,BR,desktop
5872,2023-06-15,IN,desktop
5873,2023-10-24,IN,mobile
5874,2025-03-01,PH,desktop
5875,2025-08-27,BR,mobile
5876,2024-12-29,AU,desktop
5877,2025-12-21,AU,mobile
5878,2024-03-24,IN,desktop
5879,2024-02-21,DE,mobile
5880,2025-01-11,US,mobile
5881,2023-05-28,US,mobile
5882,2025-12-15,IN,desktop
5883,2025-12-24,DE,tablet
5884,2023-05-19,US,desktop
5885,2023-11-06,BR,mobile
5886,2024-01-25,IN,mobile
5887,2023-11-26,PH,mobile
5888,2025-06-19,BR,mobile
5889,2025-03-15,US,desktop
5890,2023-05-24,PH,desktop
5891,2024-08-15,BR,desktop
5892,2023-08-14,IN,mobile
5893,2025-03-18,IN,mobile
5894,2025-10-21,IN,desktop
5895,2025-07-09,IN,mobile
5896,2024-01-17,BR,mobile
5897,2024-09-26,IN,mobile
5898,2024-02-11,GB,mobile
5899,2023-05-02,DE,desktop
5900,2025-05-29,DE,tablet
5901,2023-11-20,US,mobile
5902,2025-01-09,AU,mobile
5903,2024-03-10,IN,mobile
5904,2026-01-11,PH,desktop
5905,2026-01-24,AU,mobile
5906,2023-04-30,US,mobile
5907,2024-10-31,US,mobile
5908,2024-02-13,US,mobile
5909,2025-04-30,IN,mobile
5910,2024-10-13,US,desktop
5911,2026-03-12,US,tablet
5912,2023-12-24,US,mobile
5913,2023-04-22,IN,desktop
5914,2023-08-07,PH,desktop
5915,2023-04-09,DE,mobile
5916,2023-03-15,US,tablet
5917,2025-06-13,BR,mobile
5918,2023-05-29,BR,mobile
5919,2024-10-18,CA,mobile
5920,2024-07-11,AU,mobile
5921,2024-07-14,US,tablet
5922,2026-01-11,US,mobile
5923,2025-11-12,IN,mobile
5924,2024-04-18,US,mobile
5925,2023-11-09,GB,mobile
5926,2025-10-23,IN,mobile
5927,2024-07-27,US,mobile
5928,2024-09-14,DE,desktop
5929,2025-05-05,IN,mobile
5930,2025-12-19,AU,mobile
5931,2024-01-14,PH,desktop
5932,2024-09-03,IN,mobile
5933,2025-08-01,BR,mobile
5934,2025-04-29,US,desktop
5935,2025-01-02,IN,mobile
5936,2025-12-13,DE,mobile
5937,2024-11-10,US,mobile
5938,2024-01-16,DE,desktop
5939,2023-12-03,IN,desktop
5940,2024-12-10,DE,tablet
5941,2026-02-05,BR,desktop
5942,2024-10-22,US,mobile
5943,2023-09-10,DE,mobile
5944,2023-04-26,BR,mobile
5945,2023-07-26,BR,mobile
5946,2025-11-21,US,desktop
5947,2024-12-14,IN,mobile
5948,2023-04-01,AU,mobile
5949,2024-04-18,IN,desktop
5950,2024-10-13,US,mobile
5951,2025-12-07,IN,mobile
5952,2024-05-08,US,tablet
5953,2024-09-13,US,mobile
5954,2025-07-20,PH,desktop
5955,2023-04-11,US,desktop
5956,2024-03-20,AU,tablet
5957,2023-07-30,IN,mobile
5958,2025-01-03,IN,desktop
5959,2024-12-29,US,mobile
5960,2023-09-25,GB,tablet
5961,2025-09-01,IN,desktop
5962,2024-10-14,US,mobile
5963,2024-04-15,CA,mobile
5964,2025-05-16,US,tablet
5965,2025-03-29,BR,mobile
5966,2024-06-28,IN,desktop
5967,2025-04-06,BR,desktop
5968,2023-04-04,US,mobile
5969,2024-01-01,AU,mobile
5970,2023-03-18,IN,desktop
5971,2025-06-23,IN,mobile
5972,2024-09-12,AU,mobile
5973,2024-10-08,PH,mobile
5974,2025-03-08,US,mobile
5975,2025-07-05,BR,mobile
5976,2023-06-18,IN,mobile
5977,2025-03-01,US,mobile
5978,2024-11-22,IN,desktop
5979,2024-12-30,BR,desktop
5980,2024-02-13,CA,desktop
5981,2025-07-08,PH,mobile
5982,2023-12-03,IN,mobile
5983,2024-05-16,IN,desktop
5984,2026-02-18,US,desktop
5985,2024-08-21,IN,mobile
5986,2025-01-11,IN,mobile
5987,2024-06-04,BR,desktop
5988,2025-06-19,US,mobile
5989,2023-09-26,US,mobile
5990,2026-04-07,PH,desktop
5991,2024-09-03,BR,mobile
5992,2026-03-24,BR,desktop
5993,2025-06-18,GB,mobile
5994,2025-05-25,BR,mobile
5995,2023-06-11,BR,desktop
5996,2024-11-13,IN,tablet
5997,2025-07-31,DE,mobile
5998,2026-02-25,IN,mobile
5999,2025-07-31,DE,mobile
6000,2023-07-07,BR,mobile
6001,2023-06-02,PH,desktop
6002,2024-08-30,CA,desktop
6003,2026-02-16,PH,mobile
6004,2024-09-07,GB,mobile
6005,2023-11-23,US,mobile
6006,2024-07-16,US,desktop
6007,2024-04-06,US,desktop
6008,2025-09-09,PH,mobile
6009,2025-11-24,CA,mobile
6010,2024-07-10,PH,tablet
6011,2023-11-24,US,mobile
6012,2023-09-02,US,mobile
6013,2026-04-15,US,desktop
6014,2024-03-08,PH,mobile
6015,2023-08-06,US,desktop
6016,2026-04-09,AU,mobile
6017,2025-02-16,AU,mobile
6018,2023-09-10,US,desktop
6019,2024-06-29,PH,desktop
6020,2024-08-17,PH,mobile
6021,2023-07-13,PH,tablet
6022,2024-10-17,US,mobile
6023,2025-11-09,AU,desktop
6024,2024-08-19,DE,mobile
6025,2023-10-04,US,mobile
6026,2026-04-27,US,mobile
6027,2025-03-20,US,desktop
6028,2025-12-18,IN,mobile
6029,2024-05-15,AU,mobile
6030,2025-10-12,US,desktop
6031,2023-05-24,US,mobile
6032,2024-07-10,GB,desktop
6033,2024-11-26,GB,tablet
6034,2023-04-16,BR,tablet
6035,2023-12-28,IN,mobile
6036,2024-05-27,IN,mobile
6037,2023-05-25,GB,mobile
6038,2024-09-26,US,desktop
6039,2023-11-18,US,mobile
6040,2026-04-01,DE,mobile
6041,2025-09-07,IN,mobile
6042,2023-12-18,US,mobile
6043,2026-02-20,CA,mobile
6044,2023-08-03,BR,mobile
6045,2024-10-04,US,desktop
6046,2025-09-27,DE,mobile
6047,2025-10-06,AU,mobile
6048,2024-04-27,IN,tablet
6049,2024-06-18,AU,mobile
6050,2024-04-19,IN,tablet
6051,2024-09-06,IN,desktop
6052,2023-06-10,IN,mobile
6053,2024-07-13,AU,desktop
6054,2026-04-19,US,desktop
6055,2023-10-16,BR,mobile
6056,2025-01-14,US,mobile
6057,2025-09-19,BR,mobile
6058,2024-07-02,IN,mobile
6059,2025-10-06,US,mobile
6060,2024-08-11,US,desktop
6061,2025-03-26,PH,mobile
6062,2025-03-31,CA,mobile
6063,2024-12-23,IN,mobile
6064,2023-05-22,DE,mobile
6065,2025-06-06,IN,mobile
6066,2023-11-21,US,mobile
6067,2024-05-27,US,desktop
6068,2025-11-11,IN,desktop
6069,2024-10-11,AU,mobile
6070,2024-05-11,BR,mobile
6071,2026-04-03,PH,mobile
6072,2025-01-19,BR,mobile
6073,2024-11-09,US,mobile
6074,2024-06-08,BR,mobile
6075,2026-01-25,DE,mobile
6076,2024-07-10,IN,desktop
6077,2024-08-26,DE,mobile
6078,2023-12-01,IN,mobile
6079,2023-06-22,PH,mobile
6080,2023-06-12,US,desktop
6081,2026-02-10,GB,mobile
6082,2024-05-20,BR,mobile
6083,2025-05-16,GB,mobile
6084,2024-09-12,IN,mobile
6085,2023-06-22,BR,desktop
6086,2025-05-30,DE,mobile
6087,2025-08-26,US,desktop
6088,2023-09-17,US,mobile
6089,2025-04-23,CA,mobile
6090,2023-03-16,IN,desktop
6091,2023-05-12,BR,mobile
6092,2025-04-17,GB,tablet
6093,2024-07-28,IN,mobile
6094,2025-03-24,US,desktop
6095,2023-03-30,US,mobile
6096,2025-06-07,US,mobile
6097,2025-05-03,PH,desktop
6098,2023-03-07,US,desktop
6099,2025-09-19,US,desktop
6100,2025-12-16,CA,desktop
6101,2024-09-07,BR,mobile
6102,2024-03-04,IN,mobile
6103,2026-01-08,US,desktop
6104,2024-06-28,PH,mobile
6105,2023-05-21,US,desktop
6106,2024-02-01,US,mobile
6107,2025-03-10,US,desktop
6108,2024-01-12,US,desktop
6109,2025-07-18,PH,desktop
6110,2023-10-09,IN,desktop
6111,2023-11-23,PH,mobile
6112,2024-01-31,IN,mobile
6113,2026-03-27,US,desktop
6114,2025-09-28,US,mobile
6115,2024-12-08,AU,mobile
6116,2023-10-08,BR,mobile
6117,2024-12-19,US,mobile
6118,2024-05-11,US,desktop
6119,2025-08-18,US,tablet
6120,2023-04-15,IN,mobile
6121,2024-08-30,AU,mobile
6122,2025-12-05,PH,mobile
6123,2025-07-20,US,mobile
6124,2025-03-27,US,mobile
6125,2023-10-04,IN,mobile
6126,2025-12-07,US,desktop
6127,2023-07-13,BR,mobile
6128,2024-01-19,US,desktop
6129,2024-03-30,IN,mobile
6130,2023-04-18,AU,desktop
6131,2023-11-06,PH,mobile
6132,2026-04-05,CA,mobile
6133,2024-12-07,GB,desktop
6134,2024-11-05,US,mobile
6135,2025-05-10,US,desktop
6136,2023-11-30,IN,tablet
6137,2024-05-07,IN,tablet
6138,2025-08-02,US,desktop
6139,2024-11-08,GB,tablet
6140,2025-08-12,AU,desktop
6141,2024-12-07,DE,desktop
6142,2025-09-23,AU,desktop
6143,2024-05-27,IN,mobile
6144,2025-10-16,PH,desktop
6145,2024-02-22,IN,desktop
6146,2025-12-21,GB,mobile
6147,2025-06-24,IN,mobile
6148,2023-11-21,IN,desktop
6149,2024-11-01,BR,tablet
6150,2025-06-02,US,mobile
6151,2026-03-27,PH,tablet
6152,2025-01-03,US,mobile
6153,2024-07-18,IN,desktop
6154,2024-01-19,US,mobile
6155,2025-10-28,US,mobile
6156,2024-07-11,DE,mobile
6157,2025-04-16,GB,mobile
6158,2023-11-20,US,tablet
6159,2025-12-22,US,desktop
6160,2026-04-28,BR,mobile
6161,2023-03-14,DE,mobile
6162,2025-05-28,US,mobile
6163,2025-04-02,CA,desktop
6164,2025-09-30,GB,mobile
6165,2025-01-17,IN,mobile
6166,2026-04-13,BR,mobile
6167,2024-10-05,US,mobile
6168,2024-07-29,US,mobile
6169,2026-04-23,AU,mobile
6170,2026-05-02,PH,mobile
6171,2023-11-23,BR,tablet
6172,2023-03-14,US,mobile
6173,2026-03-02,AU,mobile
6174,2024-09-09,IN,mobile
6175,2023-04-26,IN,mobile
6176,2025-11-25,PH,mobile
6177,2023-07-31,PH,mobile
6178,2024-03-01,US,desktop
6179,2025-01-12,IN,desktop
6180,2024-01-15,PH,desktop
6181,2024-11-04,US,mobile
6182,2024-10-17,US,desktop
6183,2024-03-23,US,mobile
6184,2024-03-13,DE,mobile
6185,2025-01-19,PH,desktop
6186,2025-02-04,IN,desktop
6187,2025-07-02,CA,mobile
6188,2024-06-16,BR,mobile
6189,2026-02-21,US,mobile
6190,2023-10-13,US,mobile
6191,2023-07-27,IN,mobile
6192,2025-01-01,US,mobile
6193,2025-11-09,US,mobile
6194,2025-03-19,US,desktop
6195,2023-10-31,US,mobile
6196,2024-08-26,PH,desktop
6197,2024-12-10,PH,mobile
6198,2023-07-13,BR,mobile
6199,2026-04-23,US,mobile
6200,2025-02-10,US,mobile
6201,2025-04-16,US,desktop
6202,2025-03-16,IN,mobile
6203,2023-02-18,CA,mobile
6204,2026-01-04,IN,mobile
6205,2023-05-18,US,mobile
6206,2026-03-01,US,mobile
6207,2024-07-08,US,mobile
6208,2024-04-16,BR,desktop
6209,2023-06-08,IN,tablet
6210,2023-09-30,BR,mobile
6211,2024-11-24,US,desktop
6212,2024-05-17,DE,desktop
6213,2026-03-01,IN,mobile
6214,2024-01-25,IN,mobile
6215,2026-01-25,AU,mobile
6216,2024-12-15,BR,mobile
6217,2025-04-30,CA,mobile
6218,2023-11-25,GB,mobile
6219,2026-04-28,IN,desktop
6220,2024-07-08,US,desktop
6221,2025-03-23,AU,mobile
6222,2026-02-09,PH,mobile
6223,2023-12-18,CA,desktop
6224,2025-10-24,DE,mobile
6225,2024-10-15,IN,mobile
6226,2026-01-17,DE,mobile
6227,2025-07-17,PH,mobile
6228,2026-03-03,US,mobile
6229,2024-07-14,GB,mobile
6230,2025-03-04,IN,mobile
6231,2025-03-15,US,mobile
6232,2025-05-04,PH,mobile
6233,2025-01-29,IN,mobile
6234,2026-04-04,DE,mobile
6235,2025-07-19,US,mobile
6236,2025-03-14,AU,desktop
6237,2025-01-23,CA,desktop
6238,2025-03-10,BR,mobile
6239,2024-04-19,BR,desktop
6240,2024-02-22,US,desktop
6241,2025-06-30,IN,mobile
6242,2026-03-03,AU,desktop
6243,2025-08-23,GB,mobile
6244,2025-06-06,US,mobile
6245,2024-02-22,BR,tablet
6246,2023-06-01,US,desktop
6247,2024-08-15,AU,mobile
6248,2025-04-16,IN,desktop
6249,2024-07-28,IN,mobile
6250,2023-05-29,US,mobile
6251,2023-11-20,PH,mobile
6252,2025-03-18,US,mobile
6253,2024-11-19,CA,mobile
6254,2024-07-07,GB,desktop
6255,2026-02-01,BR,mobile
6256,2025-02-24,US,mobile
6257,2024-11-13,US,desktop
6258,2023-09-21,IN,mobile
6259,2025-01-12,IN,mobile
6260,2024-02-04,IN,mobile
6261,2024-07-06,BR,mobile
6262,2023-08-10,BR,mobile
6263,2025-05-03,US,desktop
6264,2026-04-25,US,mobile
6265,2025-06-27,DE,mobile
6266,2025-09-16,BR,mobile
6267,2024-07-24,PH,desktop
6268,2024-12-08,US,desktop
6269,2023-03-08,US,mobile
6270,2024-03-15,CA,mobile
6271,2023-10-24,AU,mobile
6272,2024-05-08,BR,mobile
6273,2025-07-03,IN,desktop
6274,2023-07-08,US,desktop
6275,2024-04-15,BR,mobile
6276,2023-10-23,DE,desktop
6277,2025-10-06,BR,mobile
6278,2025-05-24,US,tablet
6279,2024-03-04,CA,mobile
6280,2024-04-18,BR,mobile
6281,2025-01-14,IN,mobile
6282,2023-11-04,GB,mobile
6283,2025-06-06,US,mobile
6284,2023-05-13,CA,desktop
6285,2024-02-01,PH,tablet
6286,2023-04-19,BR,desktop
6287,2026-01-11,BR,desktop
6288,2025-11-15,PH,desktop
6289,2026-01-05,US,mobile
6290,2024-07-09,PH,mobile
6291,2023-05-09,CA,mobile
6292,2024-01-02,US,tablet
6293,2024-11-27,US,desktop
6294,2025-03-08,US,desktop
6295,2026-04-01,GB,desktop
6296,2023-11-20,BR,desktop
6297,2025-10-26,GB,mobile
6298,2023-03-19,IN,mobile
6299,2023-02-21,GB,tablet
6300,2024-02-20,IN,mobile
6301,2025-06-13,US,mobile
6302,2023-05-06,US,mobile
6303,2025-08-15,US,mobile
6304,2023-09-16,CA,mobile
6305,2023-10-16,US,mobile
6306,2025-11-03,US,desktop
6307,2024-01-18,IN,desktop
6308,2025-03-07,US,mobile
6309,2023-06-03,DE,mobile
6310,2024-12-28,IN,mobile
6311,2024-01-01,US,mobile
6312,2025-09-20,BR,mobile
6313,2026-04-20,BR,desktop
6314,2024-03-05,US,desktop
6315,2025-06-13,PH,desktop
6316,2023-04-04,IN,desktop
6317,2025-09-09,DE,mobile
6318,2025-12-21,BR,desktop
6319,2026-01-31,IN,mobile
6320,2023-06-17,PH,mobile
6321,2025-04-18,IN,tablet
6322,2025-02-25,IN,mobile
6323,2025-01-21,US,mobile
6324,2024-11-27,US,desktop
6325,2023-11-19,IN,mobile
6326,2024-10-08,US,mobile
6327,2025-07-27,GB,mobile
6328,2023-06-11,AU,mobile
6329,2024-12-23,US,desktop
6330,2024-01-09,GB,mobile
6331,2024-08-25,BR,mobile
6332,2026-01-31,BR,mobile
6333,2024-12-24,AU,desktop
6334,2025-01-13,US,mobile
6335,2023-05-18,IN,mobile
6336,2023-08-17,PH,desktop
6337,2023-10-24,CA,tablet
6338,2024-03-09,DE,mobile
6339,2025-02-18,BR,mobile
6340,2025-02-03,AU,mobile
6341,2024-10-22,DE,desktop
6342,2023-06-20,GB,mobile
6343,2023-03-09,CA,mobile
6344,2024-04-17,BR,mobile
6345,2026-04-21,IN,mobile
6346,2025-11-19,IN,mobile
6347,2023-02-18,IN,mobile
6348,2025-03-25,BR,desktop
6349,2023-08-17,US,mobile
6350,2024-06-25,US,mobile
6351,2023-12-21,US,desktop
6352,2024-09-07,IN,mobile
6353,2025-03-30,AU,mobile
6354,2024-04-05,US,tablet
6355,2025-06-25,GB,mobile
6356,2025-02-19,DE,mobile
6357,2024-06-21,BR,mobile
6358,2024-12-16,DE,mobile
6359,2024-12-29,US,mobile
6360,2023-04-05,BR,desktop
6361,2023-04-01,IN,desktop
6362,2024-07-25,IN,mobile
6363,2024-09-01,US,mobile
6364,2023-04-28,IN,tablet
6365,2023-02-23,PH,desktop
6366,2023-10-15,US,mobile
6367,2025-05-14,US,mobile
6368,2025-02-06,PH,mobile
6369,2024-10-27,DE,mobile
6370,2024-08-20,US,desktop
6371,2023-02-18,AU,desktop
6372,2023-09-09,US,mobile
6373,2024-07-18,IN,mobile
6374,2023-04-10,GB,desktop
6375,2024-05-02,GB,desktop
6376,2024-05-27,DE,mobile
6377,2025-06-21,PH,desktop
6378,2023-04-02,US,desktop
6379,2025-10-12,US,tablet
6380,2026-03-23,US,tablet
6381,2026-04-21,PH,mobile
6382,2025-04-27,IN,mobile
6383,2025-10-22,DE,desktop
6384,2024-01-30,US,desktop
6385,2025-10-10,IN,mobile
6386,2026-02-16,US,desktop
6387,2023-10-31,IN,mobile
6388,2024-06-08,US,desktop
6389,2023-05-13,PH,mobile
6390,2025-03-15,US,desktop
6391,2024-11-14,PH,desktop
6392,2024-01-27,US,desktop
6393,2024-07-25,BR,desktop
6394,2026-04-27,US,desktop
6395,2025-03-02,IN,desktop
6396,2025-11-04,BR,mobile
6397,2023-12-11,US,mobile
6398,2023-04-29,US,mobile
6399,2025-03-02,US,mobile
6400,2025-09-19,US,desktop
6401,2023-11-19,IN,mobile
6402,2023-07-22,IN,mobile
6403,2023-06-03,IN,mobile
6404,2025-10-25,US,mobile
6405,2025-10-16,GB,mobile
6406,2024-12-18,CA,desktop
6407,2026-01-20,US,mobile
6408,2025-09-27,CA,tablet
6409,2024-09-23,US,mobile
6410,2024-03-18,IN,mobile
6411,2025-05-30,AU,mobile
6412,2023-07-04,PH,mobile
6413,2025-02-18,CA,mobile
6414,2025-11-16,US,mobile
6415,2025-10-09,IN,desktop
6416,2025-09-25,AU,desktop
6417,2025-04-16,DE,mobile
6418,2026-03-14,BR,desktop
6419,2023-04-06,PH,mobile
6420,2023-12-28,US,mobile
6421,2025-05-14,IN,mobile
6422,2025-01-24,US,tablet
6423,2023-06-29,BR,mobile
6424,2025-10-20,IN,mobile
6425,2024-05-08,US,mobile
6426,2023-12-05,PH,desktop
6427,2025-10-18,BR,mobile
6428,2023-12-26,US,mobile
6429,2025-04-29,IN,tablet
6430,2025-08-04,PH,desktop
6431,2024-03-08,BR,mobile
6432,2026-01-07,BR,mobile
6433,2023-10-01,DE,mobile
6434,2026-03-30,US,desktop
6435,2025-03-23,CA,desktop
6436,2023-08-21,GB,desktop
6437,2026-02-23,GB,mobile
6438,2026-02-20,US,mobile
6439,2024-12-30,BR,mobile
6440,2024-03-30,PH,tablet
6441,2025-08-04,PH,mobile
6442,2023-06-12,PH,mobile
6443,2025-08-22,IN,desktop
6444,2024-10-02,US,mobile
6445,2025-12-30,GB,mobile
6446,2024-09-29,GB,mobile
6447,2026-04-28,PH,tablet
6448,2025-03-09,PH,mobile
6449,2025-12-18,DE,mobile
6450,2025-06-15,PH,tablet
6451,2023-10-29,US,tablet
6452,2025-11-14,BR,mobile
6453,2024-03-02,AU,mobile
6454,2024-06-17,IN,mobile
6455,2025-08-11,BR,mobile
6456,2026-02-12,BR,mobile
6457,2023-04-16,IN,mobile
6458,2026-01-09,BR,mobile
6459,2025-01-17,CA,mobile
6460,2024-10-07,DE,desktop
6461,2025-07-14,CA,mobile
6462,2025-12-16,BR,mobile
6463,2026-04-27,IN,desktop
6464,2025-11-07,US,tablet
6465,2024-09-16,US,desktop
6466,2023-06-09,AU,desktop
6467,2024-05-31,US,mobile
6468,2023-06-21,AU,tablet
6469,2026-04-15,US,mobile
6470,2024-11-10,US,mobile
6471,2024-09-29,DE,desktop
6472,2025-12-23,PH,desktop
6473,2026-01-26,PH,mobile
6474,2026-03-14,GB,mobile
6475,2025-07-24,IN,mobile
6476,2026-02-18,US,mobile
6477,2025-03-29,DE,mobile
6478,2025-04-13,PH,desktop
6479,2025-02-04,BR,desktop
6480,2023-08-20,IN,mobile
6481,2025-02-02,BR,desktop
6482,2025-03-23,US,mobile
6483,2024-03-22,US,mobile
6484,2026-01-20,IN,mobile
6485,2025-10-01,CA,tablet
6486,2026-01-07,US,mobile
6487,2026-04-27,BR,desktop
6488,2024-07-21,US,desktop
6489,2025-02-13,GB,mobile
6490,2024-12-26,US,desktop
6491,2024-11-02,IN,desktop
6492,2025-10-04,IN,mobile
6493,2025-06-02,US,mobile
6494,2023-08-14,PH,mobile
6495,2023-04-17,IN,mobile
6496,2024-08-17,DE,desktop
6497,2025-06-19,DE,desktop
6498,2023-02-28,CA,mobile
6499,2024-10-30,PH,desktop
6500,2025-06-03,IN,desktop
6501,2023-07-12,DE,mobile
6502,2026-01-20,US,tablet
6503,2025-11-14,IN,desktop
6504,2024-11-10,US,mobile
6505,2026-05-01,US,desktop
6506,2024-10-26,BR,mobile
6507,2024-07-27,IN,mobile
6508,2025-05-16,IN,mobile
6509,2023-02-27,CA,mobile
6510,2026-01-26,PH,tablet
6511,2024-01-04,IN,mobile
6512,2024-12-20,US,mobile
6513,2023-12-04,DE,tablet
6514,2023-04-30,IN,desktop
6515,2025-02-09,BR,mobile
6516,2024-07-01,PH,desktop
6517,2023-08-26,US,tablet
6518,2024-01-17,US,tablet
6519,2025-11-11,US,mobile
6520,2024-07-05,US,mobile
6521,2023-05-04,GB,desktop
6522,2023-06-18,US,desktop
6523,2024-11-20,DE,mobile
6524,2025-01-10,US,mobile
6525,2023-10-02,DE,mobile
6526,2026-01-26,CA,mobile
6527,2023-04-02,GB,mobile
6528,2024-08-21,PH,mobile
6529,2024-02-27,PH,tablet
6530,2023-05-20,PH,mobile
6531,2023-03-21,IN,tablet
6532,2024-01-11,AU,mobile
6533,2024-02-18,IN,mobile
6534,2024-06-14,US,desktop
6535,2023-03-02,US,desktop
6536,2025-09-04,GB,mobile
6537,2024-03-30,US,mobile
6538,2024-08-26,US,desktop
6539,2024-04-29,IN,mobile
6540,2026-04-14,DE,mobile
6541,2024-07-24,IN,mobile
6542,2025-07-14,IN,mobile
6543,2025-12-09,GB,desktop
6544,2024-05-07,US,mobile
6545,2025-01-25,DE,desktop
6546,2026-03-03,PH,mobile
6547,2026-03-25,IN,desktop
6548,2023-08-27,PH,desktop
6549,2024-12-12,IN,desktop
6550,2023-07-22,IN,mobile
6551,2024-12-16,DE,mobile
6552,2026-03-23,IN,desktop
6553,2023-08-30,PH,tablet
6554,2024-06-10,US,mobile
6555,2026-03-26,BR,mobile
6556,2024-10-15,GB,desktop
6557,2025-10-07,US,mobile
6558,2023-06-13,US,tablet
6559,2024-12-10,IN,mobile
6560,2024-08-07,IN,desktop
6561,2023-11-11,BR,mobile
6562,2026-02-08,AU,mobile
6563,2026-02-02,US,mobile
6564,2026-03-24,IN,mobile
6565,2025-02-17,BR,mobile
6566,2024-05-11,PH,desktop
6567,2026-04-27,BR,mobile
6568,2024-04-22,PH,mobile
6569,2023-03-05,IN,mobile
6570,2024-03-21,US,desktop
6571,2023-11-28,BR,desktop
6572,2025-06-15,DE,mobile
6573,2026-04-01,BR,desktop
6574,2023-09-14,IN,mobile
6575,2025-01-14,BR,mobile
6576,2025-06-14,BR,mobile
6577,2026-01-28,US,mobile
6578,2023-03-03,GB,mobile
6579,2023-06-21,BR,mobile
6580,2024-01-05,IN,mobile
6581,2024-02-04,IN,desktop
6582,2025-12-22,IN,mobile
6583,2024-11-21,GB,mobile
6584,2026-04-29,US,tablet
6585,2023-03-22,US,mobile
6586,2025-03-03,BR,mobile
6587,2023-09-27,PH,mobile
6588,2025-08-04,IN,tablet
6589,2024-02-18,IN,mobile
6590,2024-10-06,BR,mobile
6591,2024-07-20,US,mobile
6592,2025-03-28,IN,desktop
6593,2024-08-31,GB,desktop
6594,2024-06-20,US,mobile
6595,2024-08-07,CA,mobile
6596,2023-10-25,IN,desktop
6597,2025-09-04,DE,mobile
6598,2025-04-27,BR,desktop
6599,2024-06-21,GB,mobile
6600,2024-11-05,IN,desktop
6601,2024-08-17,AU,mobile
6602,2026-03-20,GB,desktop
6603,2024-05-24,IN,mobile
6604,2024-11-18,DE,mobile
6605,2025-04-16,BR,desktop
6606,2025-03-04,IN,desktop
6607,2025-07-09,IN,tablet
6608,2024-07-30,IN,mobile
6609,2025-07-04,PH,mobile
6610,2026-03-18,DE,desktop
6611,2025-10-27,US,mobile
6612,2025-09-30,AU,mobile
6613,2025-04-01,AU,mobile
6614,2025-04-02,BR,mobile
6615,2025-10-26,IN,mobile
6616,2025-01-01,US,desktop
6617,2025-06-15,CA,mobile
6618,2026-01-08,GB,mobile
6619,2025-11-09,PH,mobile
6620,2023-06-26,IN,mobile
6621,2023-07-06,US,mobile
6622,2024-10-03,IN,desktop
6623,2025-07-03,AU,desktop
6624,2023-04-14,PH,mobile
6625,2025-02-26,BR,mobile
6626,2025-09-11,US,desktop
6627,2023-03-24,IN,tablet
6628,2024-08-16,US,mobile
6629,2026-04-14,IN,mobile
6630,2024-12-14,PH,mobile
6631,2023-04-14,US,mobile
6632,2025-12-31,US,mobile
6633,2023-12-06,CA,desktop
6634,2024-01-04,GB,mobile
6635,2023-03-10,US,mobile
6636,2024-11-29,IN,mobile
6637,2025-09-07,US,mobile
6638,2023-09-02,IN,mobile
6639,2023-09-10,IN,desktop
6640,2024-08-19,IN,desktop
6641,2025-06-07,BR,tablet
6642,2023-08-17,PH,mobile
6643,2024-03-02,CA,mobile
6644,2023-09-15,GB,tablet
6645,2024-02-25,IN,desktop
6646,2025-10-24,IN,tablet
6647,2025-03-22,US,mobile
6648,2025-03-22,GB,desktop
6649,2025-07-02,BR,mobile
6650,2025-02-08,BR,mobile
6651,2026-01-27,BR,mobile
6652,2024-02-29,DE,mobile
6653,2023-08-17,IN,mobile
6654,2024-03-09,US,mobile
6655,2024-08-01,PH,mobile
6656,2025-08-16,US,mobile
6657,2023-09-27,IN,mobile
6658,2023-07-04,US,desktop
6659,2023-10-02,IN,desktop
6660,2025-01-11,IN,mobile
6661,2024-12-19,AU,desktop
6662,2024-01-08,PH,desktop
6663,2025-02-12,PH,desktop
6664,2023-03-28,PH,mobile
6665,2024-01-18,US,mobile
6666,2025-10-21,US,desktop
6667,2023-09-20,BR,mobile
6668,2023-06-20,PH,mobile
6669,2025-01-27,US,mobile
6670,2024-08-16,PH,desktop
6671,2026-02-28,GB,mobile
6672,2024-04-18,US,desktop
6673,2024-02-13,IN,mobile
6674,2025-02-21,PH,desktop
6675,2026-03-06,IN,mobile
6676,2023-07-05,US,mobile
6677,2025-04-08,CA,mobile
6678,2023-04-28,BR,desktop
6679,2026-03-09,GB,mobile
6680,2024-01-31,IN,desktop
6681,2025-11-22,CA,mobile
6682,2025-11-02,GB,desktop
6683,2023-12-15,IN,mobile
6684,2023-09-27,BR,mobile
6685,2026-01-25,IN,mobile
6686,2024-12-10,IN,desktop
6687,2024-12-25,IN,desktop
6688,2023-07-06,US,mobile
6689,2024-10-04,AU,desktop
6690,2024-06-22,DE,mobile
6691,2023-11-03,IN,mobile
6692,2024-12-10,GB,mobile
6693,2024-06-11,DE,mobile
6694,2023-07-17,IN,mobile
6695,2023-10-04,BR,mobile
6696,2024-08-26,AU,mobile
6697,2026-02-08,US,mobile
6698,2025-09-30,BR,desktop
6699,2023-09-11,CA,mobile
6700,2024-11-22,GB,mobile
6701,2023-06-10,IN,mobile
6702,2023-06-26,US,desktop
6703,2025-11-08,PH,mobile
6704,2025-02-09,IN,mobile
6705,2025-05-25,GB,desktop
6706,2023-12-13,CA,mobile
6707,2023-03-14,US,mobile
6708,2024-07-30,IN,mobile
6709,2024-09-27,GB,mobile
6710,2025-08-12,US,desktop
6711,2023-07-20,BR,mobile
6712,2023-05-06,US,desktop
6713,2025-03-23,BR,desktop
6714,2023-12-22,IN,mobile
6715,2026-04-27,IN,mobile
6716,2024-10-30,US,mobile
6717,2024-02-07,IN,desktop
6718,2023-02-27,US,desktop
6719,2025-07-10,US,desktop
6720,2023-03-07,GB,mobile
6721,2025-05-21,GB,mobile
6722,2026-04-15,CA,mobile
6723,2025-12-21,IN,mobile
6724,2024-02-12,IN,mobile
6725,2023-04-17,PH,mobile
6726,2023-03-22,DE,mobile
6727,2023-12-03,IN,mobile
6728,2025-06-13,CA,mobile
6729,2025-11-02,US,mobile
6730,2025-02-23,US,desktop
6731,2025-10-27,US,desktop
6732,2025-02-08,DE,mobile
6733,2025-10-21,GB,tablet
6734,2024-04-13,IN,mobile
6735,2024-12-21,US,mobile
6736,2025-02-10,US,mobile
6737,2024-02-27,US,tablet
6738,2023-10-28,US,mobile
6739,2026-01-08,CA,mobile
6740,2024-07-23,US,mobile
6741,2023-11-21,IN,mobile
6742,2025-10-22,US,mobile
6743,2024-10-22,DE,desktop
6744,2023-04-15,US,desktop
6745,2023-03-13,GB,mobile
6746,2024-08-19,IN,desktop
6747,2025-06-30,IN,mobile
6748,2025-03-19,US,desktop
6749,2025-01-12,US,desktop
6750,2024-06-06,GB,mobile
6751,2025-01-25,CA,mobile
6752,2023-06-25,CA,mobile
6753,2025-01-24,US,mobile
6754,2023-11-15,CA,mobile
6755,2025-03-30,US,tablet
6756,2024-08-31,IN,mobile
6757,2024-08-10,US,desktop
6758,2024-11-21,GB,mobile
6759,2025-06-28,IN,desktop
6760,2025-06-23,IN,mobile
6761,2025-06-11,BR,mobile
6762,2023-11-06,US,mobile
6763,2024-11-17,IN,mobile
6764,2024-07-18,IN,mobile
6765,2024-12-24,IN,desktop
6766,2024-03-31,IN,mobile
6767,2024-12-05,DE,mobile
6768,2024-02-09,BR,mobile
6769,2026-01-26,US,mobile
6770,2023-06-26,DE,mobile
6771,2025-10-12,DE,desktop
6772,2023-06-01,IN,desktop
6773,2023-08-04,IN,mobile
6774,2024-08-26,US,desktop
6775,2023-08-30,IN,desktop
6776,2023-10-07,GB,mobile
6777,2025-06-23,IN,mobile
6778,2026-03-26,US,mobile
6779,2025-02-19,US,mobile
6780,2023-10-11,BR,tablet
6781,2024-03-18,GB,mobile
6782,2025-02-22,US,desktop
6783,2024-06-16,US,desktop
6784,2026-01-20,IN,desktop
6785,2025-10-28,US,desktop
6786,2025-02-15,IN,tablet
6787,2023-07-11,IN,mobile
6788,2024-01-24,BR,mobile
6789,2023-06-10,GB,mobile
6790,2023-12-03,IN,tablet
6791,2026-03-10,US,mobile
6792,2025-04-24,US,mobile
6793,2025-04-29,IN,desktop
6794,2025-09-09,IN,desktop
6795,2023-07-07,GB,mobile
6796,2025-01-07,BR,mobile
6797,2023-09-11,DE,mobile
6798,2023-10-19,DE,mobile
6799,2025-05-27,IN,desktop
6800,2025-09-06,GB,mobile
6801,2023-11-26,DE,mobile
6802,2025-04-28,IN,tablet
6803,2026-01-14,IN,mobile
6804,2025-08-04,US,desktop
6805,2024-10-02,US,mobile
6806,2026-04-03,US,desktop
6807,2025-01-04,US,mobile
6808,2023-04-19,PH,desktop
6809,2023-07-16,GB,desktop
6810,2025-07-30,US,tablet
6811,2026-04-08,GB,mobile
6812,2025-11-22,DE,mobile
6813,2023-04-02,US,mobile
6814,2024-03-03,IN,mobile
6815,2024-08-31,BR,mobile
6816,2023-04-24,US,desktop
6817,2023-04-02,US,mobile
6818,2024-10-24,GB,mobile
6819,2024-07-28,PH,desktop
6820,2025-06-21,DE,desktop
6821,2023-04-05,GB,mobile
6822,2026-03-12,IN,mobile
6823,2025-07-04,US,desktop
6824,2023-12-07,GB,desktop
6825,2025-12-23,US,desktop
6826,2025-10-28,BR,mobile
6827,2023-11-27,GB,desktop
6828,2025-05-11,US,mobile
6829,2025-03-17,US,mobile
6830,2025-06-17,US,desktop
6831,2023-03-18,IN,tablet
6832,2025-03-02,DE,desktop
6833,2024-01-14,GB,desktop
6834,2024-10-05,BR,mobile
6835,2026-04-18,IN,mobile
6836,2025-09-11,IN,desktop
6837,2023-11-24,IN,mobile
6838,2025-12-17,IN,mobile
6839,2026-01-25,US,mobile
6840,2025-07-13,US,desktop
6841,2024-11-01,PH,mobile
6842,2024-12-17,US,mobile
6843,2026-03-13,AU,mobile
6844,2023-02-18,CA,mobile
6845,2025-08-13,GB,mobile
6846,2025-02-09,DE,mobile
6847,2023-03-09,US,mobile
6848,2023-09-27,PH,desktop
6849,2023-09-25,US,mobile
6850,2025-10-01,US,mobile
6851,2023-12-02,US,mobile
6852,2025-09-11,IN,desktop
6853,2025-08-14,US,desktop
6854,2024-07-03,CA,mobile
6855,2025-01-30,US,tablet
6856,2025-10-26,US,desktop
6857,2023-10-17,PH,mobile
6858,2026-04-06,US,mobile
6859,2023-11-09,US,mobile
6860,2024-03-03,DE,mobile
6861,2023-11-21,DE,mobile
6862,2023-09-15,IN,mobile
6863,2025-07-28,BR,mobile
6864,2026-04-16,US,desktop
6865,2024-04-17,CA,mobile
6866,2025-03-11,US,desktop
6867,2024-11-19,US,mobile
6868,2024-10-16,US,desktop
6869,2023-03-07,US,desktop
6870,2025-10-21,BR,mobile
6871,2025-07-27,IN,mobile
6872,2025-11-29,US,mobile
6873,2023-07-31,DE,mobile
6874,2024-02-04,CA,mobile
6875,2024-07-17,IN,mobile
6876,2023-05-07,IN,desktop
6877,2024-03-22,US,desktop
6878,2024-01-26,PH,mobile
6879,2025-06-14,BR,mobile
6880,2025-04-05,US,mobile
6881,2024-11-05,DE,desktop
6882,2025-09-13,IN,mobile
6883,2025-01-19,IN,mobile
6884,2024-11-24,IN,mobile
6885,2025-01-23,IN,desktop
6886,2025-04-04,BR,mobile
6887,2024-02-06,GB,desktop
6888,2024-12-29,DE,mobile
6889,2024-08-01,IN,mobile
6890,2024-04-23,US,mobile
6891,2024-08-22,IN,mobile
6892,2024-05-08,PH,mobile
6893,2025-11-04,GB,desktop
6894,2025-09-07,CA,desktop
6895,2026-03-14,US,tablet
6896,2023-06-27,US,desktop
6897,2023-08-16,US,tablet
6898,2025-11-30,BR,mobile
6899,2023-07-18,US,mobile
6900,2024-11-17,US,mobile
6901,2023-04-02,IN,mobile
6902,2025-01-28,US,mobile
6903,2024-04-22,GB,mobile
6904,2024-10-01,DE,mobile
6905,2025-03-28,IN,mobile
6906,2026-04-07,DE,mobile
6907,2024-10-23,US,mobile
6908,2024-07-31,PH,desktop
6909,2024-09-12,AU,tablet
6910,2024-08-28,IN,mobile
6911,2023-05-12,DE,desktop
6912,2025-07-12,US,desktop
6913,2026-03-16,CA,mobile
6914,2024-10-27,US,desktop
6915,2026-02-09,US,desktop
6916,2024-07-13,US,desktop
6917,2026-01-26,IN,mobile
6918,2023-08-03,PH,mobile
6919,2025-10-08,AU,desktop
6920,2024-04-10,US,desktop
6921,2025-12-07,CA,desktop
6922,2025-03-22,IN,mobile
6923,2026-04-28,IN,tablet
6924,2024-01-05,US,mobile
6925,2023-12-16,US,mobile
6926,2024-03-15,DE,desktop
6927,2023-05-02,US,mobile
6928,2023-10-30,GB,mobile
6929,2023-09-12,IN,mobile
6930,2024-02-08,IN,desktop
6931,2023-08-25,BR,mobile
6932,2025-08-31,US,mobile
6933,2025-07-06,US,desktop
6934,2025-06-09,IN,tablet
6935,2023-08-09,BR,desktop
6936,2023-06-01,IN,mobile
6937,2024-06-30,IN,mobile
6938,2026-02-15,CA,desktop
6939,2023-09-18,US,mobile
6940,2023-09-05,US,mobile
6941,2025-12-05,GB,desktop
6942,2024-02-22,US,mobile
6943,2023-12-10,US,mobile
6944,2023-05-17,US,mobile
6945,2023-08-13,GB,tablet
6946,2026-03-22,GB,mobile
6947,2026-02-28,US,desktop
6948,2025-04-25,US,mobile
6949,2023-03-25,US,desktop
6950,2023-06-24,IN,mobile
6951,2023-07-31,CA,desktop
6952,2024-10-11,CA,mobile
6953,2023-03-26,AU,mobile
6954,2025-10-17,IN,mobile
6955,2023-12-07,IN,desktop
6956,2023-08-28,US,desktop
6957,2023-08-31,US,desktop
6958,2025-01-02,IN,mobile
6959,2025-03-13,IN,desktop
6960,2024-06-19,US,mobile
6961,2025-11-05,US,mobile
6962,2025-12-20,CA,mobile
6963,2025-01-22,IN,desktop
6964,2023-10-02,PH,mobile
6965,2023-03-05,US,mobile
6966,2025-08-24,PH,mobile
6967,2023-07-07,IN,desktop
6968,2025-03-05,DE,mobile
6969,2023-04-17,IN,desktop
6970,2025-05-28,IN,desktop
6971,2023-07-10,PH,desktop
6972,2023-06-24,IN,mobile
6973,2024-02-01,CA,tablet
6974,2025-01-05,US,desktop
6975,2024-08-10,US,mobile
6976,2024-09-25,CA,desktop
6977,2026-01-17,US,desktop
6978,2023-02-19,IN,desktop
6979,2025-02-20,DE,mobile
6980,2025-05-25,IN,mobile
6981,2024-07-19,IN,desktop
6982,2023-07-20,US,mobile
6983,2025-02-26,BR,desktop
6984,2023-07-01,BR,tablet
6985,2026-04-13,CA,mobile
6986,2023-04-12,US,mobile
6987,2024-04-16,US,mobile
6988,2024-09-23,DE,desktop
6989,2024-05-02,GB,desktop
6990,2024-09-13,GB,mobile
6991,2025-05-03,BR,mobile
6992,2025-01-13,BR,desktop
6993,2024-09-14,IN,mobile
6994,2024-11-09,CA,mobile
6995,2024-07-21,US,mobile
6996,2023-03-05,IN,mobile
6997,2025-08-21,US,mobile
6998,2025-10-08,PH,mobile
6999,2025-11-09,PH,desktop
7000,2024-07-10,AU,mobile
7001,2023-06-30,IN,mobile
7002,2023-03-05,BR,desktop
7003,2026-04-10,IN,mobile
7004,2025-01-17,US,mobile
7005,2023-12-25,GB,mobile
7006,2024-12-20,IN,desktop
7007,2025-11-04,DE,mobile
7008,2024-06-01,AU,desktop
7009,2025-06-29,US,desktop
7010,2025-05-12,IN,desktop
7011,2024-01-06,PH,desktop
7012,2024-10-18,IN,desktop
7013,2025-03-23,IN,mobile
7014,2024-01-30,IN,mobile
7015,2023-09-13,US,mobile
7016,2024-11-02,BR,tablet
7017,2025-01-04,US,mobile
7018,2025-06-05,BR,mobile
7019,2024-02-07,IN,mobile
7020,2023-10-16,IN,desktop
7021,2024-07-17,IN,mobile
7022,2024-07-04,AU,desktop
7023,2024-02-29,BR,mobile
7024,2025-02-08,US,desktop
7025,2024-10-02,IN,desktop
7026,2025-07-05,DE,mobile
7027,2025-08-28,PH,mobile
7028,2024-12-01,IN,tablet
7029,2026-04-07,AU,desktop
7030,2023-03-24,IN,mobile
7031,2026-04-17,US,desktop
7032,2024-06-06,DE,tablet
7033,2024-07-21,PH,mobile
7034,2025-11-25,US,desktop
7035,2026-01-27,US,mobile
7036,2026-02-24,GB,mobile
7037,2025-11-04,DE,mobile
7038,2025-06-08,GB,mobile
7039,2024-07-25,US,desktop
7040,2025-06-20,DE,mobile
7041,2025-04-24,CA,mobile
7042,2025-12-29,AU,desktop
7043,2023-08-24,IN,mobile
7044,2024-02-14,DE,desktop
7045,2023-04-02,IN,mobile
7046,2024-12-06,US,mobile
7047,2023-07-12,GB,desktop
7048,2023-07-09,AU,mobile
7049,2024-09-05,PH,mobile
7050,2024-06-28,BR,mobile
7051,2024-09-12,GB,tablet
7052,2023-09-18,US,mobile
7053,2025-03-23,IN,desktop
7054,2024-06-26,US,mobile
7055,2024-05-08,BR,mobile
7056,2025-05-30,IN,desktop
7057,2023-05-05,US,desktop
7058,2025-08-13,PH,tablet
7059,2025-09-10,IN,desktop
7060,2025-02-08,US,mobile
7061,2024-11-11,GB,desktop
7062,2024-04-25,PH,desktop
7063,2024-12-14,PH,mobile
7064,2024-02-03,US,mobile
7065,2025-04-13,CA,desktop
7066,2023-05-31,US,mobile
7067,2025-06-05,US,desktop
7068,2026-01-17,US,mobile
7069,2025-08-19,PH,mobile
7070,2025-10-25,IN,mobile
7071,2023-12-08,CA,mobile
7072,2023-07-15,BR,mobile
7073,2025-10-11,US,mobile
7074,2025-12-04,US,desktop
7075,2023-05-09,US,desktop
7076,2025-04-23,US,mobile
7077,2026-02-23,BR,mobile
7078,2023-11-12,DE,mobile
7079,2024-07-24,GB,desktop
7080,2026-04-30,DE,desktop
7081,2025-04-25,IN,desktop
7082,2023-07-11,US,desktop
7083,2025-07-08,GB,desktop
7084,2025-12-20,US,desktop
7085,2026-02-08,IN,tablet
7086,2024-01-11,IN,mobile
7087,2023-10-27,PH,desktop
7088,2024-08-09,DE,desktop
7089,2024-03-29,BR,desktop
7090,2023-08-02,US,mobile
7091,2024-02-18,US,mobile
7092,2025-02-26,IN,mobile
7093,2024-07-13,IN,desktop
7094,2023-11-19,IN,mobile
7095,2026-03-17,CA,desktop
7096,2024-12-17,IN,mobile
7097,2024-07-29,GB,mobile
7098,2023-07-06,US,mobile
7099,2023-05-03,GB,mobile
7100,2023-09-07,IN,desktop
7101,2024-08-16,PH,mobile
7102,2024-02-23,US,mobile
7103,2026-01-01,IN,mobile
7104,2025-06-16,PH,mobile
7105,2025-03-09,IN,mobile
7106,2024-03-08,DE,mobile
7107,2023-06-08,GB,desktop
7108,2024-01-15,AU,mobile
7109,2025-01-14,IN,desktop
7110,2024-10-01,IN,desktop
7111,2023-12-13,BR,desktop
7112,2025-09-11,BR,desktop
7113,2023-03-06,PH,mobile
7114,2024-04-28,US,mobile
7115,2026-02-11,US,mobile
7116,2024-08-31,BR,mobile
7117,2026-01-22,US,mobile
7118,2023-10-12,IN,mobile
7119,2023-08-08,CA,mobile
7120,2025-06-22,CA,tablet
7121,2025-01-31,BR,desktop
7122,2023-05-26,IN,mobile
7123,2024-12-26,GB,mobile
7124,2025-01-13,IN,mobile
7125,2025-12-01,US,mobile
7126,2026-01-22,GB,tablet
7127,2025-07-17,IN,mobile
7128,2023-03-01,IN,desktop
7129,2025-04-12,AU,mobile
7130,2026-01-08,DE,mobile
7131,2025-11-17,US,mobile
7132,2024-04-17,US,mobile
7133,2023-04-21,US,mobile
7134,2025-12-11,US,mobile
7135,2025-02-02,PH,mobile
7136,2026-04-11,IN,desktop
7137,2026-02-17,PH,mobile
7138,2024-12-17,GB,desktop
7139,2025-07-04,BR,mobile
7140,2024-11-28,IN,mobile
7141,2023-12-11,US,mobile
7142,2023-04-09,AU,mobile
7143,2024-01-25,CA,mobile
7144,2023-09-08,US,desktop
7145,2023-10-22,BR,mobile
7146,2023-12-01,IN,desktop
7147,2025-12-08,AU,mobile
7148,2023-08-12,GB,desktop
7149,2023-03-27,BR,mobile
7150,2024-02-11,CA,mobile
7151,2025-01-05,US,mobile
7152,2024-09-20,IN,mobile
7153,2024-04-26,IN,desktop
7154,2024-01-14,US,mobile
7155,2024-01-10,US,tablet
7156,2026-01-01,IN,mobile
7157,2023-08-18,DE,mobile
7158,2025-01-02,US,mobile
7159,2023-07-18,US,mobile
7160,2024-11-09,GB,mobile
7161,2025-11-28,CA,mobile
7162,2024-06-14,BR,mobile
7163,2024-10-21,PH,mobile
7164,2024-07-07,AU,desktop
7165,2023-05-21,BR,mobile
7166,2025-03-09,US,desktop
7167,2024-04-30,AU,tablet
7168,2024-03-30,US,mobile
7169,2024-08-29,BR,desktop
7170,2023-04-09,AU,desktop
7171,2024-12-20,BR,mobile
7172,2025-05-27,US,mobile
7173,2024-10-09,IN,mobile
7174,2024-11-11,US,mobile
7175,2023-06-17,IN,desktop
7176,2023-12-24,BR,mobile
7177,2024-08-29,IN,mobile
7178,2025-04-30,GB,desktop
7179,2024-02-06,US,desktop
7180,2024-01-04,AU,mobile
7181,2025-04-26,BR,mobile
7182,2023-06-26,IN,desktop
7183,2024-02-08,AU,tablet
7184,2023-07-21,GB,desktop
7185,2025-02-25,GB,desktop
7186,2026-01-03,BR,mobile
7187,2024-07-23,US,desktop
7188,2024-12-12,GB,tablet
7189,2024-02-09,DE,desktop
7190,2024-10-10,PH,desktop
7191,2025-12-25,IN,mobile
7192,2025-09-06,US,desktop
7193,2025-06-22,BR,mobile
7194,2023-08-16,US,mobile
7195,2023-10-05,IN,mobile
7196,2024-10-21,GB,tablet
7197,2024-01-25,GB,desktop
7198,2026-02-10,IN,mobile
7199,2025-05-01,IN,mobile
7200,2024-07-05,US,tablet
7201,2023-10-08,IN,mobile
7202,2025-12-14,US,desktop
7203,2026-03-05,US,desktop
7204,2024-05-24,US,mobile
7205,2024-08-04,IN,desktop
7206,2024-09-24,IN,desktop
7207,2026-03-10,US,desktop
7208,2025-04-27,IN,tablet
7209,2025-12-01,IN,desktop
7210,2025-12-13,GB,mobile
7211,2025-08-17,IN,tablet
7212,2025-09-11,IN,mobile
7213,2026-05-01,US,desktop
7214,2026-02-07,IN,mobile
7215,2023-04-14,CA,mobile
7216,2023-06-03,IN,mobile
7217,2024-11-24,BR,desktop
7218,2025-04-22,GB,mobile
7219,2025-11-15,BR,tablet
7220,2025-02-23,IN,mobile
7221,2024-04-06,US,desktop
7222,2024-10-17,DE,desktop
7223,2025-12-19,IN,mobile
7224,2024-05-22,DE,mobile
7225,2023-08-19,US,desktop
7226,2025-06-19,IN,mobile
7227,2024-11-29,US,mobile
7228,2023-09-18,DE,mobile
7229,2026-01-10,US,mobile
7230,2024-03-08,BR,mobile
7231,2024-09-06,US,mobile
7232,2024-05-24,PH,desktop
7233,2026-01-15,IN,desktop
7234,2024-06-07,US,desktop
7235,2024-07-14,US,desktop
7236,2023-09-08,US,desktop
7237,2025-05-30,IN,mobile
7238,2025-01-31,US,mobile
7239,2024-12-17,GB,mobile
7240,2024-05-23,BR,desktop
7241,2023-12-16,US,mobile
7242,2023-09-12,BR,mobile
7243,2024-04-09,IN,tablet
7244,2025-04-20,IN,tablet
7245,2024-09-23,IN,mobile
7246,2024-08-02,US,mobile
7247,2025-05-21,US,desktop
7248,2023-09-25,US,desktop
7249,2025-12-31,US,tablet
7250,2025-09-13,GB,desktop
7251,2025-01-23,US,mobile
7252,2023-04-06,US,mobile
7253,2024-11-30,IN,mobile
7254,2025-08-12,AU,desktop
7255,2024-07-31,IN,mobile
7256,2024-08-08,US,mobile
7257,2025-07-22,IN,mobile
7258,2026-01-30,US,desktop
7259,2024-03-22,US,mobile
7260,2025-06-06,US,tablet
7261,2024-09-13,US,mobile
7262,2024-04-03,US,mobile
7263,2025-10-13,IN,desktop
7264,2025-06-10,US,mobile
7265,2026-01-19,GB,mobile
7266,2024-08-06,PH,mobile
7267,2024-05-09,AU,desktop
7268,2025-05-11,PH,mobile
7269,2023-10-27,DE,tablet
7270,2025-12-16,US,tablet
7271,2025-03-16,GB,mobile
7272,2024-07-28,BR,mobile
7273,2024-10-05,CA,desktop
7274,2024-10-24,DE,mobile
7275,2023-04-24,IN,mobile
7276,2024-09-30,PH,desktop
7277,2025-04-14,DE,desktop
7278,2023-07-29,BR,desktop
7279,2025-05-16,US,desktop
7280,2024-01-13,US,mobile
7281,2024-06-29,AU,desktop
7282,2023-03-18,DE,mobile
7283,2023-03-15,US,mobile
7284,2024-03-30,DE,desktop
7285,2024-09-04,CA,desktop
7286,2024-03-11,US,mobile
7287,2024-08-13,US,mobile
7288,2023-05-20,BR,mobile
7289,2023-06-21,DE,desktop
7290,2025-10-10,US,mobile
7291,2025-01-25,US,desktop
7292,2025-02-24,US,desktop
7293,2025-07-08,PH,mobile
7294,2025-09-19,IN,desktop
7295,2026-04-16,GB,mobile
7296,2024-03-04,BR,desktop
7297,2024-12-26,GB,mobile
7298,2025-08-07,US,desktop
7299,2023-03-22,DE,desktop
7300,2025-10-31,DE,mobile
7301,2025-01-05,US,mobile
7302,2024-10-21,IN,mobile
7303,2024-06-18,IN,mobile
7304,2023-09-25,GB,mobile
7305,2024-01-24,BR,desktop
7306,2025-02-01,IN,mobile
7307,2024-03-25,BR,desktop
7308,2024-09-11,US,mobile
7309,2024-03-17,IN,mobile
7310,2023-07-12,PH,mobile
7311,2025-04-16,GB,mobile
7312,2023-11-11,US,mobile
7313,2024-11-26,US,mobile
7314,2026-03-29,US,mobile
7315,2024-08-03,PH,tablet
7316,2023-12-15,US,mobile
7317,2024-12-16,IN,mobile
7318,2025-05-03,CA,desktop
7319,2024-01-23,US,mobile
7320,2026-02-25,US,tablet
7321,2026-02-27,IN,desktop
7322,2024-03-23,GB,desktop
7323,2023-06-27,DE,mobile
7324,2023-08-08,CA,mobile
7325,2024-02-03,IN,desktop
7326,2026-04-14,DE,mobile
7327,2025-08-21,DE,desktop
7328,2025-01-03,US,mobile
7329,2023-12-09,GB,mobile
7330,2024-12-03,IN,mobile
7331,2023-12-06,PH,mobile
7332,2024-11-01,BR,desktop
7333,2025-04-18,PH,desktop
7334,2024-01-05,US,mobile
7335,2024-05-04,IN,mobile
7336,2025-08-25,PH,tablet
7337,2025-03-22,IN,desktop
7338,2024-07-12,IN,mobile
7339,2024-01-20,DE,mobile
7340,2025-02-03,PH,desktop
7341,2023-06-14,US,desktop
7342,2024-10-04,CA,mobile
7343,2025-05-28,GB,desktop
7344,2023-10-16,GB,mobile
7345,2026-02-24,DE,mobile
7346,2024-05-12,US,desktop
7347,2025-01-22,US,mobile
7348,2023-05-28,GB,desktop
7349,2025-08-14,IN,mobile
7350,2023-08-07,BR,mobile
7351,2025-01-01,CA,mobile
7352,2024-05-31,US,mobile
7353,2023-04-27,US,desktop
7354,2024-05-01,CA,mobile
7355,2025-01-19,US,desktop
7356,2025-09-14,IN,mobile
7357,2024-07-03,GB,tablet
7358,2023-10-06,GB,desktop
7359,2023-06-06,DE,mobile
7360,2023-11-21,GB,desktop
7361,2025-05-31,US,desktop
7362,2025-06-03,IN,desktop
7363,2025-12-18,IN,mobile
7364,2026-01-02,DE,tablet
7365,2025-08-15,US,mobile
7366,2025-03-11,PH,desktop
7367,2025-10-10,US,desktop
7368,2025-09-12,US,mobile
7369,2025-06-18,US,mobile
7370,2023-06-27,AU,mobile
7371,2023-06-27,IN,desktop
7372,2023-12-11,CA,mobile
7373,2026-02-14,US,mobile
7374,2024-11-01,PH,mobile
7375,2024-05-17,US,mobile
7376,2025-11-18,US,tablet
7377,2025-02-12,BR,desktop
7378,2026-01-29,IN,mobile
7379,2023-11-28,US,mobile
7380,2023-09-20,BR,desktop
7381,2025-04-06,GB,mobile
7382,2025-08-16,DE,desktop
7383,2023-09-26,BR,mobile
7384,2023-09-12,US,mobile
7385,2025-05-28,US,desktop
7386,2024-11-16,GB,mobile
7387,2023-07-31,US,mobile
7388,2025-12-12,US,mobile
7389,2023-05-13,IN,desktop
7390,2023-03-07,PH,mobile
7391,2025-04-21,IN,desktop
7392,2024-01-15,IN,desktop
7393,2025-05-03,US,mobile
7394,2025-12-25,BR,desktop
7395,2024-07-14,CA,desktop
7396,2025-11-21,US,desktop
7397,2024-11-29,US,mobile
7398,2025-04-08,PH,desktop
7399,2024-07-06,PH,mobile
7400,2023-07-13,US,desktop
7401,2026-01-01,US,mobile
7402,2025-01-11,DE,desktop
7403,2025-09-03,IN,desktop
7404,2026-01-31,IN,mobile
7405,2024-11-21,US,mobile
7406,2024-03-11,PH,desktop
7407,2024-10-24,US,mobile
7408,2025-05-30,BR,mobile
7409,2023-08-19,US,mobile
7410,2025-04-13,IN,mobile
7411,2025-08-05,CA,mobile
7412,2024-03-01,GB,mobile
7413,2026-03-26,IN,mobile
7414,2025-05-05,PH,mobile
7415,2024-10-19,IN,mobile
7416,2026-03-19,IN,desktop
7417,2023-12-26,US,mobile
7418,2026-02-08,GB,tablet
7419,2023-05-18,US,desktop
7420,2026-03-09,US,mobile
7421,2023-05-26,US,mobile
7422,2024-02-09,BR,desktop
7423,2023-06-03,US,mobile
7424,2024-06-29,US,mobile
7425,2025-12-16,IN,mobile
7426,2024-05-18,US,mobile
7427,2025-03-08,PH,desktop
7428,2025-11-23,CA,mobile
7429,2024-09-06,BR,mobile
7430,2025-12-19,US,mobile
7431,2025-07-14,PH,mobile
7432,2024-12-31,AU,mobile
7433,2023-07-28,US,desktop
7434,2023-08-04,PH,mobile
7435,2024-09-15,US,desktop
7436,2026-04-07,PH,desktop
7437,2025-05-06,IN,mobile
7438,2024-08-15,US,mobile
7439,2024-01-16,US,desktop
7440,2023-08-28,PH,mobile
7441,2024-06-06,IN,mobile
7442,2023-09-18,IN,desktop
7443,2024-07-15,GB,desktop
7444,2025-03-16,BR,mobile
7445,2026-04-04,US,tablet
7446,2024-01-04,US,desktop
7447,2024-10-25,CA,desktop
7448,2023-10-23,US,mobile
7449,2026-01-09,GB,desktop
7450,2024-12-12,BR,mobile
7451,2024-11-11,US,desktop
7452,2023-05-11,IN,desktop
7453,2024-09-14,PH,tablet
7454,2023-08-03,PH,mobile
7455,2023-04-29,US,mobile
7456,2024-10-30,IN,desktop
7457,2024-04-19,US,tablet
7458,2026-01-02,US,mobile
7459,2023-12-03,AU,desktop
7460,2023-07-03,AU,mobile
7461,2024-12-02,IN,mobile
7462,2024-11-10,US,mobile
7463,2023-09-30,IN,mobile
7464,2025-08-02,GB,mobile
7465,2023-03-07,US,mobile
7466,2026-03-02,BR,desktop
7467,2024-08-30,PH,mobile
7468,2024-10-02,BR,desktop
7469,2025-02-18,US,mobile
7470,2025-02-04,US,desktop
7471,2023-10-13,IN,mobile
7472,2025-01-29,US,mobile
7473,2025-08-19,AU,mobile
7474,2023-03-07,IN,mobile
7475,2026-01-31,BR,desktop
7476,2023-12-18,IN,desktop
7477,2025-10-20,US,mobile
7478,2023-06-30,US,mobile
7479,2023-06-28,IN,mobile
7480,2024-12-06,US,mobile
7481,2026-01-19,BR,desktop
7482,2025-07-23,IN,mobile
7483,2025-11-03,BR,mobile
7484,2026-03-26,IN,mobile
7485,2024-08-01,IN,mobile
7486,2023-03-28,IN,desktop
7487,2023-03-19,AU,mobile
7488,2023-04-04,GB,desktop
7489,2026-04-01,DE,desktop
7490,2023-12-29,IN,mobile
7491,2024-08-09,CA,tablet
7492,2026-04-17,PH,mobile
7493,2023-07-18,US,tablet
7494,2024-04-28,IN,desktop
7495,2023-12-01,US,mobile
7496,2026-02-14,US,desktop
7497,2024-09-19,IN,desktop
7498,2023-09-16,DE,mobile
7499,2025-07-29,US,mobile
7500,2023-08-23,IN,mobile
7501,2023-07-05,US,mobile
7502,2024-03-22,US,mobile
7503,2025-12-19,US,mobile
7504,2026-02-27,IN,mobile
7505,2026-01-18,BR,desktop
7506,2026-03-16,US,mobile
7507,2025-08-04,BR,desktop
7508,2025-03-07,IN,desktop
7509,2026-04-16,IN,tablet
7510,2023-08-12,IN,mobile
7511,2025-09-25,IN,desktop
7512,2023-10-06,IN,mobile
7513,2023-10-05,BR,mobile
7514,2026-01-19,GB,desktop
7515,2023-10-08,IN,mobile
7516,2024-01-17,PH,desktop
7517,2025-05-13,DE,mobile
7518,2025-01-19,AU,desktop
7519,2025-01-01,IN,mobile
7520,2023-06-02,PH,mobile
7521,2025-12-19,US,mobile
7522,2025-02-05,DE,tablet
7523,2023-10-14,IN,tablet
7524,2026-02-24,IN,desktop
7525,2026-04-14,PH,mobile
7526,2024-09-05,PH,mobile
7527,2024-05-31,BR,desktop
7528,2026-01-21,IN,mobile
7529,2023-03-26,IN,mobile
7530,2025-03-28,US,mobile
7531,2025-03-05,IN,mobile
7532,2023-08-24,US,mobile
7533,2023-12-05,GB,desktop
7534,2023-06-03,US,desktop
7535,2024-12-19,IN,mobile
7536,2025-04-28,BR,mobile
7537,2023-09-11,AU,mobile
7538,2023-02-20,GB,mobile
7539,2026-01-27,US,mobile
7540,2024-12-08,PH,mobile
7541,2023-12-28,IN,desktop
7542,2026-02-08,GB,mobile
7543,2025-04-20,DE,mobile
7544,2025-05-29,US,mobile
7545,2024-01-27,GB,mobile
7546,2025-07-27,US,mobile
7547,2024-12-29,CA,desktop
7548,2024-04-01,IN,mobile
7549,2025-03-26,PH,desktop
7550,2024-08-27,PH,mobile
7551,2024-06-13,BR,mobile
7552,2025-09-12,PH,mobile
7553,2026-02-11,BR,desktop
7554,2025-10-09,IN,desktop
7555,2024-03-02,US,desktop
7556,2023-07-30,IN,mobile
7557,2024-12-02,US,desktop
7558,2025-08-22,IN,desktop
7559,2025-03-30,BR,tablet
7560,2024-03-07,PH,tablet
7561,2023-04-13,IN,tablet
7562,2026-01-03,GB,mobile
7563,2024-08-10,IN,desktop
7564,2025-08-20,US,desktop
7565,2023-05-15,CA,desktop
7566,2023-05-28,US,mobile
7567,2025-12-12,IN,tablet
7568,2025-12-30,CA,desktop
7569,2024-10-20,PH,mobile
7570,2025-03-09,PH,desktop
7571,2023-02-19,US,tablet
7572,2024-07-03,CA,mobile
7573,2024-09-11,US,tablet
7574,2026-04-03,IN,mobile
7575,2025-05-25,PH,mobile
7576,2024-01-26,US,mobile
7577,2024-01-18,DE,mobile
7578,2024-07-06,GB,mobile
7579,2023-11-12,US,mobile
7580,2024-01-20,IN,desktop
7581,2023-05-25,PH,desktop
7582,2025-05-15,DE,desktop
7583,2026-03-17,US,mobile
7584,2024-09-19,PH,mobile
7585,2026-04-26,US,mobile
7586,2026-04-21,US,mobile
7587,2023-08-17,PH,mobile
7588,2024-02-20,BR,mobile
7589,2024-08-17,AU,tablet
7590,2026-01-01,US,mobile
7591,2023-06-17,IN,mobile
7592,2025-02-19,US,mobile
7593,2026-04-09,US,mobile
7594,2026-03-14,DE,tablet
7595,2024-01-16,IN,mobile
7596,2024-02-12,US,mobile
7597,2024-02-07,US,desktop
7598,2024-04-17,AU,mobile
7599,2025-07-10,IN,desktop
7600,2024-11-13,US,mobile
7601,2024-01-16,PH,mobile
7602,2024-04-22,CA,mobile
7603,2024-10-12,CA,desktop
7604,2025-10-15,US,desktop
7605,2024-12-25,BR,desktop
7606,2023-04-26,IN,mobile
7607,2025-05-29,AU,tablet
7608,2023-08-31,IN,desktop
7609,2026-03-02,IN,mobile
7610,2024-01-19,US,mobile
7611,2025-01-08,PH,mobile
7612,2025-12-03,US,desktop
7613,2025-11-07,BR,mobile
7614,2026-02-21,CA,mobile
7615,2024-08-29,US,tablet
7616,2025-03-03,US,desktop
7617,2026-03-09,DE,mobile
7618,2024-07-12,IN,mobile
7619,2025-12-21,IN,mobile
7620,2026-02-13,US,mobile
7621,2023-11-04,BR,mobile
7622,2024-08-25,US,tablet
7623,2023-09-18,IN,desktop
7624,2025-01-04,BR,mobile
7625,2024-10-06,IN,tablet
7626,2024-10-26,US,desktop
7627,2024-09-21,US,mobile
7628,2026-02-17,US,mobile
7629,2025-02-12,IN,mobile
7630,2023-10-12,US,desktop
7631,2024-09-26,US,mobile
7632,2024-11-26,IN,mobile
7633,2023-05-11,CA,desktop
7634,2024-10-27,IN,mobile
7635,2025-09-29,AU,mobile
7636,2023-04-10,PH,desktop
7637,2026-01-08,GB,mobile
7638,2023-12-19,US,mobile
7639,2024-07-28,IN,desktop
7640,2024-12-10,BR,tablet
7641,2024-11-10,IN,desktop
7642,2023-08-28,BR,tablet
7643,2026-01-17,US,mobile
7644,2023-12-25,IN,mobile
7645,2025-10-05,AU,desktop
7646,2024-09-30,BR,mobile
7647,2024-08-06,IN,mobile
7648,2026-03-11,CA,mobile
7649,2024-04-11,DE,mobile
7650,2024-10-28,US,mobile
7651,2025-03-16,PH,mobile
7652,2023-02-22,BR,mobile
7653,2024-03-20,IN,mobile
7654,2024-10-17,BR,mobile
7655,2026-04-23,CA,desktop
7656,2025-11-18,CA,mobile
7657,2026-03-11,US,desktop
7658,2024-05-30,IN,mobile
7659,2023-04-25,US,desktop
7660,2023-10-12,CA,desktop
7661,2024-05-03,BR,mobile
7662,2024-11-22,US,desktop
7663,2023-09-30,US,mobile
7664,2025-04-27,IN,desktop
7665,2023-07-26,IN,desktop
7666,2023-05-11,US,desktop
7667,2025-04-21,US,mobile
7668,2024-06-07,BR,tablet
7669,2023-04-20,IN,desktop
7670,2026-04-07,IN,mobile
7671,2025-11-20,IN,tablet
7672,2025-06-05,IN,mobile
7673,2023-12-15,US,mobile
7674,2024-05-14,US,desktop
7675,2024-10-07,IN,desktop
7676,2025-05-22,PH,desktop
7677,2023-09-30,CA,mobile
7678,2026-02-11,GB,desktop
7679,2024-06-01,CA,mobile
7680,2026-01-16,US,mobile
7681,2023-09-13,PH,tablet
7682,2024-02-26,AU,desktop
7683,2025-07-11,IN,desktop
7684,2024-06-29,US,mobile
7685,2025-03-09,US,mobile
7686,2023-11-27,GB,desktop
7687,2023-08-10,IN,desktop
7688,2026-04-24,IN,desktop
7689,2023-10-31,PH,mobile
7690,2023-10-23,BR,desktop
7691,2023-08-31,US,mobile
7692,2025-01-19,DE,tablet
7693,2025-07-05,US,tablet
7694,2026-01-18,IN,mobile
7695,2025-01-31,PH,mobile
7696,2024-09-02,US,mobile
7697,2026-04-17,IN,mobile
7698,2024-07-18,CA,mobile
7699,2025-09-24,BR,mobile
7700,2023-04-13,US,desktop
7701,2025-03-05,CA,mobile
7702,2023-04-28,IN,mobile
7703,2023-04-05,IN,desktop
7704,2023-11-05,PH,mobile
7705,2026-04-22,IN,mobile
7706,2025-02-14,GB,mobile
7707,2024-08-14,BR,desktop
7708,2024-04-01,US,desktop
7709,2023-07-20,IN,mobile
7710,2024-01-19,US,mobile
7711,2025-04-15,BR,desktop
7712,2024-06-01,IN,mobile
7713,2024-11-25,AU,mobile
7714,2025-10-06,US,mobile
7715,2025-02-13,IN,mobile
7716,2024-11-27,US,tablet
7717,2023-07-22,DE,mobile
7718,2025-02-05,US,mobile
7719,2024-02-20,IN,mobile
7720,2023-09-18,GB,desktop
7721,2026-02-25,US,mobile
7722,2025-08-22,PH,desktop
7723,2024-11-10,BR,desktop
7724,2024-12-29,IN,mobile
7725,2023-05-04,DE,mobile
7726,2023-09-01,BR,mobile
7727,2024-07-22,IN,mobile
7728,2024-05-20,AU,desktop
7729,2026-02-25,IN,mobile
7730,2024-04-05,IN,mobile
7731,2023-02-25,IN,desktop
7732,2024-06-14,US,mobile
7733,2024-07-12,GB,mobile
7734,2023-12-31,PH,mobile
7735,2024-04-06,BR,mobile
7736,2023-05-17,BR,desktop
7737,2025-03-30,US,mobile
7738,2023-05-30,US,desktop
7739,2025-07-19,US,mobile
7740,2023-08-19,IN,mobile
7741,2024-02-09,PH,mobile
7742,2026-03-10,CA,desktop
7743,2023-05-28,US,desktop
7744,2024-11-22,US,mobile
7745,2023-12-24,BR,desktop
7746,2024-02-16,GB,tablet
7747,2025-10-25,BR,mobile
7748,2025-01-12,US,mobile
7749,2025-09-06,US,desktop
7750,2023-09-11,PH,mobile
7751,2023-11-06,BR,mobile
7752,2025-04-04,DE,mobile
7753,2025-06-18,GB,mobile
7754,2025-07-29,GB,mobile
7755,2023-04-03,IN,desktop
7756,2024-08-11,IN,desktop
7757,2024-05-16,US,mobile
7758,2025-11-16,CA,desktop
7759,2023-09-22,GB,mobile
7760,2025-01-21,IN,desktop
7761,2025-05-26,BR,mobile
7762,2025-01-07,BR,mobile
7763,2025-09-23,IN,tablet
7764,2025-07-22,CA,desktop
7765,2025-03-04,IN,mobile
7766,2026-03-13,CA,mobile
7767,2023-07-09,IN,desktop
7768,2024-07-03,US,mobile
7769,2024-06-13,AU,desktop
7770,2025-05-08,BR,desktop
7771,2024-07-15,US,desktop
7772,2024-05-16,US,tablet
7773,2024-03-07,US,mobile
7774,2023-12-03,US,mobile
7775,2024-07-05,PH,mobile
7776,2025-04-22,US,mobile
7777,2023-10-13,US,mobile
7778,2025-01-16,PH,mobile
7779,2025-06-13,IN,desktop
7780,2023-07-06,GB,mobile
7781,2023-07-25,AU,desktop
7782,2025-06-18,PH,desktop
7783,2025-10-23,IN,desktop
7784,2026-04-29,US,mobile
7785,2026-01-10,US,mobile
7786,2025-06-25,IN,mobile
7787,2023-05-24,BR,desktop
7788,2025-02-01,IN,mobile
7789,2024-03-02,IN,mobile
7790,2025-10-10,PH,mobile
7791,2025-11-09,IN,mobile
7792,2023-10-16,BR,desktop
7793,2025-11-24,US,mobile
7794,2023-03-20,US,mobile
7795,2024-07-30,IN,tablet
7796,2024-08-03,IN,desktop
7797,2024-04-02,US,mobile
7798,2023-10-13,DE,mobile
7799,2025-06-27,PH,mobile
7800,2026-02-05,IN,desktop
7801,2023-06-21,US,tablet
7802,2023-09-07,US,desktop
7803,2023-10-15,US,mobile
7804,2024-07-05,US,mobile
7805,2023-05-14,PH,desktop
7806,2025-10-28,US,tablet
7807,2025-02-18,US,mobile
7808,2024-05-26,US,mobile
7809,2025-04-17,IN,mobile
7810,2023-08-05,DE,mobile
7811,2025-05-13,US,mobile
7812,2024-12-12,US,desktop
7813,2023-02-27,IN,mobile
7814,2025-12-28,IN,mobile
7815,2023-10-15,US,mobile
7816,2023-10-10,IN,mobile
7817,2024-10-31,AU,mobile
7818,2024-03-21,BR,desktop
7819,2025-04-16,US,mobile
7820,2025-08-01,IN,mobile
7821,2024-08-27,US,mobile
7822,2024-02-06,AU,tablet
7823,2025-11-03,US,mobile
7824,2023-10-22,BR,mobile
7825,2024-10-10,US,desktop
7826,2024-02-01,IN,mobile
7827,2025-04-14,AU,desktop
7828,2023-11-23,IN,mobile
7829,2025-06-18,BR,mobile
7830,2024-08-02,CA,mobile
7831,2025-02-22,US,mobile
7832,2023-06-21,BR,mobile
7833,2025-03-30,IN,mobile
7834,2024-08-04,DE,desktop
7835,2024-09-09,BR,mobile
7836,2025-06-01,US,desktop
7837,2025-10-19,US,mobile
7838,2025-06-12,US,desktop
7839,2023-05-31,US,mobile
7840,2025-12-31,DE,desktop
7841,2024-11-08,BR,tablet
7842,2025-01-06,PH,mobile
7843,2023-04-06,PH,mobile
7844,2025-12-08,GB,mobile
7845,2025-08-30,IN,desktop
7846,2024-07-15,BR,desktop
7847,2024-09-27,US,mobile
7848,2023-02-23,PH,mobile
7849,2023-08-27,US,desktop
7850,2023-08-30,IN,mobile
7851,2023-06-07,AU,mobile
7852,2025-03-29,IN,desktop
7853,2024-08-06,BR,desktop
7854,2025-11-08,DE,mobile
7855,2025-10-30,AU,mobile
7856,2024-08-06,US,mobile
7857,2024-07-08,US,mobile
7858,2024-05-26,US,mobile
7859,2024-08-31,IN,mobile
7860,2024-08-17,PH,desktop
7861,2024-08-08,BR,desktop
7862,2023-07-28,CA,desktop
7863,2025-01-08,US,desktop
7864,2025-08-31,PH,mobile
7865,2023-09-02,IN,mobile
7866,2023-03-15,AU,mobile
7867,2024-04-18,IN,mobile
7868,2024-07-03,BR,mobile
7869,2026-01-13,BR,mobile
7870,2023-07-12,US,mobile
7871,2023-05-28,PH,mobile
7872,2024-09-18,IN,tablet
7873,2023-08-30,US,mobile
7874,2024-03-20,BR,desktop
7875,2025-11-08,IN,desktop
7876,2025-05-20,IN,mobile
7877,2025-04-17,IN,desktop
7878,2023-12-05,PH,desktop
7879,2023-12-20,GB,mobile
7880,2025-03-27,GB,mobile
7881,2025-11-27,PH,desktop
7882,2026-01-07,IN,mobile
7883,2025-06-05,PH,mobile
7884,2025-06-13,US,desktop
7885,2024-07-31,BR,desktop
7886,2024-05-11,AU,mobile
7887,2025-02-14,CA,tablet
7888,2023-05-16,US,mobile
7889,2023-02-21,US,mobile
7890,2024-11-19,GB,desktop
7891,2024-07-18,IN,mobile
7892,2025-06-11,US,mobile
7893,2023-04-20,PH,mobile
7894,2023-10-13,PH,mobile
7895,2024-06-30,US,mobile
7896,2025-06-29,US,mobile
7897,2024-01-23,PH,desktop
7898,2023-09-14,US,tablet
7899,2024-11-20,IN,desktop
7900,2024-02-17,GB,mobile
7901,2026-01-08,US,mobile
7902,2023-10-12,US,mobile
7903,2026-04-29,US,mobile
7904,2024-04-03,US,desktop
7905,2026-01-05,BR,desktop
7906,2025-12-31,US,mobile
7907,2025-06-30,US,desktop
7908,2023-07-26,PH,mobile
7909,2025-07-09,US,mobile
7910,2025-07-12,GB,mobile
7911,2026-02-24,AU,mobile
7912,2023-12-03,DE,mobile
7913,2023-08-03,CA,mobile
7914,2024-04-21,BR,mobile
7915,2023-05-06,PH,desktop
7916,2026-02-07,US,mobile
7917,2023-04-02,BR,mobile
7918,2023-07-23,CA,mobile
7919,2026-04-30,BR,mobile
7920,2023-06-04,US,mobile
7921,2025-03-07,IN,mobile
7922,2024-09-07,DE,mobile
7923,2024-05-12,US,desktop
7924,2025-10-09,PH,mobile
7925,2023-02-24,US,mobile
7926,2025-07-21,US,mobile
7927,2024-05-27,US,mobile
7928,2023-08-12,BR,mobile
7929,2023-12-24,BR,desktop
7930,2025-01-25,US,desktop
7931,2024-03-18,IN,mobile
7932,2024-03-15,IN,mobile
7933,2024-08-08,US,desktop
7934,2026-01-18,GB,desktop
7935,2023-07-21,BR,mobile
7936,2023-05-25,DE,mobile
7937,2023-04-17,US,mobile
7938,2025-10-11,PH,mobile
7939,2023-07-06,IN,desktop
7940,2025-01-06,US,desktop
7941,2023-11-22,AU,mobile
7942,2024-03-15,US,mobile
7943,2025-05-21,IN,desktop
7944,2024-03-09,BR,mobile
7945,2023-09-07,IN,mobile
7946,2024-09-26,CA,mobile
7947,2025-03-24,CA,desktop
7948,2025-03-30,IN,tablet
7949,2025-01-05,BR,mobile
7950,2025-11-10,CA,desktop
7951,2024-12-28,US,mobile
7952,2026-02-22,AU,desktop
7953,2025-03-25,US,mobile
7954,2023-09-06,BR,mobile
7955,2025-08-03,PH,desktop
7956,2023-06-19,CA,tablet
7957,2023-09-27,BR,desktop
7958,2025-12-27,PH,mobile
7959,2025-12-27,IN,desktop
7960,2024-06-23,US,desktop
7961,2023-12-10,US,mobile
7962,2025-02-12,GB,mobile
7963,2024-11-16,IN,desktop
7964,2025-05-15,DE,desktop
7965,2023-05-04,US,mobile
7966,2024-07-01,IN,mobile
7967,2025-07-19,IN,mobile
7968,2023-11-06,CA,desktop
7969,2026-04-29,US,mobile
7970,2024-04-04,US,desktop
7971,2024-09-06,BR,desktop
7972,2023-10-31,AU,mobile
7973,2024-10-05,BR,mobile
7974,2023-11-29,DE,mobile
7975,2024-07-03,IN,mobile
7976,2024-01-09,US,mobile
7977,2024-01-16,BR,mobile
7978,2024-07-01,GB,desktop
7979,2023-06-06,US,mobile
7980,2024-01-11,US,desktop
7981,2025-07-16,US,desktop
7982,2023-07-23,PH,mobile
7983,2025-06-25,US,mobile
7984,2025-02-26,IN,mobile
7985,2024-05-27,US,mobile
7986,2024-05-14,US,mobile
7987,2023-09-10,IN,mobile
7988,2026-03-02,PH,desktop
7989,2023-10-19,GB,mobile
7990,2026-01-13,IN,mobile
7991,2023-02-21,CA,tablet
7992,2024-12-05,US,mobile
7993,2024-09-29,PH,desktop
7994,2024-02-08,BR,mobile
7995,2024-04-03,BR,desktop
7996,2023-06-17,BR,mobile
7997,2023-10-27,US,desktop
7998,2025-12-22,US,tablet
7999,2024-04-02,US,mobile
8000,2024-02-03,US,mobile
8001,2025-05-10,IN,desktop
8002,2024-02-08,IN,desktop
8003,2023-06-19,IN,desktop
8004,2023-06-18,US,mobile
8005,2024-04-08,IN,mobile
8006,2024-06-09,IN,mobile
8007,2023-12-06,PH,tablet
8008,2024-03-22,US,mobile
8009,2025-04-09,US,mobile
8010,2026-03-18,IN,desktop
8011,2025-09-26,PH,mobile
8012,2025-05-14,IN,mobile
8013,2025-11-01,US,desktop
8014,2024-02-24,US,mobile
8015,2025-03-06,BR,mobile
8016,2024-02-19,PH,desktop
8017,2023-12-16,GB,mobile
8018,2025-03-01,IN,desktop
8019,2024-08-24,US,mobile
8020,2025-01-23,US,mobile
8021,2026-01-04,US,mobile
8022,2025-03-18,DE,desktop
8023,2023-12-22,US,mobile
8024,2024-04-28,AU,mobile
8025,2024-08-16,CA,mobile
8026,2023-04-22,BR,mobile
8027,2024-02-20,PH,mobile
8028,2023-12-07,US,mobile
8029,2025-07-24,IN,mobile
8030,2025-02-09,US,mobile
8031,2024-02-08,PH,desktop
8032,2024-06-11,DE,mobile
8033,2025-12-17,IN,mobile
8034,2024-11-14,PH,mobile
8035,2025-06-30,PH,mobile
8036,2023-03-13,US,desktop
8037,2023-05-04,AU,mobile
8038,2023-11-15,US,mobile
8039,2024-02-16,PH,mobile
8040,2026-01-25,BR,mobile
8041,2024-06-12,US,desktop
8042,2024-04-08,PH,desktop
8043,2023-07-03,BR,desktop
8044,2023-10-05,IN,tablet
8045,2023-10-24,CA,mobile
8046,2024-05-04,BR,mobile
8047,2025-02-08,US,desktop
8048,2023-10-05,CA,mobile
8049,2024-04-07,US,desktop
8050,2023-03-04,BR,desktop
8051,2025-04-21,IN,desktop
8052,2023-11-20,BR,desktop
8053,2025-03-08,IN,desktop
8054,2024-12-23,US,desktop
8055,2023-11-09,US,mobile
8056,2023-07-31,IN,mobile
8057,2024-06-01,US,desktop
8058,2023-12-27,US,tablet
8059,2025-04-09,US,mobile
8060,2023-03-15,IN,desktop
8061,2025-01-22,IN,desktop
8062,2023-12-31,US,mobile
8063,2024-04-06,CA,desktop
8064,2024-11-21,PH,desktop
8065,2023-11-25,BR,desktop
8066,2025-05-28,IN,mobile
8067,2025-06-10,IN,mobile
8068,2025-05-09,US,mobile
8069,2023-08-21,US,mobile
8070,2023-08-12,GB,desktop
8071,2025-04-16,IN,mobile
8072,2025-03-17,CA,desktop
8073,2025-06-26,US,mobile
8074,2023-08-07,AU,mobile
8075,2025-10-27,IN,desktop
8076,2025-09-30,IN,mobile
8077,2023-10-22,PH,desktop
8078,2025-12-02,IN,mobile
8079,2025-01-12,US,mobile
8080,2025-04-06,PH,desktop
8081,2024-04-25,CA,mobile
8082,2023-03-18,IN,mobile
8083,2024-04-20,US,tablet
8084,2025-06-17,IN,mobile
8085,2025-02-17,US,desktop
8086,2023-09-15,US,mobile
8087,2023-12-16,IN,mobile
8088,2025-03-08,US,desktop
8089,2025-02-07,GB,mobile
8090,2026-04-28,AU,mobile
8091,2026-03-22,AU,desktop
8092,2023-10-18,US,desktop
8093,2026-01-03,US,tablet
8094,2024-01-02,BR,mobile
8095,2024-04-04,BR,mobile
8096,2025-04-17,BR,mobile
8097,2023-09-23,BR,mobile
8098,2023-05-12,BR,mobile
8099,2025-04-08,IN,mobile
8100,2024-05-25,DE,desktop
8101,2024-11-08,IN,mobile
8102,2025-04-23,US,tablet
8103,2023-10-11,US,mobile
8104,2024-06-30,BR,desktop
8105,2025-03-16,PH,mobile
8106,2025-09-02,IN,desktop
8107,2025-06-22,US,desktop
8108,2023-07-27,US,mobile
8109,2026-03-10,US,desktop
8110,2025-08-20,US,mobile
8111,2023-10-29,US,mobile
8112,2023-03-11,CA,desktop
8113,2023-09-27,US,mobile
8114,2024-02-16,DE,tablet
8115,2024-05-17,IN,mobile
8116,2023-10-13,PH,mobile
8117,2024-08-30,GB,desktop
8118,2025-02-20,PH,mobile
8119,2023-03-18,PH,desktop
8120,2025-06-27,BR,mobile
8121,2025-12-26,GB,desktop
8122,2024-06-18,DE,mobile
8123,2024-04-13,IN,desktop
8124,2024-06-21,BR,desktop
8125,2026-02-13,AU,mobile
8126,2024-06-17,DE,mobile
8127,2025-09-14,US,desktop
8128,2023-11-20,DE,mobile
8129,2023-02-20,US,mobile
8130,2026-04-24,IN,tablet
8131,2024-04-10,BR,mobile
8132,2024-04-12,BR,mobile
8133,2025-08-11,US,mobile
8134,2025-01-01,BR,mobile
8135,2024-10-16,US,mobile
8136,2026-01-19,IN,desktop
8137,2024-12-18,US,desktop
8138,2025-11-09,BR,mobile
8139,2024-04-21,AU,mobile
8140,2025-08-02,BR,mobile
8141,2024-09-09,GB,mobile
8142,2023-12-31,CA,tablet
8143,2023-05-13,IN,mobile
8144,2024-01-24,US,desktop
8145,2023-05-09,IN,desktop
8146,2025-12-18,IN,mobile
8147,2025-08-29,IN,desktop
8148,2025-03-21,US,mobile
8149,2025-05-16,CA,desktop
8150,2025-07-24,US,mobile
8151,2024-07-26,US,desktop
8152,2024-04-23,GB,desktop
8153,2023-07-30,US,desktop
8154,2026-02-14,PH,mobile
8155,2023-04-19,IN,mobile
8156,2026-04-29,US,mobile
8157,2023-08-23,US,mobile
8158,2024-08-18,US,desktop
8159,2024-05-08,IN,desktop
8160,2025-01-13,AU,mobile
8161,2025-07-08,BR,mobile
8162,2023-07-31,US,desktop
8163,2026-04-08,BR,mobile
8164,2024-05-13,IN,mobile
8165,2024-06-16,CA,mobile
8166,2023-06-17,GB,mobile
8167,2025-01-23,IN,mobile
8168,2023-09-25,IN,mobile
8169,2025-02-21,AU,mobile
8170,2023-11-14,IN,desktop
8171,2025-08-29,IN,mobile
8172,2025-12-02,DE,mobile
8173,2023-12-06,US,mobile
8174,2023-03-25,AU,mobile
8175,2024-01-27,US,desktop
8176,2024-02-05,DE,desktop
8177,2024-08-05,BR,mobile
8178,2026-02-10,CA,mobile
8179,2024-10-26,PH,tablet
8180,2024-04-21,IN,mobile
8181,2026-05-01,AU,desktop
8182,2024-01-15,US,mobile
8183,2023-05-30,PH,mobile
8184,2023-10-15,US,mobile
8185,2025-04-04,US,tablet
8186,2023-07-08,IN,desktop
8187,2026-05-02,IN,desktop
8188,2025-04-03,CA,desktop
8189,2024-10-11,BR,desktop
8190,2024-12-25,CA,mobile
8191,2023-12-03,US,desktop
8192,2024-02-19,BR,mobile
8193,2023-07-11,US,mobile
8194,2025-10-27,IN,desktop
8195,2023-07-16,IN,mobile
8196,2025-01-23,IN,mobile
8197,2025-12-08,PH,mobile
8198,2024-07-16,PH,desktop
8199,2025-01-21,DE,desktop
8200,2025-05-10,US,mobile
8201,2023-11-25,AU,mobile
8202,2025-03-04,GB,mobile
8203,2024-03-26,US,mobile
8204,2025-08-28,US,mobile
8205,2024-05-06,DE,mobile
8206,2023-04-10,DE,mobile
8207,2026-03-04,US,desktop
8208,2023-04-16,IN,mobile
8209,2023-06-25,US,mobile
8210,2023-12-07,PH,mobile
8211,2026-01-19,CA,mobile
8212,2024-03-13,US,tablet
8213,2024-02-04,US,tablet
8214,2024-06-01,US,mobile
8215,2023-06-18,US,mobile
8216,2023-09-25,BR,mobile
8217,2025-02-27,AU,desktop
8218,2026-03-28,IN,tablet
8219,2024-11-23,US,mobile
8220,2026-01-05,US,mobile
8221,2026-01-21,BR,desktop
8222,2025-10-02,IN,tablet
8223,2023-03-19,IN,mobile
8224,2025-01-22,PH,desktop
8225,2025-05-17,AU,mobile
8226,2024-04-23,US,desktop
8227,2026-01-27,US,mobile
8228,2026-03-26,GB,mobile
8229,2024-08-10,BR,mobile
8230,2025-04-04,US,mobile
8231,2025-11-25,IN,desktop
8232,2024-02-09,CA,mobile
8233,2026-04-09,IN,tablet
8234,2025-05-20,PH,desktop
8235,2025-11-23,GB,tablet
8236,2023-05-23,BR,mobile
8237,2023-07-07,PH,tablet
8238,2025-08-09,GB,desktop
8239,2026-05-02,US,desktop
8240,2024-09-21,US,mobile
8241,2023-10-26,GB,desktop
8242,2024-04-25,CA,mobile
8243,2023-09-04,GB,desktop
8244,2024-06-02,US,mobile
8245,2024-06-26,US,tablet
8246,2025-05-15,PH,mobile
8247,2023-08-03,AU,mobile
8248,2024-01-14,DE,tablet
8249,2025-11-28,US,tablet
8250,2025-11-12,US,desktop
8251,2024-02-28,US,mobile
8252,2023-06-06,PH,mobile
8253,2026-04-29,US,tablet
8254,2023-06-15,IN,mobile
8255,2025-07-07,US,mobile
8256,2025-05-13,PH,mobile
8257,2025-11-12,US,mobile
8258,2024-07-23,CA,desktop
8259,2025-03-30,IN,desktop
8260,2026-04-29,IN,mobile
8261,2024-10-07,US,mobile
8262,2023-07-01,IN,desktop
8263,2023-10-05,US,mobile
8264,2025-04-01,PH,mobile
8265,2024-08-21,GB,desktop
8266,2026-02-22,AU,mobile
8267,2024-06-26,IN,tablet
8268,2024-06-21,IN,desktop
8269,2023-06-22,US,mobile
8270,2024-11-20,US,mobile
8271,2025-10-28,IN,mobile
8272,2025-06-10,IN,mobile
8273,2024-07-18,US,mobile
8274,2023-05-21,US,tablet
8275,2023-04-16,AU,desktop
8276,2026-04-05,IN,mobile
8277,2024-03-24,BR,mobile
8278,2024-06-03,US,mobile
8279,2024-04-11,US,mobile
8280,2023-08-20,PH,mobile
8281,2026-02-23,US,mobile
8282,2024-06-07,AU,desktop
8283,2025-07-20,GB,desktop
8284,2023-02-23,US,desktop
8285,2025-10-23,US,mobile
8286,2025-06-05,IN,mobile
8287,2023-07-07,PH,mobile
8288,2026-03-23,IN,mobile
8289,2025-06-10,US,mobile
8290,2023-08-09,US,desktop
8291,2024-06-12,AU,mobile
8292,2023-09-07,US,mobile
8293,2026-01-26,US,mobile
8294,2025-05-17,PH,mobile
8295,2025-02-18,US,mobile
8296,2023-12-27,US,desktop
8297,2025-08-13,IN,mobile
8298,2025-05-22,US,mobile
8299,2025-07-13,PH,mobile
8300,2025-12-07,US,desktop
8301,2026-03-11,US,desktop
8302,2024-12-08,AU,mobile
8303,2025-05-06,US,mobile
8304,2023-06-13,GB,mobile
8305,2024-12-18,BR,desktop
8306,2023-03-20,IN,mobile
8307,2023-07-06,IN,desktop
8308,2023-10-16,IN,desktop
8309,2023-06-05,IN,mobile
8310,2023-10-07,BR,mobile
8311,2026-03-04,US,tablet
8312,2023-10-14,BR,tablet
8313,2025-09-17,IN,desktop
8314,2024-07-22,GB,mobile
8315,2024-07-09,IN,mobile
8316,2023-11-17,IN,mobile
8317,2023-07-19,IN,desktop
8318,2024-04-10,PH,mobile
8319,2025-03-05,PH,mobile
8320,2025-05-07,IN,mobile
8321,2025-05-07,US,mobile
8322,2025-12-10,CA,tablet
8323,2025-08-01,PH,mobile
8324,2024-07-23,PH,mobile
8325,2025-08-07,GB,mobile
8326,2025-03-11,PH,mobile
8327,2023-09-10,US,mobile
8328,2023-11-25,PH,desktop
8329,2023-03-15,CA,mobile
8330,2025-12-06,US,desktop
8331,2023-09-19,IN,desktop
8332,2023-10-23,IN,desktop
8333,2023-04-19,IN,desktop
8334,2024-11-17,US,mobile
8335,2025-09-11,CA,mobile
8336,2023-04-17,CA,desktop
8337,2023-04-02,IN,mobile
8338,2025-01-22,AU,mobile
8339,2024-06-28,CA,mobile
8340,2025-11-04,CA,desktop
8341,2025-07-24,IN,desktop
8342,2023-07-17,US,mobile
8343,2023-04-15,US,mobile
8344,2023-05-30,GB,mobile
8345,2024-11-19,IN,desktop
8346,2023-06-06,IN,mobile
8347,2025-03-14,US,mobile
8348,2023-03-11,US,mobile
8349,2024-12-24,US,mobile
8350,2024-02-04,PH,mobile
8351,2025-09-09,IN,desktop
8352,2026-02-19,US,mobile
8353,2024-07-05,IN,mobile
8354,2024-11-12,DE,desktop
8355,2024-04-28,US,desktop
8356,2025-09-25,US,mobile
8357,2026-01-24,GB,mobile
8358,2025-01-28,AU,mobile
8359,2023-06-26,IN,desktop
8360,2025-04-02,IN,desktop
8361,2023-03-30,GB,desktop
8362,2025-11-09,GB,mobile
8363,2024-01-10,CA,mobile
8364,2025-11-28,IN,tablet
8365,2025-03-26,GB,mobile
8366,2023-04-01,US,desktop
8367,2024-10-17,IN,mobile
8368,2023-05-02,AU,mobile
8369,2023-12-12,BR,mobile
8370,2025-07-13,IN,mobile
8371,2025-09-30,BR,mobile
8372,2026-04-29,BR,desktop
8373,2025-12-27,GB,mobile
8374,2023-11-25,US,desktop
8375,2024-04-23,BR,desktop
8376,2024-12-11,DE,mobile
8377,2024-05-25,IN,tablet
8378,2024-03-07,US,desktop
8379,2024-11-18,IN,mobile
8380,2025-05-02,CA,mobile
8381,2025-11-04,AU,mobile
8382,2023-08-11,GB,mobile
8383,2024-10-01,GB,desktop
8384,2025-02-28,PH,mobile
8385,2024-10-24,IN,mobile
8386,2026-03-18,IN,mobile
8387,2023-05-25,AU,mobile
8388,2025-03-20,DE,tablet
8389,2024-03-04,PH,mobile
8390,2023-06-13,AU,desktop
8391,2024-03-22,US,mobile
8392,2026-04-17,AU,mobile
8393,2023-10-22,IN,tablet
8394,2025-06-22,DE,desktop
8395,2023-04-26,BR,mobile
8396,2023-03-30,IN,mobile
8397,2023-06-17,IN,desktop
8398,2024-01-15,US,mobile
8399,2026-02-21,IN,mobile
8400,2024-08-15,IN,mobile
8401,2026-02-07,GB,desktop
8402,2023-03-10,BR,desktop
8403,2023-12-30,IN,mobile
8404,2023-03-11,US,mobile
8405,2026-01-06,US,mobile
8406,2024-12-06,US,mobile
8407,2025-06-06,IN,mobile
8408,2023-09-15,IN,mobile
8409,2024-11-20,CA,desktop
8410,2024-07-03,US,desktop
8411,2023-07-25,AU,desktop
8412,2024-08-17,AU,mobile
8413,2025-02-25,US,mobile
8414,2026-02-21,US,mobile
8415,2024-11-11,IN,desktop
8416,2024-08-15,PH,desktop
8417,2024-09-10,US,desktop
8418,2023-12-28,US,mobile
8419,2025-04-11,GB,mobile
8420,2025-09-29,IN,mobile
8421,2024-04-18,US,mobile
8422,2023-10-01,DE,mobile
8423,2026-04-11,US,mobile
8424,2024-11-07,DE,mobile
8425,2025-01-15,US,desktop
8426,2024-09-29,DE,mobile
8427,2026-01-25,PH,mobile
8428,2024-01-19,IN,tablet
8429,2026-02-03,US,tablet
8430,2024-03-31,IN,tablet
8431,2024-07-29,GB,mobile
8432,2023-06-19,AU,mobile
8433,2026-01-31,US,mobile
8434,2024-06-08,US,mobile
8435,2024-01-08,AU,desktop
8436,2025-08-17,GB,mobile
8437,2023-10-31,BR,desktop
8438,2025-03-14,BR,mobile
8439,2025-08-31,BR,mobile
8440,2023-05-15,CA,mobile
8441,2025-09-29,US,tablet
8442,2024-04-07,US,mobile
8443,2023-10-31,US,mobile
8444,2024-01-29,US,mobile
8445,2023-05-04,US,desktop
8446,2025-03-09,DE,desktop
8447,2025-03-20,CA,mobile
8448,2026-02-19,GB,tablet
8449,2023-04-22,BR,tablet
8450,2023-05-09,GB,mobile
8451,2025-04-24,US,mobile
8452,2024-05-10,IN,mobile
8453,2025-03-17,US,desktop
8454,2024-01-30,US,desktop
8455,2023-07-06,CA,mobile
8456,2023-03-20,US,desktop
8457,2026-03-18,US,mobile
8458,2024-03-15,US,mobile
8459,2026-01-25,AU,mobile
8460,2024-12-19,CA,desktop
8461,2024-08-16,IN,mobile
8462,2024-10-13,US,mobile
8463,2026-04-22,IN,mobile
8464,2026-02-03,IN,mobile
8465,2026-03-17,GB,desktop
8466,2025-12-28,US,mobile
8467,2023-07-26,IN,mobile
8468,2024-12-04,US,mobile
8469,2024-06-22,IN,mobile
8470,2025-06-19,PH,desktop
8471,2023-05-19,PH,desktop
8472,2025-04-28,PH,mobile
8473,2024-08-21,IN,desktop
8474,2025-06-20,BR,mobile
8475,2023-10-17,PH,mobile
8476,2025-05-05,PH,mobile
8477,2024-02-11,IN,mobile
8478,2024-12-17,DE,mobile
8479,2025-04-21,BR,mobile
8480,2023-05-14,US,desktop
8481,2024-05-09,AU,mobile
8482,2025-06-18,US,desktop
8483,2023-12-04,PH,desktop
8484,2024-08-17,PH,desktop
8485,2023-12-11,US,desktop
8486,2024-11-12,US,mobile
8487,2026-03-25,IN,desktop
8488,2025-02-25,BR,mobile
8489,2023-05-06,US,desktop
8490,2023-08-01,CA,mobile
8491,2024-11-07,CA,tablet
8492,2026-01-22,PH,mobile
8493,2025-02-02,AU,desktop
8494,2025-12-28,GB,mobile
8495,2025-07-18,IN,tablet
8496,2024-02-07,PH,tablet
8497,2025-04-15,AU,desktop
8498,2024-08-03,US,desktop
8499,2026-02-17,PH,mobile
8500,2026-04-30,BR,desktop
8501,2023-03-11,GB,desktop
8502,2025-07-02,BR,desktop
8503,2025-03-16,IN,mobile
8504,2023-08-18,IN,desktop
8505,2026-01-16,AU,desktop
8506,2026-04-28,US,desktop
8507,2023-04-29,US,mobile
8508,2025-12-10,GB,mobile
8509,2025-07-17,DE,desktop
8510,2024-01-29,US,mobile
8511,2024-05-04,CA,mobile
8512,2025-04-18,GB,mobile
8513,2024-01-21,US,mobile
8514,2025-02-17,IN,mobile
8515,2023-03-01,US,mobile
8516,2026-04-02,IN,mobile
8517,2024-09-10,IN,desktop
8518,2025-01-06,BR,desktop
8519,2023-04-11,US,tablet
8520,2024-03-23,US,mobile
8521,2024-10-22,US,mobile
8522,2023-07-29,GB,desktop
8523,2024-12-02,IN,mobile
8524,2025-10-27,IN,mobile
8525,2026-04-13,US,mobile
8526,2026-04-01,US,desktop
8527,2023-09-10,US,mobile
8528,2025-01-06,US,mobile
8529,2026-01-10,GB,mobile
8530,2023-05-04,GB,tablet
8531,2024-05-26,BR,mobile
8532,2024-09-13,PH,desktop
8533,2023-08-30,GB,desktop
8534,2024-04-08,US,mobile
8535,2024-09-29,US,desktop
8536,2026-01-21,GB,mobile
8537,2026-01-30,US,desktop
8538,2026-01-02,IN,mobile
8539,2026-01-09,IN,mobile
8540,2024-01-23,CA,mobile
8541,2024-10-13,US,desktop
8542,2023-08-11,PH,desktop
8543,2023-03-11,BR,mobile
8544,2023-09-08,US,desktop
8545,2023-06-27,AU,mobile
8546,2026-01-07,IN,desktop
8547,2025-04-22,CA,mobile
8548,2024-08-23,PH,desktop
8549,2025-04-14,CA,mobile
8550,2023-06-09,IN,mobile
8551,2024-02-05,IN,mobile
8552,2024-06-13,IN,mobile
8553,2024-01-17,AU,desktop
8554,2024-04-07,US,tablet
8555,2023-12-18,CA,desktop
8556,2024-10-18,US,desktop
8557,2026-03-14,BR,desktop
8558,2023-09-10,GB,mobile
8559,2023-03-10,BR,desktop
8560,2026-01-20,US,desktop
8561,2023-09-10,BR,mobile
8562,2025-10-06,AU,mobile
8563,2025-08-19,GB,mobile
8564,2024-10-21,IN,mobile
8565,2025-05-26,IN,mobile
8566,2025-01-17,US,mobile
8567,2024-10-14,CA,mobile
8568,2025-11-07,GB,mobile
8569,2023-09-04,US,mobile
8570,2024-04-09,BR,mobile
8571,2025-11-30,US,mobile
8572,2025-05-20,US,mobile
8573,2024-07-14,DE,mobile
8574,2026-02-12,GB,mobile
8575,2025-04-14,IN,mobile
8576,2024-05-27,US,mobile
8577,2026-01-10,US,mobile
8578,2024-06-16,IN,mobile
8579,2025-09-15,DE,mobile
8580,2023-09-07,GB,desktop
8581,2023-11-18,US,mobile
8582,2025-01-23,US,mobile
8583,2025-02-18,US,desktop
8584,2025-09-24,CA,desktop
8585,2024-02-16,IN,mobile
8586,2025-01-12,BR,mobile
8587,2024-04-02,IN,desktop
8588,2025-04-11,US,mobile
8589,2024-05-08,US,desktop
8590,2024-06-21,US,mobile
8591,2025-10-04,IN,desktop
8592,2025-09-01,AU,desktop
8593,2024-12-05,GB,desktop
8594,2025-07-29,US,mobile
8595,2024-09-23,IN,mobile
8596,2023-06-02,BR,mobile
8597,2026-03-29,US,mobile
8598,2023-08-31,US,mobile
8599,2025-11-10,PH,mobile
8600,2025-07-09,PH,desktop
8601,2025-06-20,BR,desktop
8602,2026-05-01,US,mobile
8603,2023-04-17,PH,desktop
8604,2024-10-26,US,desktop
8605,2024-09-17,US,mobile
8606,2023-09-01,US,desktop
8607,2024-07-22,PH,mobile
8608,2024-06-14,US,mobile
8609,2026-04-19,IN,mobile
8610,2024-06-19,IN,mobile
8611,2024-06-15,IN,mobile
8612,2025-04-15,BR,mobile
8613,2023-11-13,IN,mobile
8614,2024-07-09,IN,desktop
8615,2025-06-25,CA,tablet
8616,2024-12-24,IN,mobile
8617,2023-09-20,US,desktop
8618,2025-02-26,AU,mobile
8619,2023-07-22,US,desktop
8620,2023-05-19,US,desktop
8621,2024-11-06,AU,desktop
8622,2024-10-18,IN,mobile
8623,2024-05-25,IN,mobile
8624,2023-11-16,US,mobile
8625,2023-03-26,IN,mobile
8626,2025-06-24,IN,mobile
8627,2025-06-13,PH,mobile
8628,2024-09-22,IN,mobile
8629,2023-05-31,AU,mobile
8630,2025-05-12,BR,desktop
8631,2023-12-07,US,tablet
8632,2025-04-15,US,mobile
8633,2024-08-25,BR,mobile
8634,2025-10-16,US,mobile
8635,2023-08-14,US,mobile
8636,2023-08-19,IN,mobile
8637,2023-06-17,IN,mobile
8638,2025-03-24,US,desktop
8639,2026-02-17,PH,mobile
8640,2026-03-31,US,desktop
8641,2023-08-16,US,mobile
8642,2026-01-20,DE,mobile
8643,2025-04-03,DE,desktop
8644,2024-07-10,US,mobile
8645,2024-04-28,GB,mobile
8646,2025-10-16,IN,desktop
8647,2024-01-03,US,mobile
8648,2023-05-23,IN,desktop
8649,2023-04-21,PH,mobile
8650,2023-09-06,BR,desktop
8651,2023-04-30,BR,mobile
8652,2023-07-07,IN,mobile
8653,2025-11-28,US,mobile
8654,2024-10-05,BR,desktop
8655,2025-12-14,PH,desktop
8656,2025-06-15,CA,mobile
8657,2024-08-20,IN,mobile
8658,2025-08-13,AU,desktop
8659,2023-12-07,DE,desktop
8660,2024-05-17,BR,desktop
8661,2024-11-21,IN,mobile
8662,2023-09-30,US,tablet
8663,2025-03-26,PH,desktop
8664,2026-03-10,IN,mobile
8665,2025-07-08,US,mobile
8666,2024-12-31,CA,desktop
8667,2025-01-26,CA,tablet
8668,2024-05-16,US,mobile
8669,2025-01-14,GB,desktop
8670,2023-04-30,US,mobile
8671,2023-04-29,IN,desktop
8672,2024-12-31,IN,tablet
8673,2023-04-27,PH,desktop
8674,2024-07-25,PH,mobile
8675,2025-05-30,PH,mobile
8676,2023-07-22,IN,mobile
8677,2025-03-27,US,desktop
8678,2025-03-09,US,tablet
8679,2024-01-31,IN,mobile
8680,2023-04-14,US,mobile
8681,2024-01-09,BR,mobile
8682,2024-04-05,US,mobile
8683,2024-09-17,US,desktop
8684,2025-08-19,BR,mobile
8685,2025-12-07,GB,mobile
8686,2024-07-12,IN,desktop
8687,2025-09-27,BR,desktop
8688,2024-12-03,AU,mobile
8689,2023-07-09,GB,mobile
8690,2025-12-06,BR,desktop
8691,2023-07-19,IN,desktop
8692,2025-12-08,US,desktop
8693,2024-05-17,US,mobile
8694,2024-11-30,IN,desktop
8695,2025-09-20,US,mobile
8696,2025-10-10,US,desktop
8697,2026-03-12,US,desktop
8698,2025-04-10,US,mobile
8699,2026-02-03,PH,desktop
8700,2024-06-15,US,mobile
8701,2024-12-23,BR,desktop
8702,2023-11-03,IN,desktop
8703,2025-07-08,US,mobile
8704,2024-11-20,IN,desktop
8705,2024-08-10,BR,desktop
8706,2024-07-06,PH,mobile
8707,2024-04-16,AU,mobile
8708,2026-02-20,US,desktop
8709,2025-07-05,CA,mobile
8710,2026-04-25,US,desktop
8711,2026-01-05,GB,mobile
8712,2024-12-26,US,mobile
8713,2023-09-25,US,mobile
8714,2023-10-12,IN,mobile
8715,2024-01-06,US,mobile
8716,2024-05-02,DE,mobile
8717,2024-01-13,IN,mobile
8718,2024-01-12,US,mobile
8719,2025-11-19,PH,mobile
8720,2023-10-07,BR,desktop
8721,2024-01-29,IN,mobile
8722,2026-02-12,IN,tablet
8723,2024-04-12,US,desktop
8724,2026-03-12,US,mobile
8725,2023-09-30,PH,desktop
8726,2023-05-12,BR,mobile
8727,2023-03-20,PH,desktop
8728,2024-08-15,PH,mobile
8729,2023-03-15,PH,desktop
8730,2024-12-15,GB,desktop
8731,2023-08-28,GB,mobile
8732,2025-11-13,IN,mobile
8733,2025-06-14,BR,mobile
8734,2024-11-17,US,desktop
8735,2023-08-28,CA,mobile
8736,2025-05-20,US,mobile
8737,2025-12-28,US,desktop
8738,2025-07-13,IN,desktop
8739,2023-09-13,IN,mobile
8740,2023-12-07,US,mobile
8741,2024-09-19,CA,mobile
8742,2026-03-26,DE,mobile
8743,2025-08-21,AU,mobile
8744,2024-10-11,BR,mobile
8745,2023-11-20,PH,desktop
8746,2024-09-06,US,mobile
8747,2024-08-23,US,desktop
8748,2024-08-05,GB,tablet
8749,2025-11-29,US,mobile
8750,2023-11-21,CA,tablet
8751,2025-08-03,AU,mobile
8752,2024-08-05,IN,mobile
8753,2025-09-14,DE,mobile
8754,2024-04-17,GB,tablet
8755,2023-02-22,US,mobile
8756,2023-07-31,GB,desktop
8757,2024-03-21,GB,desktop
8758,2024-11-24,IN,desktop
8759,2025-05-10,IN,desktop
8760,2023-12-21,US,mobile
8761,2024-01-04,US,mobile
8762,2023-10-31,GB,mobile
8763,2024-10-03,IN,desktop
8764,2025-10-30,CA,mobile
8765,2026-02-03,IN,mobile
8766,2024-10-21,BR,mobile
8767,2025-01-20,GB,tablet
8768,2023-07-31,IN,mobile
8769,2024-03-26,CA,desktop
8770,2024-09-03,IN,desktop
8771,2026-04-09,IN,desktop
8772,2024-02-25,IN,desktop
8773,2025-09-07,IN,mobile
8774,2023-05-27,US,mobile
8775,2025-07-26,US,desktop
8776,2025-05-10,PH,desktop
8777,2024-07-10,US,desktop
8778,2023-05-05,IN,mobile
8779,2023-02-20,US,desktop
8780,2023-06-30,US,mobile
8781,2023-09-30,CA,desktop
8782,2024-01-16,CA,mobile
8783,2024-01-31,IN,mobile
8784,2024-11-09,IN,mobile
8785,2023-02-24,PH,mobile
8786,2024-04-26,AU,desktop
8787,2026-02-15,CA,desktop
8788,2025-07-14,BR,mobile
8789,2024-08-01,IN,tablet
8790,2026-04-08,CA,mobile
8791,2026-03-24,US,mobile
8792,2023-10-28,IN,mobile
8793,2025-02-12,DE,tablet
8794,2024-01-18,IN,mobile
8795,2024-05-01,PH,mobile
8796,2024-06-20,US,mobile
8797,2024-06-08,IN,mobile
8798,2024-10-26,US,mobile
8799,2025-12-11,US,tablet
8800,2025-07-21,AU,desktop
8801,2025-10-19,IN,mobile
8802,2026-02-05,US,mobile
8803,2024-10-18,US,desktop
8804,2023-06-26,GB,mobile
8805,2026-04-30,US,mobile
8806,2025-05-21,IN,mobile
8807,2025-09-15,GB,mobile
8808,2026-01-16,US,tablet
8809,2023-07-21,AU,mobile
8810,2023-10-30,US,mobile
8811,2024-02-24,BR,mobile
8812,2026-02-28,CA,mobile
8813,2025-09-28,PH,mobile
8814,2025-08-12,US,mobile
8815,2024-03-04,CA,desktop
8816,2025-07-25,US,desktop
8817,2023-06-11,PH,mobile
8818,2024-11-18,PH,mobile
8819,2025-08-19,GB,desktop
8820,2025-09-23,BR,desktop
8821,2025-09-18,PH,desktop
8822,2024-12-19,IN,desktop
8823,2025-08-15,US,mobile
8824,2023-02-19,US,desktop
8825,2025-12-27,PH,mobile
8826,2024-08-14,GB,desktop
8827,2024-04-15,US,mobile
8828,2024-01-18,IN,tablet
8829,2023-09-01,DE,desktop
8830,2025-09-16,GB,desktop
8831,2025-08-28,IN,mobile
8832,2024-07-05,DE,mobile
8833,2025-03-08,GB,mobile
8834,2024-03-21,IN,mobile
8835,2024-01-26,IN,mobile
8836,2025-11-12,US,mobile
8837,2025-09-22,BR,mobile
8838,2024-05-25,US,mobile
8839,2024-03-30,IN,mobile
8840,2024-10-24,IN,mobile
8841,2023-06-11,US,mobile
8842,2025-12-28,IN,mobile
8843,2024-09-15,BR,desktop
8844,2023-07-14,BR,mobile
8845,2025-02-24,DE,mobile
8846,2023-05-26,US,mobile
8847,2024-03-21,GB,mobile
8848,2024-04-25,IN,mobile
8849,2024-01-26,IN,desktop
8850,2025-05-25,IN,mobile
8851,2025-06-26,PH,mobile
8852,2024-02-19,BR,mobile
8853,2025-02-20,DE,mobile
8854,2025-05-06,BR,mobile
8855,2024-10-25,US,mobile
8856,2024-04-17,US,mobile
8857,2024-06-30,IN,mobile
8858,2024-05-28,IN,mobile
8859,2023-03-04,IN,desktop
8860,2025-08-20,CA,mobile
8861,2025-11-14,IN,mobile
8862,2025-10-24,IN,mobile
8863,2024-09-05,US,mobile
8864,2024-01-07,PH,desktop
8865,2024-08-19,CA,mobile
8866,2023-03-15,CA,mobile
8867,2024-07-02,US,mobile
8868,2023-06-29,PH,desktop
8869,2024-08-13,US,mobile
8870,2025-11-20,GB,mobile
8871,2023-08-31,DE,desktop
8872,2025-03-07,BR,mobile
8873,2025-06-06,GB,desktop
8874,2025-06-01,IN,mobile
8875,2024-05-07,US,mobile
8876,2024-05-27,IN,desktop
8877,2023-05-28,CA,mobile
8878,2025-06-12,GB,tablet
8879,2025-02-23,BR,desktop
8880,2024-06-12,US,mobile
8881,2025-03-30,IN,mobile
8882,2024-06-19,BR,mobile
8883,2026-04-08,US,mobile
8884,2024-09-03,US,mobile
8885,2025-10-08,CA,mobile
8886,2023-09-29,PH,mobile
8887,2025-10-25,DE,mobile
8888,2024-07-02,PH,mobile
8889,2024-07-27,DE,mobile
8890,2023-03-15,IN,tablet
8891,2025-04-30,BR,mobile
8892,2024-03-05,AU,tablet
8893,2023-10-10,IN,desktop
8894,2023-09-03,DE,tablet
8895,2023-09-05,PH,mobile
8896,2024-11-04,PH,mobile
8897,2023-12-27,IN,mobile
8898,2026-02-02,DE,desktop
8899,2024-09-12,CA,mobile
8900,2024-07-23,DE,mobile
8901,2023-09-13,CA,mobile
8902,2024-02-02,IN,mobile
8903,2024-12-22,PH,mobile
8904,2025-10-26,IN,mobile
8905,2025-08-21,IN,mobile
8906,2026-02-04,GB,desktop
8907,2024-03-16,IN,mobile
8908,2024-02-26,US,mobile
8909,2025-12-08,IN,mobile
8910,2024-06-21,GB,mobile
8911,2023-08-27,GB,tablet
8912,2025-02-16,US,mobile
8913,2024-03-07,US,mobile
8914,2026-02-25,US,mobile
8915,2024-02-07,AU,mobile
8916,2023-07-19,IN,desktop
8917,2026-04-12,US,desktop
8918,2023-05-14,PH,mobile
8919,2025-02-20,US,mobile
8920,2025-05-03,US,desktop
8921,2023-12-07,PH,mobile
8922,2025-10-23,PH,mobile
8923,2025-06-17,IN,mobile
8924,2023-09-05,US,mobile
8925,2024-01-23,DE,mobile
8926,2026-04-20,US,mobile
8927,2024-09-08,GB,tablet
8928,2024-06-24,IN,desktop
8929,2024-02-01,US,mobile
8930,2025-05-11,US,mobile
8931,2024-06-12,IN,mobile
8932,2025-03-24,GB,desktop
8933,2025-04-16,PH,desktop
8934,2026-04-17,US,mobile
8935,2025-06-16,PH,mobile
8936,2024-06-12,BR,desktop
8937,2023-11-21,CA,desktop
8938,2025-12-11,IN,tablet
8939,2025-03-08,BR,desktop
8940,2025-04-07,US,mobile
8941,2025-07-25,PH,mobile
8942,2026-01-18,BR,desktop
8943,2023-03-27,GB,desktop
8944,2025-01-01,IN,mobile
8945,2023-02-20,CA,mobile
8946,2024-05-01,IN,mobile
8947,2025-07-05,DE,desktop
8948,2025-05-24,AU,desktop
8949,2025-01-03,IN,mobile
8950,2025-09-10,IN,mobile
8951,2025-01-27,CA,desktop
8952,2025-07-01,US,mobile
8953,2026-04-16,BR,desktop
8954,2024-03-18,AU,mobile
8955,2023-12-20,US,desktop
8956,2024-05-11,DE,mobile
8957,2025-11-24,PH,mobile
8958,2024-10-06,US,desktop
8959,2023-06-27,IN,mobile
8960,2024-08-12,BR,desktop
8961,2026-04-15,PH,tablet
8962,2025-05-08,BR,mobile
8963,2024-05-10,AU,desktop
8964,2025-08-05,DE,desktop
8965,2026-04-24,US,mobile
8966,2025-01-21,DE,mobile
8967,2025-06-08,US,mobile
8968,2025-08-25,DE,desktop
8969,2025-07-03,IN,mobile
8970,2024-11-06,DE,mobile
8971,2023-08-14,IN,mobile
8972,2024-10-30,PH,desktop
8973,2026-02-02,IN,mobile
8974,2026-02-06,US,mobile
8975,2023-11-19,DE,desktop
8976,2023-03-06,US,mobile
8977,2025-04-03,PH,mobile
8978,2026-04-30,IN,mobile
8979,2024-07-14,IN,desktop
8980,2023-09-18,GB,mobile
8981,2024-01-03,IN,tablet
8982,2024-09-20,CA,mobile
8983,2023-03-17,AU,mobile
8984,2025-02-15,IN,mobile
8985,2023-08-12,DE,mobile
8986,2023-12-11,PH,mobile
8987,2026-01-01,AU,mobile
8988,2024-10-15,PH,mobile
8989,2024-08-28,IN,desktop
8990,2025-07-07,IN,mobile
8991,2024-04-18,AU,desktop
8992,2023-08-20,IN,mobile
8993,2025-03-03,US,mobile
8994,2025-05-16,DE,mobile
8995,2023-03-27,US,desktop
8996,2026-03-24,AU,mobile
8997,2024-01-14,IN,mobile
8998,2024-03-19,DE,mobile
8999,2026-01-16,US,mobile
9000,2023-11-11,GB,mobile
9001,2024-12-31,IN,desktop
9002,2024-01-26,IN,desktop
9003,2023-06-30,BR,desktop
9004,2025-07-29,DE,desktop
9005,2025-02-21,US,mobile
9006,2024-10-02,US,desktop
9007,2025-07-28,AU,desktop
9008,2024-06-17,IN,mobile
9009,2024-12-24,CA,mobile
9010,2024-10-26,AU,mobile
9011,2024-01-04,PH,mobile
9012,2023-12-23,GB,mobile
9013,2026-03-26,CA,mobile
9014,2026-04-15,BR,mobile
9015,2023-07-12,PH,mobile
9016,2025-07-11,GB,mobile
9017,2025-10-22,PH,desktop
9018,2023-04-03,GB,desktop
9019,2025-02-04,IN,mobile
9020,2026-03-15,US,mobile
9021,2024-04-07,IN,mobile
9022,2025-02-14,PH,mobile
9023,2024-07-16,US,mobile
9024,2025-10-31,BR,desktop
9025,2026-02-23,IN,desktop
9026,2024-02-11,PH,desktop
9027,2024-11-06,IN,mobile
9028,2023-10-30,IN,mobile
9029,2023-08-26,GB,mobile
9030,2025-07-31,PH,mobile
9031,2023-08-10,IN,desktop
9032,2023-12-30,US,mobile
9033,2023-06-26,US,mobile
9034,2026-01-17,IN,mobile
9035,2023-12-22,BR,desktop
9036,2026-04-27,GB,mobile
9037,2024-12-29,IN,desktop
9038,2025-09-10,US,desktop
9039,2024-12-29,US,desktop
9040,2024-11-13,GB,mobile
9041,2023-06-10,IN,mobile
9042,2024-03-20,IN,mobile
9043,2023-05-26,BR,mobile
9044,2024-12-04,BR,desktop
9045,2025-08-12,BR,mobile
9046,2025-11-29,BR,mobile
9047,2023-11-13,US,mobile
9048,2026-03-31,DE,mobile
9049,2025-11-18,DE,mobile
9050,2024-02-09,US,mobile
9051,2025-02-12,US,desktop
9052,2025-03-07,IN,mobile
9053,2025-04-09,US,mobile
9054,2024-12-27,GB,mobile
9055,2023-06-23,US,desktop
9056,2025-07-15,US,mobile
9057,2024-11-24,AU,desktop
9058,2024-04-22,US,mobile
9059,2023-08-29,IN,desktop
9060,2025-08-27,AU,mobile
9061,2023-03-30,US,desktop
9062,2024-08-04,GB,desktop
9063,2023-02-27,PH,desktop
9064,2024-01-22,IN,desktop
9065,2024-08-17,AU,mobile
9066,2025-08-08,US,mobile
9067,2026-03-19,IN,mobile
9068,2024-08-26,IN,mobile
9069,2025-12-07,GB,mobile
9070,2024-03-23,BR,mobile
9071,2025-02-16,IN,mobile
9072,2023-10-08,BR,desktop
9073,2025-05-15,IN,mobile
9074,2023-06-05,PH,mobile
9075,2025-06-19,US,mobile
9076,2024-06-09,CA,desktop
9077,2025-04-05,DE,mobile
9078,2024-07-14,DE,mobile
9079,2025-02-26,IN,desktop
9080,2023-10-27,IN,mobile
9081,2025-08-14,IN,mobile
9082,2025-08-05,US,desktop
9083,2025-07-30,GB,desktop
9084,2024-11-03,US,desktop
9085,2024-08-19,CA,mobile
9086,2025-06-18,US,mobile
9087,2026-02-07,IN,desktop
9088,2025-08-06,GB,mobile
9089,2024-01-03,GB,desktop
9090,2023-12-18,US,mobile
9091,2023-07-14,BR,mobile
9092,2026-04-01,IN,mobile
9093,2024-11-01,GB,mobile
9094,2024-11-02,US,mobile
9095,2023-10-31,IN,desktop
9096,2024-06-27,US,desktop
9097,2023-11-29,IN,desktop
9098,2024-04-10,US,desktop
9099,2026-04-01,US,mobile
9100,2023-09-01,IN,mobile
9101,2026-02-25,CA,mobile
9102,2023-10-12,DE,mobile
9103,2025-08-20,IN,mobile
9104,2025-09-30,GB,mobile
9105,2026-02-11,IN,mobile
9106,2025-06-10,BR,mobile
9107,2025-03-19,DE,mobile
9108,2023-11-04,DE,mobile
9109,2024-11-09,US,tablet
9110,2023-02-26,AU,mobile
9111,2025-12-24,PH,desktop
9112,2025-09-08,CA,mobile
9113,2025-07-30,GB,mobile
9114,2023-03-07,IN,mobile
9115,2025-10-17,US,mobile
9116,2025-10-17,IN,mobile
9117,2024-08-13,GB,desktop
9118,2024-09-12,BR,desktop
9119,2025-02-27,PH,mobile
9120,2025-12-10,US,mobile
9121,2023-12-19,US,desktop
9122,2023-11-30,US,desktop
9123,2025-04-17,US,mobile
9124,2025-09-07,IN,mobile
9125,2026-03-19,IN,tablet
9126,2025-02-02,BR,desktop
9127,2025-07-29,IN,mobile
9128,2025-08-27,US,tablet
9129,2023-08-13,IN,mobile
9130,2025-09-15,IN,mobile
9131,2023-09-06,GB,mobile
9132,2026-01-10,US,mobile
9133,2026-03-14,IN,mobile
9134,2026-01-14,IN,mobile
9135,2024-08-03,BR,mobile
9136,2023-03-20,US,mobile
9137,2023-05-20,DE,desktop
9138,2023-10-02,US,mobile
9139,2025-06-09,US,mobile
9140,2024-03-26,IN,desktop
9141,2025-04-27,BR,mobile
9142,2024-07-16,BR,desktop
9143,2023-08-12,CA,mobile
9144,2025-10-15,US,mobile
9145,2025-08-17,IN,mobile
9146,2025-11-21,AU,mobile
9147,2023-09-17,BR,mobile
9148,2023-08-09,BR,desktop
9149,2023-04-23,US,mobile
9150,2023-08-20,US,mobile
9151,2025-12-01,PH,mobile
9152,2025-06-19,US,tablet
9153,2025-01-11,AU,desktop
9154,2025-04-30,US,desktop
9155,2023-08-08,IN,desktop
9156,2025-12-29,CA,desktop
9157,2023-02-22,IN,desktop
9158,2025-11-01,GB,desktop
9159,2024-10-09,IN,desktop
9160,2024-06-28,IN,desktop
9161,2025-11-27,GB,mobile
9162,2025-09-14,IN,tablet
9163,2023-07-09,US,mobile
9164,2025-10-19,CA,mobile
9165,2024-11-03,US,mobile
9166,2024-03-06,IN,mobile
9167,2023-05-24,BR,mobile
9168,2023-08-22,US,desktop
9169,2025-05-02,BR,mobile
9170,2025-08-14,US,mobile
9171,2025-09-11,US,mobile
9172,2025-03-09,GB,mobile
9173,2025-07-08,IN,desktop
9174,2024-01-30,CA,mobile
9175,2025-12-14,GB,desktop
9176,2025-07-23,US,mobile
9177,2025-07-08,PH,mobile
9178,2025-04-12,US,mobile
9179,2023-05-16,BR,desktop
9180,2026-01-28,IN,mobile
9181,2024-06-06,PH,mobile
9182,2024-08-03,BR,mobile
9183,2026-02-26,US,mobile
9184,2023-04-17,AU,mobile
9185,2024-08-24,DE,mobile
9186,2024-11-22,DE,mobile
9187,2026-04-16,DE,mobile
9188,2024-01-05,PH,mobile
9189,2023-07-19,IN,mobile
9190,2023-11-17,US,mobile
9191,2025-07-03,US,desktop
9192,2026-04-07,DE,mobile
9193,2024-11-01,BR,mobile
9194,2024-12-03,IN,tablet
9195,2026-03-21,PH,mobile
9196,2025-12-11,PH,mobile
9197,2024-05-05,IN,mobile
9198,2025-06-13,US,mobile
9199,2025-12-08,AU,desktop
9200,2023-07-17,US,desktop
9201,2025-05-05,IN,mobile
9202,2025-11-05,PH,desktop
9203,2025-07-18,CA,mobile
9204,2023-08-07,IN,desktop
9205,2023-12-17,IN,mobile
9206,2026-04-03,US,desktop
9207,2026-03-14,PH,mobile
9208,2024-11-30,IN,mobile
9209,2024-07-02,GB,mobile
9210,2024-09-04,AU,mobile
9211,2026-02-25,US,mobile
9212,2026-04-04,BR,mobile
9213,2025-05-02,GB,mobile
9214,2023-06-12,PH,desktop
9215,2024-05-09,PH,tablet
9216,2024-05-24,BR,mobile
9217,2025-12-22,US,mobile
9218,2024-09-09,US,mobile
9219,2024-03-16,IN,mobile
9220,2024-05-11,AU,mobile
9221,2024-12-27,IN,mobile
9222,2025-08-24,CA,tablet
9223,2025-02-09,US,mobile
9224,2024-04-02,DE,mobile
9225,2025-02-13,GB,mobile
9226,2024-05-03,IN,mobile
9227,2024-04-26,IN,desktop
9228,2023-11-18,IN,mobile
9229,2023-05-28,US,mobile
9230,2023-11-12,US,mobile
9231,2025-09-23,BR,mobile
9232,2024-05-07,PH,mobile
9233,2026-01-18,PH,desktop
9234,2024-11-07,AU,mobile
9235,2025-04-15,PH,mobile
9236,2025-11-01,US,mobile
9237,2024-02-16,US,desktop
9238,2024-07-01,IN,tablet
9239,2025-06-18,PH,desktop
9240,2026-04-29,BR,mobile
9241,2023-10-25,PH,tablet
9242,2023-07-02,PH,tablet
9243,2025-03-24,US,mobile
9244,2024-07-12,PH,mobile
9245,2023-07-17,US,mobile
9246,2025-04-19,IN,desktop
9247,2025-06-13,US,mobile
9248,2024-02-16,IN,mobile
9249,2023-09-08,DE,mobile
9250,2025-03-12,BR,tablet
9251,2025-06-29,IN,mobile
9252,2024-09-18,CA,mobile
9253,2023-05-06,US,desktop
9254,2025-03-22,US,mobile
9255,2025-12-09,IN,mobile
9256,2023-09-26,DE,mobile
9257,2023-06-13,US,desktop
9258,2025-03-12,IN,desktop
9259,2024-03-20,US,mobile
9260,2025-10-26,US,mobile
9261,2023-08-06,AU,mobile
9262,2025-12-09,US,desktop
9263,2023-07-20,IN,desktop
9264,2023-07-25,IN,desktop
9265,2025-06-03,DE,desktop
9266,2023-07-28,US,mobile
9267,2025-11-29,AU,desktop
9268,2025-03-11,US,mobile
9269,2024-05-28,BR,mobile
9270,2025-01-23,GB,desktop
9271,2023-11-18,US,mobile
9272,2024-01-08,US,mobile
9273,2025-06-08,IN,mobile
9274,2025-01-07,BR,mobile
9275,2025-12-17,GB,tablet
9276,2024-11-19,GB,mobile
9277,2024-11-28,IN,mobile
9278,2024-11-18,BR,desktop
9279,2024-08-10,CA,mobile
9280,2024-08-29,PH,mobile
9281,2025-06-01,AU,desktop
9282,2025-02-28,GB,mobile
9283,2024-04-06,IN,mobile
9284,2025-09-17,BR,desktop
9285,2023-08-18,IN,mobile
9286,2024-11-04,PH,mobile
9287,2025-10-29,BR,desktop
9288,2023-08-17,US,desktop
9289,2025-05-10,CA,mobile
9290,2023-08-28,PH,mobile
9291,2024-08-26,IN,mobile
9292,2025-06-21,US,mobile
9293,2023-06-14,US,desktop
9294,2024-02-18,IN,mobile
9295,2023-07-09,US,mobile
9296,2025-09-07,AU,mobile
9297,2024-04-19,GB,tablet
9298,2025-01-07,BR,mobile
9299,2025-11-21,IN,mobile
9300,2023-12-17,BR,desktop
9301,2024-02-23,US,mobile
9302,2025-07-11,US,mobile
9303,2025-03-22,IN,mobile
9304,2024-01-02,DE,mobile
9305,2025-11-22,IN,mobile
9306,2023-08-21,IN,desktop
9307,2025-05-27,BR,mobile
9308,2024-12-12,PH,desktop
9309,2023-06-15,BR,desktop
9310,2026-01-13,BR,mobile
9311,2025-11-19,US,desktop
9312,2023-08-22,IN,desktop
9313,2025-12-27,BR,tablet
9314,2025-12-05,IN,tablet
9315,2024-09-03,US,mobile
9316,2024-04-06,IN,mobile
9317,2024-06-20,PH,mobile
9318,2023-11-03,US,mobile
9319,2023-11-17,US,desktop
9320,2023-11-28,DE,mobile
9321,2024-08-16,IN,mobile
9322,2023-11-25,GB,tablet
9323,2025-06-27,GB,mobile
9324,2025-12-19,US,mobile
9325,2024-07-05,IN,mobile
9326,2026-04-03,IN,mobile
9327,2026-01-14,GB,desktop
9328,2025-04-28,DE,mobile
9329,2024-12-16,IN,mobile
9330,2024-03-03,IN,desktop
9331,2025-10-02,IN,mobile
9332,2023-05-30,BR,mobile
9333,2024-02-16,AU,mobile
9334,2026-04-23,IN,mobile
9335,2023-11-20,GB,mobile
9336,2023-09-01,IN,mobile
9337,2025-10-22,IN,mobile
9338,2024-11-15,DE,mobile
9339,2023-03-11,CA,desktop
9340,2024-03-24,IN,mobile
9341,2024-07-19,IN,mobile
9342,2024-10-22,IN,mobile
9343,2024-09-17,PH,desktop
9344,2025-09-10,BR,mobile
9345,2024-10-09,DE,mobile
9346,2024-12-21,IN,mobile
9347,2023-09-16,AU,mobile
9348,2025-12-20,GB,mobile
9349,2023-11-27,IN,mobile
9350,2023-07-24,US,desktop
9351,2023-04-20,GB,mobile
9352,2025-02-22,US,mobile
9353,2023-11-07,US,mobile
9354,2023-04-26,BR,mobile
9355,2024-10-14,US,desktop
9356,2025-04-26,US,desktop
9357,2025-04-24,BR,desktop
9358,2025-11-08,DE,desktop
9359,2024-10-16,PH,mobile
9360,2024-03-05,US,desktop
9361,2025-11-22,PH,mobile
9362,2024-06-07,US,mobile
9363,2024-05-25,US,mobile
9364,2024-09-21,US,mobile
9365,2025-02-16,US,mobile
9366,2023-03-12,IN,mobile
9367,2024-03-08,IN,desktop
9368,2023-09-13,IN,mobile
9369,2025-08-15,DE,desktop
9370,2025-03-12,IN,mobile
9371,2023-06-12,IN,desktop
9372,2023-03-06,BR,desktop
9373,2023-12-07,DE,mobile
9374,2025-06-02,CA,desktop
9375,2025-11-11,IN,mobile
9376,2023-04-13,DE,mobile
9377,2023-11-23,PH,mobile
9378,2024-05-22,GB,mobile
9379,2024-06-15,PH,mobile
9380,2023-07-18,IN,mobile
9381,2025-01-05,US,desktop
9382,2026-03-11,IN,mobile
9383,2025-11-29,US,mobile
9384,2025-11-10,US,mobile
9385,2023-06-27,IN,mobile
9386,2023-07-09,US,desktop
9387,2025-02-07,US,desktop
9388,2025-02-07,IN,mobile
9389,2025-05-13,US,mobile
9390,2024-05-29,US,desktop
9391,2024-01-23,IN,mobile
9392,2023-12-01,CA,mobile
9393,2023-05-01,US,desktop
9394,2025-03-30,BR,mobile
9395,2023-06-13,DE,desktop
9396,2024-11-16,GB,mobile
9397,2023-12-12,PH,mobile
9398,2026-01-17,BR,desktop
9399,2023-12-17,IN,mobile
9400,2025-11-14,US,mobile
9401,2023-11-26,AU,mobile
9402,2023-12-26,IN,mobile
9403,2025-09-10,PH,desktop
9404,2024-07-18,US,desktop
9405,2025-11-27,GB,mobile
9406,2023-06-04,BR,mobile
9407,2024-12-09,IN,mobile
9408,2024-05-05,US,mobile
9409,2023-07-05,US,mobile
9410,2024-07-17,PH,desktop
9411,2024-02-14,US,desktop
9412,2025-03-28,GB,mobile
9413,2023-06-13,GB,desktop
9414,2023-12-19,IN,mobile
9415,2025-07-31,PH,mobile
9416,2023-10-06,BR,mobile
9417,2026-02-01,US,mobile
9418,2025-08-04,US,mobile
9419,2024-10-28,US,desktop
9420,2025-09-27,DE,mobile
9421,2025-08-19,IN,mobile
9422,2024-04-03,IN,tablet
9423,2025-09-06,GB,desktop
9424,2025-05-22,US,mobile
9425,2025-11-24,US,desktop
9426,2024-11-25,IN,desktop
9427,2024-05-10,DE,mobile
9428,2023-05-26,PH,mobile
9429,2024-07-14,GB,mobile
9430,2025-07-21,US,mobile
9431,2023-11-14,IN,mobile
9432,2025-04-20,DE,mobile
9433,2025-02-04,IN,desktop
9434,2025-08-20,BR,mobile
9435,2024-04-09,US,desktop
9436,2026-05-01,US,mobile
9437,2024-11-03,US,mobile
9438,2024-05-14,IN,mobile
9439,2024-11-08,US,desktop
9440,2024-10-01,PH,desktop
9441,2023-10-03,US,mobile
9442,2024-10-08,BR,mobile
9443,2026-03-01,BR,mobile
9444,2025-02-09,US,mobile
9445,2026-03-21,US,desktop
9446,2025-03-23,US,mobile
9447,2023-12-16,PH,desktop
9448,2025-09-24,US,desktop
9449,2026-04-09,IN,mobile
9450,2025-01-24,BR,desktop
9451,2023-08-12,BR,mobile
9452,2025-11-30,PH,desktop
9453,2023-10-04,IN,mobile
9454,2024-01-16,US,desktop
9455,2024-04-12,GB,mobile
9456,2025-03-28,IN,mobile
9457,2024-06-05,IN,tablet
9458,2024-11-06,IN,desktop
9459,2026-01-21,US,mobile
9460,2024-05-08,US,desktop
9461,2024-01-15,IN,desktop
9462,2023-07-03,US,desktop
9463,2023-07-30,US,mobile
9464,2026-03-10,IN,mobile
9465,2024-10-31,IN,desktop
9466,2024-01-28,BR,mobile
9467,2025-03-17,US,mobile
9468,2023-06-04,IN,mobile
9469,2025-06-06,GB,tablet
9470,2024-04-13,US,tablet
9471,2023-11-11,IN,desktop
9472,2024-07-13,US,mobile
9473,2026-03-28,IN,mobile
9474,2024-03-29,IN,desktop
9475,2025-08-07,US,mobile
9476,2024-09-04,US,mobile
9477,2024-04-01,PH,mobile
9478,2024-02-22,IN,mobile
9479,2025-06-03,US,mobile
9480,2024-08-13,US,desktop
9481,2024-04-11,PH,mobile
9482,2025-07-02,GB,tablet
9483,2026-01-18,US,desktop
9484,2024-10-29,IN,desktop
9485,2024-09-09,BR,desktop
9486,2025-04-19,IN,mobile
9487,2024-12-20,US,mobile
9488,2023-08-22,CA,desktop
9489,2026-01-19,IN,mobile
9490,2025-05-19,IN,mobile
9491,2025-07-11,US,mobile
9492,2024-05-27,GB,desktop
9493,2025-08-27,IN,desktop
9494,2024-08-02,GB,desktop
9495,2025-10-01,US,desktop
9496,2024-04-08,PH,desktop
9497,2023-12-31,BR,mobile
9498,2023-12-16,IN,mobile
9499,2024-09-28,BR,mobile
9500,2026-01-08,US,mobile
9501,2024-07-08,IN,mobile
9502,2023-08-21,US,mobile
9503,2023-02-26,IN,mobile
9504,2024-09-19,CA,mobile
9505,2026-02-10,IN,mobile
9506,2025-09-16,IN,mobile
9507,2025-07-31,IN,mobile
9508,2024-02-02,US,mobile
9509,2025-09-05,US,mobile
9510,2023-11-27,US,mobile
9511,2025-04-18,IN,mobile
9512,2023-06-06,BR,mobile
9513,2024-12-16,US,mobile
9514,2023-11-26,IN,mobile
9515,2024-06-27,IN,mobile
9516,2024-12-22,GB,mobile
9517,2025-07-10,US,mobile
9518,2025-02-23,IN,mobile
9519,2025-04-15,US,mobile
9520,2025-10-05,IN,desktop
9521,2024-04-15,PH,mobile
9522,2025-04-24,US,mobile
9523,2025-02-23,DE,mobile
9524,2023-05-13,IN,desktop
9525,2024-02-25,IN,mobile
9526,2025-12-04,GB,desktop
9527,2024-01-21,PH,desktop
9528,2025-02-01,IN,tablet
9529,2023-02-21,DE,desktop
9530,2026-04-04,GB,mobile
9531,2023-04-11,CA,mobile
9532,2024-08-23,BR,mobile
9533,2023-03-25,GB,mobile
9534,2026-01-31,US,tablet
9535,2023-11-20,US,desktop
9536,2024-03-22,IN,mobile
9537,2024-07-25,PH,desktop
9538,2024-05-27,US,desktop
9539,2025-01-23,AU,mobile
9540,2023-08-28,US,mobile
9541,2023-04-30,BR,tablet
9542,2024-02-14,US,desktop
9543,2025-06-02,PH,desktop
9544,2026-01-14,AU,mobile
9545,2025-08-14,PH,desktop
9546,2023-03-01,IN,desktop
9547,2026-02-23,IN,mobile
9548,2023-04-05,US,mobile
9549,2024-04-10,IN,mobile
9550,2024-02-17,US,desktop
9551,2024-07-14,US,mobile
9552,2023-07-28,CA,desktop
9553,2024-10-28,IN,tablet
9554,2026-03-21,US,mobile
9555,2026-04-03,DE,desktop
9556,2025-05-15,US,desktop
9557,2025-03-24,IN,desktop
9558,2023-06-25,BR,mobile
9559,2023-05-03,DE,mobile
9560,2025-09-13,US,mobile
9561,2025-05-30,CA,desktop
9562,2023-07-20,IN,desktop
9563,2025-06-23,DE,desktop
9564,2024-10-10,BR,mobile
9565,2026-03-14,IN,mobile
9566,2024-11-06,GB,desktop
9567,2025-11-10,IN,mobile
9568,2025-02-28,AU,mobile
9569,2024-11-25,IN,mobile
9570,2025-09-13,DE,mobile
9571,2025-09-26,BR,desktop
9572,2023-05-11,IN,mobile
9573,2025-08-07,BR,desktop
9574,2023-04-26,US,mobile
9575,2024-11-17,IN,desktop
9576,2024-07-22,US,mobile
9577,2025-01-21,US,tablet
9578,2025-02-13,PH,mobile
9579,2025-10-30,PH,mobile
9580,2023-09-14,IN,mobile
9581,2024-07-21,IN,mobile
9582,2024-08-26,GB,mobile
9583,2023-08-21,DE,desktop
9584,2023-12-30,CA,mobile
9585,2023-03-15,BR,mobile
9586,2024-01-01,IN,mobile
9587,2023-03-09,US,mobile
9588,2025-10-31,GB,mobile
9589,2026-04-01,IN,mobile
9590,2023-08-12,IN,mobile
9591,2023-03-24,US,desktop
9592,2024-08-03,PH,desktop
9593,2025-12-05,CA,desktop
9594,2023-08-16,US,mobile
9595,2023-12-15,DE,desktop
9596,2023-06-10,CA,desktop
9597,2024-04-17,US,mobile
9598,2025-03-07,PH,tablet
9599,2024-01-02,BR,mobile
9600,2023-06-29,US,desktop
9601,2026-04-20,DE,desktop
9602,2025-01-05,US,mobile
9603,2024-08-02,IN,mobile
9604,2025-12-01,BR,mobile
9605,2024-08-27,IN,mobile
9606,2025-05-27,US,mobile
9607,2024-10-19,AU,desktop
9608,2024-02-01,BR,mobile
9609,2025-01-05,IN,mobile
9610,2023-12-13,BR,mobile
9611,2024-07-29,BR,mobile
9612,2025-04-12,US,mobile
9613,2024-11-10,US,desktop
9614,2023-03-30,BR,mobile
9615,2024-02-02,CA,mobile
9616,2025-06-01,DE,mobile
9617,2025-04-20,US,mobile
9618,2023-11-19,US,mobile
9619,2023-04-28,CA,mobile
9620,2024-02-17,AU,mobile
9621,2023-06-11,AU,mobile
9622,2025-04-16,US,mobile
9623,2024-02-21,DE,mobile
9624,2025-08-04,GB,desktop
9625,2024-04-18,US,mobile
9626,2023-11-05,IN,tablet
9627,2023-07-10,US,mobile
9628,2024-06-03,IN,desktop
9629,2025-07-11,CA,mobile
9630,2024-12-08,IN,desktop
9631,2025-06-21,IN,desktop
9632,2025-04-11,AU,mobile
9633,2024-02-25,US,desktop
9634,2024-09-01,US,mobile
9635,2025-04-24,IN,mobile
9636,2024-02-13,BR,desktop
9637,2024-11-10,BR,desktop
9638,2024-07-14,PH,desktop
9639,2024-02-13,IN,mobile
9640,2024-01-10,PH,mobile
9641,2024-08-28,BR,mobile
9642,2023-06-24,IN,mobile
9643,2024-11-12,US,mobile
9644,2025-03-07,IN,mobile
9645,2025-12-16,US,mobile
9646,2026-04-25,IN,desktop
9647,2025-11-02,IN,desktop
9648,2023-11-27,IN,mobile
9649,2023-12-04,CA,mobile
9650,2026-02-09,AU,desktop
9651,2024-04-25,CA,mobile
9652,2023-03-25,DE,mobile
9653,2025-10-27,BR,mobile
9654,2024-08-26,IN,desktop
9655,2026-04-11,GB,mobile
9656,2023-08-14,DE,mobile
9657,2023-11-06,US,desktop
9658,2025-02-02,IN,mobile
9659,2023-04-08,BR,mobile
9660,2026-04-01,BR,desktop
9661,2025-06-09,US,desktop
9662,2023-07-14,PH,mobile
9663,2024-02-05,IN,mobile
9664,2023-12-29,DE,desktop
9665,2025-01-27,BR,desktop
9666,2025-06-06,IN,mobile
9667,2025-04-19,IN,mobile
9668,2023-12-15,US,mobile
9669,2025-10-14,US,desktop
9670,2023-03-18,PH,desktop
9671,2024-10-26,AU,mobile
9672,2026-04-29,AU,desktop
9673,2025-05-25,US,mobile
9674,2025-06-29,PH,mobile
9675,2026-01-05,PH,mobile
9676,2023-04-24,BR,mobile
9677,2025-02-18,CA,desktop
9678,2024-10-22,GB,desktop
9679,2023-06-02,IN,desktop
9680,2025-11-13,BR,tablet
9681,2025-07-28,US,mobile
9682,2024-02-24,IN,mobile
9683,2025-04-27,BR,desktop
9684,2024-03-09,IN,mobile
9685,2023-08-06,IN,mobile
9686,2026-03-06,IN,mobile
9687,2025-08-08,DE,mobile
9688,2023-02-25,IN,mobile
9689,2026-03-08,AU,mobile
9690,2025-09-08,US,mobile
9691,2023-11-12,IN,desktop
9692,2023-08-03,IN,mobile
9693,2026-01-20,IN,mobile
9694,2025-10-22,US,tablet
9695,2025-04-13,PH,tablet
9696,2026-03-31,IN,mobile
9697,2023-06-13,US,mobile
9698,2024-07-10,BR,tablet
9699,2023-11-17,US,mobile
9700,2023-11-26,US,mobile
9701,2025-09-09,PH,mobile
9702,2026-04-04,PH,desktop
9703,2026-01-04,US,mobile
9704,2023-03-03,US,desktop
9705,2025-12-06,US,mobile
9706,2023-08-14,DE,mobile
9707,2023-10-19,IN,desktop
9708,2024-04-18,AU,mobile
9709,2024-06-15,IN,tablet
9710,2023-05-08,BR,desktop
9711,2024-09-09,GB,mobile
9712,2024-11-02,BR,mobile
9713,2025-10-26,US,mobile
9714,2023-07-22,PH,desktop
9715,2025-01-10,IN,mobile
9716,2024-08-03,IN,mobile
9717,2024-09-23,BR,mobile
9718,2023-09-04,IN,desktop
9719,2026-03-16,AU,mobile
9720,2024-01-17,US,mobile
9721,2023-02-20,AU,mobile
9722,2026-02-05,US,mobile
9723,2026-01-27,IN,mobile
9724,2024-10-09,GB,mobile
9725,2026-03-29,US,mobile
9726,2024-02-22,PH,tablet
9727,2025-11-04,PH,mobile
9728,2025-05-11,CA,desktop
9729,2025-01-22,PH,desktop
9730,2024-09-22,US,mobile
9731,2025-03-24,DE,desktop
9732,2026-03-08,BR,desktop
9733,2025-03-05,US,desktop
9734,2024-08-09,IN,mobile
9735,2023-03-07,BR,mobile
9736,2026-01-01,US,desktop
9737,2026-01-19,PH,desktop
9738,2025-06-14,US,mobile
9739,2024-12-13,PH,mobile
9740,2026-04-07,BR,desktop
9741,2025-12-09,BR,desktop
9742,2024-05-24,CA,mobile
9743,2025-08-17,US,desktop
9744,2026-02-14,PH,desktop
9745,2025-06-10,US,desktop
9746,2023-04-04,US,mobile
9747,2023-09-19,BR,tablet
9748,2024-12-28,IN,desktop
9749,2024-04-28,GB,desktop
9750,2024-09-22,PH,tablet
9751,2023-02-22,PH,tablet
9752,2026-03-25,IN,desktop
9753,2025-08-04,US,mobile
9754,2023-04-21,IN,tablet
9755,2025-12-25,PH,mobile
9756,2025-08-23,IN,desktop
9757,2023-05-02,US,desktop
9758,2023-10-28,US,desktop
9759,2025-03-30,US,desktop
9760,2025-03-21,AU,mobile
9761,2026-03-10,BR,mobile
9762,2024-09-24,US,mobile
9763,2026-02-06,BR,mobile
9764,2025-05-20,US,desktop
9765,2025-10-03,US,desktop
9766,2025-03-01,BR,desktop
9767,2025-01-25,PH,mobile
9768,2023-11-27,US,mobile
9769,2025-04-03,US,desktop
9770,2024-11-18,US,mobile
9771,2025-10-18,GB,mobile
9772,2025-12-20,BR,mobile
9773,2023-03-15,US,mobile
9774,2023-06-22,IN,mobile
9775,2023-09-06,GB,mobile
9776,2025-06-05,IN,mobile
9777,2023-07-24,IN,mobile
9778,2024-07-13,BR,desktop
9779,2025-11-02,US,desktop
9780,2024-01-18,PH,desktop
9781,2024-02-22,BR,desktop
9782,2025-03-05,US,mobile
9783,2025-04-29,IN,mobile
9784,2024-09-03,US,desktop
9785,2024-02-20,PH,mobile
9786,2023-08-24,DE,desktop
9787,2024-09-07,US,desktop
9788,2024-07-02,US,desktop
9789,2024-03-18,US,mobile
9790,2024-10-22,US,mobile
9791,2023-05-17,BR,desktop
9792,2024-03-02,PH,mobile
9793,2023-11-18,DE,mobile
9794,2025-02-24,DE,desktop
9795,2025-09-01,IN,desktop
9796,2024-03-05,BR,desktop
9797,2023-03-27,US,mobile
9798,2026-01-07,US,mobile
9799,2024-07-17,IN,desktop
9800,2024-02-27,PH,mobile
9801,2023-12-27,IN,desktop
9802,2023-12-20,US,mobile
9803,2025-03-31,IN,mobile
9804,2023-07-24,US,mobile
9805,2024-12-03,PH,desktop
9806,2024-12-02,IN,desktop
9807,2026-02-09,US,mobile
9808,2025-08-08,IN,desktop
9809,2024-04-01,US,mobile
9810,2024-09-08,CA,mobile
9811,2024-06-06,IN,desktop
9812,2026-03-08,DE,mobile
9813,2023-11-12,PH,mobile
9814,2025-09-09,US,mobile
9815,2023-09-19,GB,desktop
9816,2024-07-17,US,desktop
9817,2025-03-24,PH,desktop
9818,2025-09-24,BR,desktop
9819,2023-06-05,CA,desktop
9820,2024-11-13,US,mobile
9821,2025-11-10,US,mobile
9822,2024-10-15,PH,desktop
9823,2023-10-07,US,mobile
9824,2025-08-23,CA,tablet
9825,2025-08-09,DE,mobile
9826,2024-08-21,BR,mobile
9827,2024-10-17,CA,mobile
9828,2023-08-27,IN,mobile
9829,2025-05-18,IN,desktop
9830,2025-08-02,GB,tablet
9831,2024-09-29,DE,mobile
9832,2023-02-26,CA,mobile
9833,2025-02-26,US,mobile
9834,2024-10-31,DE,mobile
9835,2025-08-24,GB,desktop
9836,2023-05-31,IN,mobile
9837,2024-09-11,US,desktop
9838,2025-07-03,IN,desktop
9839,2025-10-16,GB,mobile
9840,2023-02-24,GB,mobile
9841,2024-07-01,US,mobile
9842,2024-09-15,GB,mobile
9843,2024-12-14,DE,mobile
9844,2026-01-15,IN,tablet
9845,2025-07-16,GB,desktop
9846,2025-05-07,BR,mobile
9847,2024-12-21,AU,desktop
9848,2024-07-31,US,desktop
9849,2025-05-07,IN,mobile
9850,2023-12-13,IN,mobile
9851,2024-04-09,US,mobile
9852,2024-06-08,PH,mobile
9853,2024-02-07,IN,mobile
9854,2024-10-03,US,mobile
9855,2025-07-22,AU,desktop
9856,2024-09-22,US,desktop
9857,2025-06-04,AU,mobile
9858,2025-03-16,BR,tablet
9859,2026-04-13,IN,mobile
9860,2023-09-18,PH,mobile
9861,2023-04-20,DE,mobile
9862,2023-07-12,PH,desktop
9863,2026-02-03,GB,desktop
9864,2023-11-05,CA,desktop
9865,2024-03-08,US,desktop
9866,2025-02-10,US,mobile
9867,2024-09-07,BR,desktop
9868,2024-07-07,IN,mobile
9869,2024-03-29,BR,mobile
9870,2024-09-02,CA,desktop
9871,2025-03-09,PH,desktop
9872,2024-12-26,US,desktop
9873,2023-10-17,PH,desktop
9874,2025-03-10,IN,desktop
9875,2025-08-19,US,desktop
9876,2024-11-07,IN,mobile
9877,2024-05-07,AU,mobile
9878,2023-03-26,US,desktop
9879,2023-07-06,IN,desktop
9880,2026-02-26,BR,mobile
9881,2023-03-11,GB,mobile
9882,2024-09-19,US,mobile
9883,2023-11-21,PH,mobile
9884,2023-06-16,US,mobile
9885,2025-12-27,GB,mobile
9886,2025-05-05,IN,tablet
9887,2024-10-10,US,mobile
9888,2024-12-10,PH,mobile
9889,2026-02-11,US,mobile
9890,2023-06-09,US,mobile
9891,2023-12-16,US,tablet
9892,2023-02-20,IN,mobile
9893,2023-09-15,AU,desktop
9894,2025-01-17,DE,mobile
9895,2025-11-09,IN,mobile
9896,2023-10-08,IN,desktop
9897,2025-07-13,BR,mobile
9898,2025-10-25,IN,mobile
9899,2024-10-23,US,desktop
9900,2024-07-17,US,mobile
9901,2023-06-04,CA,desktop
9902,2024-06-29,US,mobile
9903,2025-08-15,PH,mobile
9904,2023-12-23,AU,mobile
9905,2023-06-08,US,mobile
9906,2026-01-24,GB,mobile
9907,2023-07-09,IN,desktop
9908,2023-10-10,US,mobile
9909,2024-02-06,GB,mobile
9910,2024-05-31,IN,mobile
9911,2025-09-03,US,mobile
9912,2024-08-01,GB,mobile
9913,2024-11-14,IN,mobile
9914,2025-06-12,DE,tablet
9915,2025-11-15,IN,mobile
9916,2026-04-10,GB,tablet
9917,2024-06-26,GB,mobile
9918,2025-10-25,US,desktop
9919,2025-10-01,US,desktop
9920,2023-06-10,US,desktop
9921,2026-01-05,US,mobile
9922,2023-02-19,CA,mobile
9923,2023-06-22,IN,mobile
9924,2024-12-28,IN,mobile
9925,2023-04-17,DE,desktop
9926,2024-11-11,US,mobile
9927,2023-10-24,GB,tablet
9928,2024-05-25,IN,mobile
9929,2023-10-09,PH,mobile
9930,2024-09-16,IN,mobile
9931,2023-04-18,GB,mobile
9932,2026-05-01,IN,mobile
9933,2026-04-22,US,mobile
9934,2025-06-15,AU,desktop
9935,2025-05-10,IN,mobile
9936,2023-07-12,US,desktop
9937,2026-01-02,IN,mobile
9938,2026-01-13,IN,mobile
9939,2024-03-04,GB,tablet
9940,2024-01-16,GB,mobile
9941,2023-07-19,US,tablet
9942,2025-06-10,PH,desktop
9943,2023-08-23,CA,desktop
9944,2024-02-27,GB,mobile
9945,2025-08-10,IN,mobile
9946,2026-03-26,US,desktop
9947,2023-10-27,IN,mobile
9948,2025-12-03,IN,mobile
9949,2024-11-27,BR,desktop
9950,2025-09-01,CA,mobile
9951,2025-04-10,IN,desktop
9952,2023-02-18,US,mobile
9953,2024-07-16,US,tablet
9954,2023-07-08,US,mobile
9955,2024-01-04,BR,mobile
9956,2024-03-30,BR,desktop
9957,2024-05-14,CA,desktop
9958,2024-08-10,BR,mobile
9959,2025-02-14,IN,desktop
9960,2023-06-13,IN,mobile
9961,2023-12-11,IN,tablet
9962,2024-04-15,US,desktop
9963,2024-02-12,BR,desktop
9964,2025-01-16,PH,mobile
9965,2023-08-18,IN,tablet
9966,2024-05-15,PH,mobile
9967,2024-04-01,US,mobile
9968,2023-05-27,IN,desktop
9969,2025-06-16,AU,desktop
9970,2023-11-04,US,mobile
9971,2024-11-17,BR,mobile
9972,2024-12-29,GB,mobile
9973,2023-06-29,IN,mobile
9974,2024-12-11,BR,desktop
9975,2023-09-16,IN,mobile
9976,2025-02-15,BR,mobile
9977,2024-12-29,PH,desktop
9978,2025-02-22,DE,mobile
9979,2025-05-10,IN,mobile
9980,2025-06-25,IN,desktop
9981,2025-08-16,IN,mobile
9982,2025-03-24,IN,mobile
9983,2023-03-25,IN,mobile
9984,2023-03-01,IN,mobile
9985,2023-04-09,US,mobile
9986,2025-11-26,IN,mobile
9987,2024-09-27,US,mobile
9988,2025-03-26,DE,desktop
9989,2024-04-05,US,desktop
9990,2023-11-11,IN,mobile
9991,2023-08-17,US,mobile
9992,2025-10-31,US,mobile
9993,2024-05-02,AU,mobile
9994,2025-10-02,US,desktop
9995,2025-12-16,PH,mobile
9996,2024-07-12,DE,mobile
9997,2024-06-02,DE,desktop
9998,2025-06-09,IN,mobile
9999,2025-08-24,US,tablet
10000,2026-04-09,IN,desktop
10001,2023-09-21,IN,mobile
10002,2024-06-08,BR,tablet
10003,2023-11-24,US,desktop
10004,2025-03-15,PH,mobile
10005,2026-02-11,IN,desktop
10006,2025-04-04,BR,desktop
10007,2025-06-07,US,mobile
10008,2025-01-20,US,desktop
10009,2026-03-18,US,mobile
10010,2023-05-27,GB,desktop
10011,2025-03-01,GB,mobile
10012,2023-09-13,IN,mobile
10013,2025-01-06,PH,mobile
10014,2024-10-17,US,mobile
10015,2023-03-19,US,desktop
10016,2023-05-11,US,mobile
10017,2023-07-01,GB,mobile
10018,2023-04-16,DE,mobile
10019,2026-02-06,GB,mobile
10020,2023-07-27,US,mobile
10021,2024-04-12,US,desktop
10022,2023-11-20,US,mobile
10023,2024-03-13,US,mobile
10024,2024-04-16,US,mobile
10025,2025-04-28,US,desktop
10026,2023-04-09,US,mobile
10027,2023-04-09,GB,desktop
10028,2025-10-06,GB,desktop
10029,2025-04-10,BR,mobile
10030,2024-12-11,IN,mobile
10031,2025-08-06,BR,desktop
10032,2025-11-23,US,desktop
10033,2024-03-28,US,tablet
10034,2023-08-26,DE,mobile
10035,2024-08-24,BR,desktop
10036,2023-11-15,IN,desktop
10037,2024-05-12,PH,tablet
10038,2025-07-21,US,desktop
10039,2025-12-16,BR,mobile
10040,2023-09-22,IN,mobile
10041,2023-08-07,PH,mobile
10042,2024-10-23,US,tablet
10043,2023-11-12,US,desktop
10044,2025-05-02,BR,mobile
10045,2025-12-06,US,mobile
10046,2025-03-15,US,desktop
10047,2025-06-09,US,mobile
10048,2025-06-18,US,mobile
10049,2024-01-29,US,mobile
10050,2023-11-11,BR,mobile
10051,2026-01-24,DE,mobile
10052,2025-12-25,AU,mobile
10053,2023-06-18,CA,desktop
10054,2024-06-04,PH,mobile
10055,2026-04-06,US,mobile
10056,2024-02-17,US,desktop
10057,2023-02-22,IN,desktop
10058,2024-03-31,US,desktop
10059,2024-08-06,DE,desktop
10060,2025-09-20,PH,tablet
10061,2024-02-18,DE,mobile
10062,2026-03-18,US,mobile
10063,2026-01-25,BR,mobile
10064,2023-04-02,US,mobile
10065,2025-01-31,IN,desktop
10066,2025-09-23,US,desktop
10067,2023-09-30,IN,mobile
10068,2023-06-02,IN,mobile
10069,2026-03-19,US,mobile
10070,2025-10-16,US,mobile
10071,2024-11-16,PH,mobile
10072,2024-02-06,US,mobile
10073,2024-02-02,US,desktop
10074,2023-09-03,IN,desktop
10075,2024-04-25,GB,mobile
10076,2024-10-12,IN,mobile
10077,2024-11-02,US,mobile
10078,2024-04-20,IN,mobile
10079,2024-12-14,IN,mobile
10080,2023-07-28,US,desktop
10081,2023-06-17,BR,mobile
10082,2023-07-17,IN,mobile
10083,2025-09-20,US,mobile
10084,2023-07-30,GB,tablet
10085,2023-08-20,IN,mobile
10086,2025-01-26,PH,desktop
10087,2024-03-29,DE,desktop
10088,2023-07-11,BR,desktop
10089,2023-05-10,BR,desktop
10090,2025-06-01,CA,mobile
10091,2025-07-13,US,desktop
10092,2025-11-30,AU,mobile
10093,2023-05-08,US,mobile
10094,2024-11-22,DE,desktop
10095,2023-03-26,GB,mobile
10096,2023-06-17,IN,mobile
10097,2026-03-28,US,mobile
10098,2024-06-11,BR,mobile
10099,2025-03-22,IN,mobile
10100,2026-03-10,PH,mobile
10101,2024-11-19,IN,tablet
10102,2024-10-02,US,mobile
10103,2024-05-15,IN,mobile
10104,2025-12-18,PH,mobile
10105,2025-06-11,IN,desktop
10106,2024-02-15,BR,desktop
10107,2025-02-27,GB,mobile
10108,2024-06-05,BR,mobile
10109,2025-06-28,US,desktop
10110,2025-03-20,DE,desktop
10111,2024-10-13,US,mobile
10112,2024-07-21,US,desktop
10113,2024-09-24,GB,desktop
10114,2025-10-31,GB,desktop
10115,2024-08-09,PH,desktop
10116,2023-03-16,US,mobile
10117,2026-04-06,US,mobile
10118,2024-09-04,BR,mobile
10119,2025-06-12,IN,mobile
10120,2024-09-21,AU,mobile
10121,2026-01-24,US,mobile
10122,2025-06-16,IN,mobile
10123,2024-12-17,PH,mobile
10124,2024-09-08,BR,mobile
10125,2023-10-30,DE,mobile
10126,2023-06-13,US,mobile
10127,2026-01-31,IN,mobile
10128,2025-02-16,GB,mobile
10129,2026-04-25,IN,mobile
10130,2024-11-26,BR,mobile
10131,2025-12-13,DE,mobile
10132,2025-04-20,US,mobile
10133,2026-01-12,BR,desktop
10134,2025-07-11,US,desktop
10135,2024-05-31,BR,mobile
10136,2023-09-12,IN,desktop
10137,2023-05-09,GB,mobile
10138,2023-07-12,IN,mobile
10139,2025-01-31,DE,tablet
10140,2024-03-21,PH,desktop
10141,2024-07-29,IN,mobile
10142,2023-10-11,IN,desktop
10143,2025-06-30,IN,mobile
10144,2024-03-28,IN,mobile
10145,2023-05-17,PH,mobile
10146,2023-11-27,GB,desktop
10147,2023-05-11,PH,mobile
10148,2025-11-07,BR,mobile
10149,2024-10-28,IN,mobile
10150,2025-04-01,IN,desktop
10151,2023-11-16,CA,desktop
10152,2024-04-16,PH,mobile
10153,2023-03-20,US,desktop
10154,2024-02-09,IN,mobile
10155,2024-06-03,AU,mobile
10156,2023-06-09,DE,desktop
10157,2025-06-01,GB,mobile
10158,2024-12-17,US,mobile
10159,2023-03-26,GB,mobile
10160,2023-08-15,BR,mobile
10161,2025-01-09,BR,desktop
10162,2025-04-30,IN,mobile
10163,2025-05-06,IN,desktop
10164,2025-07-26,US,mobile
10165,2025-07-18,DE,mobile
10166,2023-08-04,PH,mobile
10167,2026-03-12,US,mobile
10168,2024-09-13,US,mobile
10169,2025-05-10,GB,desktop
10170,2025-06-23,US,mobile
10171,2026-01-25,US,mobile
10172,2025-11-11,US,desktop
10173,2024-02-09,PH,mobile
10174,2025-01-04,IN,desktop
10175,2023-12-13,IN,mobile
10176,2025-07-15,US,mobile
10177,2025-06-30,IN,desktop
10178,2026-04-24,US,mobile
10179,2024-10-29,BR,desktop
10180,2024-02-18,US,mobile
10181,2024-05-18,US,mobile
10182,2025-04-09,US,mobile
10183,2023-04-10,US,mobile
10184,2025-12-05,AU,mobile
10185,2024-02-26,PH,desktop
10186,2026-04-24,BR,mobile
10187,2023-11-05,CA,desktop
10188,2024-12-04,CA,desktop
10189,2024-07-30,IN,mobile
10190,2025-05-08,US,desktop
10191,2023-10-05,IN,mobile
10192,2025-04-14,IN,tablet
10193,2026-04-15,BR,mobile
10194,2025-01-01,IN,mobile
10195,2025-05-07,IN,desktop
10196,2024-07-14,US,mobile
10197,2023-10-05,PH,tablet
10198,2025-01-19,AU,mobile
10199,2023-04-16,PH,mobile
10200,2024-12-29,BR,mobile
10201,2024-11-17,IN,mobile
10202,2024-10-31,DE,desktop
10203,2025-09-24,US,mobile
10204,2024-01-13,DE,desktop
10205,2025-11-28,IN,mobile
10206,2024-04-24,DE,mobile
10207,2026-03-17,US,desktop
10208,2024-12-12,PH,mobile
10209,2025-07-31,AU,desktop
10210,2026-02-24,AU,tablet
10211,2025-10-25,PH,mobile
10212,2024-04-14,BR,mobile
10213,2024-03-09,PH,mobile
10214,2023-02-21,IN,mobile
10215,2023-12-11,US,mobile
10216,2024-04-03,IN,mobile
10217,2023-11-03,GB,desktop
10218,2024-08-25,BR,desktop
10219,2025-09-16,PH,mobile
10220,2024-09-28,IN,mobile
10221,2024-09-27,US,mobile
10222,2025-05-06,IN,mobile
10223,2025-07-01,PH,desktop
10224,2023-09-06,PH,desktop
10225,2023-12-19,PH,mobile
10226,2024-09-24,BR,mobile
10227,2024-05-24,US,desktop
10228,2023-04-29,IN,mobile
10229,2023-03-29,IN,mobile
10230,2024-06-22,GB,mobile
10231,2023-12-19,BR,mobile
10232,2025-03-18,IN,mobile
10233,2023-07-01,US,desktop
10234,2023-11-22,US,desktop
10235,2024-11-14,IN,desktop
10236,2024-01-23,GB,desktop
10237,2023-05-18,CA,desktop
10238,2025-02-24,BR,desktop
10239,2025-01-21,US,mobile
10240,2025-07-07,GB,mobile
10241,2025-10-28,US,mobile
10242,2024-02-02,PH,desktop
10243,2025-12-08,IN,mobile
10244,2023-09-11,PH,mobile
10245,2025-05-01,US,mobile
10246,2024-01-22,PH,mobile
10247,2024-06-25,BR,mobile
10248,2023-04-07,GB,mobile
10249,2025-08-29,PH,mobile
10250,2025-02-20,US,mobile
10251,2023-09-12,GB,mobile
10252,2024-01-02,IN,desktop
10253,2024-12-22,US,mobile
10254,2024-02-13,BR,desktop
10255,2024-07-02,AU,desktop
10256,2026-04-05,DE,mobile
10257,2025-04-28,PH,mobile
10258,2023-12-03,US,mobile
10259,2023-08-26,US,tablet
10260,2026-01-28,US,mobile
10261,2025-01-31,US,mobile
10262,2026-01-02,US,mobile
10263,2025-01-05,IN,desktop
10264,2025-04-12,IN,mobile
10265,2023-05-02,IN,mobile
10266,2024-01-31,GB,mobile
10267,2025-05-22,US,mobile
10268,2024-09-29,GB,mobile
10269,2024-10-30,GB,mobile
10270,2024-07-29,IN,desktop
10271,2026-04-07,US,mobile
10272,2024-06-28,US,desktop
10273,2023-06-16,DE,mobile
10274,2024-11-07,IN,mobile
10275,2023-07-31,US,desktop
10276,2024-08-27,BR,mobile
10277,2024-12-17,BR,mobile
10278,2024-06-22,IN,mobile
10279,2025-05-08,IN,tablet
10280,2024-12-13,GB,mobile
10281,2024-11-12,PH,mobile
10282,2024-09-26,US,desktop
10283,2025-11-09,GB,mobile
10284,2024-10-18,IN,mobile
10285,2024-09-28,GB,mobile
10286,2024-02-03,US,desktop
10287,2025-10-31,AU,desktop
10288,2024-07-08,PH,mobile
10289,2023-12-22,US,desktop
10290,2026-04-02,GB,mobile
10291,2023-07-29,IN,desktop
10292,2024-06-19,US,mobile
10293,2024-11-23,IN,desktop
10294,2024-01-15,IN,desktop
10295,2023-02-23,PH,mobile
10296,2025-04-05,BR,desktop
10297,2023-10-18,US,mobile
10298,2025-12-16,US,desktop
10299,2024-10-30,DE,mobile
10300,2025-03-05,GB,desktop
10301,2024-07-11,IN,mobile
10302,2024-08-09,IN,desktop
10303,2024-07-04,US,desktop
10304,2023-12-16,BR,desktop
10305,2026-03-08,PH,desktop
10306,2023-10-15,CA,mobile
10307,2026-02-05,CA,desktop
10308,2026-02-16,PH,desktop
10309,2025-02-18,CA,desktop
10310,2025-10-12,BR,mobile
10311,2023-05-03,US,mobile
10312,2025-05-18,US,desktop
10313,2024-11-05,US,mobile
10314,2025-11-13,GB,mobile
10315,2023-04-13,BR,desktop
10316,2025-05-06,BR,mobile
10317,2025-11-09,IN,mobile
10318,2024-10-23,PH,mobile
10319,2024-09-03,DE,mobile
10320,2023-10-01,US,mobile
10321,2023-04-19,CA,mobile
10322,2025-12-27,GB,desktop
10323,2025-07-13,AU,desktop
10324,2025-12-03,US,desktop
10325,2024-01-08,US,mobile
10326,2023-09-18,IN,mobile
10327,2024-02-20,GB,mobile
10328,2026-04-19,US,mobile
10329,2024-11-02,US,mobile
10330,2025-01-06,DE,mobile
10331,2024-09-25,US,mobile
10332,2025-12-19,US,desktop
10333,2024-09-09,US,desktop
10334,2024-01-08,PH,desktop
10335,2025-02-25,US,desktop
10336,2024-04-09,IN,mobile
10337,2023-04-05,PH,mobile
10338,2025-04-09,US,mobile
10339,2023-03-11,IN,mobile
10340,2025-04-27,IN,mobile
10341,2025-02-22,GB,mobile
10342,2024-05-27,US,mobile
10343,2025-01-24,PH,mobile
10344,2024-11-24,US,desktop
10345,2024-10-12,PH,desktop
10346,2024-07-08,DE,mobile
10347,2026-04-17,US,desktop
10348,2023-08-24,BR,mobile
10349,2023-08-06,BR,mobile
10350,2024-01-11,US,desktop
10351,2023-03-18,AU,mobile
10352,2026-02-05,IN,mobile
10353,2023-06-28,IN,mobile
10354,2025-05-05,IN,desktop
10355,2026-03-02,IN,mobile
10356,2024-12-17,IN,desktop
10357,2023-12-11,BR,desktop
10358,2025-09-02,US,mobile
10359,2026-02-05,BR,desktop
10360,2026-03-25,BR,mobile
10361,2023-10-20,BR,mobile
10362,2023-03-17,IN,desktop
10363,2025-10-13,GB,mobile
10364,2023-07-02,BR,desktop
10365,2025-07-31,US,mobile
10366,2026-02-14,US,mobile
10367,2023-02-27,GB,mobile
10368,2025-11-19,GB,mobile
10369,2025-06-30,US,mobile
10370,2023-09-29,IN,mobile
10371,2026-01-30,US,mobile
10372,2024-07-26,US,desktop
10373,2023-04-29,GB,desktop
10374,2025-10-27,PH,mobile
10375,2024-11-11,US,mobile
10376,2023-05-17,AU,desktop
10377,2025-05-17,US,mobile
10378,2024-06-22,BR,mobile
10379,2023-11-29,US,desktop
10380,2026-04-18,DE,desktop
10381,2026-03-19,US,mobile
10382,2025-07-24,US,desktop
10383,2023-05-05,IN,desktop
10384,2026-01-15,GB,mobile
10385,2024-03-11,PH,mobile
10386,2025-07-31,US,desktop
10387,2024-12-24,AU,desktop
10388,2024-07-21,IN,mobile
10389,2024-03-06,IN,desktop
10390,2023-04-29,US,desktop
10391,2024-08-04,BR,tablet
10392,2024-11-30,IN,mobile
10393,2026-02-04,DE,mobile
10394,2024-12-26,IN,tablet
10395,2023-12-21,IN,desktop
10396,2023-09-12,AU,desktop
10397,2024-03-07,US,mobile
10398,2026-04-28,US,desktop
10399,2025-09-03,US,mobile
10400,2025-02-13,US,mobile
10401,2024-11-22,BR,desktop
10402,2023-07-25,PH,mobile
10403,2023-09-03,IN,mobile
10404,2025-01-27,US,mobile
10405,2025-01-23,US,mobile
10406,2024-05-16,BR,mobile
10407,2024-06-19,US,desktop
10408,2023-11-24,IN,mobile
10409,2023-03-01,US,desktop
10410,2025-02-15,BR,desktop
10411,2025-04-20,US,mobile
10412,2023-10-03,BR,mobile
10413,2023-10-04,US,mobile
10414,2023-08-18,CA,desktop
10415,2023-07-09,PH,desktop
10416,2025-09-12,AU,desktop
10417,2025-01-21,US,mobile
10418,2026-04-28,PH,desktop
10419,2026-04-04,DE,desktop
10420,2026-01-03,US,mobile
10421,2023-03-18,US,mobile
10422,2024-05-17,AU,mobile
10423,2024-07-26,IN,tablet
10424,2024-12-27,CA,desktop
10425,2023-12-03,CA,mobile
10426,2024-08-02,US,desktop
10427,2023-05-08,GB,mobile
10428,2024-08-10,IN,desktop
10429,2025-10-14,CA,mobile
10430,2024-08-11,US,mobile
10431,2023-08-26,IN,mobile
10432,2025-11-30,AU,mobile
10433,2024-09-26,IN,mobile
10434,2025-05-02,US,desktop
10435,2025-06-19,US,mobile
10436,2025-04-21,US,tablet
10437,2026-02-23,BR,mobile
10438,2024-12-03,US,mobile
10439,2025-09-25,US,tablet
10440,2026-03-17,US,desktop
10441,2025-05-28,US,desktop
10442,2024-09-28,IN,desktop
10443,2023-08-06,PH,mobile
10444,2024-04-12,PH,desktop
10445,2023-06-16,DE,desktop
10446,2023-08-23,GB,mobile
10447,2024-06-25,IN,mobile
10448,2024-02-28,DE,desktop
10449,2026-03-19,IN,mobile
10450,2024-12-29,IN,desktop
10451,2025-09-26,US,mobile
10452,2024-12-30,GB,desktop
10453,2024-03-07,GB,desktop
10454,2024-05-05,BR,desktop
10455,2023-09-14,BR,desktop
10456,2024-05-02,IN,mobile
10457,2026-02-07,IN,mobile
10458,2025-09-02,US,desktop
10459,2024-06-03,US,desktop
10460,2023-04-09,AU,mobile
10461,2025-08-11,US,desktop
10462,2025-05-19,DE,desktop
10463,2024-07-10,PH,desktop
10464,2024-05-06,CA,desktop
10465,2023-07-24,PH,desktop
10466,2023-03-28,PH,desktop
10467,2023-04-13,US,desktop
10468,2023-12-19,IN,mobile
10469,2024-02-26,PH,mobile
10470,2024-05-15,CA,mobile
10471,2025-09-13,AU,mobile
10472,2026-02-21,US,mobile
10473,2024-12-19,IN,mobile
10474,2023-04-06,PH,desktop
10475,2023-03-27,GB,tablet
10476,2024-09-06,US,mobile
10477,2024-03-13,PH,desktop
10478,2023-09-02,PH,desktop
10479,2024-10-05,CA,mobile
10480,2024-03-16,GB,desktop
10481,2025-02-15,BR,mobile
10482,2023-05-07,US,mobile
10483,2025-02-21,PH,mobile
10484,2024-05-13,GB,mobile
10485,2023-06-15,IN,desktop
10486,2024-10-04,PH,mobile
10487,2026-02-18,US,tablet
10488,2024-02-18,IN,mobile
10489,2025-09-03,US,mobile
10490,2026-03-21,AU,mobile
10491,2023-12-11,IN,mobile
10492,2026-04-10,US,mobile
10493,2025-03-25,IN,desktop
10494,2025-06-09,IN,desktop
10495,2023-11-06,PH,desktop
10496,2024-07-13,US,mobile
10497,2023-09-10,DE,tablet
10498,2025-05-06,US,mobile
10499,2025-11-20,US,desktop
10500,2024-06-07,DE,mobile
10501,2024-10-19,US,mobile
10502,2025-01-26,US,mobile
10503,2025-06-28,PH,desktop
10504,2024-01-22,AU,desktop
10505,2025-07-24,US,mobile
10506,2023-04-03,IN,desktop
10507,2025-09-08,IN,mobile
10508,2023-07-24,US,mobile
10509,2023-08-06,US,desktop
10510,2023-03-02,US,mobile
10511,2023-06-20,US,mobile
10512,2023-07-31,US,mobile
10513,2024-06-14,PH,mobile
10514,2024-07-07,AU,mobile
10515,2024-03-29,PH,mobile
10516,2025-12-13,PH,mobile
10517,2024-11-21,DE,mobile
10518,2024-03-10,IN,tablet
10519,2024-07-27,IN,mobile
10520,2023-05-22,IN,mobile
10521,2025-06-20,IN,tablet
10522,2024-04-21,IN,tablet
10523,2026-02-26,GB,mobile
10524,2024-09-19,DE,desktop
10525,2024-02-05,IN,mobile
10526,2026-01-01,IN,desktop
10527,2023-09-01,IN,mobile
10528,2024-04-14,US,mobile
10529,2023-07-29,IN,mobile
10530,2025-05-08,IN,desktop
10531,2025-07-06,US,mobile
10532,2023-05-14,IN,desktop
10533,2024-12-20,US,mobile
10534,2024-01-09,IN,mobile
10535,2026-04-26,BR,mobile
10536,2025-07-04,US,tablet
10537,2026-02-17,US,desktop
10538,2023-11-22,GB,mobile
10539,2025-08-05,IN,mobile
10540,2024-03-02,GB,mobile
10541,2023-04-20,US,desktop
10542,2026-02-13,US,mobile
10543,2023-06-28,DE,desktop
10544,2026-02-05,US,mobile
10545,2024-03-05,US,mobile
10546,2025-08-20,US,mobile
10547,2024-11-20,DE,mobile
10548,2025-10-07,AU,mobile
10549,2024-08-04,US,desktop
10550,2023-03-09,DE,mobile
10551,2026-01-30,US,mobile
10552,2024-02-11,IN,mobile
10553,2025-11-07,DE,mobile
10554,2023-07-27,GB,mobile
10555,2025-04-04,US,mobile
10556,2025-06-04,PH,desktop
10557,2025-07-27,IN,tablet
10558,2024-06-02,IN,desktop
10559,2025-04-05,US,mobile
10560,2023-10-01,GB,desktop
10561,2025-11-23,US,desktop
10562,2023-08-30,IN,mobile
10563,2025-11-22,PH,mobile
10564,2024-12-23,GB,desktop
10565,2023-07-05,BR,mobile
10566,2026-02-10,BR,mobile
10567,2023-09-10,GB,mobile
10568,2023-06-16,US,desktop
10569,2024-07-09,DE,mobile
10570,2024-09-19,AU,mobile
10571,2024-02-29,DE,mobile
10572,2023-09-09,US,mobile
10573,2023-05-08,PH,mobile
10574,2023-04-22,US,mobile
10575,2025-10-18,US,desktop
10576,2025-12-17,US,desktop
10577,2024-02-01,BR,desktop
10578,2025-07-28,IN,desktop
10579,2024-02-27,PH,desktop
10580,2023-08-15,US,tablet
10581,2023-02-21,US,mobile
10582,2024-06-19,CA,mobile
10583,2023-11-17,IN,desktop
10584,2023-06-22,BR,mobile
10585,2026-04-25,PH,mobile
10586,2024-06-18,US,mobile
10587,2026-01-31,US,desktop
10588,2023-08-08,IN,mobile
10589,2024-04-11,US,mobile
10590,2025-06-13,US,mobile
10591,2025-04-14,BR,desktop
10592,2025-11-21,US,desktop
10593,2024-05-18,BR,tablet
10594,2023-06-28,US,mobile
10595,2025-12-03,PH,mobile
10596,2025-09-11,DE,desktop
10597,2025-07-05,US,desktop
10598,2025-07-24,US,mobile
10599,2023-05-07,US,desktop
10600,2024-08-26,IN,mobile
10601,2025-06-10,GB,desktop
10602,2026-02-09,IN,desktop
10603,2023-08-22,GB,tablet
10604,2024-04-26,IN,mobile
10605,2025-02-25,US,mobile
10606,2026-01-13,PH,desktop
10607,2023-02-18,BR,desktop
10608,2024-08-13,IN,mobile
10609,2025-01-25,US,mobile
10610,2023-09-14,CA,mobile
10611,2024-11-12,GB,tablet
10612,2026-02-16,IN,mobile
10613,2024-12-17,DE,tablet
10614,2024-02-07,GB,tablet
10615,2026-02-09,US,desktop
10616,2023-10-19,IN,mobile
10617,2023-09-12,US,mobile
10618,2026-04-14,US,mobile
10619,2024-12-19,AU,mobile
10620,2023-03-29,GB,mobile
10621,2023-10-07,AU,mobile
10622,2025-04-28,AU,desktop
10623,2023-04-14,IN,desktop
10624,2024-08-04,US,desktop
10625,2025-07-30,CA,mobile
10626,2023-03-01,IN,desktop
10627,2023-08-20,GB,mobile
10628,2023-02-26,US,mobile
10629,2023-04-18,IN,desktop
10630,2024-10-02,US,mobile
10631,2024-04-25,US,desktop
10632,2024-02-14,BR,mobile
10633,2025-11-10,DE,desktop
10634,2023-03-09,DE,tablet
10635,2025-09-20,BR,desktop
10636,2025-04-05,BR,mobile
10637,2025-04-18,BR,mobile
10638,2026-01-20,CA,desktop
10639,2024-08-09,GB,desktop
10640,2023-07-19,GB,desktop
10641,2025-05-24,BR,mobile
10642,2026-04-28,US,mobile
10643,2023-05-06,GB,desktop
10644,2023-08-28,US,mobile
10645,2025-11-03,US,desktop
10646,2023-05-27,US,mobile
10647,2023-06-08,IN,desktop
10648,2025-08-06,US,desktop
10649,2023-07-08,CA,mobile
10650,2024-02-02,US,mobile
10651,2025-01-26,BR,desktop
10652,2023-09-19,PH,mobile
10653,2023-08-04,BR,mobile
10654,2024-12-18,PH,desktop
10655,2025-03-30,US,desktop
10656,2024-04-29,BR,mobile
10657,2023-08-29,US,desktop
10658,2025-07-03,BR,mobile
10659,2024-11-23,BR,mobile
10660,2025-10-26,US,mobile
10661,2024-11-30,CA,mobile
10662,2026-04-29,PH,mobile
10663,2024-10-27,BR,mobile
10664,2024-06-17,AU,desktop
10665,2024-10-01,GB,mobile
10666,2025-12-14,IN,mobile
10667,2023-09-27,US,mobile
10668,2023-09-21,US,desktop
10669,2025-11-22,IN,mobile
10670,2024-09-10,IN,tablet
10671,2023-04-07,GB,mobile
10672,2023-10-21,IN,mobile
10673,2024-07-01,US,mobile
10674,2025-07-18,IN,desktop
10675,2023-08-10,US,desktop
10676,2026-01-13,BR,mobile
10677,2023-02-28,BR,desktop
10678,2024-06-12,US,tablet
10679,2023-03-14,IN,mobile
10680,2023-06-07,US,mobile
10681,2023-11-09,CA,desktop
10682,2025-01-05,PH,mobile
10683,2025-08-23,US,mobile
10684,2024-03-29,DE,mobile
10685,2024-01-17,US,desktop
10686,2024-09-18,IN,desktop
10687,2023-07-27,US,mobile
10688,2024-04-09,IN,mobile
10689,2026-04-01,CA,mobile
10690,2023-10-11,US,desktop
10691,2025-08-31,IN,tablet
10692,2026-02-21,BR,mobile
10693,2023-06-14,US,mobile
10694,2023-12-09,US,mobile
10695,2024-07-23,BR,desktop
10696,2023-06-22,US,mobile
10697,2023-04-29,US,desktop
10698,2023-10-30,IN,mobile
10699,2025-01-21,US,mobile
10700,2023-04-17,CA,mobile
10701,2023-06-11,PH,mobile
10702,2025-02-17,IN,desktop
10703,2025-07-05,BR,mobile
10704,2024-11-19,AU,mobile
10705,2023-06-07,IN,mobile
10706,2023-12-16,DE,desktop
10707,2025-01-14,US,mobile
10708,2025-09-19,BR,mobile
10709,2023-05-04,PH,mobile
10710,2025-08-13,US,mobile
10711,2024-11-22,DE,mobile
10712,2024-11-28,IN,mobile
10713,2024-12-03,DE,mobile
10714,2024-08-02,IN,desktop
10715,2023-09-01,US,mobile
10716,2024-01-21,BR,desktop
10717,2023-05-10,IN,desktop
10718,2025-04-28,IN,mobile
10719,2025-02-23,IN,desktop
10720,2024-10-12,US,desktop
10721,2025-12-17,IN,mobile
10722,2025-04-29,US,desktop
10723,2023-11-27,GB,desktop
10724,2025-04-04,GB,mobile
10725,2023-11-25,CA,mobile
10726,2026-03-28,US,desktop
10727,2023-03-20,BR,desktop
10728,2023-10-02,IN,mobile
10729,2024-12-16,BR,mobile
10730,2024-03-30,CA,mobile
10731,2024-11-04,CA,mobile
10732,2024-05-12,IN,mobile
10733,2024-12-22,IN,mobile
10734,2024-11-19,GB,mobile
10735,2024-11-15,US,mobile
10736,2024-03-17,GB,mobile
10737,2024-08-18,IN,desktop
10738,2025-08-10,IN,mobile
10739,2025-10-03,PH,mobile
10740,2025-01-14,CA,desktop
10741,2025-06-26,PH,desktop
10742,2026-02-17,PH,desktop
10743,2025-01-10,IN,mobile
10744,2026-03-17,PH,mobile
10745,2025-06-24,GB,mobile
10746,2026-04-25,IN,desktop
10747,2025-07-15,PH,mobile
10748,2024-12-04,US,desktop
10749,2023-05-22,IN,mobile
10750,2023-04-09,IN,mobile
10751,2024-04-12,US,mobile
10752,2025-12-25,PH,mobile
10753,2025-09-24,PH,mobile
10754,2024-02-09,IN,desktop
10755,2024-03-19,AU,desktop
10756,2026-01-15,PH,mobile
10757,2025-11-01,US,mobile
10758,2024-01-16,CA,desktop
10759,2024-02-08,PH,desktop
10760,2023-04-08,US,mobile
10761,2025-11-17,IN,desktop
10762,2024-04-19,IN,desktop
10763,2023-12-15,BR,tablet
10764,2025-12-07,BR,mobile
10765,2026-03-30,US,mobile
10766,2023-06-18,IN,mobile
10767,2023-12-22,PH,mobile
10768,2025-03-24,US,mobile
10769,2024-06-18,BR,mobile
10770,2025-05-24,GB,mobile
10771,2025-07-14,US,desktop
10772,2026-01-23,PH,desktop
10773,2023-08-28,BR,desktop
10774,2024-09-19,CA,desktop
10775,2024-05-15,US,mobile
10776,2025-03-20,US,desktop
10777,2025-12-31,BR,desktop
10778,2023-09-04,US,desktop
10779,2024-06-08,US,mobile
10780,2026-04-05,BR,desktop
10781,2023-03-06,US,mobile
10782,2025-06-15,GB,mobile
10783,2025-07-27,GB,mobile
10784,2023-07-12,CA,mobile
10785,2024-09-21,PH,desktop
10786,2025-03-17,IN,mobile
10787,2023-06-12,IN,mobile
10788,2023-10-31,IN,tablet
10789,2023-09-26,US,mobile
10790,2023-05-24,BR,desktop
10791,2025-09-15,AU,desktop
10792,2024-07-17,US,mobile
10793,2023-10-10,US,mobile
10794,2023-11-29,IN,mobile
10795,2025-03-06,US,desktop
10796,2024-04-22,GB,mobile
10797,2023-03-13,BR,mobile
10798,2024-12-27,US,desktop
10799,2024-11-14,GB,mobile
10800,2026-03-17,AU,desktop
10801,2025-11-02,US,desktop
10802,2026-01-03,BR,mobile
10803,2025-12-12,US,mobile
10804,2024-04-28,DE,desktop
10805,2025-11-26,GB,mobile
10806,2025-03-16,IN,mobile
10807,2024-09-10,US,desktop
10808,2025-06-03,BR,mobile
10809,2023-09-19,US,desktop
10810,2023-05-31,BR,mobile
10811,2024-07-13,AU,mobile
10812,2024-04-11,US,desktop
10813,2023-03-29,BR,desktop
10814,2023-09-01,US,desktop
10815,2025-01-30,DE,mobile
10816,2026-01-25,IN,desktop
10817,2026-03-24,IN,mobile
10818,2025-08-31,CA,mobile
10819,2023-05-27,IN,desktop
10820,2025-05-15,IN,mobile
10821,2024-08-10,US,mobile
10822,2024-01-31,US,desktop
10823,2025-06-13,AU,mobile
10824,2023-10-01,IN,mobile
10825,2025-05-29,BR,desktop
10826,2024-09-14,GB,mobile
10827,2024-08-22,AU,mobile
10828,2023-12-10,IN,mobile
10829,2024-02-08,BR,mobile
10830,2024-04-24,DE,mobile
10831,2023-07-23,US,tablet
10832,2024-12-11,US,tablet
10833,2024-08-25,US,mobile
10834,2023-04-29,DE,desktop
10835,2023-03-10,BR,mobile
10836,2023-02-28,PH,tablet
10837,2026-04-02,IN,mobile
10838,2024-04-06,PH,tablet
10839,2023-10-22,PH,mobile
10840,2025-12-31,DE,mobile
10841,2023-04-09,US,desktop
10842,2024-07-15,CA,mobile
10843,2026-04-05,GB,mobile
10844,2024-02-16,PH,desktop
10845,2024-09-16,US,mobile
10846,2024-05-05,US,mobile
10847,2024-02-13,DE,desktop
10848,2024-11-28,PH,tablet
10849,2023-07-13,BR,mobile
10850,2024-11-02,GB,desktop
10851,2024-04-20,CA,tablet
10852,2023-12-05,US,mobile
10853,2024-04-08,US,mobile
10854,2023-05-15,PH,mobile
10855,2025-12-24,BR,mobile
10856,2025-12-05,CA,mobile
10857,2025-06-21,US,mobile
10858,2024-05-19,GB,mobile
10859,2024-09-11,US,tablet
10860,2024-05-17,IN,mobile
10861,2023-02-20,IN,desktop
10862,2025-12-06,CA,desktop
10863,2024-06-08,PH,mobile
10864,2026-04-09,IN,mobile
10865,2023-08-25,IN,mobile
10866,2025-09-19,IN,desktop
10867,2026-02-26,PH,desktop
10868,2023-09-11,IN,mobile
10869,2024-05-21,GB,desktop
10870,2024-02-03,US,mobile
10871,2023-07-05,US,mobile
10872,2023-09-18,PH,mobile
10873,2025-08-22,IN,desktop
10874,2024-09-19,US,mobile
10875,2026-04-10,GB,tablet
10876,2025-07-10,IN,desktop
10877,2023-10-22,DE,mobile
10878,2023-03-04,PH,mobile
10879,2025-09-16,BR,mobile
10880,2023-02-22,GB,desktop
10881,2026-04-29,DE,mobile
10882,2025-06-12,IN,mobile
10883,2026-01-03,AU,mobile
10884,2025-05-07,US,tablet
10885,2023-03-08,IN,mobile
10886,2023-03-06,IN,mobile
10887,2024-01-02,GB,desktop
10888,2023-05-31,AU,mobile
10889,2023-04-23,US,mobile
10890,2025-07-06,IN,desktop
10891,2023-10-24,CA,mobile
10892,2023-08-09,DE,mobile
10893,2024-12-22,BR,desktop
10894,2023-03-02,IN,mobile
10895,2024-07-11,GB,desktop
10896,2023-09-10,IN,mobile
10897,2025-02-07,PH,mobile
10898,2026-02-13,US,tablet
10899,2024-05-26,US,mobile
10900,2024-10-26,PH,mobile
10901,2023-10-24,US,desktop
10902,2023-09-22,IN,mobile
10903,2026-04-04,DE,desktop
10904,2026-04-09,CA,mobile
10905,2026-04-15,BR,mobile
10906,2024-01-06,IN,mobile
10907,2024-09-17,IN,mobile
10908,2024-06-25,PH,mobile
10909,2025-02-15,BR,mobile
10910,2024-07-12,DE,mobile
10911,2024-10-25,US,desktop
10912,2024-07-30,US,mobile
10913,2023-03-09,US,desktop
10914,2024-08-11,IN,mobile
10915,2024-05-27,BR,mobile
10916,2024-11-13,PH,mobile
10917,2023-09-02,US,mobile
10918,2026-03-15,PH,tablet
10919,2023-11-26,US,mobile
10920,2023-11-03,IN,desktop
10921,2026-02-16,US,mobile
10922,2025-10-21,IN,mobile
10923,2024-02-23,IN,mobile
10924,2024-11-12,US,mobile
10925,2023-02-24,IN,mobile
10926,2023-07-25,CA,mobile
10927,2024-03-04,DE,mobile
10928,2025-05-22,US,mobile
10929,2024-09-24,BR,mobile
10930,2024-06-09,US,mobile
10931,2024-01-03,PH,mobile
10932,2024-06-06,US,mobile
10933,2025-12-19,BR,mobile
10934,2023-05-28,US,mobile
10935,2024-05-20,IN,desktop
10936,2026-03-09,PH,desktop
10937,2025-01-19,US,desktop
10938,2024-06-26,US,mobile
10939,2024-07-16,BR,desktop
10940,2024-07-06,IN,mobile
10941,2023-02-28,US,desktop
10942,2025-10-18,US,mobile
10943,2024-08-19,US,mobile
10944,2025-04-01,US,mobile
10945,2025-04-12,US,mobile
10946,2024-08-16,IN,desktop
10947,2026-01-07,CA,mobile
10948,2025-02-25,IN,mobile
10949,2024-02-02,IN,mobile
10950,2024-07-27,GB,desktop
10951,2025-11-05,BR,tablet
10952,2023-06-22,US,mobile
10953,2024-07-22,BR,mobile
10954,2024-02-23,US,tablet
10955,2025-11-13,IN,mobile
10956,2025-07-31,DE,mobile
10957,2024-12-06,IN,desktop
10958,2025-04-04,US,mobile
10959,2024-08-25,US,mobile
10960,2025-02-11,US,mobile
10961,2025-04-15,BR,mobile
10962,2025-06-18,IN,mobile
10963,2026-04-10,US,mobile
10964,2023-10-31,IN,desktop
10965,2025-05-23,IN,mobile
10966,2024-05-05,US,mobile
10967,2023-11-04,AU,desktop
10968,2025-06-17,US,mobile
10969,2024-07-06,US,mobile
10970,2023-08-04,IN,mobile
10971,2024-05-31,IN,mobile
10972,2024-10-05,US,mobile
10973,2025-06-17,BR,mobile
10974,2024-08-03,IN,mobile
10975,2024-04-30,IN,mobile
10976,2025-12-07,BR,desktop
10977,2024-05-07,AU,mobile
10978,2025-06-21,US,mobile
10979,2025-09-18,GB,mobile
10980,2023-04-14,US,mobile
10981,2023-09-16,IN,mobile
10982,2024-08-25,US,mobile
10983,2025-06-30,GB,mobile
10984,2023-04-01,US,mobile
10985,2024-12-12,PH,mobile
10986,2024-01-20,GB,desktop
10987,2026-04-20,IN,desktop
10988,2023-11-23,AU,desktop
10989,2023-09-03,US,mobile
10990,2023-10-03,US,mobile
10991,2023-04-29,CA,mobile
10992,2026-03-11,US,mobile
10993,2025-09-16,IN,mobile
10994,2025-04-24,US,desktop
10995,2025-10-22,DE,mobile
10996,2023-11-30,BR,desktop
10997,2024-07-21,US,mobile
10998,2024-01-16,IN,mobile
10999,2024-06-16,PH,mobile
11000,2023-02-26,BR,mobile
11001,2025-04-03,IN,mobile
11002,2023-11-16,GB,mobile
11003,2025-01-02,IN,mobile
11004,2023-06-20,AU,mobile
11005,2025-12-18,BR,desktop
11006,2025-05-03,US,mobile
11007,2025-11-14,BR,tablet
11008,2025-01-06,US,mobile
11009,2024-08-24,GB,mobile
11010,2024-05-21,BR,mobile
11011,2024-10-18,US,desktop
11012,2023-09-29,BR,desktop
11013,2025-03-08,BR,mobile
11014,2024-08-02,AU,mobile
11015,2025-09-28,DE,desktop
11016,2024-03-20,US,mobile
11017,2025-02-15,IN,mobile
11018,2024-02-26,US,mobile
11019,2025-04-08,PH,mobile
11020,2025-05-16,US,mobile
11021,2025-03-08,US,mobile
11022,2024-04-10,IN,mobile
11023,2024-10-04,BR,desktop
11024,2024-07-27,IN,desktop
11025,2024-06-24,IN,mobile
11026,2024-08-16,US,desktop
11027,2023-04-21,BR,mobile
11028,2026-04-30,BR,mobile
11029,2024-11-09,US,desktop
11030,2024-06-17,IN,desktop
11031,2025-11-28,US,mobile
11032,2023-08-29,PH,mobile
11033,2023-05-27,PH,desktop
11034,2023-12-19,IN,mobile
11035,2023-05-11,US,mobile
11036,2023-05-20,US,mobile
11037,2023-08-15,GB,mobile
11038,2024-07-04,US,mobile
11039,2023-10-21,BR,mobile
11040,2024-03-25,US,mobile
11041,2023-04-23,BR,mobile
11042,2026-01-09,IN,mobile
11043,2026-04-14,US,mobile
11044,2023-05-08,US,mobile
11045,2024-03-13,IN,mobile
11046,2023-12-09,IN,desktop
11047,2025-10-02,US,mobile
11048,2025-06-26,US,mobile
11049,2025-03-10,IN,desktop
11050,2026-02-26,BR,mobile
11051,2023-04-09,PH,desktop
11052,2024-07-08,GB,mobile
11053,2023-08-03,IN,mobile
11054,2026-04-30,PH,desktop
11055,2023-08-31,US,mobile
11056,2026-02-13,IN,mobile
11057,2026-02-24,IN,mobile
11058,2025-11-06,US,desktop
11059,2025-08-31,US,mobile
11060,2024-10-16,IN,mobile
11061,2026-04-26,IN,desktop
11062,2024-05-15,US,mobile
11063,2023-10-27,AU,tablet
11064,2024-07-30,IN,mobile
11065,2024-01-17,BR,mobile
11066,2023-06-30,CA,mobile
11067,2024-04-03,IN,mobile
11068,2023-05-18,IN,mobile
11069,2023-03-11,GB,mobile
11070,2024-06-27,AU,mobile
11071,2023-06-05,US,mobile
11072,2025-01-14,GB,mobile
11073,2025-09-29,GB,mobile
11074,2023-12-20,US,desktop
11075,2025-09-04,PH,tablet
11076,2026-04-10,IN,mobile
11077,2024-01-15,DE,mobile
11078,2023-04-28,IN,mobile
11079,2024-12-03,DE,desktop
11080,2024-04-10,US,mobile
11081,2024-02-26,DE,mobile
11082,2026-03-20,CA,mobile
11083,2025-08-19,US,mobile
11084,2023-08-26,GB,mobile
11085,2023-10-09,IN,desktop
11086,2025-12-25,PH,mobile
11087,2024-12-23,US,mobile
11088,2023-09-13,BR,mobile
11089,2024-11-04,BR,tablet
11090,2023-05-15,US,desktop
11091,2025-01-09,US,mobile
11092,2023-07-12,IN,desktop
11093,2025-06-20,IN,mobile
11094,2025-03-22,US,mobile
11095,2025-02-12,IN,mobile
11096,2025-03-20,AU,desktop
11097,2023-08-31,BR,mobile
11098,2024-04-22,US,mobile
11099,2024-02-27,PH,mobile
11100,2023-06-15,BR,mobile
11101,2024-05-18,IN,desktop
11102,2024-01-24,PH,desktop
11103,2023-08-08,US,mobile
11104,2026-01-15,US,desktop
11105,2023-08-22,GB,desktop
11106,2024-09-21,US,mobile
11107,2026-01-14,US,mobile
11108,2025-09-16,BR,mobile
11109,2023-12-30,PH,mobile
11110,2024-06-30,US,mobile
11111,2023-08-28,CA,mobile
11112,2025-07-02,DE,mobile
11113,2023-07-20,US,desktop
11114,2024-12-15,IN,tablet
11115,2026-01-18,GB,tablet
11116,2024-05-14,IN,desktop
11117,2025-05-28,BR,mobile
11118,2025-10-03,US,desktop
11119,2023-11-07,BR,desktop
11120,2023-08-08,US,mobile
11121,2024-04-12,IN,mobile
11122,2025-05-22,US,mobile
11123,2024-03-10,US,desktop
11124,2023-09-08,BR,mobile
11125,2023-03-12,AU,mobile
11126,2025-11-18,US,tablet
11127,2023-08-22,CA,desktop
11128,2024-01-19,PH,mobile
11129,2023-09-01,CA,mobile
11130,2023-10-15,US,mobile
11131,2026-01-09,IN,mobile
11132,2026-02-08,PH,mobile
11133,2023-12-05,US,mobile
11134,2024-08-12,US,desktop
11135,2025-12-27,US,desktop
11136,2023-07-05,US,mobile
11137,2023-12-04,US,mobile
11138,2024-09-21,IN,mobile
11139,2025-10-06,US,mobile
11140,2025-11-27,IN,mobile
11141,2024-04-14,IN,desktop
11142,2025-07-08,AU,mobile
11143,2023-09-08,BR,desktop
11144,2025-11-01,US,mobile
11145,2024-08-24,US,desktop
11146,2026-04-10,US,mobile
11147,2024-10-15,US,mobile
11148,2025-05-06,BR,mobile
11149,2024-05-14,IN,mobile
11150,2025-08-06,GB,mobile
11151,2024-02-17,US,mobile
11152,2023-12-28,IN,mobile
11153,2026-01-29,BR,mobile
11154,2024-05-01,GB,mobile
11155,2025-03-15,IN,desktop
11156,2025-09-12,AU,desktop
11157,2024-08-29,CA,desktop
11158,2024-03-15,AU,mobile
11159,2023-08-13,BR,tablet
11160,2025-11-24,AU,mobile
11161,2026-01-06,US,desktop
11162,2026-02-25,AU,desktop
11163,2025-04-09,IN,mobile
11164,2024-07-02,PH,desktop
11165,2023-08-08,IN,desktop
11166,2025-10-29,IN,mobile
11167,2025-11-09,US,desktop
11168,2023-08-01,IN,mobile
11169,2024-07-25,US,mobile
11170,2025-03-23,CA,desktop
11171,2023-12-17,PH,desktop
11172,2025-01-31,AU,mobile
11173,2024-11-24,IN,mobile
11174,2025-09-13,DE,tablet
11175,2026-03-29,US,desktop
11176,2023-06-14,BR,mobile
11177,2024-05-12,IN,mobile
11178,2024-07-16,IN,mobile
11179,2023-06-02,US,desktop
11180,2024-04-29,DE,mobile
11181,2024-04-20,US,desktop
11182,2025-07-11,BR,mobile
11183,2025-02-06,BR,desktop
11184,2024-12-15,IN,mobile
11185,2026-02-23,BR,mobile
11186,2025-05-13,DE,desktop
11187,2023-04-06,US,mobile
11188,2024-02-02,US,mobile
11189,2025-03-18,IN,mobile
11190,2026-01-28,IN,desktop
11191,2025-06-17,BR,mobile
11192,2023-05-05,IN,desktop
11193,2025-12-23,CA,mobile
11194,2025-09-01,CA,desktop
11195,2025-08-19,US,desktop
11196,2025-05-24,GB,desktop
11197,2025-05-02,PH,mobile
11198,2023-11-22,IN,mobile
11199,2024-01-11,US,mobile
11200,2025-11-09,IN,mobile
11201,2023-04-28,BR,mobile
11202,2026-03-18,IN,mobile
11203,2024-07-03,PH,desktop
11204,2025-09-01,IN,desktop
11205,2024-06-17,IN,mobile
11206,2024-04-01,CA,mobile
11207,2026-01-15,IN,mobile
11208,2026-01-20,US,desktop
11209,2025-02-19,IN,mobile
11210,2023-05-02,IN,mobile
11211,2024-06-23,PH,mobile
11212,2023-10-27,IN,desktop
11213,2025-09-27,IN,desktop
11214,2023-05-02,IN,desktop
11215,2025-05-21,US,mobile
11216,2025-06-30,GB,desktop
11217,2024-11-13,IN,mobile
11218,2024-12-06,IN,mobile
11219,2024-02-19,IN,mobile
11220,2024-11-03,IN,desktop
11221,2023-07-29,IN,desktop
11222,2025-07-20,US,mobile
11223,2023-06-28,IN,mobile
11224,2023-05-13,PH,desktop
11225,2026-02-14,US,desktop
11226,2023-06-25,GB,desktop
11227,2026-02-27,IN,mobile
11228,2024-01-11,IN,desktop
11229,2025-10-24,IN,mobile
11230,2023-10-13,US,mobile
11231,2024-06-02,US,mobile
11232,2024-06-08,IN,mobile
11233,2025-09-21,IN,desktop
11234,2024-01-10,DE,mobile
11235,2024-07-29,GB,desktop
11236,2023-03-20,US,mobile
11237,2024-01-12,AU,mobile
11238,2025-11-17,GB,desktop
11239,2025-02-11,GB,desktop
11240,2025-10-09,US,desktop
11241,2023-09-28,US,tablet
11242,2023-10-19,IN,mobile
11243,2025-11-02,PH,mobile
11244,2026-04-19,IN,tablet
11245,2025-03-10,IN,tablet
11246,2026-01-24,US,desktop
11247,2024-02-05,US,mobile
11248,2023-12-05,US,mobile
11249,2026-04-16,DE,mobile
11250,2025-08-01,PH,mobile
11251,2024-10-08,AU,desktop
11252,2023-11-14,IN,desktop
11253,2025-12-13,US,mobile
11254,2025-01-07,US,mobile
11255,2026-02-13,PH,mobile
11256,2024-08-23,IN,tablet
11257,2023-10-05,US,desktop
11258,2023-08-04,IN,desktop
11259,2025-05-20,US,mobile
11260,2025-01-17,BR,mobile
11261,2023-04-14,BR,mobile
11262,2024-07-09,IN,mobile
11263,2024-02-13,US,mobile
11264,2024-06-30,PH,tablet
11265,2026-02-24,US,mobile
11266,2024-09-23,BR,mobile
11267,2025-05-02,BR,mobile
11268,2025-08-29,CA,desktop
11269,2025-12-15,IN,desktop
11270,2023-03-16,GB,mobile
11271,2025-08-27,IN,desktop
11272,2026-02-10,PH,mobile
11273,2023-07-24,IN,mobile
11274,2023-05-04,US,mobile
11275,2025-01-30,US,desktop
11276,2025-05-08,BR,mobile
11277,2026-03-11,GB,mobile
11278,2025-12-16,GB,desktop
11279,2025-04-19,GB,mobile
11280,2025-03-10,US,mobile
11281,2024-02-23,US,desktop
11282,2023-05-28,IN,desktop
11283,2025-04-15,US,mobile
11284,2024-04-03,PH,mobile
11285,2025-09-08,GB,mobile
11286,2023-12-23,AU,desktop
11287,2024-11-01,DE,mobile
11288,2025-11-23,BR,desktop
11289,2024-07-11,US,tablet
11290,2023-12-25,DE,tablet
11291,2025-07-12,IN,mobile
11292,2026-02-28,IN,desktop
11293,2025-01-31,BR,desktop
11294,2024-01-04,US,desktop
11295,2024-04-27,IN,mobile
11296,2023-05-20,GB,desktop
11297,2023-07-06,AU,desktop
11298,2025-06-13,PH,desktop
11299,2023-06-16,CA,mobile
11300,2023-12-12,US,mobile
11301,2024-01-03,US,mobile
11302,2026-04-26,PH,desktop
11303,2025-02-27,US,mobile
11304,2023-12-27,GB,desktop
11305,2024-07-03,US,desktop
11306,2023-08-28,CA,mobile
11307,2024-11-09,GB,desktop
11308,2026-02-21,PH,tablet
11309,2025-05-08,US,desktop
11310,2024-06-25,CA,mobile
11311,2025-04-05,IN,desktop
11312,2025-10-03,PH,desktop
11313,2024-07-19,PH,mobile
11314,2024-02-11,GB,desktop
11315,2023-03-21,IN,mobile
11316,2025-05-11,CA,desktop
11317,2025-09-29,BR,desktop
11318,2024-11-03,IN,tablet
11319,2025-01-17,BR,desktop
11320,2024-07-31,PH,mobile
11321,2023-03-22,DE,mobile
11322,2025-07-10,US,desktop
11323,2025-08-20,US,mobile
11324,2023-11-22,IN,desktop
11325,2024-05-20,US,mobile
11326,2026-04-19,BR,mobile
11327,2025-02-17,IN,mobile
11328,2026-02-09,AU,mobile
11329,2025-03-21,US,desktop
11330,2025-07-02,CA,desktop
11331,2024-01-29,PH,desktop
11332,2025-02-13,US,desktop
11333,2025-12-08,US,desktop
11334,2024-06-14,PH,mobile
11335,2024-08-29,IN,mobile
11336,2024-06-21,US,desktop
11337,2024-03-13,US,desktop
11338,2025-05-21,PH,mobile
11339,2024-03-19,DE,tablet
11340,2023-08-26,IN,desktop
11341,2023-05-02,US,mobile
11342,2025-04-09,US,desktop
11343,2025-11-09,US,desktop
11344,2024-11-16,US,mobile
11345,2026-01-21,GB,mobile
11346,2025-10-22,IN,desktop
11347,2024-11-14,US,mobile
11348,2025-09-10,AU,desktop
11349,2023-10-19,IN,mobile
11350,2023-11-14,IN,desktop
11351,2023-06-30,US,mobile
11352,2025-05-13,BR,desktop
11353,2024-10-16,IN,mobile
11354,2025-10-21,US,mobile
11355,2023-06-16,GB,mobile
11356,2024-05-01,CA,desktop
11357,2024-08-08,PH,mobile
11358,2025-09-10,BR,desktop
11359,2023-06-10,PH,mobile
11360,2024-05-26,US,mobile
11361,2024-01-14,IN,mobile
11362,2024-02-19,US,mobile
11363,2023-07-01,CA,mobile
11364,2024-06-15,US,desktop
11365,2025-04-24,BR,desktop
11366,2024-08-15,PH,desktop
11367,2025-11-12,US,mobile
11368,2023-02-19,AU,mobile
11369,2026-02-26,AU,desktop
11370,2025-11-13,US,mobile
11371,2023-09-15,PH,desktop
11372,2025-10-31,US,desktop
11373,2024-07-10,BR,mobile
11374,2023-08-19,US,mobile
11375,2023-06-02,IN,desktop
11376,2026-04-06,BR,mobile
11377,2023-11-01,BR,mobile
11378,2026-03-25,US,desktop
11379,2024-11-22,IN,desktop
11380,2024-11-07,IN,mobile
11381,2025-08-12,US,desktop
11382,2025-03-13,US,mobile
11383,2023-09-26,US,mobile
11384,2025-11-28,IN,mobile
11385,2024-07-09,IN,mobile
11386,2024-08-21,IN,mobile
11387,2024-09-13,IN,desktop
11388,2024-01-05,BR,mobile
11389,2025-03-08,PH,mobile
11390,2025-04-28,PH,mobile
11391,2025-03-23,BR,desktop
11392,2023-11-11,IN,mobile
11393,2024-04-30,US,mobile
11394,2024-07-17,IN,mobile
11395,2026-03-24,GB,desktop
11396,2023-12-30,US,mobile
11397,2025-04-17,US,desktop
11398,2025-08-25,US,mobile
11399,2024-06-14,IN,mobile
11400,2024-10-24,PH,desktop
11401,2025-05-07,US,mobile
11402,2025-06-04,AU,mobile
11403,2025-02-02,BR,desktop
11404,2026-03-25,BR,mobile
11405,2026-03-01,PH,mobile
11406,2025-10-28,US,mobile
11407,2025-01-20,IN,tablet
11408,2025-08-21,US,mobile
11409,2024-05-17,DE,desktop
11410,2025-09-18,AU,mobile
11411,2025-02-03,US,desktop
11412,2024-12-04,US,desktop
11413,2025-04-18,US,mobile
11414,2024-06-17,IN,mobile
11415,2023-12-04,BR,mobile
11416,2023-05-25,IN,mobile
11417,2025-05-02,IN,mobile
11418,2026-01-27,IN,mobile
11419,2025-03-11,CA,mobile
11420,2025-08-15,AU,tablet
11421,2025-01-10,US,tablet
11422,2025-01-01,CA,desktop
11423,2025-01-28,PH,desktop
11424,2024-07-16,IN,mobile
11425,2023-09-28,IN,desktop
11426,2023-05-30,CA,mobile
11427,2023-11-03,US,desktop
11428,2023-04-18,BR,mobile
11429,2023-12-14,US,desktop
11430,2026-02-19,US,mobile
11431,2023-11-04,GB,mobile
11432,2024-01-19,PH,desktop
11433,2025-08-11,US,mobile
11434,2024-11-16,GB,mobile
11435,2023-06-09,CA,mobile
11436,2026-03-09,US,mobile
11437,2023-10-10,US,desktop
11438,2023-05-25,PH,mobile
11439,2023-09-04,US,mobile
11440,2024-07-30,AU,mobile
11441,2023-08-27,IN,mobile
11442,2023-03-25,PH,mobile
11443,2024-06-17,DE,mobile
11444,2024-12-29,IN,mobile
11445,2024-04-20,PH,desktop
11446,2026-03-06,US,desktop
11447,2024-12-01,GB,mobile
11448,2026-03-05,PH,desktop
11449,2023-09-12,US,desktop
11450,2023-11-23,CA,mobile
11451,2024-10-15,GB,desktop
11452,2024-01-11,IN,mobile
11453,2026-01-14,CA,mobile
11454,2025-06-13,BR,mobile
11455,2023-06-10,DE,desktop
11456,2026-02-25,BR,desktop
11457,2024-04-15,IN,desktop
11458,2025-12-28,US,mobile
11459,2025-05-01,BR,mobile
11460,2026-03-29,CA,desktop
11461,2023-08-31,GB,mobile
11462,2026-03-03,IN,desktop
11463,2025-01-11,BR,mobile
11464,2025-10-02,US,mobile
11465,2024-03-19,IN,mobile
11466,2024-07-18,IN,mobile
11467,2024-06-27,CA,desktop
11468,2023-08-02,US,desktop
11469,2024-05-01,US,mobile
11470,2026-03-11,US,mobile
11471,2026-01-13,IN,mobile
11472,2024-04-12,GB,desktop
11473,2024-04-05,US,desktop
11474,2024-06-27,US,mobile
11475,2023-11-18,US,desktop
11476,2024-10-18,IN,mobile
11477,2024-01-11,IN,mobile
11478,2025-12-09,CA,mobile
11479,2023-10-02,US,mobile
11480,2024-12-23,US,desktop
11481,2025-11-29,IN,mobile
11482,2026-03-05,IN,mobile
11483,2025-12-05,CA,tablet
11484,2025-05-19,GB,mobile
11485,2025-03-13,CA,desktop
11486,2023-03-15,IN,mobile
11487,2025-01-04,IN,mobile
11488,2025-08-27,PH,mobile
11489,2024-07-07,IN,mobile
11490,2024-08-04,US,mobile
11491,2023-07-24,IN,mobile
11492,2025-01-13,PH,mobile
11493,2025-10-11,US,desktop
11494,2024-05-30,US,tablet
11495,2023-07-20,US,mobile
11496,2025-09-05,GB,mobile
11497,2024-04-21,IN,mobile
11498,2024-12-14,IN,mobile
11499,2023-09-01,BR,mobile
11500,2025-09-06,IN,mobile
11501,2023-08-02,IN,mobile
11502,2025-02-11,US,tablet
11503,2024-10-09,PH,mobile
11504,2026-02-26,GB,mobile
11505,2025-07-26,IN,mobile
11506,2026-02-03,US,mobile
11507,2025-11-27,CA,mobile
11508,2025-05-18,US,mobile
11509,2025-03-02,CA,mobile
11510,2026-04-12,US,mobile
11511,2026-02-19,PH,mobile
11512,2025-11-04,IN,mobile
11513,2026-04-05,DE,desktop
11514,2023-03-16,IN,desktop
11515,2025-08-19,US,desktop
11516,2023-10-19,IN,mobile
11517,2025-03-27,IN,mobile
11518,2023-10-26,US,desktop
11519,2025-06-30,DE,mobile
11520,2026-02-14,IN,mobile
11521,2024-06-14,DE,desktop
11522,2023-05-16,US,desktop
11523,2025-01-31,CA,mobile
11524,2023-11-12,BR,mobile
11525,2024-10-13,US,mobile
11526,2025-09-09,US,desktop
11527,2026-03-25,BR,desktop
11528,2025-06-08,CA,desktop
11529,2024-06-20,US,mobile
11530,2024-06-12,BR,mobile
11531,2023-04-24,US,mobile
11532,2025-03-03,CA,mobile
11533,2024-05-24,PH,mobile
11534,2025-12-02,US,mobile
11535,2025-03-19,DE,desktop
11536,2024-04-30,IN,desktop
11537,2025-11-10,US,mobile
11538,2025-11-27,DE,mobile
11539,2023-02-27,US,mobile
11540,2025-04-10,GB,mobile
11541,2025-07-01,US,desktop
11542,2023-06-01,PH,desktop
11543,2023-10-22,IN,desktop
11544,2023-05-21,BR,desktop
11545,2024-02-29,DE,mobile
11546,2026-03-18,IN,mobile
11547,2023-06-26,PH,mobile
11548,2024-08-11,PH,mobile
11549,2025-01-01,US,tablet
11550,2025-05-06,GB,mobile
11551,2023-08-15,BR,mobile
11552,2026-03-06,CA,mobile
11553,2025-03-12,IN,mobile
11554,2024-07-18,DE,mobile
11555,2025-12-08,CA,desktop
11556,2024-08-15,AU,desktop
11557,2025-12-29,IN,mobile
11558,2026-04-04,AU,mobile
11559,2026-04-21,BR,tablet
11560,2024-01-13,BR,tablet
11561,2025-01-02,BR,desktop
11562,2024-12-14,BR,mobile
11563,2025-09-03,IN,desktop
11564,2023-02-19,US,mobile
11565,2025-03-04,CA,desktop
11566,2025-09-14,CA,mobile
11567,2025-10-15,DE,mobile
11568,2024-09-06,PH,mobile
11569,2024-04-12,US,mobile
11570,2023-09-27,PH,tablet
11571,2025-03-04,GB,mobile
11572,2025-04-06,PH,desktop
11573,2023-06-15,US,mobile
11574,2025-11-09,US,desktop
11575,2024-11-19,PH,mobile
11576,2024-02-14,IN,mobile
11577,2026-02-21,CA,mobile
11578,2023-07-11,BR,mobile
11579,2023-09-27,PH,mobile
11580,2024-03-02,IN,desktop
11581,2023-05-09,PH,desktop
11582,2023-09-30,PH,desktop
11583,2023-03-14,IN,mobile
11584,2024-09-21,IN,tablet
11585,2024-10-09,CA,mobile
11586,2024-09-20,AU,desktop
11587,2025-05-01,AU,desktop
11588,2024-11-29,GB,mobile
11589,2026-02-11,BR,tablet
11590,2023-05-10,GB,desktop
11591,2023-09-13,US,desktop
11592,2025-12-25,BR,mobile
11593,2026-02-07,US,mobile
11594,2025-11-22,IN,mobile
11595,2023-08-08,PH,mobile
11596,2025-01-07,BR,mobile
11597,2024-06-24,IN,desktop
11598,2025-01-28,PH,mobile
11599,2024-03-10,PH,mobile
11600,2023-02-23,IN,mobile
11601,2023-06-21,PH,desktop
11602,2024-10-22,IN,mobile
11603,2023-04-12,BR,desktop
11604,2024-03-05,GB,mobile
11605,2023-10-18,US,mobile
11606,2023-08-21,GB,mobile
11607,2024-02-13,DE,mobile
11608,2026-03-18,GB,desktop
11609,2025-06-19,BR,desktop
11610,2024-10-08,US,desktop
11611,2026-01-31,US,mobile
11612,2024-03-17,PH,mobile
11613,2024-10-05,DE,tablet
11614,2025-11-22,DE,tablet
11615,2025-02-12,US,desktop
11616,2024-06-14,PH,mobile
11617,2023-04-03,US,desktop
11618,2023-04-21,BR,tablet
11619,2024-07-26,DE,desktop
11620,2024-07-09,PH,mobile
11621,2025-09-09,PH,tablet
11622,2024-03-16,IN,mobile
11623,2024-01-23,PH,mobile
11624,2024-09-26,IN,mobile
11625,2025-07-29,AU,desktop
11626,2025-11-23,US,desktop
11627,2024-07-18,PH,desktop
11628,2025-09-28,IN,desktop
11629,2026-03-06,GB,mobile
11630,2026-02-12,US,mobile
11631,2025-09-24,IN,desktop
11632,2023-06-27,AU,mobile
11633,2024-04-03,DE,desktop
11634,2025-06-08,IN,mobile
11635,2023-06-29,IN,desktop
11636,2026-01-14,BR,mobile
11637,2025-10-04,IN,mobile
11638,2026-01-22,US,mobile
11639,2023-06-27,CA,mobile
11640,2026-02-17,IN,tablet
11641,2025-02-20,US,mobile
11642,2024-08-20,GB,desktop
11643,2025-07-20,IN,desktop
11644,2026-04-05,US,mobile
11645,2024-06-23,IN,mobile
11646,2025-01-13,IN,mobile
11647,2025-01-16,IN,desktop
11648,2024-05-25,BR,desktop
11649,2026-01-25,CA,mobile
11650,2025-08-19,US,mobile
11651,2023-08-01,CA,desktop
11652,2024-06-09,CA,mobile
11653,2024-12-06,DE,desktop
11654,2023-10-22,US,mobile
11655,2024-05-04,US,mobile
11656,2025-02-06,US,desktop
11657,2025-08-11,BR,mobile
11658,2024-10-21,BR,mobile
11659,2024-09-01,IN,mobile
11660,2025-07-07,PH,desktop
11661,2024-02-07,US,mobile
11662,2024-02-06,IN,desktop
11663,2025-09-11,IN,mobile
11664,2024-07-09,CA,mobile
11665,2024-06-20,PH,mobile
11666,2025-07-12,GB,mobile
11667,2023-12-28,PH,desktop
11668,2024-01-06,GB,mobile
11669,2024-05-19,IN,desktop
11670,2025-11-02,US,tablet
11671,2025-09-30,PH,mobile
11672,2024-10-28,IN,mobile
11673,2023-10-09,IN,mobile
11674,2024-09-05,IN,mobile
11675,2023-06-08,IN,mobile
11676,2024-08-14,US,desktop
11677,2026-01-13,IN,mobile
11678,2025-11-10,IN,desktop
11679,2023-10-11,US,desktop
11680,2025-04-01,DE,tablet
11681,2024-10-15,PH,mobile
11682,2023-05-30,AU,tablet
11683,2023-04-13,US,tablet
11684,2025-07-03,PH,desktop
11685,2024-09-17,US,desktop
11686,2025-02-26,IN,desktop
11687,2024-09-25,GB,mobile
11688,2025-03-06,GB,desktop
11689,2023-02-18,GB,mobile
11690,2025-04-26,BR,desktop
11691,2026-04-29,US,mobile
11692,2025-12-16,IN,desktop
11693,2025-03-29,CA,mobile
11694,2024-10-14,BR,mobile
11695,2026-01-03,IN,desktop
11696,2026-04-02,DE,mobile
11697,2025-05-07,US,mobile
11698,2024-05-13,GB,mobile
11699,2026-04-07,IN,mobile
11700,2025-05-11,US,mobile
11701,2024-02-29,IN,mobile
11702,2023-04-30,US,desktop
11703,2025-09-24,US,mobile
11704,2025-02-27,BR,mobile
11705,2025-05-01,PH,desktop
11706,2025-06-11,PH,mobile
11707,2025-06-11,US,mobile
11708,2023-10-08,IN,desktop
11709,2024-10-24,IN,mobile
11710,2025-08-29,IN,mobile
11711,2025-05-06,US,mobile
11712,2023-04-02,BR,mobile
11713,2025-07-04,CA,mobile
11714,2026-03-29,GB,tablet
11715,2025-03-01,US,tablet
11716,2025-06-13,IN,mobile
11717,2023-12-01,IN,mobile
11718,2023-12-26,US,mobile
11719,2025-08-07,US,mobile
11720,2026-04-25,US,tablet
11721,2023-08-30,US,desktop
11722,2024-12-09,IN,mobile
11723,2024-10-24,US,desktop
11724,2023-05-05,US,mobile
11725,2026-04-03,DE,mobile
11726,2024-06-21,US,mobile
11727,2023-05-08,US,mobile
11728,2024-11-24,IN,desktop
11729,2026-04-25,US,mobile
11730,2024-04-01,GB,mobile
11731,2025-05-11,AU,desktop
11732,2025-04-25,IN,mobile
11733,2026-02-10,IN,mobile
11734,2025-01-03,DE,mobile
11735,2026-01-30,IN,mobile
11736,2024-10-09,GB,desktop
11737,2025-08-16,IN,desktop
11738,2025-11-16,IN,desktop
11739,2025-05-19,CA,desktop
11740,2025-09-27,US,mobile
11741,2023-08-15,DE,mobile
11742,2023-03-22,GB,desktop
11743,2025-08-30,US,mobile
11744,2026-03-23,IN,desktop
11745,2024-03-19,IN,mobile
11746,2025-09-17,DE,desktop
11747,2023-11-29,BR,mobile
11748,2023-12-14,PH,mobile
11749,2023-06-07,GB,tablet
11750,2025-03-27,US,desktop
11751,2024-01-28,PH,desktop
11752,2023-03-01,BR,mobile
11753,2026-01-05,PH,mobile
11754,2026-03-29,PH,mobile
11755,2025-10-16,US,mobile
11756,2025-01-23,GB,mobile
11757,2023-12-04,GB,mobile
11758,2026-03-14,BR,mobile
11759,2023-03-13,DE,desktop
11760,2024-07-16,PH,desktop
11761,2024-06-25,PH,desktop
11762,2025-12-30,GB,mobile
11763,2023-12-04,IN,mobile
11764,2024-05-28,PH,mobile
11765,2023-10-17,IN,mobile
11766,2024-02-26,PH,desktop
11767,2026-02-18,GB,mobile
11768,2025-01-27,US,mobile
11769,2026-04-24,IN,mobile
11770,2024-12-23,US,mobile
11771,2023-12-06,IN,mobile
11772,2023-10-30,US,mobile
11773,2023-09-20,PH,desktop
11774,2025-10-26,US,mobile
11775,2024-03-04,GB,mobile
11776,2023-03-25,BR,mobile
11777,2024-12-13,IN,desktop
11778,2024-07-10,PH,mobile
11779,2023-06-21,GB,desktop
11780,2023-06-12,US,desktop
11781,2023-03-11,GB,mobile
11782,2023-03-31,US,mobile
11783,2025-10-13,IN,mobile
11784,2024-06-21,GB,desktop
11785,2023-07-26,IN,desktop
11786,2024-10-24,IN,desktop
11787,2025-06-06,US,tablet
11788,2026-01-28,US,mobile
11789,2025-05-20,IN,mobile
11790,2025-11-07,IN,mobile
11791,2023-10-19,US,mobile
11792,2023-03-29,US,tablet
11793,2024-01-23,PH,desktop
11794,2026-02-19,US,mobile
11795,2025-11-01,BR,mobile
11796,2024-11-02,BR,desktop
11797,2023-04-19,IN,desktop
11798,2023-12-25,GB,tablet
11799,2026-05-02,IN,desktop
11800,2024-10-07,US,desktop
11801,2024-12-26,IN,mobile
11802,2026-04-10,PH,mobile
11803,2024-02-10,US,mobile
11804,2024-04-17,PH,mobile
11805,2026-04-20,US,mobile
11806,2025-12-09,PH,mobile
11807,2024-07-28,IN,desktop
11808,2024-10-08,US,mobile
11809,2024-04-05,US,mobile
11810,2025-09-11,IN,mobile
11811,2025-05-06,US,mobile
11812,2025-02-25,BR,desktop
11813,2024-04-26,IN,desktop
11814,2023-03-06,US,mobile
11815,2025-12-12,GB,mobile
11816,2026-04-27,US,mobile
11817,2023-08-11,US,desktop
11818,2025-11-09,IN,mobile
11819,2025-06-29,BR,mobile
11820,2026-02-14,US,mobile
11821,2024-10-10,US,mobile
11822,2023-04-09,IN,mobile
11823,2024-07-01,BR,desktop
11824,2024-07-11,US,mobile
11825,2023-07-10,US,mobile
11826,2024-07-14,GB,mobile
11827,2025-08-08,IN,mobile
11828,2025-12-13,BR,mobile
11829,2023-11-18,GB,tablet
11830,2026-02-08,US,mobile
11831,2024-09-13,US,mobile
11832,2024-11-23,CA,mobile
11833,2023-12-02,US,mobile
11834,2023-04-29,IN,mobile
11835,2025-07-02,GB,mobile
11836,2023-07-01,PH,mobile
11837,2023-08-29,BR,tablet
11838,2025-12-18,US,mobile
11839,2026-02-26,CA,desktop
11840,2025-08-23,BR,mobile
11841,2025-02-18,DE,desktop
11842,2025-06-10,PH,mobile
11843,2025-10-23,GB,mobile
11844,2024-04-13,PH,mobile
11845,2026-03-05,AU,mobile
11846,2023-10-05,IN,mobile
11847,2023-04-02,DE,mobile
11848,2024-12-08,PH,mobile
11849,2026-04-09,IN,mobile
11850,2025-07-11,US,tablet
11851,2024-05-17,CA,mobile
11852,2025-01-10,DE,desktop
11853,2024-09-03,IN,mobile
11854,2024-12-18,AU,mobile
11855,2024-09-05,US,desktop
11856,2026-01-30,PH,mobile
11857,2025-08-14,PH,mobile
11858,2026-04-28,US,desktop
11859,2024-08-08,IN,tablet
11860,2025-04-29,GB,desktop
11861,2025-10-18,BR,desktop
11862,2023-03-26,IN,desktop
11863,2023-03-13,AU,desktop
11864,2024-11-15,US,desktop
11865,2025-05-01,CA,mobile
11866,2025-11-13,BR,mobile
11867,2023-05-15,US,mobile
11868,2026-04-22,US,mobile
11869,2025-02-11,GB,mobile
11870,2023-11-22,IN,tablet
11871,2024-03-11,IN,mobile
11872,2026-04-04,IN,mobile
11873,2024-05-26,IN,desktop
11874,2024-07-07,US,mobile
11875,2025-01-18,US,tablet
11876,2023-04-09,IN,tablet
11877,2023-09-10,BR,mobile
11878,2023-03-14,IN,desktop
11879,2023-09-14,US,desktop
11880,2025-02-09,BR,desktop
11881,2025-06-21,DE,mobile
11882,2025-09-16,IN,mobile
11883,2024-12-17,PH,mobile
11884,2025-10-17,IN,desktop
11885,2025-10-18,BR,desktop
11886,2024-03-16,IN,desktop
11887,2025-11-10,IN,desktop
11888,2025-05-17,AU,desktop
11889,2023-09-25,AU,mobile
11890,2026-01-24,US,mobile
11891,2023-03-04,PH,desktop
11892,2024-02-13,US,desktop
11893,2024-09-28,GB,mobile
11894,2025-11-05,AU,tablet
11895,2023-02-21,IN,desktop
11896,2024-04-07,US,mobile
11897,2026-05-01,US,desktop
11898,2024-04-11,IN,desktop
11899,2024-11-09,IN,desktop
11900,2025-04-23,IN,desktop
11901,2025-06-01,US,mobile
11902,2023-06-14,IN,mobile
11903,2024-07-02,US,desktop
11904,2025-09-19,IN,desktop
11905,2025-05-15,CA,desktop
11906,2023-12-29,CA,desktop
11907,2025-02-05,US,mobile
11908,2026-04-05,US,mobile
11909,2026-02-24,US,desktop
11910,2026-03-24,BR,desktop
11911,2025-05-26,US,desktop
11912,2023-10-20,IN,mobile
11913,2026-04-01,CA,tablet
11914,2024-09-27,US,desktop
11915,2024-02-23,IN,mobile
11916,2025-10-11,US,desktop
11917,2025-05-01,CA,desktop
11918,2024-11-09,PH,tablet
11919,2025-12-08,PH,tablet
11920,2024-12-21,US,mobile
11921,2023-09-25,BR,mobile
11922,2026-05-02,GB,tablet
11923,2024-06-03,DE,mobile
11924,2024-01-30,BR,mobile
11925,2025-06-06,US,mobile
11926,2025-11-22,BR,mobile
11927,2024-10-01,US,mobile
11928,2023-06-21,IN,mobile
11929,2025-04-01,US,desktop
11930,2024-11-06,US,mobile
11931,2023-10-29,GB,mobile
11932,2024-05-26,BR,desktop
11933,2023-08-29,US,mobile
11934,2026-01-05,PH,mobile
11935,2024-08-27,US,mobile
11936,2026-03-26,IN,tablet
11937,2024-10-11,US,mobile
11938,2025-02-26,GB,mobile
11939,2023-02-18,IN,mobile
11940,2024-05-02,CA,mobile
11941,2026-04-12,IN,mobile
11942,2025-11-08,CA,mobile
11943,2025-03-01,PH,mobile
11944,2025-05-07,US,desktop
11945,2024-03-25,AU,mobile
11946,2025-04-19,IN,mobile
11947,2025-05-27,BR,mobile
11948,2024-02-17,US,mobile
11949,2025-10-18,PH,mobile
11950,2025-05-15,US,desktop
11951,2025-11-23,PH,desktop
11952,2025-06-14,IN,desktop
11953,2026-04-10,IN,mobile
11954,2025-04-02,GB,mobile
11955,2024-11-11,IN,desktop
11956,2024-02-11,IN,tablet
11957,2025-06-12,PH,mobile
11958,2024-05-04,IN,tablet
11959,2024-02-19,US,desktop
11960,2025-12-24,PH,mobile
11961,2023-10-30,PH,mobile
11962,2023-05-17,AU,desktop
11963,2024-11-25,IN,desktop
11964,2025-04-06,IN,mobile
11965,2025-04-01,GB,desktop
11966,2023-07-26,US,mobile
11967,2023-12-05,IN,mobile
11968,2024-05-01,US,mobile
11969,2025-08-18,IN,mobile
11970,2025-02-21,US,desktop
11971,2025-07-20,DE,desktop
11972,2025-03-08,BR,mobile
11973,2025-07-05,IN,mobile
11974,2024-07-12,BR,desktop
11975,2024-09-13,IN,mobile
11976,2023-04-30,PH,tablet
11977,2025-06-01,US,mobile
11978,2023-04-21,IN,mobile
11979,2024-12-04,AU,tablet
11980,2023-09-18,DE,mobile
11981,2024-05-21,CA,desktop
11982,2024-09-24,PH,mobile
11983,2025-08-25,IN,desktop
11984,2024-03-23,US,desktop
11985,2025-02-22,US,desktop
11986,2025-06-18,IN,tablet
11987,2025-05-24,US,mobile
11988,2026-02-14,CA,mobile
11989,2024-01-11,GB,desktop
11990,2025-03-26,GB,mobile
11991,2023-07-18,IN,mobile
11992,2026-02-08,US,desktop
11993,2026-04-03,PH,desktop
11994,2023-04-19,BR,desktop
11995,2024-10-10,IN,desktop
11996,2026-04-02,US,mobile
11997,2024-06-30,DE,mobile
11998,2025-11-24,IN,tablet
11999,2025-05-27,GB,mobile
12000,2025-03-25,GB,desktop
