user_id,variant,assignment_date,num_questions_asked_alltime,avg_word_count_alltime,quality_answer_rate_alltime,num_questions_post,avg_word_count_post,quality_answer_rate_post,asked_any_post,asked_any_alltime
1,control,2026-06-02,4,49.2,0.75,4,49.25,0.75,TRUE,TRUE
2,control,2026-06-02,7,33.4,0.571,7,33.42857142857143,0.5714285714285714,TRUE,TRUE
3,treatment,2026-06-02,5,35.2,0.4,5,35.2,0.4,TRUE,TRUE
4,treatment,2026-06-05,0,NA,NA,0,NA,NA,FALSE,FALSE
5,control,2026-06-02,0,NA,NA,0,NA,NA,FALSE,FALSE
6,control,2026-06-05,6,46,1,6,46,1,TRUE,TRUE
7,control,2026-06-01,8,33.6,0.625,8,33.625,0.625,TRUE,TRUE
8,control,2026-06-04,5,27.6,0.4,5,27.6,0.4,TRUE,TRUE
9,treatment,2026-06-05,2,32,1,1,39,1,TRUE,TRUE
10,control,2026-06-03,1,21,0,1,21,0,TRUE,TRUE
11,treatment,2026-06-05,5,36,0.8,5,36,0.8,TRUE,TRUE
12,treatment,2026-06-01,0,NA,NA,0,NA,NA,FALSE,FALSE
13,treatment,2026-06-02,3,46,1,3,46,1,TRUE,TRUE
14,treatment,2026-06-01,1,57,1,1,57,1,TRUE,TRUE
15,treatment,2026-06-02,2,33.5,1,2,33.5,1,TRUE,TRUE
16,control,2026-06-05,1,22,1,1,22,1,TRUE,TRUE
17,control,2026-06-03,5,40,0.4,5,40,0.4,TRUE,TRUE
18,control,2026-06-03,2,31,1,2,31,1,TRUE,TRUE
19,treatment,2026-06-03,0,NA,NA,0,NA,NA,FALSE,FALSE
20,control,2026-06-03,2,50,1,2,50,1,TRUE,TRUE
21,treatment,2026-06-02,5,49,0.6,5,49,0.6,TRUE,TRUE
22,control,2026-06-03,5,46,0.8,5,46,0.8,TRUE,TRUE
23,control,2026-06-03,0,NA,NA,0,NA,NA,FALSE,FALSE
24,control,2026-06-03,6,31.3,0.333,6,31.333333333333332,0.3333333333333333,TRUE,TRUE
25,control,2026-06-05,6,48.2,0.667,5,43.8,0.6,TRUE,TRUE
26,control,2026-06-01,8,31.8,1,8,31.75,1,TRUE,TRUE
27,control,2026-06-05,1,12,0,1,12,0,TRUE,TRUE
28,treatment,2026-06-03,1,30,1,1,30,1,TRUE,TRUE
29,treatment,2026-06-01,1,153,1,1,153,1,TRUE,TRUE
30,treatment,2026-06-05,6,36.5,0.833,6,36.5,0.8333333333333334,TRUE,TRUE
31,control,2026-06-01,1,26,0,1,26,0,TRUE,TRUE
32,control,2026-06-01,4,40.8,0.5,4,40.75,0.5,TRUE,TRUE
33,treatment,2026-06-04,0,NA,NA,0,NA,NA,FALSE,FALSE
34,treatment,2026-06-02,1,48,1,1,48,1,TRUE,TRUE
35,control,2026-06-01,6,30,0.833,6,30,0.8333333333333334,TRUE,TRUE
36,treatment,2026-06-04,2,66,1,2,66,1,TRUE,TRUE
37,control,2026-06-03,3,25,0.667,3,25,0.6666666666666666,TRUE,TRUE
38,control,2026-06-04,6,27.5,0.5,6,27.5,0.5,TRUE,TRUE
39,treatment,2026-06-01,6,36.2,0.5,6,36.166666666666664,0.5,TRUE,TRUE
40,treatment,2026-06-05,4,35.2,0.5,4,35.25,0.5,TRUE,TRUE
41,treatment,2026-06-03,3,96,0.667,3,96,0.6666666666666666,TRUE,TRUE
42,treatment,2026-06-05,0,NA,NA,0,NA,NA,FALSE,FALSE
43,treatment,2026-06-03,0,NA,NA,0,NA,NA,FALSE,FALSE
44,control,2026-06-04,2,25,0.5,2,25,0.5,TRUE,TRUE
45,treatment,2026-06-02,2,37,1,2,37,1,TRUE,TRUE
46,control,2026-06-03,2,27.5,1,2,27.5,1,TRUE,TRUE
47,control,2026-06-02,3,26.7,0.667,3,26.666666666666668,0.6666666666666666,TRUE,TRUE
48,treatment,2026-06-02,2,46,0.5,2,46,0.5,TRUE,TRUE
49,treatment,2026-06-03,0,NA,NA,0,NA,NA,FALSE,FALSE
50,treatment,2026-06-02,6,34.5,1,6,34.5,1,TRUE,TRUE
51,control,2026-06-04,2,26.5,1,2,26.5,1,TRUE,TRUE
52,treatment,2026-06-04,6,65,0.5,6,65,0.5,TRUE,TRUE
53,treatment,2026-06-02,2,36.5,0.5,2,36.5,0.5,TRUE,TRUE
54,treatment,2026-06-02,3,40,0.667,3,40,0.6666666666666666,TRUE,TRUE
55,treatment,2026-06-04,3,33,1,3,33,1,TRUE,TRUE
56,control,2026-06-04,1,60,1,1,60,1,TRUE,TRUE
57,treatment,2026-06-02,2,34,1,2,34,1,TRUE,TRUE
58,control,2026-06-04,0,NA,NA,0,NA,NA,FALSE,FALSE
59,treatment,2026-06-04,6,42,0.833,6,42,0.8333333333333334,TRUE,TRUE
60,treatment,2026-06-01,2,31.5,0.5,2,31.5,0.5,TRUE,TRUE
61,treatment,2026-06-05,14,44.9,0.857,13,45.84615384615385,0.8461538461538461,TRUE,TRUE
62,control,2026-06-04,0,NA,NA,0,NA,NA,FALSE,FALSE
63,treatment,2026-06-05,5,76,1,5,76,1,TRUE,TRUE
64,control,2026-06-05,3,32,1,3,32,1,TRUE,TRUE
65,treatment,2026-06-02,4,49.5,0.75,4,49.5,0.75,TRUE,TRUE
66,treatment,2026-06-05,3,41,0.333,3,41,0.3333333333333333,TRUE,TRUE
67,control,2026-06-03,5,31.8,0.4,5,31.8,0.4,TRUE,TRUE
68,treatment,2026-06-03,11,43.8,0.455,10,45.4,0.5,TRUE,TRUE
69,treatment,2026-06-03,1,108,0,1,108,0,TRUE,TRUE
70,treatment,2026-06-03,6,54.7,0.667,6,54.666666666666664,0.6666666666666666,TRUE,TRUE
71,treatment,2026-06-05,4,56.5,0.75,3,57.333333333333336,1,TRUE,TRUE
72,control,2026-06-05,0,NA,NA,0,NA,NA,FALSE,FALSE
73,control,2026-06-05,2,33.5,1,2,33.5,1,TRUE,TRUE
74,treatment,2026-06-03,4,42,1,4,42,1,TRUE,TRUE
75,treatment,2026-06-03,3,68.3,0.667,3,68.33333333333333,0.6666666666666666,TRUE,TRUE
76,treatment,2026-06-03,4,33.8,0.5,4,33.75,0.5,TRUE,TRUE
77,treatment,2026-06-04,0,NA,NA,0,NA,NA,FALSE,FALSE
78,treatment,2026-06-02,0,NA,NA,0,NA,NA,FALSE,FALSE
79,treatment,2026-06-01,1,51,0,1,51,0,TRUE,TRUE
80,control,2026-06-01,3,49.7,0.667,3,49.666666666666664,0.6666666666666666,TRUE,TRUE
81,treatment,2026-06-03,7,33,0.429,7,33,0.42857142857142855,TRUE,TRUE
82,control,2026-06-02,0,NA,NA,0,NA,NA,FALSE,FALSE
83,treatment,2026-06-04,2,50,1,1,55,1,TRUE,TRUE
84,treatment,2026-06-05,2,78.5,1,2,78.5,1,TRUE,TRUE
85,control,2026-06-05,3,21.7,1,3,21.666666666666668,1,TRUE,TRUE
86,treatment,2026-06-01,7,51.1,0.571,7,51.142857142857146,0.5714285714285714,TRUE,TRUE
87,control,2026-06-03,5,32.6,0.8,5,32.6,0.8,TRUE,TRUE
88,treatment,2026-06-05,6,64.2,1,5,65.2,1,TRUE,TRUE
89,treatment,2026-06-05,0,NA,NA,0,NA,NA,FALSE,FALSE
90,treatment,2026-06-04,2,64.5,1,2,64.5,1,TRUE,TRUE
91,treatment,2026-06-02,2,25.5,1,2,25.5,1,TRUE,TRUE
92,treatment,2026-06-05,3,66.3,0.667,3,66.33333333333333,0.6666666666666666,TRUE,TRUE
93,treatment,2026-06-02,1,66,0,0,NA,NA,FALSE,TRUE
94,treatment,2026-06-05,0,NA,NA,0,NA,NA,FALSE,FALSE
95,control,2026-06-01,1,44,0,1,44,0,TRUE,TRUE
96,control,2026-06-01,3,28.3,0.667,3,28.333333333333332,0.6666666666666666,TRUE,TRUE
97,control,2026-06-05,5,56,0.6,4,37.5,0.5,TRUE,TRUE
98,control,2026-06-03,2,51.5,1,2,51.5,1,TRUE,TRUE
99,control,2026-06-05,11,29,0.727,10,27.4,0.7,TRUE,TRUE
100,treatment,2026-06-03,1,64,1,1,64,1,TRUE,TRUE
101,treatment,2026-06-03,7,31.6,0.571,7,31.571428571428573,0.5714285714285714,TRUE,TRUE
102,control,2026-06-05,10,41.1,0.7,10,41.1,0.7,TRUE,TRUE
103,treatment,2026-06-03,1,33,1,1,33,1,TRUE,TRUE
104,control,2026-06-03,1,20,0,1,20,0,TRUE,TRUE
105,treatment,2026-06-02,2,80,1,2,80,1,TRUE,TRUE
106,treatment,2026-06-05,6,39.3,1,5,39.8,1,TRUE,TRUE
107,control,2026-06-01,4,23,0.75,4,23,0.75,TRUE,TRUE
108,control,2026-06-02,2,45,0.5,2,45,0.5,TRUE,TRUE
109,treatment,2026-06-04,0,NA,NA,0,NA,NA,FALSE,FALSE
110,control,2026-06-02,8,30.1,0.875,8,30.125,0.875,TRUE,TRUE
111,treatment,2026-06-01,2,81,1,2,81,1,TRUE,TRUE
112,control,2026-06-03,1,111,0,1,111,0,TRUE,TRUE
113,control,2026-06-04,5,37.2,1,5,37.2,1,TRUE,TRUE
114,control,2026-06-05,1,45,1,1,45,1,TRUE,TRUE
115,treatment,2026-06-01,1,33,0,1,33,0,TRUE,TRUE
116,control,2026-06-02,2,26,0.5,2,26,0.5,TRUE,TRUE
117,control,2026-06-01,1,28,1,1,28,1,TRUE,TRUE
118,treatment,2026-06-04,4,39,1,3,35,1,TRUE,TRUE
119,treatment,2026-06-05,4,62,0.75,3,69,0.6666666666666666,TRUE,TRUE
120,treatment,2026-06-02,2,43,0,1,47,0,TRUE,TRUE
121,control,2026-06-05,2,23,1,1,17,1,TRUE,TRUE
122,control,2026-06-05,5,34.8,0.8,4,31.25,0.75,TRUE,TRUE
123,control,2026-06-03,3,32.7,1,3,32.666666666666664,1,TRUE,TRUE
124,treatment,2026-06-04,1,38,1,1,38,1,TRUE,TRUE
125,control,2026-06-05,6,21.2,0.5,4,18.25,0.5,TRUE,TRUE
126,control,2026-06-03,4,49,0.5,4,49,0.5,TRUE,TRUE
127,treatment,2026-06-05,1,59,1,1,59,1,TRUE,TRUE
128,control,2026-06-03,1,22,1,1,22,1,TRUE,TRUE
129,control,2026-06-02,5,34.2,0.6,5,34.2,0.6,TRUE,TRUE
130,treatment,2026-06-01,1,32,0,1,32,0,TRUE,TRUE
131,treatment,2026-06-03,10,49.6,0.5,9,49.22222222222222,0.4444444444444444,TRUE,TRUE
132,control,2026-06-05,3,41.7,0.667,3,41.666666666666664,0.6666666666666666,TRUE,TRUE
133,treatment,2026-06-05,2,20.5,1,2,20.5,1,TRUE,TRUE
134,treatment,2026-06-03,2,28,0.5,2,28,0.5,TRUE,TRUE
135,treatment,2026-06-05,5,21.4,0.8,5,21.4,0.8,TRUE,TRUE
136,control,2026-06-02,6,30,1,6,30,1,TRUE,TRUE
137,control,2026-06-02,3,28.7,0.667,3,28.666666666666668,0.6666666666666666,TRUE,TRUE
138,treatment,2026-06-02,6,83.3,0.667,6,83.33333333333333,0.6666666666666666,TRUE,TRUE
139,treatment,2026-06-03,3,57.7,0.667,2,59.5,0.5,TRUE,TRUE
140,treatment,2026-06-05,1,56,0,1,56,0,TRUE,TRUE
141,treatment,2026-06-01,4,28.8,0,4,28.75,0,TRUE,TRUE
142,treatment,2026-06-03,0,NA,NA,0,NA,NA,FALSE,FALSE
143,treatment,2026-06-02,6,53.3,0.833,6,53.333333333333336,0.8333333333333334,TRUE,TRUE
144,treatment,2026-06-05,0,NA,NA,0,NA,NA,FALSE,FALSE
145,control,2026-06-02,0,NA,NA,0,NA,NA,FALSE,FALSE
146,treatment,2026-06-04,2,18.5,1,2,18.5,1,TRUE,TRUE
147,treatment,2026-06-04,0,NA,NA,0,NA,NA,FALSE,FALSE
148,treatment,2026-06-05,6,55.7,0.833,6,55.666666666666664,0.8333333333333334,TRUE,TRUE
149,treatment,2026-06-05,2,73.5,1,2,73.5,1,TRUE,TRUE
150,control,2026-06-02,4,23.2,0.25,4,23.25,0.25,TRUE,TRUE
151,treatment,2026-06-03,5,33.8,0.4,5,33.8,0.4,TRUE,TRUE
152,treatment,2026-06-01,1,67,1,1,67,1,TRUE,TRUE
153,treatment,2026-06-05,3,104.7,0.333,3,104.66666666666667,0.3333333333333333,TRUE,TRUE
154,control,2026-06-02,1,18,1,1,18,1,TRUE,TRUE
155,treatment,2026-06-04,4,56,0.75,3,42.333333333333336,0.6666666666666666,TRUE,TRUE
156,treatment,2026-06-01,5,44.6,0.6,5,44.6,0.6,TRUE,TRUE
157,control,2026-06-02,1,64,1,1,64,1,TRUE,TRUE
158,treatment,2026-06-04,2,52.5,1,2,52.5,1,TRUE,TRUE
159,control,2026-06-01,2,56.5,0.5,2,56.5,0.5,TRUE,TRUE
160,control,2026-06-05,1,45,1,1,45,1,TRUE,TRUE
161,control,2026-06-04,7,27.1,0.857,7,27.142857142857142,0.8571428571428571,TRUE,TRUE
162,treatment,2026-06-04,2,55,1,2,55,1,TRUE,TRUE
163,treatment,2026-06-04,3,39.3,1,3,39.333333333333336,1,TRUE,TRUE
164,control,2026-06-04,1,36,1,1,36,1,TRUE,TRUE
165,control,2026-06-03,2,37,1,2,37,1,TRUE,TRUE
166,control,2026-06-04,5,37,0.8,5,37,0.8,TRUE,TRUE
167,control,2026-06-05,4,39.5,0.75,4,39.5,0.75,TRUE,TRUE
168,treatment,2026-06-05,0,NA,NA,0,NA,NA,FALSE,FALSE
169,control,2026-06-02,2,17,1,2,17,1,TRUE,TRUE
170,treatment,2026-06-03,3,52.7,0.667,3,52.666666666666664,0.6666666666666666,TRUE,TRUE
171,control,2026-06-03,6,32,0.667,6,32,0.6666666666666666,TRUE,TRUE
172,treatment,2026-06-04,3,40,1,3,40,1,TRUE,TRUE
173,treatment,2026-06-03,1,37,1,1,37,1,TRUE,TRUE
174,treatment,2026-06-01,4,56.2,0.75,4,56.25,0.75,TRUE,TRUE
175,control,2026-06-02,1,16,1,1,16,1,TRUE,TRUE
176,treatment,2026-06-04,1,77,1,1,77,1,TRUE,TRUE
177,treatment,2026-06-03,2,70,1,2,70,1,TRUE,TRUE
178,control,2026-06-03,3,37.7,0.667,3,37.666666666666664,0.6666666666666666,TRUE,TRUE
179,treatment,2026-06-03,1,14,1,1,14,1,TRUE,TRUE
180,treatment,2026-06-02,0,NA,NA,0,NA,NA,FALSE,FALSE
181,treatment,2026-06-03,5,55.4,1,5,55.4,1,TRUE,TRUE
182,control,2026-06-04,0,NA,NA,0,NA,NA,FALSE,FALSE
183,control,2026-06-02,10,32,0.6,9,33.55555555555556,0.5555555555555556,TRUE,TRUE
184,control,2026-06-04,8,29,0.5,8,29,0.5,TRUE,TRUE
185,treatment,2026-06-03,3,52.7,0.667,3,52.666666666666664,0.6666666666666666,TRUE,TRUE
186,treatment,2026-06-02,5,58,1,5,58,1,TRUE,TRUE
187,control,2026-06-01,2,35,0.5,2,35,0.5,TRUE,TRUE
188,treatment,2026-06-01,1,151,1,1,151,1,TRUE,TRUE
189,treatment,2026-06-05,1,61,0,1,61,0,TRUE,TRUE
190,control,2026-06-03,1,31,1,1,31,1,TRUE,TRUE
191,control,2026-06-05,7,39.4,0.714,7,39.42857142857143,0.7142857142857143,TRUE,TRUE
192,control,2026-06-05,7,24.4,0.857,6,25.666666666666668,0.8333333333333334,TRUE,TRUE
193,treatment,2026-06-04,6,50.2,0.667,5,50,0.8,TRUE,TRUE
194,control,2026-06-03,2,52.5,0.5,2,52.5,0.5,TRUE,TRUE
195,control,2026-06-02,2,28.5,0.5,2,28.5,0.5,TRUE,TRUE
196,treatment,2026-06-02,9,69.2,0.778,9,69.22222222222223,0.7777777777777778,TRUE,TRUE
197,control,2026-06-03,0,NA,NA,0,NA,NA,FALSE,FALSE
198,treatment,2026-06-01,8,36.6,0.75,8,36.625,0.75,TRUE,TRUE
199,control,2026-06-04,1,15,1,1,15,1,TRUE,TRUE
200,control,2026-06-01,2,40.5,1,2,40.5,1,TRUE,TRUE
201,control,2026-06-01,1,84,1,1,84,1,TRUE,TRUE
202,control,2026-06-05,5,36,0.6,5,36,0.6,TRUE,TRUE
203,control,2026-06-02,0,NA,NA,0,NA,NA,FALSE,FALSE
204,control,2026-06-01,5,30.6,1,5,30.6,1,TRUE,TRUE
205,treatment,2026-06-01,4,93.5,0.75,4,93.5,0.75,TRUE,TRUE
206,control,2026-06-02,1,18,0,1,18,0,TRUE,TRUE
207,control,2026-06-02,1,52,0,1,52,0,TRUE,TRUE
208,treatment,2026-06-05,2,50,1,2,50,1,TRUE,TRUE
209,control,2026-06-01,6,28.8,0.667,6,28.833333333333332,0.6666666666666666,TRUE,TRUE
210,control,2026-06-04,1,19,1,1,19,1,TRUE,TRUE
211,treatment,2026-06-02,1,50,1,1,50,1,TRUE,TRUE
212,control,2026-06-02,1,47,1,1,47,1,TRUE,TRUE
213,treatment,2026-06-01,0,NA,NA,0,NA,NA,FALSE,FALSE
214,control,2026-06-05,0,NA,NA,0,NA,NA,FALSE,FALSE
215,treatment,2026-06-01,2,33.5,0.5,2,33.5,0.5,TRUE,TRUE
216,control,2026-06-04,4,19,0.75,4,19,0.75,TRUE,TRUE
217,treatment,2026-06-05,8,34.2,0.875,7,29.714285714285715,0.8571428571428571,TRUE,TRUE
218,treatment,2026-06-01,4,40.8,1,4,40.75,1,TRUE,TRUE
219,treatment,2026-06-04,3,53.7,0.667,3,53.666666666666664,0.6666666666666666,TRUE,TRUE
220,control,2026-06-01,0,NA,NA,0,NA,NA,FALSE,FALSE
221,treatment,2026-06-04,7,43.9,0.714,6,45.5,0.8333333333333334,TRUE,TRUE
222,control,2026-06-03,6,27.8,1,5,32.4,1,TRUE,TRUE
223,treatment,2026-06-04,1,24,1,1,24,1,TRUE,TRUE
224,control,2026-06-02,0,NA,NA,0,NA,NA,FALSE,FALSE
225,treatment,2026-06-04,1,22,1,1,22,1,TRUE,TRUE
226,control,2026-06-01,1,55,0,1,55,0,TRUE,TRUE
227,control,2026-06-03,0,NA,NA,0,NA,NA,FALSE,FALSE
228,treatment,2026-06-03,4,35.8,0.75,4,35.75,0.75,TRUE,TRUE
229,control,2026-06-02,7,30.4,0.857,7,30.428571428571427,0.8571428571428571,TRUE,TRUE
230,control,2026-06-02,2,23,1,2,23,1,TRUE,TRUE
231,control,2026-06-05,6,38.3,1,5,35.8,1,TRUE,TRUE
232,control,2026-06-05,1,17,0,1,17,0,TRUE,TRUE
233,treatment,2026-06-02,4,28.8,0.75,3,24.333333333333332,0.6666666666666666,TRUE,TRUE
234,control,2026-06-05,1,29,1,1,29,1,TRUE,TRUE
235,treatment,2026-06-01,3,46.7,1,3,46.666666666666664,1,TRUE,TRUE
236,control,2026-06-03,2,67.5,0.5,1,18,0,TRUE,TRUE
237,treatment,2026-06-01,2,62.5,1,2,62.5,1,TRUE,TRUE
238,treatment,2026-06-05,4,34.8,1,4,34.75,1,TRUE,TRUE
239,treatment,2026-06-02,2,30.5,1,2,30.5,1,TRUE,TRUE
240,control,2026-06-02,4,45,0.75,4,45,0.75,TRUE,TRUE
241,treatment,2026-06-03,2,56.5,0.5,2,56.5,0.5,TRUE,TRUE
242,treatment,2026-06-04,4,63.8,0.75,4,63.75,0.75,TRUE,TRUE
243,treatment,2026-06-01,4,48.5,0.5,4,48.5,0.5,TRUE,TRUE
244,control,2026-06-05,2,20.5,0.5,2,20.5,0.5,TRUE,TRUE
245,treatment,2026-06-01,6,33.2,0.5,6,33.166666666666664,0.5,TRUE,TRUE
246,control,2026-06-01,13,32.4,0.462,13,32.38461538461539,0.46153846153846156,TRUE,TRUE
247,control,2026-06-04,3,59.7,0.667,2,82,1,TRUE,TRUE
248,treatment,2026-06-01,1,28,1,1,28,1,TRUE,TRUE
249,control,2026-06-04,8,26.1,0.625,7,25,0.5714285714285714,TRUE,TRUE
250,control,2026-06-03,7,35.1,0.857,7,35.142857142857146,0.8571428571428571,TRUE,TRUE
251,treatment,2026-06-01,3,48.7,0.667,3,48.666666666666664,0.6666666666666666,TRUE,TRUE
252,treatment,2026-06-05,1,61,1,1,61,1,TRUE,TRUE
253,control,2026-06-05,2,24,0.5,2,24,0.5,TRUE,TRUE
254,control,2026-06-02,1,46,1,1,46,1,TRUE,TRUE
255,treatment,2026-06-02,3,53.3,0.667,3,53.333333333333336,0.6666666666666666,TRUE,TRUE
256,treatment,2026-06-03,3,78.7,0.667,3,78.66666666666667,0.6666666666666666,TRUE,TRUE
257,control,2026-06-05,3,47.3,0.667,3,47.333333333333336,0.6666666666666666,TRUE,TRUE
258,treatment,2026-06-05,4,38,0.5,3,37.666666666666664,0.6666666666666666,TRUE,TRUE
259,control,2026-06-05,3,45.7,1,3,45.666666666666664,1,TRUE,TRUE
260,control,2026-06-02,1,36,0,1,36,0,TRUE,TRUE
261,control,2026-06-04,0,NA,NA,0,NA,NA,FALSE,FALSE
262,treatment,2026-06-03,0,NA,NA,0,NA,NA,FALSE,FALSE
263,treatment,2026-06-03,4,30,0.75,4,30,0.75,TRUE,TRUE
264,control,2026-06-01,1,17,1,1,17,1,TRUE,TRUE
265,control,2026-06-03,0,NA,NA,0,NA,NA,FALSE,FALSE
266,control,2026-06-02,2,27.5,0.5,2,27.5,0.5,TRUE,TRUE
267,treatment,2026-06-03,1,72,1,1,72,1,TRUE,TRUE
268,treatment,2026-06-01,4,53,0.75,4,53,0.75,TRUE,TRUE
269,treatment,2026-06-02,1,30,1,1,30,1,TRUE,TRUE
270,treatment,2026-06-04,7,52.9,0.143,7,52.857142857142854,0.14285714285714285,TRUE,TRUE
271,treatment,2026-06-04,0,NA,NA,0,NA,NA,FALSE,FALSE
272,treatment,2026-06-03,1,19,0,0,NA,NA,FALSE,TRUE
273,control,2026-06-01,1,45,1,1,45,1,TRUE,TRUE
274,control,2026-06-02,6,33.7,0.167,6,33.666666666666664,0.16666666666666666,TRUE,TRUE
275,treatment,2026-06-04,4,39.8,0.5,4,39.75,0.5,TRUE,TRUE
276,treatment,2026-06-04,5,40.2,0.6,4,42.5,0.5,TRUE,TRUE
277,treatment,2026-06-03,7,64.6,0.857,7,64.57142857142857,0.8571428571428571,TRUE,TRUE
278,treatment,2026-06-05,5,33.6,0.6,5,33.6,0.6,TRUE,TRUE
279,treatment,2026-06-02,5,55.2,0.6,5,55.2,0.6,TRUE,TRUE
280,control,2026-06-03,2,45,1,1,55,1,TRUE,TRUE
281,control,2026-06-04,3,21.3,0.667,3,21.333333333333332,0.6666666666666666,TRUE,TRUE
282,control,2026-06-02,1,20,1,1,20,1,TRUE,TRUE
283,treatment,2026-06-01,0,NA,NA,0,NA,NA,FALSE,FALSE
284,treatment,2026-06-05,7,58.4,0.714,7,58.42857142857143,0.7142857142857143,TRUE,TRUE
285,control,2026-06-04,5,27.4,0.8,5,27.4,0.8,TRUE,TRUE
286,control,2026-06-03,2,53,1,1,58,1,TRUE,TRUE
287,treatment,2026-06-02,2,48,0.5,2,48,0.5,TRUE,TRUE
288,treatment,2026-06-04,3,47.7,0.667,3,47.666666666666664,0.6666666666666666,TRUE,TRUE
289,treatment,2026-06-04,1,31,1,1,31,1,TRUE,TRUE
290,treatment,2026-06-05,2,49.5,0.5,2,49.5,0.5,TRUE,TRUE
291,control,2026-06-02,4,23.5,0.75,4,23.5,0.75,TRUE,TRUE
292,treatment,2026-06-03,1,26,1,1,26,1,TRUE,TRUE
293,control,2026-06-04,2,33,0.5,2,33,0.5,TRUE,TRUE
294,control,2026-06-01,2,21.5,0.5,2,21.5,0.5,TRUE,TRUE
295,control,2026-06-02,4,48.2,0.75,4,48.25,0.75,TRUE,TRUE
296,control,2026-06-04,3,29.3,1,3,29.333333333333332,1,TRUE,TRUE
297,treatment,2026-06-01,3,40.7,1,3,40.666666666666664,1,TRUE,TRUE
298,treatment,2026-06-02,1,36,1,1,36,1,TRUE,TRUE
299,control,2026-06-02,1,53,1,1,53,1,TRUE,TRUE
300,control,2026-06-02,4,23.5,0.5,4,23.5,0.5,TRUE,TRUE
301,control,2026-06-01,0,NA,NA,0,NA,NA,FALSE,FALSE
302,treatment,2026-06-03,1,18,1,1,18,1,TRUE,TRUE
303,treatment,2026-06-03,3,46,0.667,3,46,0.6666666666666666,TRUE,TRUE
304,control,2026-06-04,1,20,1,1,20,1,TRUE,TRUE
305,treatment,2026-06-04,3,65.7,0.333,3,65.66666666666667,0.3333333333333333,TRUE,TRUE
306,treatment,2026-06-02,5,64,1,5,64,1,TRUE,TRUE
307,control,2026-06-03,1,23,0,1,23,0,TRUE,TRUE
308,control,2026-06-05,3,36.3,1,3,36.333333333333336,1,TRUE,TRUE
309,treatment,2026-06-03,6,46.5,0.667,6,46.5,0.6666666666666666,TRUE,TRUE
310,control,2026-06-04,2,41,0.5,2,41,0.5,TRUE,TRUE
311,treatment,2026-06-02,9,53.4,0.556,9,53.44444444444444,0.5555555555555556,TRUE,TRUE
312,control,2026-06-02,5,23.2,0.6,5,23.2,0.6,TRUE,TRUE
313,control,2026-06-05,2,68.5,0.5,2,68.5,0.5,TRUE,TRUE
314,treatment,2026-06-01,2,51.5,0,2,51.5,0,TRUE,TRUE
315,treatment,2026-06-03,4,32,0.5,4,32,0.5,TRUE,TRUE
316,control,2026-06-02,7,49.4,0.857,7,49.42857142857143,0.8571428571428571,TRUE,TRUE
317,treatment,2026-06-01,7,40.4,0.714,7,40.42857142857143,0.7142857142857143,TRUE,TRUE
318,control,2026-06-05,6,27.7,0.833,6,27.666666666666668,0.8333333333333334,TRUE,TRUE
319,control,2026-06-05,2,24,1,2,24,1,TRUE,TRUE
320,treatment,2026-06-04,2,70.5,0.5,2,70.5,0.5,TRUE,TRUE
321,control,2026-06-03,3,35,0.667,3,35,0.6666666666666666,TRUE,TRUE
322,control,2026-06-05,2,24,0,1,13,0,TRUE,TRUE
323,control,2026-06-01,2,23,0.5,2,23,0.5,TRUE,TRUE
324,control,2026-06-04,5,32.6,0.6,5,32.6,0.6,TRUE,TRUE
325,treatment,2026-06-01,7,40.9,0.714,7,40.857142857142854,0.7142857142857143,TRUE,TRUE
326,treatment,2026-06-01,1,23,1,1,23,1,TRUE,TRUE
327,control,2026-06-04,1,39,0,1,39,0,TRUE,TRUE
328,treatment,2026-06-01,1,189,1,1,189,1,TRUE,TRUE
329,control,2026-06-01,1,40,1,1,40,1,TRUE,TRUE
330,control,2026-06-05,13,29.3,0.692,13,29.307692307692307,0.6923076923076923,TRUE,TRUE
331,control,2026-06-01,2,26,1,2,26,1,TRUE,TRUE
332,treatment,2026-06-02,4,35.5,0.75,4,35.5,0.75,TRUE,TRUE
333,control,2026-06-05,0,NA,NA,0,NA,NA,FALSE,FALSE
334,control,2026-06-05,4,32,0.5,4,32,0.5,TRUE,TRUE
335,treatment,2026-06-03,11,59.5,0.818,10,61.3,0.8,TRUE,TRUE
336,control,2026-06-05,1,84,1,1,84,1,TRUE,TRUE
337,control,2026-06-03,5,21.8,0.8,5,21.8,0.8,TRUE,TRUE
338,control,2026-06-05,4,35.8,0.5,3,31.666666666666668,0.3333333333333333,TRUE,TRUE
339,treatment,2026-06-03,0,NA,NA,0,NA,NA,FALSE,FALSE
340,treatment,2026-06-05,0,NA,NA,0,NA,NA,FALSE,FALSE
341,control,2026-06-01,5,29.6,0.4,5,29.6,0.4,TRUE,TRUE
342,control,2026-06-02,1,57,1,1,57,1,TRUE,TRUE
343,treatment,2026-06-04,1,49,1,1,49,1,TRUE,TRUE
344,treatment,2026-06-05,2,42,1,2,42,1,TRUE,TRUE
345,control,2026-06-05,4,30,0.75,4,30,0.75,TRUE,TRUE
346,treatment,2026-06-04,0,NA,NA,0,NA,NA,FALSE,FALSE
347,treatment,2026-06-01,2,37.5,0.5,2,37.5,0.5,TRUE,TRUE
348,treatment,2026-06-01,2,49,0.5,2,49,0.5,TRUE,TRUE
349,treatment,2026-06-03,3,42,0.333,3,42,0.3333333333333333,TRUE,TRUE
350,treatment,2026-06-05,7,55.9,0.714,7,55.857142857142854,0.7142857142857143,TRUE,TRUE
351,control,2026-06-02,1,29,1,1,29,1,TRUE,TRUE
352,treatment,2026-06-05,1,57,0,1,57,0,TRUE,TRUE
353,control,2026-06-05,2,40,0.5,2,40,0.5,TRUE,TRUE
354,control,2026-06-05,7,22.3,0.714,7,22.285714285714285,0.7142857142857143,TRUE,TRUE
355,control,2026-06-01,4,26,0.75,4,26,0.75,TRUE,TRUE
356,treatment,2026-06-04,5,58.6,0.6,5,58.6,0.6,TRUE,TRUE
357,treatment,2026-06-05,0,NA,NA,0,NA,NA,FALSE,FALSE
358,control,2026-06-05,1,19,0,1,19,0,TRUE,TRUE
359,control,2026-06-04,3,25,0.667,3,25,0.6666666666666666,TRUE,TRUE
360,control,2026-06-03,0,NA,NA,0,NA,NA,FALSE,FALSE
361,control,2026-06-01,2,36,1,2,36,1,TRUE,TRUE
362,treatment,2026-06-05,8,52.8,0.75,8,52.75,0.75,TRUE,TRUE
363,control,2026-06-05,4,35.8,0.25,4,35.75,0.25,TRUE,TRUE
364,control,2026-06-02,9,35.4,0.667,9,35.44444444444444,0.6666666666666666,TRUE,TRUE
365,control,2026-06-02,7,27.9,0.571,7,27.857142857142858,0.5714285714285714,TRUE,TRUE
366,control,2026-06-05,5,37.4,0.6,5,37.4,0.6,TRUE,TRUE
367,control,2026-06-03,6,29.2,0.667,6,29.166666666666668,0.6666666666666666,TRUE,TRUE
368,control,2026-06-04,3,24,0.667,3,24,0.6666666666666666,TRUE,TRUE
369,control,2026-06-03,5,31.4,0.8,5,31.4,0.8,TRUE,TRUE
370,treatment,2026-06-03,3,48.3,0.667,3,48.333333333333336,0.6666666666666666,TRUE,TRUE
371,treatment,2026-06-04,0,NA,NA,0,NA,NA,FALSE,FALSE
372,control,2026-06-02,1,47,1,1,47,1,TRUE,TRUE
373,control,2026-06-05,3,53.3,0.667,3,53.333333333333336,0.6666666666666666,TRUE,TRUE
374,control,2026-06-03,3,35.3,0.333,3,35.333333333333336,0.3333333333333333,TRUE,TRUE
375,treatment,2026-06-04,1,43,1,1,43,1,TRUE,TRUE
376,control,2026-06-01,0,NA,NA,0,NA,NA,FALSE,FALSE
377,control,2026-06-02,0,NA,NA,0,NA,NA,FALSE,FALSE
378,control,2026-06-05,2,19.5,1,2,19.5,1,TRUE,TRUE
379,control,2026-06-01,1,16,1,1,16,1,TRUE,TRUE
380,control,2026-06-03,5,31.4,1,5,31.4,1,TRUE,TRUE
381,treatment,2026-06-04,1,48,1,1,48,1,TRUE,TRUE
382,treatment,2026-06-04,1,75,0,1,75,0,TRUE,TRUE
383,treatment,2026-06-05,1,93,1,1,93,1,TRUE,TRUE
384,control,2026-06-01,3,25.3,1,3,25.333333333333332,1,TRUE,TRUE
385,control,2026-06-02,1,39,1,1,39,1,TRUE,TRUE
386,control,2026-06-02,6,29.7,0.5,6,29.666666666666668,0.5,TRUE,TRUE
387,control,2026-06-05,6,32,0.667,6,32,0.6666666666666666,TRUE,TRUE
388,treatment,2026-06-02,0,NA,NA,0,NA,NA,FALSE,FALSE
389,control,2026-06-05,4,40,0.75,4,40,0.75,TRUE,TRUE
390,control,2026-06-03,0,NA,NA,0,NA,NA,FALSE,FALSE
391,treatment,2026-06-02,2,57.5,0.5,2,57.5,0.5,TRUE,TRUE
392,treatment,2026-06-01,0,NA,NA,0,NA,NA,FALSE,FALSE
393,treatment,2026-06-01,1,52,0,1,52,0,TRUE,TRUE
394,treatment,2026-06-02,3,51.3,0.667,3,51.333333333333336,0.6666666666666666,TRUE,TRUE
395,control,2026-06-01,2,21,1,2,21,1,TRUE,TRUE
396,control,2026-06-04,0,NA,NA,0,NA,NA,FALSE,FALSE
397,control,2026-06-04,2,42,0,1,65,0,TRUE,TRUE
398,treatment,2026-06-03,5,43,0.8,5,43,0.8,TRUE,TRUE
399,treatment,2026-06-02,3,51,0.667,3,51,0.6666666666666666,TRUE,TRUE
400,control,2026-06-04,3,27,1,3,27,1,TRUE,TRUE
401,control,2026-06-02,5,27.8,0.4,5,27.8,0.4,TRUE,TRUE
402,control,2026-06-03,1,11,1,1,11,1,TRUE,TRUE
403,control,2026-06-02,5,29.6,0.8,4,27.5,0.75,TRUE,TRUE
404,control,2026-06-03,2,28.5,1,2,28.5,1,TRUE,TRUE
405,treatment,2026-06-05,1,24,1,1,24,1,TRUE,TRUE
406,control,2026-06-01,0,NA,NA,0,NA,NA,FALSE,FALSE
407,control,2026-06-01,1,7,0,1,7,0,TRUE,TRUE
408,control,2026-06-01,0,NA,NA,0,NA,NA,FALSE,FALSE
409,treatment,2026-06-01,3,55,1,3,55,1,TRUE,TRUE
410,control,2026-06-04,3,65.7,1,3,65.66666666666667,1,TRUE,TRUE
411,treatment,2026-06-05,2,27,0.5,2,27,0.5,TRUE,TRUE
412,control,2026-06-04,2,77,0.5,2,77,0.5,TRUE,TRUE
413,treatment,2026-06-03,0,NA,NA,0,NA,NA,FALSE,FALSE
414,control,2026-06-05,1,14,1,1,14,1,TRUE,TRUE
415,treatment,2026-06-05,9,34.1,0.667,9,34.111111111111114,0.6666666666666666,TRUE,TRUE
416,control,2026-06-02,12,40.3,0.917,12,40.333333333333336,0.9166666666666666,TRUE,TRUE
417,treatment,2026-06-02,13,55.4,0.846,12,52.583333333333336,0.8333333333333334,TRUE,TRUE
418,treatment,2026-06-04,0,NA,NA,0,NA,NA,FALSE,FALSE
419,treatment,2026-06-03,2,38,0.5,2,38,0.5,TRUE,TRUE
420,treatment,2026-06-02,5,47.2,0.6,5,47.2,0.6,TRUE,TRUE
421,control,2026-06-03,2,22.5,0.5,2,22.5,0.5,TRUE,TRUE
422,control,2026-06-01,3,24.7,0.667,3,24.666666666666668,0.6666666666666666,TRUE,TRUE
423,treatment,2026-06-01,1,69,1,1,69,1,TRUE,TRUE
424,treatment,2026-06-04,16,45.8,0.5,16,45.75,0.5,TRUE,TRUE
425,control,2026-06-03,3,40.7,0.333,3,40.666666666666664,0.3333333333333333,TRUE,TRUE
426,treatment,2026-06-04,2,51,0.5,1,34,1,TRUE,TRUE
427,treatment,2026-06-05,5,50.2,0.8,4,46,0.75,TRUE,TRUE
428,control,2026-06-05,1,35,0,1,35,0,TRUE,TRUE
429,treatment,2026-06-04,1,62,1,1,62,1,TRUE,TRUE
430,control,2026-06-03,6,32.8,0.833,6,32.833333333333336,0.8333333333333334,TRUE,TRUE
431,control,2026-06-01,2,27,0.5,2,27,0.5,TRUE,TRUE
432,treatment,2026-06-04,0,NA,NA,0,NA,NA,FALSE,FALSE
433,treatment,2026-06-05,1,35,1,1,35,1,TRUE,TRUE
434,control,2026-06-03,6,25.5,0.667,6,25.5,0.6666666666666666,TRUE,TRUE
435,control,2026-06-02,2,18.5,1,2,18.5,1,TRUE,TRUE
436,control,2026-06-03,9,25.1,1,9,25.11111111111111,1,TRUE,TRUE
437,control,2026-06-01,2,18.5,1,2,18.5,1,TRUE,TRUE
438,control,2026-06-01,6,43.5,0.5,6,43.5,0.5,TRUE,TRUE
439,control,2026-06-01,4,47.2,0.5,4,47.25,0.5,TRUE,TRUE
440,control,2026-06-04,2,37,1,2,37,1,TRUE,TRUE
441,control,2026-06-03,2,36,1,1,31,1,TRUE,TRUE
442,treatment,2026-06-04,8,62.9,0.75,8,62.875,0.75,TRUE,TRUE
443,treatment,2026-06-01,0,NA,NA,0,NA,NA,FALSE,FALSE
444,treatment,2026-06-03,6,41.2,1,5,40.8,1,TRUE,TRUE
445,treatment,2026-06-05,3,40,0.333,2,42,0.5,TRUE,TRUE
446,control,2026-06-01,2,17.5,1,2,17.5,1,TRUE,TRUE
447,treatment,2026-06-01,2,52.5,0.5,2,52.5,0.5,TRUE,TRUE
448,control,2026-06-03,1,15,1,1,15,1,TRUE,TRUE
449,control,2026-06-03,2,120,1,2,120,1,TRUE,TRUE
450,treatment,2026-06-01,5,42.2,0.8,5,42.2,0.8,TRUE,TRUE
451,control,2026-06-01,1,58,1,1,58,1,TRUE,TRUE
452,control,2026-06-05,1,38,1,1,38,1,TRUE,TRUE
453,treatment,2026-06-03,6,42.7,0.333,6,42.666666666666664,0.3333333333333333,TRUE,TRUE
454,control,2026-06-04,3,36,0.667,2,45.5,0.5,TRUE,TRUE
455,treatment,2026-06-03,2,51,1,2,51,1,TRUE,TRUE
456,control,2026-06-03,4,43.2,0.75,4,43.25,0.75,TRUE,TRUE
457,treatment,2026-06-01,3,45.3,0.667,3,45.333333333333336,0.6666666666666666,TRUE,TRUE
458,control,2026-06-02,1,27,1,1,27,1,TRUE,TRUE
459,control,2026-06-05,6,36.2,1,6,36.166666666666664,1,TRUE,TRUE
460,control,2026-06-02,6,29.5,1,6,29.5,1,TRUE,TRUE
461,treatment,2026-06-03,4,42.8,0.5,4,42.75,0.5,TRUE,TRUE
462,treatment,2026-06-03,2,30,1,2,30,1,TRUE,TRUE
463,control,2026-06-05,2,65,0,2,65,0,TRUE,TRUE
464,control,2026-06-03,0,NA,NA,0,NA,NA,FALSE,FALSE
465,treatment,2026-06-05,2,33,0,2,33,0,TRUE,TRUE
466,control,2026-06-02,0,NA,NA,0,NA,NA,FALSE,FALSE
467,control,2026-06-01,3,17,0.333,3,17,0.3333333333333333,TRUE,TRUE
468,control,2026-06-05,0,NA,NA,0,NA,NA,FALSE,FALSE
469,treatment,2026-06-01,2,42.5,0.5,2,42.5,0.5,TRUE,TRUE
470,treatment,2026-06-05,7,52.1,0.429,7,52.142857142857146,0.42857142857142855,TRUE,TRUE
471,control,2026-06-02,4,61.8,0.5,4,61.75,0.5,TRUE,TRUE
472,treatment,2026-06-02,3,55.3,1,3,55.333333333333336,1,TRUE,TRUE
473,control,2026-06-04,1,39,0,1,39,0,TRUE,TRUE
474,treatment,2026-06-05,0,NA,NA,0,NA,NA,FALSE,FALSE
475,treatment,2026-06-02,2,35.5,0.5,2,35.5,0.5,TRUE,TRUE
476,control,2026-06-02,6,31,0.833,6,31,0.8333333333333334,TRUE,TRUE
477,treatment,2026-06-01,1,22,0,1,22,0,TRUE,TRUE
478,treatment,2026-06-04,1,18,0,1,18,0,TRUE,TRUE
479,control,2026-06-04,0,NA,NA,0,NA,NA,FALSE,FALSE
480,treatment,2026-06-01,6,50.8,1,6,50.833333333333336,1,TRUE,TRUE
481,control,2026-06-04,4,40.8,1,4,40.75,1,TRUE,TRUE
482,treatment,2026-06-05,3,39,0.333,3,39,0.3333333333333333,TRUE,TRUE
483,control,2026-06-05,8,38.4,0.875,8,38.375,0.875,TRUE,TRUE
484,control,2026-06-05,6,36.5,0.667,5,36.8,0.6,TRUE,TRUE
485,treatment,2026-06-03,2,39,0,2,39,0,TRUE,TRUE
486,control,2026-06-03,2,20,0.5,2,20,0.5,TRUE,TRUE
487,control,2026-06-02,0,NA,NA,0,NA,NA,FALSE,FALSE
488,treatment,2026-06-03,0,NA,NA,0,NA,NA,FALSE,FALSE
489,treatment,2026-06-02,8,59.9,0.625,8,59.875,0.625,TRUE,TRUE
490,treatment,2026-06-04,3,60,0.667,3,60,0.6666666666666666,TRUE,TRUE
491,control,2026-06-01,10,48,0.6,10,48,0.6,TRUE,TRUE
492,treatment,2026-06-05,4,64.2,0.5,4,64.25,0.5,TRUE,TRUE
493,control,2026-06-03,3,15,0.667,3,15,0.6666666666666666,TRUE,TRUE
494,control,2026-06-03,5,22,0.2,5,22,0.2,TRUE,TRUE
495,control,2026-06-03,2,44,1,2,44,1,TRUE,TRUE
496,treatment,2026-06-01,1,26,0,1,26,0,TRUE,TRUE
497,treatment,2026-06-04,5,35.2,0.4,4,37,0.5,TRUE,TRUE
498,treatment,2026-06-03,5,40.4,0.4,5,40.4,0.4,TRUE,TRUE
499,treatment,2026-06-01,1,17,0,1,17,0,TRUE,TRUE
500,control,2026-06-03,8,29.8,0.625,8,29.75,0.625,TRUE,TRUE
501,treatment,2026-06-05,0,NA,NA,0,NA,NA,FALSE,FALSE
502,treatment,2026-06-04,1,23,1,1,23,1,TRUE,TRUE
503,control,2026-06-02,1,29,1,1,29,1,TRUE,TRUE
504,treatment,2026-06-02,2,49.5,0,2,49.5,0,TRUE,TRUE
505,treatment,2026-06-04,3,83,0.333,2,40.5,0,TRUE,TRUE
506,treatment,2026-06-02,2,51.5,0.5,2,51.5,0.5,TRUE,TRUE
507,control,2026-06-05,1,34,1,1,34,1,TRUE,TRUE
508,control,2026-06-03,12,26.3,0.5,11,27.90909090909091,0.45454545454545453,TRUE,TRUE
509,treatment,2026-06-04,4,49,1,4,49,1,TRUE,TRUE
510,control,2026-06-02,4,35.2,0.5,4,35.25,0.5,TRUE,TRUE
511,treatment,2026-06-03,5,71.4,0.8,4,75,1,TRUE,TRUE
512,treatment,2026-06-04,3,58,0.333,3,58,0.3333333333333333,TRUE,TRUE
513,control,2026-06-02,0,NA,NA,0,NA,NA,FALSE,FALSE
514,control,2026-06-02,4,51.2,0.75,4,51.25,0.75,TRUE,TRUE
515,control,2026-06-04,0,NA,NA,0,NA,NA,FALSE,FALSE
516,control,2026-06-04,5,40.4,1,5,40.4,1,TRUE,TRUE
517,control,2026-06-02,3,34,0.667,3,34,0.6666666666666666,TRUE,TRUE
518,treatment,2026-06-05,3,37.7,0.333,3,37.666666666666664,0.3333333333333333,TRUE,TRUE
519,treatment,2026-06-02,7,55,0.286,6,58.666666666666664,0.16666666666666666,TRUE,TRUE
520,treatment,2026-06-02,7,44.4,0.714,6,47.333333333333336,0.8333333333333334,TRUE,TRUE
521,treatment,2026-06-02,2,75.5,0.5,2,75.5,0.5,TRUE,TRUE
522,control,2026-06-01,3,34.7,1,3,34.666666666666664,1,TRUE,TRUE
523,control,2026-06-05,6,31.2,0.833,5,31.8,0.8,TRUE,TRUE
524,treatment,2026-06-04,0,NA,NA,0,NA,NA,FALSE,FALSE
525,control,2026-06-03,2,60,1,2,60,1,TRUE,TRUE
526,control,2026-06-01,1,51,1,1,51,1,TRUE,TRUE
527,control,2026-06-03,12,29.3,0.917,11,29.363636363636363,0.9090909090909091,TRUE,TRUE
528,treatment,2026-06-02,0,NA,NA,0,NA,NA,FALSE,FALSE
529,control,2026-06-04,0,NA,NA,0,NA,NA,FALSE,FALSE
530,control,2026-06-04,0,NA,NA,0,NA,NA,FALSE,FALSE
531,control,2026-06-05,1,43,1,1,43,1,TRUE,TRUE
532,treatment,2026-06-02,5,51.8,0.6,5,51.8,0.6,TRUE,TRUE
533,control,2026-06-01,1,29,1,1,29,1,TRUE,TRUE
534,treatment,2026-06-03,3,37.7,0.667,3,37.666666666666664,0.6666666666666666,TRUE,TRUE
535,control,2026-06-01,3,37.3,0.667,3,37.333333333333336,0.6666666666666666,TRUE,TRUE
536,control,2026-06-05,6,37.8,0.5,6,37.833333333333336,0.5,TRUE,TRUE
537,treatment,2026-06-03,8,58.5,0.875,7,57.142857142857146,0.8571428571428571,TRUE,TRUE
538,treatment,2026-06-01,4,32.2,1,4,32.25,1,TRUE,TRUE
539,treatment,2026-06-03,6,41,0.833,6,41,0.8333333333333334,TRUE,TRUE
540,treatment,2026-06-03,4,60,0.5,4,60,0.5,TRUE,TRUE
541,control,2026-06-03,2,24,1,2,24,1,TRUE,TRUE
542,treatment,2026-06-03,1,63,1,1,63,1,TRUE,TRUE
543,treatment,2026-06-04,5,61.8,0.8,5,61.8,0.8,TRUE,TRUE
544,treatment,2026-06-03,8,42.2,0.875,8,42.25,0.875,TRUE,TRUE
545,treatment,2026-06-01,3,33,0.667,3,33,0.6666666666666666,TRUE,TRUE
546,treatment,2026-06-05,3,43.7,0.667,3,43.666666666666664,0.6666666666666666,TRUE,TRUE
547,treatment,2026-06-03,0,NA,NA,0,NA,NA,FALSE,FALSE
548,treatment,2026-06-03,0,NA,NA,0,NA,NA,FALSE,FALSE
549,treatment,2026-06-05,4,59.2,0.5,4,59.25,0.5,TRUE,TRUE
550,control,2026-06-03,2,12.5,0,2,12.5,0,TRUE,TRUE
551,treatment,2026-06-01,0,NA,NA,0,NA,NA,FALSE,FALSE
552,treatment,2026-06-01,0,NA,NA,0,NA,NA,FALSE,FALSE
553,treatment,2026-06-05,0,NA,NA,0,NA,NA,FALSE,FALSE
554,control,2026-06-03,3,39,0.333,3,39,0.3333333333333333,TRUE,TRUE
555,control,2026-06-02,2,40.5,1,2,40.5,1,TRUE,TRUE
556,control,2026-06-02,3,39.7,0.667,3,39.666666666666664,0.6666666666666666,TRUE,TRUE
557,control,2026-06-01,0,NA,NA,0,NA,NA,FALSE,FALSE
558,control,2026-06-04,7,28.6,0.857,7,28.571428571428573,0.8571428571428571,TRUE,TRUE
559,control,2026-06-04,1,27,1,1,27,1,TRUE,TRUE
560,treatment,2026-06-01,0,NA,NA,0,NA,NA,FALSE,FALSE
561,treatment,2026-06-03,5,39.4,0.4,5,39.4,0.4,TRUE,TRUE
562,treatment,2026-06-04,0,NA,NA,0,NA,NA,FALSE,FALSE
563,treatment,2026-06-04,7,41.4,0.571,7,41.42857142857143,0.5714285714285714,TRUE,TRUE
564,treatment,2026-06-03,4,42.5,0.75,4,42.5,0.75,TRUE,TRUE
565,control,2026-06-05,5,35.4,0.6,4,32,0.5,TRUE,TRUE
566,treatment,2026-06-03,1,109,1,1,109,1,TRUE,TRUE
567,treatment,2026-06-02,2,24.5,1,2,24.5,1,TRUE,TRUE
568,control,2026-06-03,3,24.7,0.667,2,24,0.5,TRUE,TRUE
569,treatment,2026-06-01,2,21,1,2,21,1,TRUE,TRUE
570,treatment,2026-06-05,2,37.5,0.5,1,51,0,TRUE,TRUE
571,control,2026-06-05,1,15,0,1,15,0,TRUE,TRUE
572,control,2026-06-04,0,NA,NA,0,NA,NA,FALSE,FALSE
573,control,2026-06-01,1,7,0,1,7,0,TRUE,TRUE
574,treatment,2026-06-02,2,36,1,2,36,1,TRUE,TRUE
575,treatment,2026-06-03,2,64,1,2,64,1,TRUE,TRUE
576,control,2026-06-02,9,26.2,0.778,9,26.22222222222222,0.7777777777777778,TRUE,TRUE
577,treatment,2026-06-03,1,51,0,1,51,0,TRUE,TRUE
578,treatment,2026-06-04,3,38.7,0.333,3,38.666666666666664,0.3333333333333333,TRUE,TRUE
579,treatment,2026-06-04,0,NA,NA,0,NA,NA,FALSE,FALSE
580,control,2026-06-02,2,19.5,1,2,19.5,1,TRUE,TRUE
581,control,2026-06-03,1,21,1,1,21,1,TRUE,TRUE
582,control,2026-06-02,3,34,0.667,3,34,0.6666666666666666,TRUE,TRUE
583,treatment,2026-06-03,4,35.2,0.25,4,35.25,0.25,TRUE,TRUE
584,control,2026-06-01,3,15,0.333,3,15,0.3333333333333333,TRUE,TRUE
585,control,2026-06-05,5,32.8,0.8,5,32.8,0.8,TRUE,TRUE
586,treatment,2026-06-03,0,NA,NA,0,NA,NA,FALSE,FALSE
587,control,2026-06-02,2,22.5,0,2,22.5,0,TRUE,TRUE
588,treatment,2026-06-05,1,65,1,1,65,1,TRUE,TRUE
589,treatment,2026-06-03,1,39,1,1,39,1,TRUE,TRUE
590,treatment,2026-06-01,2,20,1,2,20,1,TRUE,TRUE
591,control,2026-06-02,5,28.2,0.8,5,28.2,0.8,TRUE,TRUE
592,control,2026-06-03,2,18,0.5,2,18,0.5,TRUE,TRUE
593,control,2026-06-02,3,46.7,0.667,3,46.666666666666664,0.6666666666666666,TRUE,TRUE
594,control,2026-06-02,5,44,0.2,5,44,0.2,TRUE,TRUE
595,treatment,2026-06-02,6,37.2,0.833,6,37.166666666666664,0.8333333333333334,TRUE,TRUE
596,treatment,2026-06-01,4,85.8,1,4,85.75,1,TRUE,TRUE
597,control,2026-06-04,4,25.2,0.5,4,25.25,0.5,TRUE,TRUE
598,control,2026-06-02,3,30.7,1,3,30.666666666666668,1,TRUE,TRUE
599,control,2026-06-02,1,22,1,1,22,1,TRUE,TRUE
600,treatment,2026-06-01,1,49,1,1,49,1,TRUE,TRUE
601,control,2026-06-03,2,46.5,1,2,46.5,1,TRUE,TRUE
602,control,2026-06-02,3,16,0.667,2,18.5,1,TRUE,TRUE
603,control,2026-06-05,5,26.6,0.6,5,26.6,0.6,TRUE,TRUE
604,treatment,2026-06-05,0,NA,NA,0,NA,NA,FALSE,FALSE
605,treatment,2026-06-05,6,46.8,0.833,6,46.833333333333336,0.8333333333333334,TRUE,TRUE
606,treatment,2026-06-01,5,39,1,5,39,1,TRUE,TRUE
607,control,2026-06-01,2,18.5,1,2,18.5,1,TRUE,TRUE
608,treatment,2026-06-03,2,83.5,1,2,83.5,1,TRUE,TRUE
609,control,2026-06-03,4,32,1,3,33,1,TRUE,TRUE
610,treatment,2026-06-01,1,79,1,1,79,1,TRUE,TRUE
611,treatment,2026-06-05,0,NA,NA,0,NA,NA,FALSE,FALSE
612,control,2026-06-03,2,29.5,1,2,29.5,1,TRUE,TRUE
613,treatment,2026-06-05,2,52,1,2,52,1,TRUE,TRUE
614,treatment,2026-06-02,8,55.5,0.75,8,55.5,0.75,TRUE,TRUE
615,control,2026-06-01,1,59,1,1,59,1,TRUE,TRUE
616,control,2026-06-03,8,39,0.625,8,39,0.625,TRUE,TRUE
617,treatment,2026-06-01,12,50.6,0.917,12,50.583333333333336,0.9166666666666666,TRUE,TRUE
618,control,2026-06-04,0,NA,NA,0,NA,NA,FALSE,FALSE
619,treatment,2026-06-03,8,55,0.875,8,55,0.875,TRUE,TRUE
620,control,2026-06-04,2,25.5,1,2,25.5,1,TRUE,TRUE
621,control,2026-06-01,1,32,0,1,32,0,TRUE,TRUE
622,treatment,2026-06-04,4,52.8,0.75,4,52.75,0.75,TRUE,TRUE
623,treatment,2026-06-01,2,62.5,1,2,62.5,1,TRUE,TRUE
624,treatment,2026-06-01,0,NA,NA,0,NA,NA,FALSE,FALSE
625,control,2026-06-03,2,21,0.5,2,21,0.5,TRUE,TRUE
626,treatment,2026-06-05,2,57.5,0.5,2,57.5,0.5,TRUE,TRUE
627,treatment,2026-06-04,6,35.2,0.833,6,35.166666666666664,0.8333333333333334,TRUE,TRUE
628,control,2026-06-01,5,32,0.6,5,32,0.6,TRUE,TRUE
629,treatment,2026-06-02,2,23.5,0.5,2,23.5,0.5,TRUE,TRUE
630,treatment,2026-06-04,0,NA,NA,0,NA,NA,FALSE,FALSE
631,control,2026-06-03,2,27.5,0,2,27.5,0,TRUE,TRUE
632,control,2026-06-03,7,29.3,0.714,6,30.666666666666668,0.6666666666666666,TRUE,TRUE
633,treatment,2026-06-01,10,55.4,0.6,10,55.4,0.6,TRUE,TRUE
634,treatment,2026-06-03,5,47.8,0.8,5,47.8,0.8,TRUE,TRUE
635,treatment,2026-06-03,7,69.3,0.714,7,69.28571428571429,0.7142857142857143,TRUE,TRUE
636,control,2026-06-02,6,42.5,1,6,42.5,1,TRUE,TRUE
637,treatment,2026-06-02,7,72.6,0.857,7,72.57142857142857,0.8571428571428571,TRUE,TRUE
638,control,2026-06-02,1,28,1,1,28,1,TRUE,TRUE
639,treatment,2026-06-02,6,48.7,0.833,6,48.666666666666664,0.8333333333333334,TRUE,TRUE
640,control,2026-06-05,2,25.5,0.5,2,25.5,0.5,TRUE,TRUE
641,treatment,2026-06-05,0,NA,NA,0,NA,NA,FALSE,FALSE
642,treatment,2026-06-04,5,61.6,0.6,5,61.6,0.6,TRUE,TRUE
643,control,2026-06-01,4,23.5,0.5,4,23.5,0.5,TRUE,TRUE
644,control,2026-06-05,0,NA,NA,0,NA,NA,FALSE,FALSE
645,control,2026-06-01,1,43,0,1,43,0,TRUE,TRUE
646,control,2026-06-03,1,29,1,1,29,1,TRUE,TRUE
647,treatment,2026-06-02,3,50,0.667,3,50,0.6666666666666666,TRUE,TRUE
648,treatment,2026-06-02,8,41,0.625,8,41,0.625,TRUE,TRUE
649,treatment,2026-06-02,1,29,1,1,29,1,TRUE,TRUE
650,treatment,2026-06-05,1,103,0,1,103,0,TRUE,TRUE
651,control,2026-06-01,7,25,0.857,7,25,0.8571428571428571,TRUE,TRUE
652,control,2026-06-03,0,NA,NA,0,NA,NA,FALSE,FALSE
653,control,2026-06-03,2,27,1,2,27,1,TRUE,TRUE
654,control,2026-06-03,3,31.3,0.333,3,31.333333333333332,0.3333333333333333,TRUE,TRUE
655,control,2026-06-03,1,48,0,1,48,0,TRUE,TRUE
656,treatment,2026-06-05,4,39,0.75,4,39,0.75,TRUE,TRUE
657,treatment,2026-06-03,2,34.5,1,2,34.5,1,TRUE,TRUE
658,control,2026-06-02,1,27,1,1,27,1,TRUE,TRUE
659,treatment,2026-06-02,0,NA,NA,0,NA,NA,FALSE,FALSE
660,control,2026-06-02,4,24.2,0.75,4,24.25,0.75,TRUE,TRUE
661,control,2026-06-04,0,NA,NA,0,NA,NA,FALSE,FALSE
662,treatment,2026-06-02,4,59.5,0.5,4,59.5,0.5,TRUE,TRUE
663,control,2026-06-01,1,28,0,1,28,0,TRUE,TRUE
664,treatment,2026-06-04,5,37,1,5,37,1,TRUE,TRUE
665,control,2026-06-01,1,41,1,1,41,1,TRUE,TRUE
666,treatment,2026-06-05,0,NA,NA,0,NA,NA,FALSE,FALSE
667,treatment,2026-06-01,7,53.9,0.714,7,53.857142857142854,0.7142857142857143,TRUE,TRUE
668,treatment,2026-06-05,16,47.1,0.625,13,49.38461538461539,0.6153846153846154,TRUE,TRUE
669,control,2026-06-05,1,68,0,1,68,0,TRUE,TRUE
670,treatment,2026-06-05,1,27,1,1,27,1,TRUE,TRUE
671,treatment,2026-06-03,2,54.5,1,2,54.5,1,TRUE,TRUE
672,treatment,2026-06-03,2,50,0.5,2,50,0.5,TRUE,TRUE
673,control,2026-06-03,4,26.8,0.75,4,26.75,0.75,TRUE,TRUE
674,control,2026-06-02,2,73,1,2,73,1,TRUE,TRUE
675,treatment,2026-06-01,3,49.3,0.667,3,49.333333333333336,0.6666666666666666,TRUE,TRUE
676,treatment,2026-06-01,3,49,1,3,49,1,TRUE,TRUE
677,control,2026-06-03,2,46.5,1,2,46.5,1,TRUE,TRUE
678,control,2026-06-04,6,32.3,0.833,6,32.333333333333336,0.8333333333333334,TRUE,TRUE
679,treatment,2026-06-03,3,36.7,0.333,3,36.666666666666664,0.3333333333333333,TRUE,TRUE
680,control,2026-06-02,2,27,1,2,27,1,TRUE,TRUE
681,control,2026-06-05,5,34.6,0,4,37.5,0,TRUE,TRUE
682,control,2026-06-01,2,20,0.5,2,20,0.5,TRUE,TRUE
683,control,2026-06-03,3,36.7,1,3,36.666666666666664,1,TRUE,TRUE
684,treatment,2026-06-04,0,NA,NA,0,NA,NA,FALSE,FALSE
685,treatment,2026-06-05,0,NA,NA,0,NA,NA,FALSE,FALSE
686,treatment,2026-06-03,13,37.8,0.692,13,37.84615384615385,0.6923076923076923,TRUE,TRUE
687,control,2026-06-01,2,35.5,1,2,35.5,1,TRUE,TRUE
688,control,2026-06-04,5,30.4,0.4,5,30.4,0.4,TRUE,TRUE
689,treatment,2026-06-02,6,53.2,0.667,6,53.166666666666664,0.6666666666666666,TRUE,TRUE
690,treatment,2026-06-05,0,NA,NA,0,NA,NA,FALSE,FALSE
691,treatment,2026-06-04,6,40.3,0.833,6,40.333333333333336,0.8333333333333334,TRUE,TRUE
692,control,2026-06-04,4,33.5,0.5,4,33.5,0.5,TRUE,TRUE
693,treatment,2026-06-03,2,67.5,0.5,2,67.5,0.5,TRUE,TRUE
694,control,2026-06-03,5,24.8,0.6,5,24.8,0.6,TRUE,TRUE
695,treatment,2026-06-01,5,52.8,0.8,5,52.8,0.8,TRUE,TRUE
696,control,2026-06-02,3,34,0.667,3,34,0.6666666666666666,TRUE,TRUE
697,control,2026-06-03,2,19,1,2,19,1,TRUE,TRUE
698,treatment,2026-06-02,4,54.8,0.25,4,54.75,0.25,TRUE,TRUE
699,control,2026-06-04,7,34,0.714,7,34,0.7142857142857143,TRUE,TRUE
700,control,2026-06-05,2,39,0.5,2,39,0.5,TRUE,TRUE
701,control,2026-06-04,4,45.2,0.25,4,45.25,0.25,TRUE,TRUE
702,control,2026-06-02,9,36.6,1,9,36.55555555555556,1,TRUE,TRUE
703,treatment,2026-06-05,1,47,0,1,47,0,TRUE,TRUE
704,control,2026-06-04,1,49,0,1,49,0,TRUE,TRUE
705,treatment,2026-06-05,3,51.3,1,3,51.333333333333336,1,TRUE,TRUE
706,treatment,2026-06-04,0,NA,NA,0,NA,NA,FALSE,FALSE
707,control,2026-06-04,0,NA,NA,0,NA,NA,FALSE,FALSE
708,treatment,2026-06-03,9,40.7,0.667,9,40.666666666666664,0.6666666666666666,TRUE,TRUE
709,control,2026-06-02,2,20.5,1,2,20.5,1,TRUE,TRUE
710,treatment,2026-06-05,5,53.8,1,5,53.8,1,TRUE,TRUE
711,control,2026-06-03,0,NA,NA,0,NA,NA,FALSE,FALSE
712,control,2026-06-05,2,45,1,2,45,1,TRUE,TRUE
713,control,2026-06-05,1,34,1,1,34,1,TRUE,TRUE
714,control,2026-06-01,1,33,1,1,33,1,TRUE,TRUE
715,control,2026-06-01,6,20.2,0.667,6,20.166666666666668,0.6666666666666666,TRUE,TRUE
716,treatment,2026-06-05,5,45.8,1,5,45.8,1,TRUE,TRUE
717,treatment,2026-06-01,6,44.7,1,6,44.666666666666664,1,TRUE,TRUE
718,treatment,2026-06-02,4,64.5,1,4,64.5,1,TRUE,TRUE
719,control,2026-06-03,6,38.7,0.833,5,37.4,1,TRUE,TRUE
720,control,2026-06-01,2,44,0.5,2,44,0.5,TRUE,TRUE
721,control,2026-06-01,5,32.4,1,5,32.4,1,TRUE,TRUE
722,control,2026-06-01,2,37,0.5,2,37,0.5,TRUE,TRUE
723,control,2026-06-05,6,44.5,0.833,6,44.5,0.8333333333333334,TRUE,TRUE
724,treatment,2026-06-05,1,40,1,1,40,1,TRUE,TRUE
725,control,2026-06-04,6,34.3,0.667,5,33.4,0.6,TRUE,TRUE
726,treatment,2026-06-03,1,13,0,1,13,0,TRUE,TRUE
727,treatment,2026-06-05,6,36.7,1,6,36.666666666666664,1,TRUE,TRUE
728,control,2026-06-01,0,NA,NA,0,NA,NA,FALSE,FALSE
729,treatment,2026-06-01,3,42.3,0.667,3,42.333333333333336,0.6666666666666666,TRUE,TRUE
730,treatment,2026-06-02,1,24,0,1,24,0,TRUE,TRUE
731,control,2026-06-05,3,35.7,0.667,3,35.666666666666664,0.6666666666666666,TRUE,TRUE
732,treatment,2026-06-05,8,38.2,0.5,8,38.25,0.5,TRUE,TRUE
733,control,2026-06-04,1,33,1,1,33,1,TRUE,TRUE
734,control,2026-06-02,1,56,1,1,56,1,TRUE,TRUE
735,treatment,2026-06-05,2,54.5,0.5,2,54.5,0.5,TRUE,TRUE
736,treatment,2026-06-05,4,39,0.75,3,42,0.6666666666666666,TRUE,TRUE
737,control,2026-06-05,2,41.5,1,2,41.5,1,TRUE,TRUE
738,control,2026-06-02,1,37,1,1,37,1,TRUE,TRUE
739,control,2026-06-02,0,NA,NA,0,NA,NA,FALSE,FALSE
740,treatment,2026-06-02,2,89,0,2,89,0,TRUE,TRUE
741,treatment,2026-06-05,2,42.5,1,2,42.5,1,TRUE,TRUE
742,control,2026-06-01,0,NA,NA,0,NA,NA,FALSE,FALSE
743,treatment,2026-06-02,6,40.3,1,6,40.333333333333336,1,TRUE,TRUE
744,control,2026-06-05,4,43.2,1,4,43.25,1,TRUE,TRUE
745,treatment,2026-06-02,3,49,0.667,3,49,0.6666666666666666,TRUE,TRUE
746,treatment,2026-06-05,4,42.5,0.75,3,43.333333333333336,1,TRUE,TRUE
747,treatment,2026-06-04,1,42,1,1,42,1,TRUE,TRUE
748,control,2026-06-05,9,35.7,0.556,9,35.666666666666664,0.5555555555555556,TRUE,TRUE
749,control,2026-06-03,9,40,0.667,9,40,0.6666666666666666,TRUE,TRUE
750,treatment,2026-06-05,1,53,1,1,53,1,TRUE,TRUE
751,control,2026-06-01,4,21.2,0.5,4,21.25,0.5,TRUE,TRUE
752,control,2026-06-04,9,30,0.667,8,30.375,0.625,TRUE,TRUE
753,control,2026-06-05,3,38.3,0.667,3,38.333333333333336,0.6666666666666666,TRUE,TRUE
754,control,2026-06-03,1,23,1,1,23,1,TRUE,TRUE
755,control,2026-06-01,2,35,1,2,35,1,TRUE,TRUE
756,treatment,2026-06-02,4,40.2,0.75,4,40.25,0.75,TRUE,TRUE
757,control,2026-06-01,2,30,0.5,2,30,0.5,TRUE,TRUE
758,treatment,2026-06-02,3,94.7,0.333,3,94.66666666666667,0.3333333333333333,TRUE,TRUE
759,control,2026-06-04,2,51.5,0.5,2,51.5,0.5,TRUE,TRUE
760,treatment,2026-06-04,8,52.1,0.5,8,52.125,0.5,TRUE,TRUE
761,control,2026-06-02,2,19.5,1,2,19.5,1,TRUE,TRUE
762,treatment,2026-06-04,3,32,1,3,32,1,TRUE,TRUE
763,control,2026-06-04,0,NA,NA,0,NA,NA,FALSE,FALSE
764,control,2026-06-01,2,26,1,2,26,1,TRUE,TRUE
765,treatment,2026-06-04,1,52,1,1,52,1,TRUE,TRUE
766,treatment,2026-06-03,2,50.5,1,2,50.5,1,TRUE,TRUE
767,treatment,2026-06-02,4,44.5,0.75,4,44.5,0.75,TRUE,TRUE
768,treatment,2026-06-05,2,34,1,2,34,1,TRUE,TRUE
769,control,2026-06-04,4,24.8,0.5,4,24.75,0.5,TRUE,TRUE
770,treatment,2026-06-02,5,51,0.4,5,51,0.4,TRUE,TRUE
771,treatment,2026-06-03,5,69.6,0.8,4,76.5,0.75,TRUE,TRUE
772,control,2026-06-02,8,30.6,1,7,26.714285714285715,1,TRUE,TRUE
773,treatment,2026-06-04,6,40.5,0.5,6,40.5,0.5,TRUE,TRUE
774,treatment,2026-06-03,1,40,0,1,40,0,TRUE,TRUE
775,control,2026-06-04,2,34,1,2,34,1,TRUE,TRUE
776,control,2026-06-03,1,38,0,1,38,0,TRUE,TRUE
777,treatment,2026-06-03,2,43,0,2,43,0,TRUE,TRUE
778,treatment,2026-06-04,4,45.2,1,4,45.25,1,TRUE,TRUE
779,control,2026-06-01,2,22.5,1,2,22.5,1,TRUE,TRUE
780,treatment,2026-06-01,6,35.3,0.333,6,35.333333333333336,0.3333333333333333,TRUE,TRUE
781,control,2026-06-01,2,63,1,2,63,1,TRUE,TRUE
782,treatment,2026-06-01,2,65.5,0.5,2,65.5,0.5,TRUE,TRUE
783,treatment,2026-06-04,1,48,1,1,48,1,TRUE,TRUE
784,control,2026-06-01,2,36.5,0.5,2,36.5,0.5,TRUE,TRUE
785,control,2026-06-04,0,NA,NA,0,NA,NA,FALSE,FALSE
786,control,2026-06-02,5,32.2,1,5,32.2,1,TRUE,TRUE
787,treatment,2026-06-03,3,34.7,1,2,28,1,TRUE,TRUE
788,control,2026-06-02,4,33.8,1,4,33.75,1,TRUE,TRUE
789,control,2026-06-01,6,27.8,0.667,6,27.833333333333332,0.6666666666666666,TRUE,TRUE
790,control,2026-06-01,0,NA,NA,0,NA,NA,FALSE,FALSE
791,control,2026-06-01,2,40.5,1,2,40.5,1,TRUE,TRUE
792,treatment,2026-06-01,8,43.1,0.75,8,43.125,0.75,TRUE,TRUE
793,treatment,2026-06-02,2,43,1,2,43,1,TRUE,TRUE
794,treatment,2026-06-01,0,NA,NA,0,NA,NA,FALSE,FALSE
795,control,2026-06-05,3,18.7,0.667,3,18.666666666666668,0.6666666666666666,TRUE,TRUE
796,control,2026-06-04,2,22.5,0,2,22.5,0,TRUE,TRUE
797,treatment,2026-06-01,0,NA,NA,0,NA,NA,FALSE,FALSE
798,treatment,2026-06-03,3,65,0.667,3,65,0.6666666666666666,TRUE,TRUE
799,treatment,2026-06-05,2,32,0.5,2,32,0.5,TRUE,TRUE
800,control,2026-06-02,9,29.9,0.444,8,23.625,0.5,TRUE,TRUE
801,treatment,2026-06-01,2,18.5,0.5,2,18.5,0.5,TRUE,TRUE
802,treatment,2026-06-01,1,19,0,1,19,0,TRUE,TRUE
803,control,2026-06-02,12,32.5,0.667,12,32.5,0.6666666666666666,TRUE,TRUE
804,control,2026-06-03,3,22.3,1,2,22,1,TRUE,TRUE
805,control,2026-06-04,0,NA,NA,0,NA,NA,FALSE,FALSE
806,treatment,2026-06-04,1,103,0,1,103,0,TRUE,TRUE
807,treatment,2026-06-01,3,40.3,0.333,3,40.333333333333336,0.3333333333333333,TRUE,TRUE
808,control,2026-06-04,2,43.5,1,2,43.5,1,TRUE,TRUE
809,control,2026-06-02,6,29.5,0.833,6,29.5,0.8333333333333334,TRUE,TRUE
810,control,2026-06-03,0,NA,NA,0,NA,NA,FALSE,FALSE
811,control,2026-06-01,2,28,1,2,28,1,TRUE,TRUE
812,control,2026-06-03,1,48,0,1,48,0,TRUE,TRUE
813,treatment,2026-06-05,4,36.5,0.5,4,36.5,0.5,TRUE,TRUE
814,control,2026-06-05,6,32.8,0.833,5,30.4,1,TRUE,TRUE
815,control,2026-06-04,1,34,1,1,34,1,TRUE,TRUE
816,treatment,2026-06-02,2,39,1,2,39,1,TRUE,TRUE
817,control,2026-06-03,8,34.1,0.375,8,34.125,0.375,TRUE,TRUE
818,treatment,2026-06-05,3,57.7,0.667,3,57.666666666666664,0.6666666666666666,TRUE,TRUE
819,control,2026-06-05,4,50.8,0,4,50.75,0,TRUE,TRUE
820,treatment,2026-06-04,4,32.8,1,3,34,1,TRUE,TRUE
821,control,2026-06-03,1,32,1,1,32,1,TRUE,TRUE
822,treatment,2026-06-05,1,39,0,1,39,0,TRUE,TRUE
823,treatment,2026-06-03,3,41.7,1,3,41.666666666666664,1,TRUE,TRUE
824,treatment,2026-06-03,16,59.8,0.562,15,60.266666666666666,0.5333333333333333,TRUE,TRUE
825,control,2026-06-05,2,22,0.5,2,22,0.5,TRUE,TRUE
826,control,2026-06-05,5,28.6,1,5,28.6,1,TRUE,TRUE
827,treatment,2026-06-02,1,22,0,1,22,0,TRUE,TRUE
828,control,2026-06-01,1,34,1,1,34,1,TRUE,TRUE
829,control,2026-06-03,2,56.5,0.5,2,56.5,0.5,TRUE,TRUE
830,control,2026-06-02,4,39.5,0.75,4,39.5,0.75,TRUE,TRUE
831,treatment,2026-06-04,5,44.2,0.8,4,44.5,0.75,TRUE,TRUE
832,treatment,2026-06-02,4,62.8,0.75,4,62.75,0.75,TRUE,TRUE
833,control,2026-06-03,6,34.2,0.5,6,34.166666666666664,0.5,TRUE,TRUE
834,control,2026-06-01,1,22,1,1,22,1,TRUE,TRUE
835,treatment,2026-06-05,4,75,0.75,3,94.33333333333333,1,TRUE,TRUE
836,treatment,2026-06-01,6,50.8,1,6,50.833333333333336,1,TRUE,TRUE
837,control,2026-06-03,4,40.8,0.5,4,40.75,0.5,TRUE,TRUE
838,treatment,2026-06-05,4,51.5,0.75,3,53.333333333333336,0.6666666666666666,TRUE,TRUE
839,treatment,2026-06-04,0,NA,NA,0,NA,NA,FALSE,FALSE
840,control,2026-06-04,1,15,0,1,15,0,TRUE,TRUE
841,control,2026-06-04,1,46,1,1,46,1,TRUE,TRUE
842,treatment,2026-06-04,0,NA,NA,0,NA,NA,FALSE,FALSE
843,treatment,2026-06-05,5,34.8,0.8,5,34.8,0.8,TRUE,TRUE
844,treatment,2026-06-04,0,NA,NA,0,NA,NA,FALSE,FALSE
845,control,2026-06-04,2,32,1,2,32,1,TRUE,TRUE
846,treatment,2026-06-05,2,54,1,2,54,1,TRUE,TRUE
847,treatment,2026-06-01,2,68.5,1,2,68.5,1,TRUE,TRUE
848,treatment,2026-06-04,2,91.5,0.5,1,141,0,TRUE,TRUE
849,control,2026-06-05,7,41,0.714,6,39.5,0.6666666666666666,TRUE,TRUE
850,treatment,2026-06-02,0,NA,NA,0,NA,NA,FALSE,FALSE
851,control,2026-06-05,1,63,1,1,63,1,TRUE,TRUE
852,treatment,2026-06-05,0,NA,NA,0,NA,NA,FALSE,FALSE
853,treatment,2026-06-05,7,66.1,0.714,7,66.14285714285714,0.7142857142857143,TRUE,TRUE
854,treatment,2026-06-02,0,NA,NA,0,NA,NA,FALSE,FALSE
855,control,2026-06-02,6,29.7,1,6,29.666666666666668,1,TRUE,TRUE
856,control,2026-06-02,1,35,1,1,35,1,TRUE,TRUE
857,control,2026-06-04,2,35.5,1,2,35.5,1,TRUE,TRUE
858,treatment,2026-06-04,1,104,1,1,104,1,TRUE,TRUE
859,treatment,2026-06-02,4,37.8,0.75,4,37.75,0.75,TRUE,TRUE
860,control,2026-06-02,4,29,0.75,4,29,0.75,TRUE,TRUE
861,treatment,2026-06-05,2,76.5,0.5,2,76.5,0.5,TRUE,TRUE
862,treatment,2026-06-05,2,53.5,1,2,53.5,1,TRUE,TRUE
863,treatment,2026-06-02,1,57,0,1,57,0,TRUE,TRUE
864,control,2026-06-02,3,26.3,1,3,26.333333333333332,1,TRUE,TRUE
865,treatment,2026-06-02,3,53.3,0.667,2,66,1,TRUE,TRUE
866,treatment,2026-06-03,2,92,1,2,92,1,TRUE,TRUE
867,control,2026-06-01,1,42,1,1,42,1,TRUE,TRUE
868,treatment,2026-06-04,6,52.2,1,6,52.166666666666664,1,TRUE,TRUE
869,control,2026-06-03,3,51,0.333,3,51,0.3333333333333333,TRUE,TRUE
870,control,2026-06-01,1,15,1,1,15,1,TRUE,TRUE
871,treatment,2026-06-05,4,33.2,0.5,4,33.25,0.5,TRUE,TRUE
872,control,2026-06-02,0,NA,NA,0,NA,NA,FALSE,FALSE
873,control,2026-06-04,1,14,0,1,14,0,TRUE,TRUE
874,treatment,2026-06-05,4,61.2,0.75,4,61.25,0.75,TRUE,TRUE
875,control,2026-06-01,3,27.7,0.333,3,27.666666666666668,0.3333333333333333,TRUE,TRUE
876,treatment,2026-06-02,1,47,1,1,47,1,TRUE,TRUE
877,treatment,2026-06-02,3,63,1,3,63,1,TRUE,TRUE
878,control,2026-06-04,1,53,1,1,53,1,TRUE,TRUE
879,control,2026-06-05,1,33,0,1,33,0,TRUE,TRUE
880,control,2026-06-02,1,20,1,1,20,1,TRUE,TRUE
881,treatment,2026-06-05,2,46.5,0.5,2,46.5,0.5,TRUE,TRUE
882,treatment,2026-06-05,2,36.5,0.5,2,36.5,0.5,TRUE,TRUE
883,treatment,2026-06-02,4,34.5,0.25,4,34.5,0.25,TRUE,TRUE
884,control,2026-06-05,1,47,0,0,NA,NA,FALSE,TRUE
885,treatment,2026-06-05,2,97.5,0.5,2,97.5,0.5,TRUE,TRUE
886,treatment,2026-06-01,5,71.6,0.4,5,71.6,0.4,TRUE,TRUE
887,control,2026-06-04,1,23,1,1,23,1,TRUE,TRUE
888,treatment,2026-06-05,0,NA,NA,0,NA,NA,FALSE,FALSE
889,control,2026-06-03,1,61,1,1,61,1,TRUE,TRUE
890,treatment,2026-06-03,1,22,0,1,22,0,TRUE,TRUE
891,treatment,2026-06-04,0,NA,NA,0,NA,NA,FALSE,FALSE
892,treatment,2026-06-05,2,41,0.5,2,41,0.5,TRUE,TRUE
893,treatment,2026-06-03,1,66,0,1,66,0,TRUE,TRUE
894,treatment,2026-06-04,4,39,1,4,39,1,TRUE,TRUE
895,control,2026-06-02,3,31.7,0.333,3,31.666666666666668,0.3333333333333333,TRUE,TRUE
896,control,2026-06-05,9,35.6,0.778,9,35.55555555555556,0.7777777777777778,TRUE,TRUE
897,treatment,2026-06-02,3,32,0.667,3,32,0.6666666666666666,TRUE,TRUE
898,treatment,2026-06-02,3,33.3,1,3,33.333333333333336,1,TRUE,TRUE
899,treatment,2026-06-02,3,41.7,1,3,41.666666666666664,1,TRUE,TRUE
900,control,2026-06-05,1,16,1,1,16,1,TRUE,TRUE
901,control,2026-06-05,12,27.5,0.667,12,27.5,0.6666666666666666,TRUE,TRUE
902,control,2026-06-02,3,32.7,0.667,3,32.666666666666664,0.6666666666666666,TRUE,TRUE
903,treatment,2026-06-05,1,19,1,1,19,1,TRUE,TRUE
904,control,2026-06-04,2,30,1,2,30,1,TRUE,TRUE
905,treatment,2026-06-02,2,67.5,1,2,67.5,1,TRUE,TRUE
906,control,2026-06-03,2,32,1,1,33,1,TRUE,TRUE
907,control,2026-06-04,3,39.7,0.667,3,39.666666666666664,0.6666666666666666,TRUE,TRUE
908,control,2026-06-04,2,24.5,0.5,2,24.5,0.5,TRUE,TRUE
909,treatment,2026-06-05,3,46,1,3,46,1,TRUE,TRUE
910,control,2026-06-04,4,27,0.25,4,27,0.25,TRUE,TRUE
911,treatment,2026-06-04,21,47.6,0.714,19,48.36842105263158,0.7368421052631579,TRUE,TRUE
912,control,2026-06-02,2,42,0.5,2,42,0.5,TRUE,TRUE
913,treatment,2026-06-04,1,33,1,1,33,1,TRUE,TRUE
914,treatment,2026-06-01,6,48.2,1,6,48.166666666666664,1,TRUE,TRUE
915,control,2026-06-02,2,37,1,2,37,1,TRUE,TRUE
916,control,2026-06-03,1,13,1,1,13,1,TRUE,TRUE
917,control,2026-06-01,2,26.5,0.5,2,26.5,0.5,TRUE,TRUE
918,control,2026-06-04,1,23,1,1,23,1,TRUE,TRUE
919,control,2026-06-02,0,NA,NA,0,NA,NA,FALSE,FALSE
920,control,2026-06-01,7,38.3,0.429,7,38.285714285714285,0.42857142857142855,TRUE,TRUE
921,control,2026-06-03,1,43,1,1,43,1,TRUE,TRUE
922,control,2026-06-03,4,36.8,0.5,4,36.75,0.5,TRUE,TRUE
923,control,2026-06-02,3,29.3,1,3,29.333333333333332,1,TRUE,TRUE
924,treatment,2026-06-01,6,64.2,0.833,6,64.16666666666667,0.8333333333333334,TRUE,TRUE
925,treatment,2026-06-02,1,46,1,1,46,1,TRUE,TRUE
926,treatment,2026-06-01,9,43,0.556,9,43,0.5555555555555556,TRUE,TRUE
927,control,2026-06-02,1,13,0,1,13,0,TRUE,TRUE
928,treatment,2026-06-03,2,32,0,2,32,0,TRUE,TRUE
929,control,2026-06-04,3,34.7,1,3,34.666666666666664,1,TRUE,TRUE
930,control,2026-06-04,0,NA,NA,0,NA,NA,FALSE,FALSE
931,treatment,2026-06-01,4,53.5,1,4,53.5,1,TRUE,TRUE
932,treatment,2026-06-04,3,37.3,0.333,3,37.333333333333336,0.3333333333333333,TRUE,TRUE
933,treatment,2026-06-04,6,59.3,0.833,5,67.2,1,TRUE,TRUE
934,treatment,2026-06-05,0,NA,NA,0,NA,NA,FALSE,FALSE
935,treatment,2026-06-03,2,64.5,0.5,2,64.5,0.5,TRUE,TRUE
936,treatment,2026-06-05,4,65.5,0.75,4,65.5,0.75,TRUE,TRUE
937,treatment,2026-06-03,3,28,1,3,28,1,TRUE,TRUE
938,control,2026-06-04,1,30,0,0,NA,NA,FALSE,TRUE
939,treatment,2026-06-04,2,60,1,2,60,1,TRUE,TRUE
940,control,2026-06-04,1,97,1,1,97,1,TRUE,TRUE
941,treatment,2026-06-03,2,71,1,2,71,1,TRUE,TRUE
942,control,2026-06-05,2,44,1,2,44,1,TRUE,TRUE
943,control,2026-06-04,1,48,1,1,48,1,TRUE,TRUE
944,treatment,2026-06-05,1,54,0,1,54,0,TRUE,TRUE
945,treatment,2026-06-05,3,35,0.667,3,35,0.6666666666666666,TRUE,TRUE
946,treatment,2026-06-01,6,41.7,1,6,41.666666666666664,1,TRUE,TRUE
947,treatment,2026-06-03,0,NA,NA,0,NA,NA,FALSE,FALSE
948,treatment,2026-06-05,3,35,1,3,35,1,TRUE,TRUE
949,treatment,2026-06-02,3,62.3,1,3,62.333333333333336,1,TRUE,TRUE
950,control,2026-06-01,3,36,1,3,36,1,TRUE,TRUE
951,treatment,2026-06-05,4,47.5,1,3,56,1,TRUE,TRUE
952,treatment,2026-06-02,7,54.1,0.857,6,56.166666666666664,0.8333333333333334,TRUE,TRUE
953,control,2026-06-02,0,NA,NA,0,NA,NA,FALSE,FALSE
954,control,2026-06-03,0,NA,NA,0,NA,NA,FALSE,FALSE
955,treatment,2026-06-01,6,48.8,1,6,48.833333333333336,1,TRUE,TRUE
956,treatment,2026-06-04,4,53.8,1,4,53.75,1,TRUE,TRUE
957,treatment,2026-06-03,1,47,0,1,47,0,TRUE,TRUE
958,treatment,2026-06-05,3,71,0.667,3,71,0.6666666666666666,TRUE,TRUE
959,control,2026-06-03,2,16,0.5,2,16,0.5,TRUE,TRUE
960,treatment,2026-06-04,0,NA,NA,0,NA,NA,FALSE,FALSE
961,treatment,2026-06-03,2,45.5,0,2,45.5,0,TRUE,TRUE
962,treatment,2026-06-04,2,40,0.5,2,40,0.5,TRUE,TRUE
963,control,2026-06-03,2,29.5,0.5,2,29.5,0.5,TRUE,TRUE
964,treatment,2026-06-03,3,44,1,3,44,1,TRUE,TRUE
965,control,2026-06-01,2,22.5,0.5,2,22.5,0.5,TRUE,TRUE
966,treatment,2026-06-02,3,47.7,0.667,3,47.666666666666664,0.6666666666666666,TRUE,TRUE
967,treatment,2026-06-04,7,49,0.714,7,49,0.7142857142857143,TRUE,TRUE
968,treatment,2026-06-01,4,58.8,0.25,4,58.75,0.25,TRUE,TRUE
969,treatment,2026-06-02,5,62.6,1,5,62.6,1,TRUE,TRUE
970,control,2026-06-03,8,28.8,0.875,7,29.714285714285715,0.8571428571428571,TRUE,TRUE
971,control,2026-06-04,8,33.6,0.5,8,33.625,0.5,TRUE,TRUE
972,control,2026-06-05,2,36,1,1,50,1,TRUE,TRUE
973,control,2026-06-03,2,33,0,2,33,0,TRUE,TRUE
974,control,2026-06-01,2,18,1,2,18,1,TRUE,TRUE
975,control,2026-06-02,4,20.8,0.5,4,20.75,0.5,TRUE,TRUE
976,treatment,2026-06-04,0,NA,NA,0,NA,NA,FALSE,FALSE
977,control,2026-06-04,3,23.3,0.333,3,23.333333333333332,0.3333333333333333,TRUE,TRUE
978,treatment,2026-06-04,5,41.2,0.6,5,41.2,0.6,TRUE,TRUE
979,treatment,2026-06-03,7,45.9,0.857,7,45.857142857142854,0.8571428571428571,TRUE,TRUE
980,treatment,2026-06-03,5,47.4,0.6,5,47.4,0.6,TRUE,TRUE
981,control,2026-06-05,5,28,0.4,5,28,0.4,TRUE,TRUE
982,control,2026-06-04,2,30,1,1,32,1,TRUE,TRUE
983,control,2026-06-05,6,23.5,0.333,5,24.6,0.4,TRUE,TRUE
984,control,2026-06-04,4,54,0.75,4,54,0.75,TRUE,TRUE
985,treatment,2026-06-04,4,52.2,0.75,3,50.666666666666664,0.6666666666666666,TRUE,TRUE
986,treatment,2026-06-02,0,NA,NA,0,NA,NA,FALSE,FALSE
987,treatment,2026-06-04,0,NA,NA,0,NA,NA,FALSE,FALSE
988,treatment,2026-06-02,9,62.4,0.667,9,62.44444444444444,0.6666666666666666,TRUE,TRUE
989,control,2026-06-02,6,47.5,1,6,47.5,1,TRUE,TRUE
990,treatment,2026-06-04,6,62.8,0.5,5,71.2,0.6,TRUE,TRUE
991,control,2026-06-04,2,22.5,0.5,2,22.5,0.5,TRUE,TRUE
992,treatment,2026-06-03,2,44,1,2,44,1,TRUE,TRUE
993,control,2026-06-02,7,42.7,0.714,7,42.714285714285715,0.7142857142857143,TRUE,TRUE
994,treatment,2026-06-03,5,60,0.6,5,60,0.6,TRUE,TRUE
995,control,2026-06-04,2,34,0,2,34,0,TRUE,TRUE
996,treatment,2026-06-04,0,NA,NA,0,NA,NA,FALSE,FALSE
997,control,2026-06-04,0,NA,NA,0,NA,NA,FALSE,FALSE
998,treatment,2026-06-03,0,NA,NA,0,NA,NA,FALSE,FALSE
999,control,2026-06-04,2,29.5,0.5,2,29.5,0.5,TRUE,TRUE
1000,treatment,2026-06-04,2,89,0.5,1,42,1,TRUE,TRUE
1001,treatment,2026-06-02,0,NA,NA,0,NA,NA,FALSE,FALSE
1002,control,2026-06-03,3,21.7,0.333,3,21.666666666666668,0.3333333333333333,TRUE,TRUE
1003,control,2026-06-03,0,NA,NA,0,NA,NA,FALSE,FALSE
1004,treatment,2026-06-04,3,50,0.667,3,50,0.6666666666666666,TRUE,TRUE
1005,treatment,2026-06-01,2,68,1,2,68,1,TRUE,TRUE
1006,treatment,2026-06-01,1,37,1,1,37,1,TRUE,TRUE
1007,control,2026-06-05,1,41,1,1,41,1,TRUE,TRUE
1008,control,2026-06-05,2,21.5,0.5,1,15,1,TRUE,TRUE
1009,treatment,2026-06-05,9,56.6,0.889,8,51,1,TRUE,TRUE
1010,treatment,2026-06-04,5,64.8,0.8,5,64.8,0.8,TRUE,TRUE
1011,treatment,2026-06-03,3,61,0.667,3,61,0.6666666666666666,TRUE,TRUE
1012,treatment,2026-06-02,1,61,1,1,61,1,TRUE,TRUE
1013,control,2026-06-05,8,30.6,0.75,6,32.166666666666664,0.8333333333333334,TRUE,TRUE
1014,control,2026-06-02,2,27.5,1,2,27.5,1,TRUE,TRUE
1015,treatment,2026-06-05,2,24.5,0,2,24.5,0,TRUE,TRUE
1016,control,2026-06-05,3,28,0.667,3,28,0.6666666666666666,TRUE,TRUE
1017,control,2026-06-04,3,17.3,0.667,3,17.333333333333332,0.6666666666666666,TRUE,TRUE
1018,control,2026-06-05,1,18,0,1,18,0,TRUE,TRUE
1019,control,2026-06-01,2,52.5,0.5,2,52.5,0.5,TRUE,TRUE
1020,treatment,2026-06-04,0,NA,NA,0,NA,NA,FALSE,FALSE
1021,control,2026-06-02,5,32.4,0.6,5,32.4,0.6,TRUE,TRUE
1022,control,2026-06-01,3,32.7,0.667,3,32.666666666666664,0.6666666666666666,TRUE,TRUE
1023,control,2026-06-01,1,28,1,1,28,1,TRUE,TRUE
1024,control,2026-06-03,3,32.3,0.333,3,32.333333333333336,0.3333333333333333,TRUE,TRUE
1025,control,2026-06-03,3,33,1,3,33,1,TRUE,TRUE
1026,treatment,2026-06-03,1,12,0,1,12,0,TRUE,TRUE
1027,control,2026-06-01,3,64.3,1,3,64.33333333333333,1,TRUE,TRUE
1028,treatment,2026-06-05,7,61.6,0.857,6,57.833333333333336,0.8333333333333334,TRUE,TRUE
1029,control,2026-06-01,5,30,0.8,5,30,0.8,TRUE,TRUE
1030,treatment,2026-06-05,2,54,1,2,54,1,TRUE,TRUE
1031,treatment,2026-06-02,5,43,1,5,43,1,TRUE,TRUE
1032,control,2026-06-02,5,26.8,0.8,5,26.8,0.8,TRUE,TRUE
1033,control,2026-06-02,7,35.6,0.571,7,35.57142857142857,0.5714285714285714,TRUE,TRUE
1034,treatment,2026-06-03,1,69,1,1,69,1,TRUE,TRUE
1035,treatment,2026-06-04,9,44.1,0.778,8,44.25,0.75,TRUE,TRUE
1036,treatment,2026-06-05,7,38.9,0.429,7,38.857142857142854,0.42857142857142855,TRUE,TRUE
1037,control,2026-06-02,6,27.5,0.333,6,27.5,0.3333333333333333,TRUE,TRUE
1038,control,2026-06-01,2,32,1,2,32,1,TRUE,TRUE
1039,control,2026-06-02,2,47,0.5,2,47,0.5,TRUE,TRUE
1040,treatment,2026-06-03,6,48.2,0.833,6,48.166666666666664,0.8333333333333334,TRUE,TRUE
1041,control,2026-06-01,2,51,0.5,2,51,0.5,TRUE,TRUE
1042,treatment,2026-06-01,7,34.1,0.857,7,34.142857142857146,0.8571428571428571,TRUE,TRUE
1043,control,2026-06-02,0,NA,NA,0,NA,NA,FALSE,FALSE
1044,treatment,2026-06-02,3,47.3,1,3,47.333333333333336,1,TRUE,TRUE
1045,control,2026-06-03,1,17,0,1,17,0,TRUE,TRUE
1046,control,2026-06-01,1,59,1,1,59,1,TRUE,TRUE
1047,treatment,2026-06-02,6,46.5,0.833,6,46.5,0.8333333333333334,TRUE,TRUE
1048,treatment,2026-06-05,0,NA,NA,0,NA,NA,FALSE,FALSE
1049,control,2026-06-03,1,22,0,1,22,0,TRUE,TRUE
1050,treatment,2026-06-01,10,36.2,0.9,10,36.2,0.9,TRUE,TRUE
1051,control,2026-06-02,2,24,1,2,24,1,TRUE,TRUE
1052,control,2026-06-02,2,40,0.5,2,40,0.5,TRUE,TRUE
1053,control,2026-06-04,1,50,1,0,NA,NA,FALSE,TRUE
1054,treatment,2026-06-02,6,30.3,0.667,6,30.333333333333332,0.6666666666666666,TRUE,TRUE
1055,treatment,2026-06-03,1,25,1,1,25,1,TRUE,TRUE
1056,treatment,2026-06-03,0,NA,NA,0,NA,NA,FALSE,FALSE
1057,control,2026-06-03,0,NA,NA,0,NA,NA,FALSE,FALSE
1058,control,2026-06-02,5,34.8,0.6,5,34.8,0.6,TRUE,TRUE
1059,control,2026-06-04,0,NA,NA,0,NA,NA,FALSE,FALSE
1060,treatment,2026-06-03,2,68.5,0.5,2,68.5,0.5,TRUE,TRUE
1061,control,2026-06-04,1,36,1,1,36,1,TRUE,TRUE
1062,treatment,2026-06-02,3,51,1,3,51,1,TRUE,TRUE
1063,control,2026-06-05,2,30,0,1,34,0,TRUE,TRUE
1064,control,2026-06-01,2,18,0.5,2,18,0.5,TRUE,TRUE
1065,control,2026-06-05,2,63,0,2,63,0,TRUE,TRUE
1066,treatment,2026-06-03,10,52.2,0.4,10,52.2,0.4,TRUE,TRUE
1067,treatment,2026-06-01,6,47.5,0.833,6,47.5,0.8333333333333334,TRUE,TRUE
1068,treatment,2026-06-04,5,28.8,1,5,28.8,1,TRUE,TRUE
1069,treatment,2026-06-01,1,64,1,1,64,1,TRUE,TRUE
1070,control,2026-06-05,1,72,1,1,72,1,TRUE,TRUE
1071,treatment,2026-06-01,3,33.3,1,3,33.333333333333336,1,TRUE,TRUE
1072,treatment,2026-06-02,8,48.2,0.75,8,48.25,0.75,TRUE,TRUE
1073,control,2026-06-04,7,30.6,0.429,7,30.571428571428573,0.42857142857142855,TRUE,TRUE
1074,treatment,2026-06-02,7,30.7,0.714,7,30.714285714285715,0.7142857142857143,TRUE,TRUE
1075,treatment,2026-06-04,10,40.9,0.4,9,41.111111111111114,0.3333333333333333,TRUE,TRUE
1076,treatment,2026-06-03,4,41,0.75,4,41,0.75,TRUE,TRUE
1077,treatment,2026-06-05,1,52,1,1,52,1,TRUE,TRUE
1078,treatment,2026-06-03,1,126,1,1,126,1,TRUE,TRUE
1079,control,2026-06-05,1,19,1,1,19,1,TRUE,TRUE
1080,control,2026-06-05,2,26.5,1,2,26.5,1,TRUE,TRUE
1081,treatment,2026-06-01,2,72.5,0.5,2,72.5,0.5,TRUE,TRUE
1082,control,2026-06-05,4,53.2,1,4,53.25,1,TRUE,TRUE
1083,treatment,2026-06-04,2,34,1,2,34,1,TRUE,TRUE
1084,treatment,2026-06-01,0,NA,NA,0,NA,NA,FALSE,FALSE
1085,treatment,2026-06-05,2,43,0,2,43,0,TRUE,TRUE
1086,treatment,2026-06-03,0,NA,NA,0,NA,NA,FALSE,FALSE
1087,control,2026-06-01,0,NA,NA,0,NA,NA,FALSE,FALSE
1088,treatment,2026-06-05,2,56.5,1,2,56.5,1,TRUE,TRUE
1089,treatment,2026-06-02,3,54.7,0.333,3,54.666666666666664,0.3333333333333333,TRUE,TRUE
1090,treatment,2026-06-02,5,42.6,0.6,5,42.6,0.6,TRUE,TRUE
1091,treatment,2026-06-03,6,33,0.667,6,33,0.6666666666666666,TRUE,TRUE
1092,control,2026-06-05,1,31,1,1,31,1,TRUE,TRUE
1093,control,2026-06-04,8,24,0.5,7,24.571428571428573,0.5714285714285714,TRUE,TRUE
1094,control,2026-06-02,1,17,0,1,17,0,TRUE,TRUE
1095,treatment,2026-06-01,0,NA,NA,0,NA,NA,FALSE,FALSE
1096,treatment,2026-06-03,8,52.8,0.75,8,52.75,0.75,TRUE,TRUE
1097,control,2026-06-01,0,NA,NA,0,NA,NA,FALSE,FALSE
1098,treatment,2026-06-02,6,45,0.667,6,45,0.6666666666666666,TRUE,TRUE
1099,treatment,2026-06-01,0,NA,NA,0,NA,NA,FALSE,FALSE
1100,treatment,2026-06-05,6,23.7,0.833,6,23.666666666666668,0.8333333333333334,TRUE,TRUE
1101,treatment,2026-06-04,1,38,1,1,38,1,TRUE,TRUE
1102,control,2026-06-05,2,17,0.5,2,17,0.5,TRUE,TRUE
1103,treatment,2026-06-05,2,32,1,2,32,1,TRUE,TRUE
1104,control,2026-06-02,2,37,0.5,2,37,0.5,TRUE,TRUE
1105,treatment,2026-06-03,0,NA,NA,0,NA,NA,FALSE,FALSE
1106,treatment,2026-06-05,1,39,0,1,39,0,TRUE,TRUE
1107,treatment,2026-06-05,1,31,1,1,31,1,TRUE,TRUE
1108,control,2026-06-01,9,35.6,0.667,9,35.55555555555556,0.6666666666666666,TRUE,TRUE
1109,control,2026-06-05,4,28,1,4,28,1,TRUE,TRUE
1110,control,2026-06-05,2,40.5,1,2,40.5,1,TRUE,TRUE
1111,control,2026-06-02,6,19.3,0.5,6,19.333333333333332,0.5,TRUE,TRUE
1112,treatment,2026-06-04,2,65,0.5,1,43,0,TRUE,TRUE
1113,control,2026-06-05,1,67,1,1,67,1,TRUE,TRUE
1114,control,2026-06-01,2,22.5,0.5,2,22.5,0.5,TRUE,TRUE
1115,treatment,2026-06-05,4,93,0.75,4,93,0.75,TRUE,TRUE
1116,control,2026-06-02,5,24.8,0.8,5,24.8,0.8,TRUE,TRUE
1117,treatment,2026-06-04,6,43.8,0.833,6,43.833333333333336,0.8333333333333334,TRUE,TRUE
1118,control,2026-06-04,1,30,0,1,30,0,TRUE,TRUE
1119,treatment,2026-06-02,1,18,1,1,18,1,TRUE,TRUE
1120,control,2026-06-04,0,NA,NA,0,NA,NA,FALSE,FALSE
1121,treatment,2026-06-01,1,25,0,1,25,0,TRUE,TRUE
1122,treatment,2026-06-05,1,29,0,1,29,0,TRUE,TRUE
1123,treatment,2026-06-01,2,84,1,2,84,1,TRUE,TRUE
1124,treatment,2026-06-02,0,NA,NA,0,NA,NA,FALSE,FALSE
1125,control,2026-06-05,3,27.7,0.667,3,27.666666666666668,0.6666666666666666,TRUE,TRUE
1126,treatment,2026-06-04,2,44.5,0.5,2,44.5,0.5,TRUE,TRUE
1127,control,2026-06-05,2,22.5,1,2,22.5,1,TRUE,TRUE
1128,treatment,2026-06-01,3,43,1,3,43,1,TRUE,TRUE
1129,control,2026-06-02,3,38,0.667,3,38,0.6666666666666666,TRUE,TRUE
1130,treatment,2026-06-03,0,NA,NA,0,NA,NA,FALSE,FALSE
1131,treatment,2026-06-02,4,34.2,0.75,4,34.25,0.75,TRUE,TRUE
1132,control,2026-06-01,4,20.2,0.75,4,20.25,0.75,TRUE,TRUE
1133,treatment,2026-06-03,1,50,1,1,50,1,TRUE,TRUE
1134,control,2026-06-04,0,NA,NA,0,NA,NA,FALSE,FALSE
1135,control,2026-06-04,6,19.8,0.833,6,19.833333333333332,0.8333333333333334,TRUE,TRUE
1136,treatment,2026-06-04,2,58.5,0.5,1,51,0,TRUE,TRUE
1137,control,2026-06-05,2,34.5,0.5,1,38,1,TRUE,TRUE
1138,treatment,2026-06-04,3,47.7,0.333,3,47.666666666666664,0.3333333333333333,TRUE,TRUE
1139,control,2026-06-03,4,26.5,0.5,3,24,0.3333333333333333,TRUE,TRUE
1140,treatment,2026-06-02,6,35.3,0.667,6,35.333333333333336,0.6666666666666666,TRUE,TRUE
1141,treatment,2026-06-01,2,34.5,1,2,34.5,1,TRUE,TRUE
1142,control,2026-06-02,4,36.8,1,4,36.75,1,TRUE,TRUE
1143,control,2026-06-01,0,NA,NA,0,NA,NA,FALSE,FALSE
1144,treatment,2026-06-02,6,36,0.667,6,36,0.6666666666666666,TRUE,TRUE
1145,control,2026-06-04,4,28.5,0.5,4,28.5,0.5,TRUE,TRUE
1146,treatment,2026-06-03,6,33.3,0.667,6,33.333333333333336,0.6666666666666666,TRUE,TRUE
1147,treatment,2026-06-01,1,50,0,1,50,0,TRUE,TRUE
1148,control,2026-06-03,2,22.5,0.5,2,22.5,0.5,TRUE,TRUE
1149,control,2026-06-05,3,37.3,0.333,3,37.333333333333336,0.3333333333333333,TRUE,TRUE
1150,treatment,2026-06-01,0,NA,NA,0,NA,NA,FALSE,FALSE
1151,control,2026-06-02,11,33.8,0.545,11,33.81818181818182,0.5454545454545454,TRUE,TRUE
1152,treatment,2026-06-04,8,44.8,0.75,8,44.75,0.75,TRUE,TRUE
1153,control,2026-06-01,1,32,1,1,32,1,TRUE,TRUE
1154,control,2026-06-05,0,NA,NA,0,NA,NA,FALSE,FALSE
1155,treatment,2026-06-03,1,37,1,1,37,1,TRUE,TRUE
1156,treatment,2026-06-05,2,24.5,1,2,24.5,1,TRUE,TRUE
1157,control,2026-06-04,5,26,0.4,5,26,0.4,TRUE,TRUE
1158,treatment,2026-06-04,6,54.2,0.667,6,54.166666666666664,0.6666666666666666,TRUE,TRUE
1159,control,2026-06-03,4,33.8,1,4,33.75,1,TRUE,TRUE
1160,control,2026-06-01,2,35.5,1,2,35.5,1,TRUE,TRUE
1161,treatment,2026-06-02,1,32,0,1,32,0,TRUE,TRUE
1162,treatment,2026-06-04,7,52.4,0.286,6,57,0.3333333333333333,TRUE,TRUE
1163,treatment,2026-06-04,2,47,1,2,47,1,TRUE,TRUE
1164,treatment,2026-06-04,3,51,1,3,51,1,TRUE,TRUE
1165,treatment,2026-06-02,2,85,1,2,85,1,TRUE,TRUE
1166,treatment,2026-06-02,4,49.8,0.75,4,49.75,0.75,TRUE,TRUE
1167,control,2026-06-02,2,38,0.5,2,38,0.5,TRUE,TRUE
1168,treatment,2026-06-03,6,38.5,1,5,36.8,1,TRUE,TRUE
1169,control,2026-06-05,2,40.5,1,2,40.5,1,TRUE,TRUE
1170,treatment,2026-06-01,2,33,1,2,33,1,TRUE,TRUE
1171,treatment,2026-06-05,0,NA,NA,0,NA,NA,FALSE,FALSE
1172,treatment,2026-06-03,0,NA,NA,0,NA,NA,FALSE,FALSE
1173,treatment,2026-06-04,3,30.7,0,3,30.666666666666668,0,TRUE,TRUE
1174,control,2026-06-01,4,22.2,0.25,4,22.25,0.25,TRUE,TRUE
1175,treatment,2026-06-03,9,40.6,0.667,9,40.55555555555556,0.6666666666666666,TRUE,TRUE
1176,treatment,2026-06-01,3,30.3,1,3,30.333333333333332,1,TRUE,TRUE
1177,treatment,2026-06-02,6,68,1,6,68,1,TRUE,TRUE
1178,control,2026-06-01,2,38.5,1,2,38.5,1,TRUE,TRUE
1179,treatment,2026-06-01,0,NA,NA,0,NA,NA,FALSE,FALSE
1180,control,2026-06-02,1,103,0,1,103,0,TRUE,TRUE
1181,treatment,2026-06-04,1,25,1,1,25,1,TRUE,TRUE
1182,treatment,2026-06-02,1,67,1,1,67,1,TRUE,TRUE
1183,control,2026-06-05,0,NA,NA,0,NA,NA,FALSE,FALSE
1184,treatment,2026-06-04,3,48,1,3,48,1,TRUE,TRUE
1185,control,2026-06-04,1,26,0,1,26,0,TRUE,TRUE
1186,treatment,2026-06-04,1,17,0,1,17,0,TRUE,TRUE
1187,treatment,2026-06-02,5,75,0.6,5,75,0.6,TRUE,TRUE
1188,control,2026-06-02,4,32,0.75,4,32,0.75,TRUE,TRUE
1189,treatment,2026-06-03,0,NA,NA,0,NA,NA,FALSE,FALSE
1190,control,2026-06-05,5,53.2,0.8,5,53.2,0.8,TRUE,TRUE
1191,treatment,2026-06-03,2,71,1,2,71,1,TRUE,TRUE
1192,control,2026-06-05,5,34.4,0.4,4,30.5,0.5,TRUE,TRUE
1193,control,2026-06-03,8,27.1,1,8,27.125,1,TRUE,TRUE
1194,control,2026-06-02,4,33.2,0.75,4,33.25,0.75,TRUE,TRUE
1195,control,2026-06-03,6,30,0.333,6,30,0.3333333333333333,TRUE,TRUE
1196,control,2026-06-03,2,48.5,1,2,48.5,1,TRUE,TRUE
1197,treatment,2026-06-02,2,24,0.5,2,24,0.5,TRUE,TRUE
1198,control,2026-06-05,1,41,1,1,41,1,TRUE,TRUE
1199,control,2026-06-04,3,42.3,0.667,3,42.333333333333336,0.6666666666666666,TRUE,TRUE
1200,control,2026-06-03,1,14,1,1,14,1,TRUE,TRUE
1201,treatment,2026-06-05,3,18.7,0.667,3,18.666666666666668,0.6666666666666666,TRUE,TRUE
1202,control,2026-06-04,7,37.9,0.571,7,37.857142857142854,0.5714285714285714,TRUE,TRUE
1203,control,2026-06-03,1,24,0,1,24,0,TRUE,TRUE
1204,treatment,2026-06-05,1,24,1,1,24,1,TRUE,TRUE
1205,treatment,2026-06-01,1,85,0,1,85,0,TRUE,TRUE
1206,treatment,2026-06-05,6,42.2,0.833,6,42.166666666666664,0.8333333333333334,TRUE,TRUE
1207,treatment,2026-06-03,3,49.7,1,2,53,1,TRUE,TRUE
1208,treatment,2026-06-05,2,22,1,2,22,1,TRUE,TRUE
1209,treatment,2026-06-03,7,62.6,0.571,7,62.57142857142857,0.5714285714285714,TRUE,TRUE
1210,control,2026-06-01,11,29.8,0.909,11,29.818181818181817,0.9090909090909091,TRUE,TRUE
1211,control,2026-06-04,2,23,0.5,2,23,0.5,TRUE,TRUE
1212,control,2026-06-04,0,NA,NA,0,NA,NA,FALSE,FALSE
1213,treatment,2026-06-02,3,60.7,0.333,3,60.666666666666664,0.3333333333333333,TRUE,TRUE
1214,control,2026-06-03,4,33,1,4,33,1,TRUE,TRUE
1215,control,2026-06-03,1,71,1,1,71,1,TRUE,TRUE
1216,control,2026-06-02,3,28,0.667,3,28,0.6666666666666666,TRUE,TRUE
1217,treatment,2026-06-05,1,44,1,1,44,1,TRUE,TRUE
1218,control,2026-06-05,7,29.1,0.714,7,29.142857142857142,0.7142857142857143,TRUE,TRUE
1219,control,2026-06-02,3,21.3,0.333,3,21.333333333333332,0.3333333333333333,TRUE,TRUE
1220,treatment,2026-06-04,10,59.5,0.4,10,59.5,0.4,TRUE,TRUE
1221,treatment,2026-06-02,10,46.8,0.9,10,46.8,0.9,TRUE,TRUE
1222,control,2026-06-01,0,NA,NA,0,NA,NA,FALSE,FALSE
1223,treatment,2026-06-04,4,40.2,0.5,4,40.25,0.5,TRUE,TRUE
1224,control,2026-06-01,3,23.3,1,3,23.333333333333332,1,TRUE,TRUE
1225,control,2026-06-04,6,29.3,0.667,6,29.333333333333332,0.6666666666666666,TRUE,TRUE
1226,treatment,2026-06-04,5,34.8,1,5,34.8,1,TRUE,TRUE
1227,control,2026-06-01,0,NA,NA,0,NA,NA,FALSE,FALSE
1228,control,2026-06-05,2,37.5,1,2,37.5,1,TRUE,TRUE
1229,treatment,2026-06-01,14,37.3,0.643,14,37.285714285714285,0.6428571428571429,TRUE,TRUE
1230,treatment,2026-06-04,1,64,1,1,64,1,TRUE,TRUE
1231,control,2026-06-03,2,48,1,2,48,1,TRUE,TRUE
1232,treatment,2026-06-02,12,53.1,0.417,12,53.083333333333336,0.4166666666666667,TRUE,TRUE
1233,control,2026-06-04,3,27,1,3,27,1,TRUE,TRUE
1234,control,2026-06-04,3,36,0.333,3,36,0.3333333333333333,TRUE,TRUE
1235,treatment,2026-06-04,0,NA,NA,0,NA,NA,FALSE,FALSE
1236,control,2026-06-04,2,51,0,2,51,0,TRUE,TRUE
1237,control,2026-06-05,8,26.5,0.75,8,26.5,0.75,TRUE,TRUE
1238,treatment,2026-06-02,0,NA,NA,0,NA,NA,FALSE,FALSE
1239,treatment,2026-06-02,5,35.6,0.8,5,35.6,0.8,TRUE,TRUE
1240,treatment,2026-06-05,0,NA,NA,0,NA,NA,FALSE,FALSE
1241,control,2026-06-02,3,26,1,3,26,1,TRUE,TRUE
1242,control,2026-06-04,3,30.3,0.667,3,30.333333333333332,0.6666666666666666,TRUE,TRUE
1243,control,2026-06-05,5,32.8,0.6,5,32.8,0.6,TRUE,TRUE
1244,treatment,2026-06-04,1,53,1,1,53,1,TRUE,TRUE
1245,treatment,2026-06-01,1,77,1,1,77,1,TRUE,TRUE
1246,control,2026-06-02,2,30.5,0.5,2,30.5,0.5,TRUE,TRUE
1247,control,2026-06-02,12,37.3,0.75,12,37.333333333333336,0.75,TRUE,TRUE
1248,control,2026-06-05,1,40,0,1,40,0,TRUE,TRUE
1249,treatment,2026-06-05,0,NA,NA,0,NA,NA,FALSE,FALSE
1250,treatment,2026-06-02,1,31,1,0,NA,NA,FALSE,TRUE
1251,control,2026-06-05,3,20.7,1,3,20.666666666666668,1,TRUE,TRUE
1252,control,2026-06-03,4,22.8,0.75,4,22.75,0.75,TRUE,TRUE
1253,treatment,2026-06-02,5,69.2,0.6,5,69.2,0.6,TRUE,TRUE
1254,control,2026-06-02,1,39,1,1,39,1,TRUE,TRUE
1255,control,2026-06-05,1,25,0,1,25,0,TRUE,TRUE
1256,treatment,2026-06-02,5,40.6,0.6,5,40.6,0.6,TRUE,TRUE
1257,control,2026-06-05,1,22,1,1,22,1,TRUE,TRUE
1258,treatment,2026-06-01,1,51,1,1,51,1,TRUE,TRUE
1259,treatment,2026-06-04,1,58,0,1,58,0,TRUE,TRUE
1260,treatment,2026-06-04,3,42,1,3,42,1,TRUE,TRUE
1261,treatment,2026-06-04,4,36.2,1,4,36.25,1,TRUE,TRUE
1262,control,2026-06-02,2,62,0,2,62,0,TRUE,TRUE
1263,control,2026-06-04,10,31.6,0.9,10,31.6,0.9,TRUE,TRUE
1264,control,2026-06-05,3,28.7,0.667,3,28.666666666666668,0.6666666666666666,TRUE,TRUE
1265,treatment,2026-06-04,6,62.7,0.5,6,62.666666666666664,0.5,TRUE,TRUE
1266,treatment,2026-06-01,3,47.3,0.333,3,47.333333333333336,0.3333333333333333,TRUE,TRUE
1267,control,2026-06-02,1,19,1,1,19,1,TRUE,TRUE
1268,treatment,2026-06-04,2,69,1,2,69,1,TRUE,TRUE
1269,control,2026-06-02,5,32.8,0.8,5,32.8,0.8,TRUE,TRUE
1270,treatment,2026-06-04,2,38.5,1,2,38.5,1,TRUE,TRUE
1271,control,2026-06-01,3,33.3,0.667,3,33.333333333333336,0.6666666666666666,TRUE,TRUE
1272,treatment,2026-06-04,2,30,1,2,30,1,TRUE,TRUE
1273,treatment,2026-06-03,2,24.5,0.5,2,24.5,0.5,TRUE,TRUE
1274,treatment,2026-06-05,3,32,0.667,3,32,0.6666666666666666,TRUE,TRUE
1275,treatment,2026-06-04,1,68,1,1,68,1,TRUE,TRUE
1276,control,2026-06-04,4,28,0.75,4,28,0.75,TRUE,TRUE
1277,control,2026-06-05,12,31.5,0.667,9,33.55555555555556,0.5555555555555556,TRUE,TRUE
1278,control,2026-06-05,2,85,0.5,2,85,0.5,TRUE,TRUE
1279,treatment,2026-06-04,3,32.7,0.667,2,41,1,TRUE,TRUE
1280,treatment,2026-06-03,2,39,0.5,2,39,0.5,TRUE,TRUE
1281,treatment,2026-06-01,3,61,1,3,61,1,TRUE,TRUE
1282,control,2026-06-03,3,51.7,0.667,3,51.666666666666664,0.6666666666666666,TRUE,TRUE
1283,control,2026-06-04,3,36.3,0.333,3,36.333333333333336,0.3333333333333333,TRUE,TRUE
1284,control,2026-06-05,2,30,0,2,30,0,TRUE,TRUE
1285,control,2026-06-02,0,NA,NA,0,NA,NA,FALSE,FALSE
1286,treatment,2026-06-05,10,41.9,0.7,9,41.333333333333336,0.6666666666666666,TRUE,TRUE
1287,treatment,2026-06-02,3,31.3,0.333,3,31.333333333333332,0.3333333333333333,TRUE,TRUE
1288,treatment,2026-06-01,5,60.2,0.8,5,60.2,0.8,TRUE,TRUE
1289,control,2026-06-01,4,30.8,0.75,4,30.75,0.75,TRUE,TRUE
1290,treatment,2026-06-03,10,38.3,1,10,38.3,1,TRUE,TRUE
1291,treatment,2026-06-01,1,64,0,1,64,0,TRUE,TRUE
1292,treatment,2026-06-02,2,32.5,1,2,32.5,1,TRUE,TRUE
1293,treatment,2026-06-05,4,39,1,4,39,1,TRUE,TRUE
1294,treatment,2026-06-01,3,53,1,3,53,1,TRUE,TRUE
1295,treatment,2026-06-04,8,40.8,0.75,7,44,0.7142857142857143,TRUE,TRUE
1296,control,2026-06-02,1,32,0,1,32,0,TRUE,TRUE
1297,treatment,2026-06-05,7,34.1,0.714,7,34.142857142857146,0.7142857142857143,TRUE,TRUE
1298,treatment,2026-06-03,0,NA,NA,0,NA,NA,FALSE,FALSE
1299,treatment,2026-06-03,3,70,0.667,3,70,0.6666666666666666,TRUE,TRUE
1300,treatment,2026-06-01,0,NA,NA,0,NA,NA,FALSE,FALSE
1301,treatment,2026-06-04,0,NA,NA,0,NA,NA,FALSE,FALSE
1302,control,2026-06-02,8,34,0.5,7,33.42857142857143,0.42857142857142855,TRUE,TRUE
1303,treatment,2026-06-03,4,55.5,1,4,55.5,1,TRUE,TRUE
1304,treatment,2026-06-04,7,37.9,0.857,7,37.857142857142854,0.8571428571428571,TRUE,TRUE
1305,control,2026-06-04,2,49,1,2,49,1,TRUE,TRUE
1306,treatment,2026-06-05,4,51.2,1,4,51.25,1,TRUE,TRUE
1307,treatment,2026-06-02,0,NA,NA,0,NA,NA,FALSE,FALSE
1308,control,2026-06-04,2,43.5,0.5,2,43.5,0.5,TRUE,TRUE
1309,control,2026-06-02,9,32.8,1,8,32,1,TRUE,TRUE
1310,treatment,2026-06-04,8,48.5,0.625,8,48.5,0.625,TRUE,TRUE
1311,treatment,2026-06-02,3,132.7,1,3,132.66666666666666,1,TRUE,TRUE
1312,control,2026-06-03,3,47.3,0.333,3,47.333333333333336,0.3333333333333333,TRUE,TRUE
1313,control,2026-06-05,0,NA,NA,0,NA,NA,FALSE,FALSE
1314,control,2026-06-03,4,31.2,0.5,4,31.25,0.5,TRUE,TRUE
1315,control,2026-06-03,0,NA,NA,0,NA,NA,FALSE,FALSE
1316,treatment,2026-06-05,1,43,1,0,NA,NA,FALSE,TRUE
1317,control,2026-06-05,1,31,0,1,31,0,TRUE,TRUE
1318,treatment,2026-06-03,12,34,0.5,11,33.72727272727273,0.5454545454545454,TRUE,TRUE
1319,control,2026-06-03,1,31,1,1,31,1,TRUE,TRUE
1320,treatment,2026-06-04,1,42,1,1,42,1,TRUE,TRUE
1321,treatment,2026-06-02,2,33,1,2,33,1,TRUE,TRUE
1322,treatment,2026-06-05,9,48.9,0.889,9,48.888888888888886,0.8888888888888888,TRUE,TRUE
1323,control,2026-06-04,0,NA,NA,0,NA,NA,FALSE,FALSE
1324,control,2026-06-04,2,29,1,2,29,1,TRUE,TRUE
1325,treatment,2026-06-01,9,60.7,0.333,9,60.666666666666664,0.3333333333333333,TRUE,TRUE
1326,treatment,2026-06-04,11,37.3,0.727,10,37.8,0.7,TRUE,TRUE
1327,treatment,2026-06-01,1,38,0,1,38,0,TRUE,TRUE
1328,treatment,2026-06-02,1,36,0,1,36,0,TRUE,TRUE
1329,control,2026-06-04,3,39.3,0.333,3,39.333333333333336,0.3333333333333333,TRUE,TRUE
1330,control,2026-06-04,2,36.5,1,2,36.5,1,TRUE,TRUE
1331,control,2026-06-01,2,32,0.5,2,32,0.5,TRUE,TRUE
1332,control,2026-06-03,2,20,0.5,2,20,0.5,TRUE,TRUE
1333,control,2026-06-05,3,66.7,0.667,2,85.5,1,TRUE,TRUE
1334,control,2026-06-02,0,NA,NA,0,NA,NA,FALSE,FALSE
1335,treatment,2026-06-02,3,51.7,0.333,3,51.666666666666664,0.3333333333333333,TRUE,TRUE
1336,control,2026-06-05,1,46,1,1,46,1,TRUE,TRUE
1337,control,2026-06-03,1,32,1,1,32,1,TRUE,TRUE
1338,treatment,2026-06-05,6,62.8,0.667,5,55.2,0.8,TRUE,TRUE
1339,treatment,2026-06-01,1,41,1,1,41,1,TRUE,TRUE
1340,treatment,2026-06-03,2,49,0.5,2,49,0.5,TRUE,TRUE
1341,treatment,2026-06-04,2,23.5,0,2,23.5,0,TRUE,TRUE
1342,control,2026-06-03,3,36.3,1,3,36.333333333333336,1,TRUE,TRUE
1343,treatment,2026-06-03,0,NA,NA,0,NA,NA,FALSE,FALSE
1344,control,2026-06-03,0,NA,NA,0,NA,NA,FALSE,FALSE
1345,control,2026-06-01,5,37.2,0.8,5,37.2,0.8,TRUE,TRUE
1346,control,2026-06-04,4,40.5,0.5,4,40.5,0.5,TRUE,TRUE
1347,treatment,2026-06-01,1,39,1,1,39,1,TRUE,TRUE
1348,control,2026-06-01,6,27.5,0.667,6,27.5,0.6666666666666666,TRUE,TRUE
1349,treatment,2026-06-02,1,50,1,1,50,1,TRUE,TRUE
1350,treatment,2026-06-04,4,60,0.75,4,60,0.75,TRUE,TRUE
1351,control,2026-06-02,2,40.5,1,2,40.5,1,TRUE,TRUE
1352,treatment,2026-06-05,0,NA,NA,0,NA,NA,FALSE,FALSE
1353,treatment,2026-06-01,0,NA,NA,0,NA,NA,FALSE,FALSE
1354,control,2026-06-02,3,33,0.667,3,33,0.6666666666666666,TRUE,TRUE
1355,treatment,2026-06-01,2,25,0.5,2,25,0.5,TRUE,TRUE
1356,control,2026-06-03,5,26.8,0.2,4,27.75,0.25,TRUE,TRUE
1357,treatment,2026-06-05,0,NA,NA,0,NA,NA,FALSE,FALSE
1358,control,2026-06-03,3,40.3,0.667,3,40.333333333333336,0.6666666666666666,TRUE,TRUE
1359,treatment,2026-06-04,1,13,1,1,13,1,TRUE,TRUE
1360,treatment,2026-06-01,1,31,1,1,31,1,TRUE,TRUE
1361,treatment,2026-06-02,4,100,0.5,4,100,0.5,TRUE,TRUE
1362,control,2026-06-02,0,NA,NA,0,NA,NA,FALSE,FALSE
1363,control,2026-06-03,1,26,1,1,26,1,TRUE,TRUE
1364,control,2026-06-01,2,43,1,2,43,1,TRUE,TRUE
1365,treatment,2026-06-01,0,NA,NA,0,NA,NA,FALSE,FALSE
1366,treatment,2026-06-02,1,76,1,1,76,1,TRUE,TRUE
1367,control,2026-06-05,3,39.7,0.667,3,39.666666666666664,0.6666666666666666,TRUE,TRUE
1368,control,2026-06-03,1,19,1,1,19,1,TRUE,TRUE
1369,control,2026-06-03,3,41.7,0.667,3,41.666666666666664,0.6666666666666666,TRUE,TRUE
1370,control,2026-06-02,2,36.5,1,2,36.5,1,TRUE,TRUE
1371,control,2026-06-05,1,39,1,0,NA,NA,FALSE,TRUE
1372,control,2026-06-02,5,40.4,0.6,5,40.4,0.6,TRUE,TRUE
1373,treatment,2026-06-02,7,56.4,0.714,6,53,0.6666666666666666,TRUE,TRUE
1374,control,2026-06-04,1,16,0,1,16,0,TRUE,TRUE
1375,control,2026-06-04,0,NA,NA,0,NA,NA,FALSE,FALSE
1376,control,2026-06-01,0,NA,NA,0,NA,NA,FALSE,FALSE
1377,control,2026-06-04,8,26.4,0.5,7,27.857142857142858,0.42857142857142855,TRUE,TRUE
1378,control,2026-06-02,1,35,1,1,35,1,TRUE,TRUE
1379,treatment,2026-06-05,4,46.8,0.5,4,46.75,0.5,TRUE,TRUE
1380,control,2026-06-01,2,28.5,0.5,2,28.5,0.5,TRUE,TRUE
1381,treatment,2026-06-02,0,NA,NA,0,NA,NA,FALSE,FALSE
1382,control,2026-06-01,0,NA,NA,0,NA,NA,FALSE,FALSE
1383,control,2026-06-05,1,38,1,1,38,1,TRUE,TRUE
1384,treatment,2026-06-05,4,48.2,0.75,4,48.25,0.75,TRUE,TRUE
1385,treatment,2026-06-05,5,55,1,4,56.5,1,TRUE,TRUE
1386,treatment,2026-06-01,3,33,0.667,3,33,0.6666666666666666,TRUE,TRUE
1387,treatment,2026-06-05,0,NA,NA,0,NA,NA,FALSE,FALSE
1388,control,2026-06-05,2,21.5,1,2,21.5,1,TRUE,TRUE
1389,control,2026-06-03,2,28.5,1,1,24,1,TRUE,TRUE
1390,control,2026-06-04,1,35,0,1,35,0,TRUE,TRUE
1391,control,2026-06-03,6,29,0.5,6,29,0.5,TRUE,TRUE
1392,treatment,2026-06-04,4,74.5,0.5,4,74.5,0.5,TRUE,TRUE
1393,control,2026-06-04,4,26.5,0.75,3,24.666666666666668,1,TRUE,TRUE
1394,control,2026-06-03,0,NA,NA,0,NA,NA,FALSE,FALSE
1395,control,2026-06-01,2,29.5,0,2,29.5,0,TRUE,TRUE
1396,control,2026-06-01,7,26.6,0.571,7,26.571428571428573,0.5714285714285714,TRUE,TRUE
1397,treatment,2026-06-03,2,22,1,2,22,1,TRUE,TRUE
1398,control,2026-06-04,4,34.8,0.75,4,34.75,0.75,TRUE,TRUE
1399,control,2026-06-04,1,137,1,1,137,1,TRUE,TRUE
1400,treatment,2026-06-02,2,72,1,2,72,1,TRUE,TRUE
1401,control,2026-06-05,1,57,0,1,57,0,TRUE,TRUE
1402,control,2026-06-03,8,32,0.75,8,32,0.75,TRUE,TRUE
1403,treatment,2026-06-02,2,35.5,1,2,35.5,1,TRUE,TRUE
1404,control,2026-06-03,2,31,1,2,31,1,TRUE,TRUE
1405,control,2026-06-03,0,NA,NA,0,NA,NA,FALSE,FALSE
1406,treatment,2026-06-02,6,60.8,0.667,6,60.833333333333336,0.6666666666666666,TRUE,TRUE
1407,treatment,2026-06-02,3,28,1,3,28,1,TRUE,TRUE
1408,control,2026-06-05,2,13,0.5,2,13,0.5,TRUE,TRUE
1409,control,2026-06-04,1,49,1,1,49,1,TRUE,TRUE
1410,control,2026-06-02,1,74,1,1,74,1,TRUE,TRUE
1411,control,2026-06-01,6,32.7,0.667,6,32.666666666666664,0.6666666666666666,TRUE,TRUE
1412,treatment,2026-06-03,0,NA,NA,0,NA,NA,FALSE,FALSE
1413,control,2026-06-05,6,30.3,0.667,3,39.333333333333336,1,TRUE,TRUE
1414,control,2026-06-01,7,28.7,0.714,7,28.714285714285715,0.7142857142857143,TRUE,TRUE
1415,control,2026-06-03,0,NA,NA,0,NA,NA,FALSE,FALSE
1416,control,2026-06-05,2,30,0,2,30,0,TRUE,TRUE
1417,control,2026-06-02,2,19.5,0.5,2,19.5,0.5,TRUE,TRUE
1418,control,2026-06-04,5,36.8,0.6,5,36.8,0.6,TRUE,TRUE
1419,control,2026-06-01,2,27.5,1,2,27.5,1,TRUE,TRUE
1420,control,2026-06-03,0,NA,NA,0,NA,NA,FALSE,FALSE
1421,control,2026-06-02,3,26,0.333,3,26,0.3333333333333333,TRUE,TRUE
1422,control,2026-06-03,2,47,1,2,47,1,TRUE,TRUE
1423,control,2026-06-02,4,27.2,0.5,4,27.25,0.5,TRUE,TRUE
1424,treatment,2026-06-05,5,45.2,0.6,5,45.2,0.6,TRUE,TRUE
1425,control,2026-06-05,2,34,1,2,34,1,TRUE,TRUE
1426,control,2026-06-02,1,56,1,1,56,1,TRUE,TRUE
1427,control,2026-06-05,0,NA,NA,0,NA,NA,FALSE,FALSE
1428,control,2026-06-01,7,28.7,0.571,7,28.714285714285715,0.5714285714285714,TRUE,TRUE
1429,treatment,2026-06-02,4,50,1,4,50,1,TRUE,TRUE
1430,control,2026-06-01,0,NA,NA,0,NA,NA,FALSE,FALSE
1431,treatment,2026-06-01,2,76.5,1,2,76.5,1,TRUE,TRUE
1432,control,2026-06-01,2,29,1,2,29,1,TRUE,TRUE
1433,treatment,2026-06-02,2,51.5,0.5,2,51.5,0.5,TRUE,TRUE
1434,control,2026-06-02,2,41.5,1,2,41.5,1,TRUE,TRUE
1435,treatment,2026-06-03,4,49,0.5,4,49,0.5,TRUE,TRUE
1436,treatment,2026-06-03,1,29,0,1,29,0,TRUE,TRUE
1437,treatment,2026-06-02,4,54.8,1,4,54.75,1,TRUE,TRUE
1438,treatment,2026-06-03,1,27,1,1,27,1,TRUE,TRUE
1439,treatment,2026-06-05,1,58,1,1,58,1,TRUE,TRUE
1440,control,2026-06-01,3,27,0.667,3,27,0.6666666666666666,TRUE,TRUE
1441,treatment,2026-06-01,4,51.5,1,4,51.5,1,TRUE,TRUE
1442,treatment,2026-06-02,8,31,0.5,8,31,0.5,TRUE,TRUE
1443,treatment,2026-06-03,4,48,1,4,48,1,TRUE,TRUE
1444,control,2026-06-04,6,29,0.5,6,29,0.5,TRUE,TRUE
1445,treatment,2026-06-03,0,NA,NA,0,NA,NA,FALSE,FALSE
1446,treatment,2026-06-03,1,73,0,1,73,0,TRUE,TRUE
1447,control,2026-06-05,2,58,1,1,16,1,TRUE,TRUE
1448,control,2026-06-03,16,30.9,0.438,15,31.866666666666667,0.4666666666666667,TRUE,TRUE
1449,control,2026-06-05,1,11,1,1,11,1,TRUE,TRUE
1450,control,2026-06-02,1,15,0,1,15,0,TRUE,TRUE
1451,treatment,2026-06-03,3,56.7,0.667,3,56.666666666666664,0.6666666666666666,TRUE,TRUE
1452,control,2026-06-04,1,47,1,1,47,1,TRUE,TRUE
1453,control,2026-06-04,5,23.6,0.4,4,27,0.5,TRUE,TRUE
1454,treatment,2026-06-03,2,19,0.5,2,19,0.5,TRUE,TRUE
1455,control,2026-06-02,2,31,1,2,31,1,TRUE,TRUE
1456,treatment,2026-06-01,1,71,1,1,71,1,TRUE,TRUE
1457,control,2026-06-05,3,51.3,0.667,2,58.5,0.5,TRUE,TRUE
1458,treatment,2026-06-05,0,NA,NA,0,NA,NA,FALSE,FALSE
1459,control,2026-06-01,2,36,0.5,2,36,0.5,TRUE,TRUE
1460,treatment,2026-06-05,4,55.2,0.75,4,55.25,0.75,TRUE,TRUE
1461,treatment,2026-06-01,2,24,0,2,24,0,TRUE,TRUE
1462,control,2026-06-03,4,36.8,0.75,4,36.75,0.75,TRUE,TRUE
1463,control,2026-06-04,3,19.3,0.667,3,19.333333333333332,0.6666666666666666,TRUE,TRUE
1464,control,2026-06-01,1,23,1,1,23,1,TRUE,TRUE
1465,control,2026-06-02,4,26.2,0.75,3,25,1,TRUE,TRUE
1466,treatment,2026-06-02,2,39.5,1,2,39.5,1,TRUE,TRUE
1467,control,2026-06-04,7,39.9,0.714,6,39.166666666666664,0.8333333333333334,TRUE,TRUE
1468,control,2026-06-01,1,13,1,1,13,1,TRUE,TRUE
1469,treatment,2026-06-01,3,32,1,3,32,1,TRUE,TRUE
1470,treatment,2026-06-05,2,102.5,1,2,102.5,1,TRUE,TRUE
1471,treatment,2026-06-04,5,42.8,1,5,42.8,1,TRUE,TRUE
1472,control,2026-06-02,3,31.7,1,3,31.666666666666668,1,TRUE,TRUE
1473,control,2026-06-02,3,18.3,1,3,18.333333333333332,1,TRUE,TRUE
1474,control,2026-06-05,2,19,1,2,19,1,TRUE,TRUE
1475,treatment,2026-06-03,0,NA,NA,0,NA,NA,FALSE,FALSE
1476,control,2026-06-05,4,38.5,0.5,4,38.5,0.5,TRUE,TRUE
1477,control,2026-06-01,2,25,0.5,2,25,0.5,TRUE,TRUE
1478,treatment,2026-06-02,4,43.5,0.75,4,43.5,0.75,TRUE,TRUE
1479,control,2026-06-02,8,29.5,0.375,8,29.5,0.375,TRUE,TRUE
1480,control,2026-06-02,6,38.3,0.667,6,38.333333333333336,0.6666666666666666,TRUE,TRUE
1481,control,2026-06-03,3,34.3,0.667,3,34.333333333333336,0.6666666666666666,TRUE,TRUE
1482,treatment,2026-06-02,2,27,0.5,2,27,0.5,TRUE,TRUE
1483,control,2026-06-05,1,42,1,1,42,1,TRUE,TRUE
1484,treatment,2026-06-01,2,61,0.5,2,61,0.5,TRUE,TRUE
1485,treatment,2026-06-03,2,60.5,1,2,60.5,1,TRUE,TRUE
1486,treatment,2026-06-03,1,42,1,1,42,1,TRUE,TRUE
1487,control,2026-06-04,4,18.5,0.75,4,18.5,0.75,TRUE,TRUE
1488,control,2026-06-04,1,21,1,1,21,1,TRUE,TRUE
1489,control,2026-06-02,3,45,0,3,45,0,TRUE,TRUE
1490,control,2026-06-05,4,30,0.5,3,32,0.6666666666666666,TRUE,TRUE
1491,control,2026-06-02,9,26,0.556,9,26,0.5555555555555556,TRUE,TRUE
1492,control,2026-06-03,4,24.8,0.5,4,24.75,0.5,TRUE,TRUE
1493,treatment,2026-06-02,0,NA,NA,0,NA,NA,FALSE,FALSE
1494,control,2026-06-04,7,47.9,0.714,6,47.833333333333336,0.6666666666666666,TRUE,TRUE
1495,control,2026-06-03,3,43.3,0.333,2,50.5,0.5,TRUE,TRUE
1496,treatment,2026-06-03,5,51.8,0.4,4,46.5,0.5,TRUE,TRUE
1497,control,2026-06-05,0,NA,NA,0,NA,NA,FALSE,FALSE
1498,treatment,2026-06-04,1,99,1,1,99,1,TRUE,TRUE
1499,treatment,2026-06-05,2,50.5,1,2,50.5,1,TRUE,TRUE
1500,control,2026-06-02,1,35,1,1,35,1,TRUE,TRUE
1501,treatment,2026-06-03,0,NA,NA,0,NA,NA,FALSE,FALSE
1502,control,2026-06-01,2,37.5,0.5,2,37.5,0.5,TRUE,TRUE
1503,control,2026-06-01,6,34.8,0.833,6,34.833333333333336,0.8333333333333334,TRUE,TRUE
1504,control,2026-06-02,0,NA,NA,0,NA,NA,FALSE,FALSE
1505,control,2026-06-02,3,16,0.667,3,16,0.6666666666666666,TRUE,TRUE
1506,control,2026-06-01,2,26.5,0.5,2,26.5,0.5,TRUE,TRUE
1507,treatment,2026-06-03,0,NA,NA,0,NA,NA,FALSE,FALSE
1508,control,2026-06-03,2,28,1,2,28,1,TRUE,TRUE
1509,treatment,2026-06-04,7,50,0.714,6,47.833333333333336,0.6666666666666666,TRUE,TRUE
1510,treatment,2026-06-05,9,51.1,0.556,8,54,0.5,TRUE,TRUE
1511,control,2026-06-05,3,40.3,0.667,3,40.333333333333336,0.6666666666666666,TRUE,TRUE
1512,treatment,2026-06-05,3,27.7,0.333,3,27.666666666666668,0.3333333333333333,TRUE,TRUE
1513,treatment,2026-06-04,4,42.2,1,4,42.25,1,TRUE,TRUE
1514,treatment,2026-06-05,0,NA,NA,0,NA,NA,FALSE,FALSE
1515,control,2026-06-01,2,36,0.5,2,36,0.5,TRUE,TRUE
1516,treatment,2026-06-01,2,69.5,1,2,69.5,1,TRUE,TRUE
1517,treatment,2026-06-03,0,NA,NA,0,NA,NA,FALSE,FALSE
1518,treatment,2026-06-05,1,90,1,1,90,1,TRUE,TRUE
1519,control,2026-06-04,2,23.5,0.5,2,23.5,0.5,TRUE,TRUE
1520,treatment,2026-06-04,2,41,1,2,41,1,TRUE,TRUE
1521,control,2026-06-01,4,22,0,4,22,0,TRUE,TRUE
1522,control,2026-06-03,3,48.3,0.667,3,48.333333333333336,0.6666666666666666,TRUE,TRUE
1523,treatment,2026-06-03,5,46.2,0.8,4,50.75,1,TRUE,TRUE
1524,control,2026-06-03,9,34.4,0.444,9,34.44444444444444,0.4444444444444444,TRUE,TRUE
1525,control,2026-06-05,1,24,1,1,24,1,TRUE,TRUE
1526,treatment,2026-06-03,12,39.9,0.417,12,39.916666666666664,0.4166666666666667,TRUE,TRUE
1527,control,2026-06-03,4,43.5,0.5,4,43.5,0.5,TRUE,TRUE
1528,treatment,2026-06-05,3,65,0.333,3,65,0.3333333333333333,TRUE,TRUE
1529,treatment,2026-06-03,2,46,0.5,2,46,0.5,TRUE,TRUE
1530,treatment,2026-06-01,8,47.5,0.875,8,47.5,0.875,TRUE,TRUE
1531,control,2026-06-01,0,NA,NA,0,NA,NA,FALSE,FALSE
1532,control,2026-06-05,1,56,1,1,56,1,TRUE,TRUE
1533,control,2026-06-03,16,28.5,0.688,16,28.5,0.6875,TRUE,TRUE
1534,treatment,2026-06-01,3,60,0.667,3,60,0.6666666666666666,TRUE,TRUE
1535,control,2026-06-03,2,45.5,1,2,45.5,1,TRUE,TRUE
1536,control,2026-06-04,15,45.9,0.667,13,46.84615384615385,0.6923076923076923,TRUE,TRUE
1537,control,2026-06-02,1,18,1,1,18,1,TRUE,TRUE
1538,control,2026-06-05,10,32.1,0.9,9,33.44444444444444,0.8888888888888888,TRUE,TRUE
1539,treatment,2026-06-04,3,31,1,3,31,1,TRUE,TRUE
1540,treatment,2026-06-03,4,67,0.5,4,67,0.5,TRUE,TRUE
1541,treatment,2026-06-01,6,55.2,0.667,6,55.166666666666664,0.6666666666666666,TRUE,TRUE
1542,treatment,2026-06-02,2,38.5,1,2,38.5,1,TRUE,TRUE
1543,treatment,2026-06-03,1,90,1,1,90,1,TRUE,TRUE
1544,control,2026-06-01,1,62,1,1,62,1,TRUE,TRUE
1545,control,2026-06-05,1,23,1,1,23,1,TRUE,TRUE
1546,treatment,2026-06-04,1,13,0,1,13,0,TRUE,TRUE
1547,treatment,2026-06-02,0,NA,NA,0,NA,NA,FALSE,FALSE
1548,treatment,2026-06-03,5,57.8,0.8,5,57.8,0.8,TRUE,TRUE
1549,treatment,2026-06-05,8,44,0.625,8,44,0.625,TRUE,TRUE
1550,treatment,2026-06-03,1,65,1,0,NA,NA,FALSE,TRUE
1551,control,2026-06-02,8,40.9,0.875,8,40.875,0.875,TRUE,TRUE
1552,treatment,2026-06-05,2,48.5,1,2,48.5,1,TRUE,TRUE
1553,treatment,2026-06-03,1,61,0,1,61,0,TRUE,TRUE
1554,control,2026-06-04,1,59,0,1,59,0,TRUE,TRUE
1555,treatment,2026-06-01,3,41.7,1,3,41.666666666666664,1,TRUE,TRUE
1556,treatment,2026-06-03,3,35.7,1,3,35.666666666666664,1,TRUE,TRUE
1557,control,2026-06-04,1,15,1,1,15,1,TRUE,TRUE
1558,control,2026-06-02,1,56,1,1,56,1,TRUE,TRUE
1559,treatment,2026-06-02,3,67,1,3,67,1,TRUE,TRUE
1560,treatment,2026-06-01,8,63.8,0.75,8,63.75,0.75,TRUE,TRUE
1561,treatment,2026-06-04,4,68.8,0.75,4,68.75,0.75,TRUE,TRUE
1562,control,2026-06-02,4,36.2,0.75,4,36.25,0.75,TRUE,TRUE
1563,control,2026-06-05,0,NA,NA,0,NA,NA,FALSE,FALSE
1564,control,2026-06-02,6,36.7,0.667,6,36.666666666666664,0.6666666666666666,TRUE,TRUE
1565,treatment,2026-06-01,3,41.7,0.667,3,41.666666666666664,0.6666666666666666,TRUE,TRUE
1566,control,2026-06-05,3,35.7,1,3,35.666666666666664,1,TRUE,TRUE
1567,control,2026-06-05,4,36.5,0.75,4,36.5,0.75,TRUE,TRUE
1568,treatment,2026-06-01,3,36.3,0.667,3,36.333333333333336,0.6666666666666666,TRUE,TRUE
1569,control,2026-06-04,3,31.7,0.667,2,38,1,TRUE,TRUE
1570,treatment,2026-06-04,3,79,0.667,3,79,0.6666666666666666,TRUE,TRUE
1571,control,2026-06-03,1,13,1,1,13,1,TRUE,TRUE
1572,control,2026-06-05,1,24,1,1,24,1,TRUE,TRUE
1573,treatment,2026-06-05,3,86.7,0.333,3,86.66666666666667,0.3333333333333333,TRUE,TRUE
1574,control,2026-06-03,2,33.5,0.5,2,33.5,0.5,TRUE,TRUE
1575,treatment,2026-06-04,0,NA,NA,0,NA,NA,FALSE,FALSE
1576,treatment,2026-06-02,4,25,1,4,25,1,TRUE,TRUE
1577,control,2026-06-03,1,28,0,1,28,0,TRUE,TRUE
1578,control,2026-06-02,0,NA,NA,0,NA,NA,FALSE,FALSE
1579,control,2026-06-02,3,38,0.667,3,38,0.6666666666666666,TRUE,TRUE
1580,treatment,2026-06-05,2,35.5,1,2,35.5,1,TRUE,TRUE
1581,control,2026-06-02,8,30.5,0.125,7,31.428571428571427,0,TRUE,TRUE
1582,treatment,2026-06-03,4,31.2,1,4,31.25,1,TRUE,TRUE
1583,control,2026-06-05,1,37,1,1,37,1,TRUE,TRUE
1584,control,2026-06-03,3,28.3,0.667,3,28.333333333333332,0.6666666666666666,TRUE,TRUE
1585,control,2026-06-05,3,36.7,0.333,3,36.666666666666664,0.3333333333333333,TRUE,TRUE
1586,control,2026-06-01,5,43.2,0.6,5,43.2,0.6,TRUE,TRUE
1587,control,2026-06-05,2,51,1,2,51,1,TRUE,TRUE
1588,control,2026-06-01,3,21.3,0.667,3,21.333333333333332,0.6666666666666666,TRUE,TRUE
1589,treatment,2026-06-02,12,39.7,0.75,12,39.666666666666664,0.75,TRUE,TRUE
1590,treatment,2026-06-04,5,31.2,0.8,5,31.2,0.8,TRUE,TRUE
1591,treatment,2026-06-01,12,65.8,0.75,12,65.75,0.75,TRUE,TRUE
1592,control,2026-06-02,1,32,1,1,32,1,TRUE,TRUE
1593,control,2026-06-02,2,40.5,1,2,40.5,1,TRUE,TRUE
1594,treatment,2026-06-01,2,79,0.5,2,79,0.5,TRUE,TRUE
1595,control,2026-06-02,8,33.4,0.75,8,33.375,0.75,TRUE,TRUE
1596,control,2026-06-03,5,26,0.8,5,26,0.8,TRUE,TRUE
1597,treatment,2026-06-01,1,35,1,1,35,1,TRUE,TRUE
1598,control,2026-06-01,1,21,0,1,21,0,TRUE,TRUE
1599,treatment,2026-06-05,12,47.5,0.667,11,47.36363636363637,0.6363636363636364,TRUE,TRUE
1600,control,2026-06-04,1,49,1,1,49,1,TRUE,TRUE
1601,control,2026-06-02,0,NA,NA,0,NA,NA,FALSE,FALSE
1602,treatment,2026-06-03,10,65.1,0.7,10,65.1,0.7,TRUE,TRUE
1603,control,2026-06-03,4,31.2,0.75,4,31.25,0.75,TRUE,TRUE
1604,treatment,2026-06-04,0,NA,NA,0,NA,NA,FALSE,FALSE
1605,control,2026-06-03,5,38,0.4,5,38,0.4,TRUE,TRUE
1606,control,2026-06-02,3,34.3,1,3,34.333333333333336,1,TRUE,TRUE
1607,treatment,2026-06-02,3,44.3,1,3,44.333333333333336,1,TRUE,TRUE
1608,control,2026-06-02,3,31,0.667,3,31,0.6666666666666666,TRUE,TRUE
1609,control,2026-06-03,5,19.6,1,5,19.6,1,TRUE,TRUE
1610,control,2026-06-05,2,13.5,0.5,2,13.5,0.5,TRUE,TRUE
1611,treatment,2026-06-03,1,17,1,1,17,1,TRUE,TRUE
1612,treatment,2026-06-03,11,47.4,0.636,11,47.36363636363637,0.6363636363636364,TRUE,TRUE
1613,control,2026-06-02,4,48.8,1,4,48.75,1,TRUE,TRUE
1614,control,2026-06-04,4,35.2,0.75,4,35.25,0.75,TRUE,TRUE
1615,treatment,2026-06-04,1,42,1,1,42,1,TRUE,TRUE
1616,treatment,2026-06-03,3,34.7,0.667,3,34.666666666666664,0.6666666666666666,TRUE,TRUE
1617,treatment,2026-06-04,3,94.7,0.333,3,94.66666666666667,0.3333333333333333,TRUE,TRUE
1618,treatment,2026-06-01,3,88.3,1,3,88.33333333333333,1,TRUE,TRUE
1619,treatment,2026-06-03,1,83,0,1,83,0,TRUE,TRUE
1620,control,2026-06-05,5,28.8,1,4,30,1,TRUE,TRUE
1621,treatment,2026-06-04,4,36.5,0.5,4,36.5,0.5,TRUE,TRUE
1622,control,2026-06-05,1,29,1,1,29,1,TRUE,TRUE
1623,treatment,2026-06-05,0,NA,NA,0,NA,NA,FALSE,FALSE
1624,control,2026-06-02,0,NA,NA,0,NA,NA,FALSE,FALSE
1625,control,2026-06-04,2,32.5,0.5,2,32.5,0.5,TRUE,TRUE
1626,treatment,2026-06-03,5,29.8,0.4,5,29.8,0.4,TRUE,TRUE
1627,treatment,2026-06-05,5,43,1,5,43,1,TRUE,TRUE
1628,control,2026-06-02,1,20,0,1,20,0,TRUE,TRUE
1629,control,2026-06-01,2,13.5,0,2,13.5,0,TRUE,TRUE
1630,treatment,2026-06-04,2,45.5,1,2,45.5,1,TRUE,TRUE
1631,control,2026-06-01,0,NA,NA,0,NA,NA,FALSE,FALSE
1632,control,2026-06-03,2,26.5,1,2,26.5,1,TRUE,TRUE
1633,control,2026-06-04,1,28,0,0,NA,NA,FALSE,TRUE
1634,control,2026-06-01,2,56,1,2,56,1,TRUE,TRUE
1635,control,2026-06-01,1,39,0,1,39,0,TRUE,TRUE
1636,treatment,2026-06-05,1,51,1,1,51,1,TRUE,TRUE
1637,treatment,2026-06-05,0,NA,NA,0,NA,NA,FALSE,FALSE
1638,treatment,2026-06-03,0,NA,NA,0,NA,NA,FALSE,FALSE
1639,control,2026-06-04,1,20,1,1,20,1,TRUE,TRUE
1640,control,2026-06-05,1,59,1,1,59,1,TRUE,TRUE
1641,treatment,2026-06-03,6,37.7,0.833,6,37.666666666666664,0.8333333333333334,TRUE,TRUE
1642,treatment,2026-06-02,1,19,1,1,19,1,TRUE,TRUE
1643,treatment,2026-06-05,4,46.2,1,3,42,1,TRUE,TRUE
1644,treatment,2026-06-05,8,51,0.75,7,44.57142857142857,0.7142857142857143,TRUE,TRUE
1645,control,2026-06-02,6,49.5,0.667,6,49.5,0.6666666666666666,TRUE,TRUE
1646,control,2026-06-01,3,33.7,0.667,3,33.666666666666664,0.6666666666666666,TRUE,TRUE
1647,control,2026-06-05,0,NA,NA,0,NA,NA,FALSE,FALSE
1648,treatment,2026-06-03,0,NA,NA,0,NA,NA,FALSE,FALSE
1649,treatment,2026-06-03,1,69,1,1,69,1,TRUE,TRUE
1650,treatment,2026-06-03,1,59,1,1,59,1,TRUE,TRUE
1651,control,2026-06-04,5,33.2,0.8,5,33.2,0.8,TRUE,TRUE
1652,control,2026-06-03,1,17,1,1,17,1,TRUE,TRUE
1653,treatment,2026-06-05,2,48.5,1,2,48.5,1,TRUE,TRUE
1654,control,2026-06-01,2,43.5,1,2,43.5,1,TRUE,TRUE
1655,control,2026-06-04,3,23.3,0.333,2,31.5,0.5,TRUE,TRUE
1656,control,2026-06-02,0,NA,NA,0,NA,NA,FALSE,FALSE
1657,control,2026-06-05,1,20,0,1,20,0,TRUE,TRUE
1658,control,2026-06-02,1,32,0,1,32,0,TRUE,TRUE
1659,control,2026-06-03,6,27.8,0.333,6,27.833333333333332,0.3333333333333333,TRUE,TRUE
1660,treatment,2026-06-04,0,NA,NA,0,NA,NA,FALSE,FALSE
1661,control,2026-06-03,1,28,1,1,28,1,TRUE,TRUE
1662,treatment,2026-06-05,2,57,0,2,57,0,TRUE,TRUE
1663,treatment,2026-06-02,0,NA,NA,0,NA,NA,FALSE,FALSE
1664,control,2026-06-04,2,20.5,1,2,20.5,1,TRUE,TRUE
1665,treatment,2026-06-02,0,NA,NA,0,NA,NA,FALSE,FALSE
1666,control,2026-06-02,1,40,1,1,40,1,TRUE,TRUE
1667,treatment,2026-06-03,5,53.2,0.8,4,43.75,0.75,TRUE,TRUE
1668,control,2026-06-02,0,NA,NA,0,NA,NA,FALSE,FALSE
1669,treatment,2026-06-01,1,31,1,1,31,1,TRUE,TRUE
1670,treatment,2026-06-05,4,24.8,0.75,4,24.75,0.75,TRUE,TRUE
1671,treatment,2026-06-02,5,32.4,0.4,5,32.4,0.4,TRUE,TRUE
1672,control,2026-06-02,2,28.5,1,2,28.5,1,TRUE,TRUE
1673,treatment,2026-06-04,2,32,0.5,2,32,0.5,TRUE,TRUE
1674,treatment,2026-06-05,2,49.5,0.5,1,28,1,TRUE,TRUE
1675,control,2026-06-04,2,39.5,1,2,39.5,1,TRUE,TRUE
1676,treatment,2026-06-01,3,28,0.667,3,28,0.6666666666666666,TRUE,TRUE
1677,control,2026-06-03,4,56,0.25,4,56,0.25,TRUE,TRUE
1678,control,2026-06-03,3,35.7,0.333,3,35.666666666666664,0.3333333333333333,TRUE,TRUE
1679,treatment,2026-06-03,3,59,1,3,59,1,TRUE,TRUE
1680,control,2026-06-04,1,46,1,1,46,1,TRUE,TRUE
1681,treatment,2026-06-05,3,31.3,1,3,31.333333333333332,1,TRUE,TRUE
1682,control,2026-06-05,1,29,0,1,29,0,TRUE,TRUE
1683,control,2026-06-02,6,26.8,0.667,6,26.833333333333332,0.6666666666666666,TRUE,TRUE
1684,treatment,2026-06-04,4,35.2,0.5,4,35.25,0.5,TRUE,TRUE
1685,treatment,2026-06-01,1,75,1,1,75,1,TRUE,TRUE
1686,control,2026-06-05,0,NA,NA,0,NA,NA,FALSE,FALSE
1687,treatment,2026-06-03,1,50,1,1,50,1,TRUE,TRUE
1688,treatment,2026-06-04,3,28.3,0.667,3,28.333333333333332,0.6666666666666666,TRUE,TRUE
1689,control,2026-06-03,3,36.7,1,3,36.666666666666664,1,TRUE,TRUE
1690,control,2026-06-04,1,30,0,1,30,0,TRUE,TRUE
1691,treatment,2026-06-04,8,60.4,1,8,60.375,1,TRUE,TRUE
1692,control,2026-06-04,1,50,1,1,50,1,TRUE,TRUE
1693,treatment,2026-06-04,4,47.2,0.75,4,47.25,0.75,TRUE,TRUE
1694,control,2026-06-01,2,34.5,1,2,34.5,1,TRUE,TRUE
1695,control,2026-06-04,2,45.5,1,2,45.5,1,TRUE,TRUE
1696,treatment,2026-06-01,1,226,0,1,226,0,TRUE,TRUE
1697,control,2026-06-02,0,NA,NA,0,NA,NA,FALSE,FALSE
1698,treatment,2026-06-05,1,11,0,1,11,0,TRUE,TRUE
1699,treatment,2026-06-03,15,52.8,0.867,14,50.42857142857143,0.8571428571428571,TRUE,TRUE
1700,treatment,2026-06-03,0,NA,NA,0,NA,NA,FALSE,FALSE
1701,control,2026-06-03,1,38,0,1,38,0,TRUE,TRUE
1702,treatment,2026-06-01,0,NA,NA,0,NA,NA,FALSE,FALSE
1703,control,2026-06-01,2,37,1,2,37,1,TRUE,TRUE
1704,treatment,2026-06-04,2,30.5,1,2,30.5,1,TRUE,TRUE
1705,control,2026-06-03,0,NA,NA,0,NA,NA,FALSE,FALSE
1706,control,2026-06-02,1,41,1,1,41,1,TRUE,TRUE
1707,control,2026-06-04,4,26.2,1,4,26.25,1,TRUE,TRUE
1708,treatment,2026-06-01,1,59,1,1,59,1,TRUE,TRUE
1709,treatment,2026-06-02,4,32,1,4,32,1,TRUE,TRUE
1710,treatment,2026-06-04,6,58.8,0.5,6,58.833333333333336,0.5,TRUE,TRUE
1711,control,2026-06-04,2,35.5,0.5,2,35.5,0.5,TRUE,TRUE
1712,control,2026-06-01,3,42.7,0.667,3,42.666666666666664,0.6666666666666666,TRUE,TRUE
1713,control,2026-06-02,5,27.4,0.4,5,27.4,0.4,TRUE,TRUE
1714,control,2026-06-03,0,NA,NA,0,NA,NA,FALSE,FALSE
1715,control,2026-06-03,3,42.7,0.667,3,42.666666666666664,0.6666666666666666,TRUE,TRUE
1716,treatment,2026-06-02,2,37,1,2,37,1,TRUE,TRUE
1717,control,2026-06-03,1,18,0,1,18,0,TRUE,TRUE
1718,control,2026-06-01,2,29.5,1,2,29.5,1,TRUE,TRUE
1719,treatment,2026-06-03,5,50.6,0.8,4,52.75,0.75,TRUE,TRUE
1720,treatment,2026-06-04,0,NA,NA,0,NA,NA,FALSE,FALSE
1721,control,2026-06-04,10,31.3,0.7,9,32.44444444444444,0.7777777777777778,TRUE,TRUE
1722,treatment,2026-06-04,0,NA,NA,0,NA,NA,FALSE,FALSE
1723,treatment,2026-06-05,2,45,1,2,45,1,TRUE,TRUE
1724,treatment,2026-06-02,8,59.9,1,7,59.57142857142857,1,TRUE,TRUE
1725,control,2026-06-05,9,38.6,0.333,9,38.55555555555556,0.3333333333333333,TRUE,TRUE
1726,control,2026-06-01,1,30,0,1,30,0,TRUE,TRUE
1727,treatment,2026-06-04,3,34.7,0.667,3,34.666666666666664,0.6666666666666666,TRUE,TRUE
1728,treatment,2026-06-04,4,52.8,0,3,59.333333333333336,0,TRUE,TRUE
1729,treatment,2026-06-05,2,49.5,0.5,2,49.5,0.5,TRUE,TRUE
1730,treatment,2026-06-02,3,37.3,0,3,37.333333333333336,0,TRUE,TRUE
1731,treatment,2026-06-05,8,40.6,0.75,7,39.714285714285715,0.7142857142857143,TRUE,TRUE
1732,treatment,2026-06-01,1,22,0,1,22,0,TRUE,TRUE
1733,control,2026-06-05,0,NA,NA,0,NA,NA,FALSE,FALSE
1734,control,2026-06-04,5,26.6,0.4,5,26.6,0.4,TRUE,TRUE
1735,control,2026-06-03,3,29,0.667,3,29,0.6666666666666666,TRUE,TRUE
1736,control,2026-06-05,5,35.6,0.8,5,35.6,0.8,TRUE,TRUE
1737,control,2026-06-02,2,19.5,0.5,2,19.5,0.5,TRUE,TRUE
1738,treatment,2026-06-05,17,38,0.706,16,39.3125,0.6875,TRUE,TRUE
1739,control,2026-06-01,5,33.8,0.4,5,33.8,0.4,TRUE,TRUE
1740,treatment,2026-06-03,1,43,0,1,43,0,TRUE,TRUE
1741,treatment,2026-06-03,1,38,1,1,38,1,TRUE,TRUE
1742,control,2026-06-05,4,39.5,0.5,4,39.5,0.5,TRUE,TRUE
1743,treatment,2026-06-03,3,61.7,1,3,61.666666666666664,1,TRUE,TRUE
1744,control,2026-06-01,2,38.5,0.5,2,38.5,0.5,TRUE,TRUE
1745,treatment,2026-06-02,4,67,1,4,67,1,TRUE,TRUE
1746,treatment,2026-06-04,1,39,1,1,39,1,TRUE,TRUE
1747,control,2026-06-01,1,40,0,1,40,0,TRUE,TRUE
1748,treatment,2026-06-01,2,38,1,2,38,1,TRUE,TRUE
1749,control,2026-06-03,5,31.4,0.6,5,31.4,0.6,TRUE,TRUE
1750,treatment,2026-06-04,2,36,0.5,2,36,0.5,TRUE,TRUE
1751,control,2026-06-03,1,39,1,1,39,1,TRUE,TRUE
1752,treatment,2026-06-02,1,65,1,1,65,1,TRUE,TRUE
1753,control,2026-06-03,2,18.5,1,2,18.5,1,TRUE,TRUE
1754,treatment,2026-06-01,1,30,0,1,30,0,TRUE,TRUE
1755,control,2026-06-02,6,29.3,0.667,6,29.333333333333332,0.6666666666666666,TRUE,TRUE
1756,treatment,2026-06-05,2,42,0.5,2,42,0.5,TRUE,TRUE
1757,control,2026-06-03,2,26.5,0.5,2,26.5,0.5,TRUE,TRUE
1758,control,2026-06-03,14,35.6,0.571,14,35.57142857142857,0.5714285714285714,TRUE,TRUE
1759,control,2026-06-04,3,34.7,1,2,35,1,TRUE,TRUE
1760,control,2026-06-04,4,31.2,0.75,4,31.25,0.75,TRUE,TRUE
1761,treatment,2026-06-04,1,19,1,1,19,1,TRUE,TRUE
1762,control,2026-06-04,1,39,1,1,39,1,TRUE,TRUE
1763,treatment,2026-06-01,1,19,1,1,19,1,TRUE,TRUE
1764,control,2026-06-04,2,19,0.5,2,19,0.5,TRUE,TRUE
1765,control,2026-06-01,1,28,1,1,28,1,TRUE,TRUE
1766,treatment,2026-06-04,0,NA,NA,0,NA,NA,FALSE,FALSE
1767,control,2026-06-03,0,NA,NA,0,NA,NA,FALSE,FALSE
1768,control,2026-06-03,4,41.8,0.75,3,35.666666666666664,0.6666666666666666,TRUE,TRUE
1769,control,2026-06-04,1,56,1,1,56,1,TRUE,TRUE
1770,control,2026-06-05,0,NA,NA,0,NA,NA,FALSE,FALSE
1771,control,2026-06-04,0,NA,NA,0,NA,NA,FALSE,FALSE
1772,treatment,2026-06-01,1,86,1,1,86,1,TRUE,TRUE
1773,treatment,2026-06-02,1,43,1,1,43,1,TRUE,TRUE
1774,treatment,2026-06-02,1,21,0,1,21,0,TRUE,TRUE
1775,control,2026-06-03,2,50.5,0,2,50.5,0,TRUE,TRUE
1776,treatment,2026-06-02,4,42,0.75,4,42,0.75,TRUE,TRUE
1777,treatment,2026-06-05,3,54,1,3,54,1,TRUE,TRUE
1778,treatment,2026-06-05,3,31.7,1,3,31.666666666666668,1,TRUE,TRUE
1779,treatment,2026-06-02,6,62.8,0.667,6,62.833333333333336,0.6666666666666666,TRUE,TRUE
1780,control,2026-06-03,2,34.5,0.5,2,34.5,0.5,TRUE,TRUE
1781,control,2026-06-04,6,34.5,0.5,6,34.5,0.5,TRUE,TRUE
1782,control,2026-06-04,9,30.9,0.556,8,29.5,0.5,TRUE,TRUE
1783,treatment,2026-06-05,1,48,1,1,48,1,TRUE,TRUE
1784,control,2026-06-01,1,20,1,1,20,1,TRUE,TRUE
1785,treatment,2026-06-01,2,83,0.5,2,83,0.5,TRUE,TRUE
1786,treatment,2026-06-04,4,42.5,1,4,42.5,1,TRUE,TRUE
1787,control,2026-06-05,0,NA,NA,0,NA,NA,FALSE,FALSE
1788,control,2026-06-04,7,40.1,0.857,6,42.833333333333336,0.8333333333333334,TRUE,TRUE
1789,control,2026-06-02,0,NA,NA,0,NA,NA,FALSE,FALSE
1790,control,2026-06-05,1,37,0,1,37,0,TRUE,TRUE
1791,control,2026-06-03,1,19,1,1,19,1,TRUE,TRUE
1792,treatment,2026-06-05,13,37.8,0.692,11,35.18181818181818,0.6363636363636364,TRUE,TRUE
1793,control,2026-06-05,1,21,1,1,21,1,TRUE,TRUE
1794,treatment,2026-06-01,16,39.8,0.375,16,39.8125,0.375,TRUE,TRUE
1795,treatment,2026-06-01,0,NA,NA,0,NA,NA,FALSE,FALSE
1796,control,2026-06-02,2,20.5,1,2,20.5,1,TRUE,TRUE
1797,treatment,2026-06-05,2,37,0.5,2,37,0.5,TRUE,TRUE
1798,treatment,2026-06-04,2,35,1,2,35,1,TRUE,TRUE
1799,treatment,2026-06-04,1,18,1,0,NA,NA,FALSE,TRUE
1800,control,2026-06-01,8,33.9,0.75,8,33.875,0.75,TRUE,TRUE
1801,control,2026-06-01,1,25,1,1,25,1,TRUE,TRUE
1802,control,2026-06-03,0,NA,NA,0,NA,NA,FALSE,FALSE
1803,treatment,2026-06-04,10,36.8,0.8,9,35.111111111111114,0.7777777777777778,TRUE,TRUE
1804,control,2026-06-02,3,41.7,0.667,3,41.666666666666664,0.6666666666666666,TRUE,TRUE
1805,treatment,2026-06-01,0,NA,NA,0,NA,NA,FALSE,FALSE
1806,control,2026-06-02,1,22,0,1,22,0,TRUE,TRUE
1807,treatment,2026-06-01,16,42.6,0.562,16,42.625,0.5625,TRUE,TRUE
1808,treatment,2026-06-03,3,46.3,1,2,48.5,1,TRUE,TRUE
1809,control,2026-06-03,3,28.3,0,3,28.333333333333332,0,TRUE,TRUE
1810,control,2026-06-03,2,44,0.5,1,38,1,TRUE,TRUE
1811,treatment,2026-06-01,2,32.5,0.5,2,32.5,0.5,TRUE,TRUE
1812,treatment,2026-06-01,2,50,1,2,50,1,TRUE,TRUE
1813,treatment,2026-06-05,2,64,1,1,84,1,TRUE,TRUE
1814,treatment,2026-06-05,2,35,1,2,35,1,TRUE,TRUE
1815,treatment,2026-06-04,3,31.3,0.667,2,34.5,0.5,TRUE,TRUE
1816,treatment,2026-06-03,1,54,1,1,54,1,TRUE,TRUE
1817,treatment,2026-06-02,1,37,0,1,37,0,TRUE,TRUE
1818,control,2026-06-04,11,28.8,0.727,11,28.818181818181817,0.7272727272727273,TRUE,TRUE
1819,control,2026-06-01,4,27,1,4,27,1,TRUE,TRUE
1820,treatment,2026-06-01,4,45.8,0.75,4,45.75,0.75,TRUE,TRUE
1821,control,2026-06-04,4,23.8,0.75,3,22.666666666666668,0.6666666666666666,TRUE,TRUE
1822,treatment,2026-06-04,4,40.5,0.5,4,40.5,0.5,TRUE,TRUE
1823,treatment,2026-06-05,1,50,1,1,50,1,TRUE,TRUE
1824,treatment,2026-06-01,0,NA,NA,0,NA,NA,FALSE,FALSE
1825,treatment,2026-06-04,5,50.8,0.6,5,50.8,0.6,TRUE,TRUE
1826,control,2026-06-02,3,22.7,1,3,22.666666666666668,1,TRUE,TRUE
1827,treatment,2026-06-01,3,33,1,3,33,1,TRUE,TRUE
1828,control,2026-06-02,0,NA,NA,0,NA,NA,FALSE,FALSE
1829,control,2026-06-04,1,35,0,1,35,0,TRUE,TRUE
1830,control,2026-06-02,4,28.2,1,4,28.25,1,TRUE,TRUE
1831,treatment,2026-06-03,3,60,0.333,3,60,0.3333333333333333,TRUE,TRUE
1832,treatment,2026-06-02,9,35.7,0.556,8,36.125,0.625,TRUE,TRUE
1833,treatment,2026-06-02,2,67,1,2,67,1,TRUE,TRUE
1834,treatment,2026-06-02,10,49.4,0.8,10,49.4,0.8,TRUE,TRUE
1835,control,2026-06-05,5,36.4,0.8,5,36.4,0.8,TRUE,TRUE
1836,treatment,2026-06-01,0,NA,NA,0,NA,NA,FALSE,FALSE
1837,treatment,2026-06-05,4,28.2,1,3,27.333333333333332,1,TRUE,TRUE
1838,control,2026-06-04,2,29.5,0,2,29.5,0,TRUE,TRUE
1839,control,2026-06-02,2,41.5,1,2,41.5,1,TRUE,TRUE
1840,control,2026-06-04,2,22.5,0.5,2,22.5,0.5,TRUE,TRUE
1841,control,2026-06-01,2,18.5,1,2,18.5,1,TRUE,TRUE
1842,treatment,2026-06-05,2,35,0,2,35,0,TRUE,TRUE
1843,treatment,2026-06-02,7,43.6,0.714,7,43.57142857142857,0.7142857142857143,TRUE,TRUE
1844,treatment,2026-06-01,3,42,0.667,3,42,0.6666666666666666,TRUE,TRUE
1845,treatment,2026-06-04,1,17,1,1,17,1,TRUE,TRUE
1846,treatment,2026-06-04,4,54.8,0.5,3,46,0.6666666666666666,TRUE,TRUE
1847,treatment,2026-06-02,2,47,0.5,1,36,1,TRUE,TRUE
1848,control,2026-06-05,7,19.7,0.571,7,19.714285714285715,0.5714285714285714,TRUE,TRUE
1849,treatment,2026-06-02,18,49.1,0.778,17,50.1764705882353,0.7647058823529411,TRUE,TRUE
1850,treatment,2026-06-01,2,34,0.5,2,34,0.5,TRUE,TRUE
1851,control,2026-06-03,0,NA,NA,0,NA,NA,FALSE,FALSE
1852,treatment,2026-06-02,1,53,0,1,53,0,TRUE,TRUE
1853,treatment,2026-06-01,0,NA,NA,0,NA,NA,FALSE,FALSE
1854,treatment,2026-06-03,1,53,1,1,53,1,TRUE,TRUE
1855,treatment,2026-06-05,1,37,1,1,37,1,TRUE,TRUE
1856,control,2026-06-03,2,39,1,2,39,1,TRUE,TRUE
1857,treatment,2026-06-04,1,42,1,1,42,1,TRUE,TRUE
1858,treatment,2026-06-02,0,NA,NA,0,NA,NA,FALSE,FALSE
1859,treatment,2026-06-05,2,19.5,0.5,2,19.5,0.5,TRUE,TRUE
1860,treatment,2026-06-01,0,NA,NA,0,NA,NA,FALSE,FALSE
1861,control,2026-06-01,3,33.3,0.333,3,33.333333333333336,0.3333333333333333,TRUE,TRUE
1862,treatment,2026-06-02,0,NA,NA,0,NA,NA,FALSE,FALSE
1863,treatment,2026-06-05,5,63,0.6,4,65,0.5,TRUE,TRUE
1864,treatment,2026-06-03,18,41.8,0.944,16,41,0.9375,TRUE,TRUE
1865,control,2026-06-04,5,38.6,0.6,5,38.6,0.6,TRUE,TRUE
1866,treatment,2026-06-03,0,NA,NA,0,NA,NA,FALSE,FALSE
1867,treatment,2026-06-02,2,79.5,1,2,79.5,1,TRUE,TRUE
1868,treatment,2026-06-05,4,43.5,0.25,4,43.5,0.25,TRUE,TRUE
1869,treatment,2026-06-05,0,NA,NA,0,NA,NA,FALSE,FALSE
1870,treatment,2026-06-01,3,52.3,1,3,52.333333333333336,1,TRUE,TRUE
1871,treatment,2026-06-04,2,39,0.5,2,39,0.5,TRUE,TRUE
1872,control,2026-06-02,6,30,0.833,6,30,0.8333333333333334,TRUE,TRUE
1873,treatment,2026-06-01,2,51,0.5,2,51,0.5,TRUE,TRUE
1874,control,2026-06-02,15,36.5,0.333,15,36.53333333333333,0.3333333333333333,TRUE,TRUE
1875,control,2026-06-05,4,22,0.75,3,23,1,TRUE,TRUE
1876,treatment,2026-06-05,2,48.5,0.5,1,21,0,TRUE,TRUE
1877,treatment,2026-06-01,0,NA,NA,0,NA,NA,FALSE,FALSE
1878,control,2026-06-03,2,60.5,0.5,2,60.5,0.5,TRUE,TRUE
1879,control,2026-06-04,4,33.5,0.75,3,38.333333333333336,0.6666666666666666,TRUE,TRUE
1880,treatment,2026-06-01,5,46.6,0.6,5,46.6,0.6,TRUE,TRUE
1881,control,2026-06-04,9,38.1,0.556,9,38.111111111111114,0.5555555555555556,TRUE,TRUE
1882,control,2026-06-05,2,36,1,2,36,1,TRUE,TRUE
1883,treatment,2026-06-01,7,68.3,0.286,7,68.28571428571429,0.2857142857142857,TRUE,TRUE
1884,treatment,2026-06-03,4,52.5,0.75,4,52.5,0.75,TRUE,TRUE
1885,control,2026-06-02,2,30,0,2,30,0,TRUE,TRUE
1886,treatment,2026-06-03,6,50.3,0.833,6,50.333333333333336,0.8333333333333334,TRUE,TRUE
1887,treatment,2026-06-04,4,55.8,0.75,4,55.75,0.75,TRUE,TRUE
1888,control,2026-06-04,0,NA,NA,0,NA,NA,FALSE,FALSE
1889,treatment,2026-06-03,6,33.3,0.5,6,33.333333333333336,0.5,TRUE,TRUE
1890,control,2026-06-05,3,27,1,3,27,1,TRUE,TRUE
1891,treatment,2026-06-03,5,49.4,0.6,5,49.4,0.6,TRUE,TRUE
1892,control,2026-06-01,2,16,0,2,16,0,TRUE,TRUE
1893,control,2026-06-01,2,24.5,1,2,24.5,1,TRUE,TRUE
1894,treatment,2026-06-04,2,41.5,0.5,2,41.5,0.5,TRUE,TRUE
1895,treatment,2026-06-03,7,57.3,0.857,7,57.285714285714285,0.8571428571428571,TRUE,TRUE
1896,treatment,2026-06-03,0,NA,NA,0,NA,NA,FALSE,FALSE
1897,treatment,2026-06-04,6,59,0.667,6,59,0.6666666666666666,TRUE,TRUE
1898,control,2026-06-03,1,14,1,1,14,1,TRUE,TRUE
1899,control,2026-06-01,2,32.5,1,2,32.5,1,TRUE,TRUE
1900,treatment,2026-06-01,2,68,1,2,68,1,TRUE,TRUE
1901,control,2026-06-01,6,27.7,0.667,6,27.666666666666668,0.6666666666666666,TRUE,TRUE
1902,control,2026-06-02,3,21.3,0.333,3,21.333333333333332,0.3333333333333333,TRUE,TRUE
1903,treatment,2026-06-05,2,47.5,1,2,47.5,1,TRUE,TRUE
1904,treatment,2026-06-04,2,62.5,0,1,73,0,TRUE,TRUE
1905,treatment,2026-06-04,2,55.5,1,2,55.5,1,TRUE,TRUE
1906,treatment,2026-06-05,1,24,1,1,24,1,TRUE,TRUE
1907,control,2026-06-04,1,8,0,1,8,0,TRUE,TRUE
1908,treatment,2026-06-04,0,NA,NA,0,NA,NA,FALSE,FALSE
1909,treatment,2026-06-02,3,29.7,0.667,3,29.666666666666668,0.6666666666666666,TRUE,TRUE
1910,treatment,2026-06-02,7,61,0.857,7,61,0.8571428571428571,TRUE,TRUE
1911,treatment,2026-06-04,1,56,1,1,56,1,TRUE,TRUE
1912,control,2026-06-04,2,40,0.5,2,40,0.5,TRUE,TRUE
1913,treatment,2026-06-05,3,34,0.667,3,34,0.6666666666666666,TRUE,TRUE
1914,control,2026-06-03,3,17.3,0.667,3,17.333333333333332,0.6666666666666666,TRUE,TRUE
1915,control,2026-06-04,4,31.5,0.75,3,34.333333333333336,1,TRUE,TRUE
1916,control,2026-06-02,7,34.3,0.714,7,34.285714285714285,0.7142857142857143,TRUE,TRUE
1917,control,2026-06-01,5,24.4,0.8,5,24.4,0.8,TRUE,TRUE
1918,control,2026-06-02,0,NA,NA,0,NA,NA,FALSE,FALSE
1919,treatment,2026-06-01,1,32,0,1,32,0,TRUE,TRUE
1920,control,2026-06-04,2,34,1,2,34,1,TRUE,TRUE
1921,control,2026-06-03,2,29,0.5,2,29,0.5,TRUE,TRUE
1922,control,2026-06-05,4,30.5,0.75,4,30.5,0.75,TRUE,TRUE
1923,treatment,2026-06-05,2,20.5,0.5,2,20.5,0.5,TRUE,TRUE
1924,treatment,2026-06-03,1,57,0,1,57,0,TRUE,TRUE
1925,control,2026-06-01,7,25.3,0.714,7,25.285714285714285,0.7142857142857143,TRUE,TRUE
1926,treatment,2026-06-02,3,50,1,3,50,1,TRUE,TRUE
1927,control,2026-06-01,15,35.6,0.6,15,35.6,0.6,TRUE,TRUE
1928,treatment,2026-06-02,3,38.3,0.667,3,38.333333333333336,0.6666666666666666,TRUE,TRUE
1929,treatment,2026-06-04,0,NA,NA,0,NA,NA,FALSE,FALSE
1930,control,2026-06-04,3,37.7,1,3,37.666666666666664,1,TRUE,TRUE
1931,control,2026-06-05,2,39,1,2,39,1,TRUE,TRUE
1932,treatment,2026-06-01,4,44,1,4,44,1,TRUE,TRUE
1933,control,2026-06-01,2,30,0.5,2,30,0.5,TRUE,TRUE
1934,treatment,2026-06-01,1,35,0,1,35,0,TRUE,TRUE
1935,treatment,2026-06-05,1,57,1,1,57,1,TRUE,TRUE
1936,control,2026-06-02,1,40,0,1,40,0,TRUE,TRUE
1937,treatment,2026-06-01,1,17,1,1,17,1,TRUE,TRUE
1938,treatment,2026-06-04,1,111,1,1,111,1,TRUE,TRUE
1939,treatment,2026-06-04,0,NA,NA,0,NA,NA,FALSE,FALSE
1940,control,2026-06-03,0,NA,NA,0,NA,NA,FALSE,FALSE
1941,control,2026-06-05,2,44,0,2,44,0,TRUE,TRUE
1942,control,2026-06-02,6,45.8,0.667,6,45.833333333333336,0.6666666666666666,TRUE,TRUE
1943,treatment,2026-06-01,3,53.3,0.667,3,53.333333333333336,0.6666666666666666,TRUE,TRUE
1944,control,2026-06-01,7,31.6,0.714,7,31.571428571428573,0.7142857142857143,TRUE,TRUE
1945,treatment,2026-06-04,3,27,0.667,3,27,0.6666666666666666,TRUE,TRUE
1946,control,2026-06-01,0,NA,NA,0,NA,NA,FALSE,FALSE
1947,treatment,2026-06-05,2,34.5,1,2,34.5,1,TRUE,TRUE
1948,treatment,2026-06-01,2,28,0,2,28,0,TRUE,TRUE
1949,treatment,2026-06-01,7,43.3,0.429,7,43.285714285714285,0.42857142857142855,TRUE,TRUE
1950,control,2026-06-03,6,36.3,0.833,6,36.333333333333336,0.8333333333333334,TRUE,TRUE
1951,treatment,2026-06-03,3,40,0.667,3,40,0.6666666666666666,TRUE,TRUE
1952,treatment,2026-06-05,4,32.8,0.5,4,32.75,0.5,TRUE,TRUE
1953,control,2026-06-03,2,34,1,2,34,1,TRUE,TRUE
1954,treatment,2026-06-02,8,29.5,0.625,8,29.5,0.625,TRUE,TRUE
1955,control,2026-06-03,1,28,1,1,28,1,TRUE,TRUE
1956,treatment,2026-06-01,4,51.2,0.75,4,51.25,0.75,TRUE,TRUE
1957,control,2026-06-01,3,36,0.667,3,36,0.6666666666666666,TRUE,TRUE
1958,control,2026-06-03,0,NA,NA,0,NA,NA,FALSE,FALSE
1959,control,2026-06-05,0,NA,NA,0,NA,NA,FALSE,FALSE
1960,control,2026-06-04,9,40.1,0.556,9,40.111111111111114,0.5555555555555556,TRUE,TRUE
1961,treatment,2026-06-04,8,57.4,0.875,8,57.375,0.875,TRUE,TRUE
1962,control,2026-06-02,1,21,1,1,21,1,TRUE,TRUE
1963,treatment,2026-06-03,5,53,0.8,5,53,0.8,TRUE,TRUE
1964,treatment,2026-06-03,4,60.2,0.75,4,60.25,0.75,TRUE,TRUE
1965,control,2026-06-02,5,41,1,5,41,1,TRUE,TRUE
1966,treatment,2026-06-03,7,45.7,0.286,6,42.333333333333336,0.16666666666666666,TRUE,TRUE
1967,control,2026-06-05,6,25,0.667,6,25,0.6666666666666666,TRUE,TRUE
1968,control,2026-06-03,7,38.6,0.571,7,38.57142857142857,0.5714285714285714,TRUE,TRUE
1969,control,2026-06-04,6,37.2,0.833,6,37.166666666666664,0.8333333333333334,TRUE,TRUE
1970,treatment,2026-06-02,7,38,0.857,7,38,0.8571428571428571,TRUE,TRUE
1971,control,2026-06-05,0,NA,NA,0,NA,NA,FALSE,FALSE
1972,treatment,2026-06-03,11,34.5,0.727,11,34.45454545454545,0.7272727272727273,TRUE,TRUE
1973,treatment,2026-06-02,6,40.7,1,6,40.666666666666664,1,TRUE,TRUE
1974,treatment,2026-06-05,4,39.2,0.5,3,24.333333333333332,0.3333333333333333,TRUE,TRUE
1975,control,2026-06-04,6,43.8,0.667,5,45.8,0.6,TRUE,TRUE
1976,control,2026-06-01,0,NA,NA,0,NA,NA,FALSE,FALSE
1977,control,2026-06-01,0,NA,NA,0,NA,NA,FALSE,FALSE
1978,treatment,2026-06-02,0,NA,NA,0,NA,NA,FALSE,FALSE
1979,control,2026-06-03,5,46.4,1,5,46.4,1,TRUE,TRUE
1980,control,2026-06-05,5,27.8,0.4,5,27.8,0.4,TRUE,TRUE
1981,treatment,2026-06-03,8,52,0.875,7,55.142857142857146,0.8571428571428571,TRUE,TRUE
1982,treatment,2026-06-02,2,41.5,0.5,2,41.5,0.5,TRUE,TRUE
1983,control,2026-06-01,2,18,0.5,2,18,0.5,TRUE,TRUE
1984,control,2026-06-02,0,NA,NA,0,NA,NA,FALSE,FALSE
1985,treatment,2026-06-03,4,36.5,0.75,4,36.5,0.75,TRUE,TRUE
1986,treatment,2026-06-04,3,35.3,1,3,35.333333333333336,1,TRUE,TRUE
1987,control,2026-06-03,2,34,0,2,34,0,TRUE,TRUE
1988,control,2026-06-05,2,18.5,0.5,2,18.5,0.5,TRUE,TRUE
1989,treatment,2026-06-04,1,71,1,1,71,1,TRUE,TRUE
1990,control,2026-06-04,8,34.6,0.875,7,36.42857142857143,1,TRUE,TRUE
1991,treatment,2026-06-02,3,48.7,0.667,3,48.666666666666664,0.6666666666666666,TRUE,TRUE
1992,control,2026-06-04,4,20.5,0.25,4,20.5,0.25,TRUE,TRUE
1993,control,2026-06-05,1,23,1,1,23,1,TRUE,TRUE
1994,control,2026-06-05,3,40.3,1,2,47,1,TRUE,TRUE
1995,control,2026-06-04,3,36,0.333,3,36,0.3333333333333333,TRUE,TRUE
1996,control,2026-06-03,4,31,1,4,31,1,TRUE,TRUE
1997,treatment,2026-06-04,0,NA,NA,0,NA,NA,FALSE,FALSE
1998,treatment,2026-06-03,2,35,1,2,35,1,TRUE,TRUE
1999,treatment,2026-06-02,3,38.7,1,3,38.666666666666664,1,TRUE,TRUE
2000,treatment,2026-06-05,2,84.5,1,2,84.5,1,TRUE,TRUE
2001,treatment,2026-06-03,2,40.5,0,2,40.5,0,TRUE,TRUE
2002,control,2026-06-03,2,16,1,2,16,1,TRUE,TRUE
2003,control,2026-06-02,1,27,1,1,27,1,TRUE,TRUE
2004,control,2026-06-02,3,22.7,0.667,3,22.666666666666668,0.6666666666666666,TRUE,TRUE
2005,treatment,2026-06-03,2,129.5,1,2,129.5,1,TRUE,TRUE
2006,control,2026-06-04,2,20,0.5,2,20,0.5,TRUE,TRUE
2007,control,2026-06-02,7,28.3,0.571,7,28.285714285714285,0.5714285714285714,TRUE,TRUE
2008,treatment,2026-06-03,2,50.5,0.5,2,50.5,0.5,TRUE,TRUE
2009,control,2026-06-03,0,NA,NA,0,NA,NA,FALSE,FALSE
2010,control,2026-06-03,3,30,0.667,3,30,0.6666666666666666,TRUE,TRUE
2011,treatment,2026-06-01,3,62.7,1,3,62.666666666666664,1,TRUE,TRUE
2012,treatment,2026-06-03,6,38.5,1,6,38.5,1,TRUE,TRUE
2013,control,2026-06-02,4,23.8,0.25,4,23.75,0.25,TRUE,TRUE
2014,control,2026-06-01,7,34.6,0.429,7,34.57142857142857,0.42857142857142855,TRUE,TRUE
2015,control,2026-06-03,1,33,1,0,NA,NA,FALSE,TRUE
2016,treatment,2026-06-04,2,40.5,0,2,40.5,0,TRUE,TRUE
2017,control,2026-06-01,0,NA,NA,0,NA,NA,FALSE,FALSE
2018,treatment,2026-06-02,1,26,0,1,26,0,TRUE,TRUE
2019,treatment,2026-06-03,2,35,0.5,2,35,0.5,TRUE,TRUE
2020,control,2026-06-01,7,37.7,0.571,7,37.714285714285715,0.5714285714285714,TRUE,TRUE
2021,control,2026-06-02,0,NA,NA,0,NA,NA,FALSE,FALSE
2022,control,2026-06-03,5,41.8,0.6,5,41.8,0.6,TRUE,TRUE
2023,treatment,2026-06-03,1,25,0,1,25,0,TRUE,TRUE
2024,control,2026-06-02,4,32.8,0.75,3,33.333333333333336,0.6666666666666666,TRUE,TRUE
2025,treatment,2026-06-02,3,37,1,3,37,1,TRUE,TRUE
2026,control,2026-06-03,0,NA,NA,0,NA,NA,FALSE,FALSE
2027,control,2026-06-05,6,31.7,0.833,5,26.6,0.8,TRUE,TRUE
2028,treatment,2026-06-03,4,53,1,4,53,1,TRUE,TRUE
2029,control,2026-06-02,3,40.7,1,3,40.666666666666664,1,TRUE,TRUE
2030,control,2026-06-04,4,30.5,0.75,4,30.5,0.75,TRUE,TRUE
2031,control,2026-06-05,2,38,1,2,38,1,TRUE,TRUE
2032,control,2026-06-01,5,29.2,0.6,5,29.2,0.6,TRUE,TRUE
2033,control,2026-06-05,5,31.6,0.6,5,31.6,0.6,TRUE,TRUE
2034,control,2026-06-02,1,19,1,1,19,1,TRUE,TRUE
2035,treatment,2026-06-01,1,44,0,1,44,0,TRUE,TRUE
2036,treatment,2026-06-05,4,44.8,0.25,4,44.75,0.25,TRUE,TRUE
2037,treatment,2026-06-03,2,50.5,1,2,50.5,1,TRUE,TRUE
2038,control,2026-06-04,4,28.8,0.75,4,28.75,0.75,TRUE,TRUE
2039,treatment,2026-06-04,2,31,1,2,31,1,TRUE,TRUE
2040,control,2026-06-04,2,31.5,1,2,31.5,1,TRUE,TRUE
2041,control,2026-06-04,1,23,1,0,NA,NA,FALSE,TRUE
2042,control,2026-06-04,8,35.2,0.5,7,37.57142857142857,0.5714285714285714,TRUE,TRUE
2043,treatment,2026-06-04,1,38,1,1,38,1,TRUE,TRUE
2044,control,2026-06-02,4,25.5,0.75,4,25.5,0.75,TRUE,TRUE
2045,control,2026-06-03,1,19,1,1,19,1,TRUE,TRUE
2046,treatment,2026-06-03,5,30.2,1,5,30.2,1,TRUE,TRUE
2047,control,2026-06-02,1,24,1,1,24,1,TRUE,TRUE
2048,treatment,2026-06-01,0,NA,NA,0,NA,NA,FALSE,FALSE
2049,treatment,2026-06-03,3,39.7,0.333,3,39.666666666666664,0.3333333333333333,TRUE,TRUE
2050,treatment,2026-06-03,5,47.8,1,4,45.75,1,TRUE,TRUE
2051,treatment,2026-06-04,1,93,0,1,93,0,TRUE,TRUE
2052,treatment,2026-06-04,2,45.5,0,2,45.5,0,TRUE,TRUE
2053,control,2026-06-02,0,NA,NA,0,NA,NA,FALSE,FALSE
2054,treatment,2026-06-01,5,48.4,0.6,5,48.4,0.6,TRUE,TRUE
2055,treatment,2026-06-04,1,17,1,1,17,1,TRUE,TRUE
2056,control,2026-06-04,6,32.5,0.5,6,32.5,0.5,TRUE,TRUE
2057,control,2026-06-05,5,34,0.4,5,34,0.4,TRUE,TRUE
2058,control,2026-06-02,1,50,1,1,50,1,TRUE,TRUE
2059,control,2026-06-02,1,28,1,1,28,1,TRUE,TRUE
2060,treatment,2026-06-02,4,41,0.5,4,41,0.5,TRUE,TRUE
2061,treatment,2026-06-05,2,38.5,0,2,38.5,0,TRUE,TRUE
2062,control,2026-06-02,12,31.2,0.583,12,31.166666666666668,0.5833333333333334,TRUE,TRUE
2063,control,2026-06-02,1,56,0,1,56,0,TRUE,TRUE
2064,control,2026-06-05,4,25.5,0.25,4,25.5,0.25,TRUE,TRUE
2065,treatment,2026-06-02,7,49.3,0.857,7,49.285714285714285,0.8571428571428571,TRUE,TRUE
2066,treatment,2026-06-01,3,28.3,1,3,28.333333333333332,1,TRUE,TRUE
2067,control,2026-06-01,0,NA,NA,0,NA,NA,FALSE,FALSE
2068,control,2026-06-03,3,23.7,1,3,23.666666666666668,1,TRUE,TRUE
2069,treatment,2026-06-02,2,28.5,0.5,2,28.5,0.5,TRUE,TRUE
2070,treatment,2026-06-03,5,62.4,0.4,5,62.4,0.4,TRUE,TRUE
2071,control,2026-06-01,1,31,1,1,31,1,TRUE,TRUE
2072,control,2026-06-03,6,24.7,0.333,6,24.666666666666668,0.3333333333333333,TRUE,TRUE
2073,treatment,2026-06-03,12,45,0.833,11,45.27272727272727,0.8181818181818182,TRUE,TRUE
2074,control,2026-06-04,1,35,1,1,35,1,TRUE,TRUE
2075,control,2026-06-01,3,35.7,1,3,35.666666666666664,1,TRUE,TRUE
2076,treatment,2026-06-04,5,48,0.8,5,48,0.8,TRUE,TRUE
2077,control,2026-06-04,3,43,1,3,43,1,TRUE,TRUE
2078,control,2026-06-03,13,35.5,0.615,13,35.46153846153846,0.6153846153846154,TRUE,TRUE
2079,control,2026-06-04,0,NA,NA,0,NA,NA,FALSE,FALSE
2080,treatment,2026-06-01,10,62,0.7,10,62,0.7,TRUE,TRUE
2081,treatment,2026-06-01,2,62.5,1,2,62.5,1,TRUE,TRUE
2082,control,2026-06-03,1,18,1,1,18,1,TRUE,TRUE
2083,control,2026-06-05,2,33,1,2,33,1,TRUE,TRUE
2084,control,2026-06-01,4,31.5,0.5,4,31.5,0.5,TRUE,TRUE
2085,treatment,2026-06-05,7,77,0.571,6,82.83333333333333,0.5,TRUE,TRUE
2086,treatment,2026-06-05,0,NA,NA,0,NA,NA,FALSE,FALSE
2087,treatment,2026-06-03,2,61,1,2,61,1,TRUE,TRUE
2088,control,2026-06-03,2,11.5,0.5,2,11.5,0.5,TRUE,TRUE
2089,treatment,2026-06-05,2,102,0.5,2,102,0.5,TRUE,TRUE
2090,treatment,2026-06-05,0,NA,NA,0,NA,NA,FALSE,FALSE
2091,treatment,2026-06-03,3,31,0.333,3,31,0.3333333333333333,TRUE,TRUE
2092,treatment,2026-06-05,4,24.8,0.5,4,24.75,0.5,TRUE,TRUE
2093,treatment,2026-06-05,6,63.5,0.5,6,63.5,0.5,TRUE,TRUE
2094,treatment,2026-06-01,4,65.5,1,4,65.5,1,TRUE,TRUE
2095,control,2026-06-01,1,45,0,1,45,0,TRUE,TRUE
2096,control,2026-06-03,1,24,1,1,24,1,TRUE,TRUE
2097,treatment,2026-06-02,5,33.8,1,5,33.8,1,TRUE,TRUE
2098,treatment,2026-06-02,8,47.5,0.375,8,47.5,0.375,TRUE,TRUE
2099,control,2026-06-01,0,NA,NA,0,NA,NA,FALSE,FALSE
2100,control,2026-06-05,6,38,1,4,41.75,1,TRUE,TRUE
2101,control,2026-06-05,2,16,1,2,16,1,TRUE,TRUE
2102,treatment,2026-06-03,2,51.5,0.5,2,51.5,0.5,TRUE,TRUE
2103,control,2026-06-01,4,38.2,0.75,4,38.25,0.75,TRUE,TRUE
2104,control,2026-06-01,3,18.7,0.667,3,18.666666666666668,0.6666666666666666,TRUE,TRUE
2105,control,2026-06-04,2,33,1,2,33,1,TRUE,TRUE
2106,treatment,2026-06-04,4,68.5,0.75,4,68.5,0.75,TRUE,TRUE
2107,treatment,2026-06-02,2,36.5,1,2,36.5,1,TRUE,TRUE
2108,treatment,2026-06-02,3,50.3,1,3,50.333333333333336,1,TRUE,TRUE
2109,control,2026-06-05,6,38.5,1,6,38.5,1,TRUE,TRUE
2110,control,2026-06-04,4,25,1,4,25,1,TRUE,TRUE
2111,control,2026-06-05,1,26,1,1,26,1,TRUE,TRUE
2112,treatment,2026-06-05,2,44.5,1,2,44.5,1,TRUE,TRUE
2113,treatment,2026-06-01,1,21,1,1,21,1,TRUE,TRUE
2114,treatment,2026-06-02,1,57,0,1,57,0,TRUE,TRUE
2115,control,2026-06-01,2,27,0.5,2,27,0.5,TRUE,TRUE
2116,control,2026-06-03,1,31,1,1,31,1,TRUE,TRUE
2117,control,2026-06-02,3,24.7,0.333,3,24.666666666666668,0.3333333333333333,TRUE,TRUE
2118,treatment,2026-06-03,1,69,1,1,69,1,TRUE,TRUE
2119,treatment,2026-06-02,1,35,1,1,35,1,TRUE,TRUE
2120,treatment,2026-06-01,11,55.2,0.455,11,55.18181818181818,0.45454545454545453,TRUE,TRUE
2121,treatment,2026-06-05,7,45.7,0.714,7,45.714285714285715,0.7142857142857143,TRUE,TRUE
2122,treatment,2026-06-01,1,35,1,1,35,1,TRUE,TRUE
2123,control,2026-06-01,1,15,0,1,15,0,TRUE,TRUE
2124,control,2026-06-03,2,53.5,0.5,2,53.5,0.5,TRUE,TRUE
2125,treatment,2026-06-05,3,58.7,0.667,2,49,0.5,TRUE,TRUE
2126,control,2026-06-05,1,52,0,1,52,0,TRUE,TRUE
2127,control,2026-06-05,0,NA,NA,0,NA,NA,FALSE,FALSE
2128,control,2026-06-04,5,30.2,0.6,5,30.2,0.6,TRUE,TRUE
2129,treatment,2026-06-05,1,49,0,1,49,0,TRUE,TRUE
2130,treatment,2026-06-03,3,37,1,3,37,1,TRUE,TRUE
2131,control,2026-06-03,0,NA,NA,0,NA,NA,FALSE,FALSE
2132,control,2026-06-02,1,25,0,1,25,0,TRUE,TRUE
2133,control,2026-06-03,1,25,1,1,25,1,TRUE,TRUE
2134,control,2026-06-04,1,32,1,1,32,1,TRUE,TRUE
2135,treatment,2026-06-01,5,75.2,0.8,5,75.2,0.8,TRUE,TRUE
2136,control,2026-06-03,0,NA,NA,0,NA,NA,FALSE,FALSE
2137,control,2026-06-03,7,34.1,0.857,6,35,0.8333333333333334,TRUE,TRUE
2138,treatment,2026-06-01,4,42.2,0.75,4,42.25,0.75,TRUE,TRUE
2139,control,2026-06-01,2,34.5,1,2,34.5,1,TRUE,TRUE
2140,treatment,2026-06-02,0,NA,NA,0,NA,NA,FALSE,FALSE
2141,treatment,2026-06-04,1,67,0,1,67,0,TRUE,TRUE
2142,treatment,2026-06-04,7,44.4,0.714,7,44.42857142857143,0.7142857142857143,TRUE,TRUE
2143,treatment,2026-06-02,2,44.5,0.5,2,44.5,0.5,TRUE,TRUE
2144,treatment,2026-06-01,0,NA,NA,0,NA,NA,FALSE,FALSE
2145,treatment,2026-06-05,4,67.2,1,4,67.25,1,TRUE,TRUE
2146,control,2026-06-03,1,53,0,1,53,0,TRUE,TRUE
2147,control,2026-06-04,5,28.2,0.8,4,28,0.75,TRUE,TRUE
2148,control,2026-06-02,1,43,0,1,43,0,TRUE,TRUE
2149,treatment,2026-06-04,0,NA,NA,0,NA,NA,FALSE,FALSE
2150,control,2026-06-04,3,37.3,0.667,3,37.333333333333336,0.6666666666666666,TRUE,TRUE
2151,control,2026-06-03,2,24,1,2,24,1,TRUE,TRUE
2152,treatment,2026-06-04,0,NA,NA,0,NA,NA,FALSE,FALSE
2153,treatment,2026-06-04,2,32.5,1,2,32.5,1,TRUE,TRUE
2154,control,2026-06-05,2,26.5,0.5,2,26.5,0.5,TRUE,TRUE
2155,control,2026-06-01,5,26.4,0.8,5,26.4,0.8,TRUE,TRUE
2156,control,2026-06-04,2,22.5,1,2,22.5,1,TRUE,TRUE
2157,control,2026-06-05,2,24.5,1,1,30,1,TRUE,TRUE
2158,treatment,2026-06-02,9,49,0.667,9,49,0.6666666666666666,TRUE,TRUE
2159,treatment,2026-06-01,4,35.5,1,4,35.5,1,TRUE,TRUE
2160,control,2026-06-04,6,29.2,0.333,6,29.166666666666668,0.3333333333333333,TRUE,TRUE
2161,control,2026-06-05,10,31,0.6,9,31.22222222222222,0.6666666666666666,TRUE,TRUE
2162,treatment,2026-06-01,1,176,1,1,176,1,TRUE,TRUE
2163,control,2026-06-03,3,35.3,0.667,3,35.333333333333336,0.6666666666666666,TRUE,TRUE
2164,treatment,2026-06-01,0,NA,NA,0,NA,NA,FALSE,FALSE
2165,treatment,2026-06-05,2,39.5,0.5,2,39.5,0.5,TRUE,TRUE
2166,control,2026-06-02,4,36.8,0.25,4,36.75,0.25,TRUE,TRUE
2167,treatment,2026-06-04,3,37.7,0.667,3,37.666666666666664,0.6666666666666666,TRUE,TRUE
2168,treatment,2026-06-04,2,84.5,0.5,2,84.5,0.5,TRUE,TRUE
2169,treatment,2026-06-01,4,44.8,1,4,44.75,1,TRUE,TRUE
2170,treatment,2026-06-02,1,39,1,1,39,1,TRUE,TRUE
2171,control,2026-06-01,0,NA,NA,0,NA,NA,FALSE,FALSE
2172,control,2026-06-01,6,27.2,0.667,6,27.166666666666668,0.6666666666666666,TRUE,TRUE
2173,control,2026-06-01,0,NA,NA,0,NA,NA,FALSE,FALSE
2174,control,2026-06-01,1,15,1,1,15,1,TRUE,TRUE
2175,treatment,2026-06-02,3,32.7,0.667,3,32.666666666666664,0.6666666666666666,TRUE,TRUE
2176,control,2026-06-05,1,21,1,1,21,1,TRUE,TRUE
2177,treatment,2026-06-04,1,36,0,1,36,0,TRUE,TRUE
2178,control,2026-06-02,3,46.3,0.667,3,46.333333333333336,0.6666666666666666,TRUE,TRUE
2179,control,2026-06-02,1,31,1,1,31,1,TRUE,TRUE
2180,control,2026-06-02,6,31.5,0.333,6,31.5,0.3333333333333333,TRUE,TRUE
2181,control,2026-06-05,2,29,0.5,2,29,0.5,TRUE,TRUE
2182,control,2026-06-01,1,141,1,1,141,1,TRUE,TRUE
2183,control,2026-06-01,6,32.8,0.5,6,32.833333333333336,0.5,TRUE,TRUE
2184,control,2026-06-02,5,29.4,1,5,29.4,1,TRUE,TRUE
2185,treatment,2026-06-05,10,39.3,0.9,8,37.125,0.875,TRUE,TRUE
2186,control,2026-06-01,6,26.7,0.667,6,26.666666666666668,0.6666666666666666,TRUE,TRUE
2187,treatment,2026-06-01,2,33.5,0.5,2,33.5,0.5,TRUE,TRUE
2188,control,2026-06-01,4,20.5,1,4,20.5,1,TRUE,TRUE
2189,control,2026-06-03,2,39.5,1,2,39.5,1,TRUE,TRUE
2190,control,2026-06-01,7,35.3,1,7,35.285714285714285,1,TRUE,TRUE
2191,control,2026-06-05,2,45,0.5,2,45,0.5,TRUE,TRUE
2192,treatment,2026-06-03,1,58,1,1,58,1,TRUE,TRUE
2193,treatment,2026-06-05,2,56,1,2,56,1,TRUE,TRUE
2194,treatment,2026-06-04,1,17,1,1,17,1,TRUE,TRUE
2195,control,2026-06-02,1,20,0,1,20,0,TRUE,TRUE
2196,control,2026-06-04,7,39.6,0.714,7,39.57142857142857,0.7142857142857143,TRUE,TRUE
2197,control,2026-06-03,1,13,0,1,13,0,TRUE,TRUE
2198,treatment,2026-06-03,3,42.3,0.667,3,42.333333333333336,0.6666666666666666,TRUE,TRUE
2199,control,2026-06-05,3,47.7,1,3,47.666666666666664,1,TRUE,TRUE
2200,control,2026-06-03,3,22.3,0.667,3,22.333333333333332,0.6666666666666666,TRUE,TRUE
2201,treatment,2026-06-04,0,NA,NA,0,NA,NA,FALSE,FALSE
2202,treatment,2026-06-01,3,48,1,3,48,1,TRUE,TRUE
2203,treatment,2026-06-02,1,26,1,1,26,1,TRUE,TRUE
2204,control,2026-06-03,6,28.3,0.667,6,28.333333333333332,0.6666666666666666,TRUE,TRUE
2205,treatment,2026-06-02,5,45,0.8,5,45,0.8,TRUE,TRUE
2206,control,2026-06-01,1,37,1,1,37,1,TRUE,TRUE
2207,control,2026-06-05,1,18,0,1,18,0,TRUE,TRUE
2208,control,2026-06-05,2,27,0.5,2,27,0.5,TRUE,TRUE
2209,treatment,2026-06-02,12,55.2,0.833,12,55.25,0.8333333333333334,TRUE,TRUE
2210,treatment,2026-06-03,4,40.2,1,4,40.25,1,TRUE,TRUE
2211,control,2026-06-05,3,40,0.333,3,40,0.3333333333333333,TRUE,TRUE
2212,control,2026-06-01,9,35.3,0.889,9,35.333333333333336,0.8888888888888888,TRUE,TRUE
2213,treatment,2026-06-05,15,60.3,0.733,15,60.266666666666666,0.7333333333333333,TRUE,TRUE
2214,control,2026-06-05,3,31.3,0.667,3,31.333333333333332,0.6666666666666666,TRUE,TRUE
2215,treatment,2026-06-02,4,37.5,0.75,4,37.5,0.75,TRUE,TRUE
2216,control,2026-06-04,3,16.7,1,3,16.666666666666668,1,TRUE,TRUE
2217,treatment,2026-06-01,3,59.7,1,3,59.666666666666664,1,TRUE,TRUE
2218,treatment,2026-06-04,7,34.3,0.286,7,34.285714285714285,0.2857142857142857,TRUE,TRUE
2219,treatment,2026-06-05,7,45.9,0.857,5,49.6,1,TRUE,TRUE
2220,control,2026-06-04,2,31.5,1,2,31.5,1,TRUE,TRUE
2221,control,2026-06-01,8,27.8,0.5,8,27.75,0.5,TRUE,TRUE
2222,treatment,2026-06-01,0,NA,NA,0,NA,NA,FALSE,FALSE
2223,treatment,2026-06-05,2,56.5,1,2,56.5,1,TRUE,TRUE
2224,treatment,2026-06-01,0,NA,NA,0,NA,NA,FALSE,FALSE
2225,control,2026-06-01,5,40.8,0.6,5,40.8,0.6,TRUE,TRUE
2226,control,2026-06-03,4,45.8,0.25,4,45.75,0.25,TRUE,TRUE
2227,treatment,2026-06-05,2,60.5,0.5,2,60.5,0.5,TRUE,TRUE
2228,control,2026-06-02,1,20,1,1,20,1,TRUE,TRUE
2229,control,2026-06-02,2,42.5,0.5,2,42.5,0.5,TRUE,TRUE
2230,control,2026-06-02,2,32,1,2,32,1,TRUE,TRUE
2231,treatment,2026-06-02,2,52.5,1,2,52.5,1,TRUE,TRUE
2232,control,2026-06-05,3,29.7,0.667,3,29.666666666666668,0.6666666666666666,TRUE,TRUE
2233,control,2026-06-03,5,27.8,0.4,5,27.8,0.4,TRUE,TRUE
2234,control,2026-06-04,0,NA,NA,0,NA,NA,FALSE,FALSE
2235,treatment,2026-06-05,3,47.3,1,3,47.333333333333336,1,TRUE,TRUE
2236,control,2026-06-03,12,42.1,0.5,12,42.083333333333336,0.5,TRUE,TRUE
2237,control,2026-06-02,9,27.3,0.444,9,27.333333333333332,0.4444444444444444,TRUE,TRUE
2238,control,2026-06-05,0,NA,NA,0,NA,NA,FALSE,FALSE
2239,control,2026-06-04,2,32.5,1,2,32.5,1,TRUE,TRUE
2240,control,2026-06-01,2,25.5,0.5,2,25.5,0.5,TRUE,TRUE
2241,control,2026-06-05,5,45.6,0.8,4,44.25,0.75,TRUE,TRUE
2242,control,2026-06-02,5,31.4,0.4,5,31.4,0.4,TRUE,TRUE
2243,treatment,2026-06-01,1,34,1,1,34,1,TRUE,TRUE
2244,control,2026-06-02,1,16,1,0,NA,NA,FALSE,TRUE
2245,control,2026-06-05,3,29.7,1,3,29.666666666666668,1,TRUE,TRUE
2246,control,2026-06-05,2,27,0.5,2,27,0.5,TRUE,TRUE
2247,treatment,2026-06-03,1,45,0,1,45,0,TRUE,TRUE
2248,treatment,2026-06-03,2,50,0.5,2,50,0.5,TRUE,TRUE
2249,treatment,2026-06-02,2,39.5,1,2,39.5,1,TRUE,TRUE
2250,control,2026-06-05,1,35,0,1,35,0,TRUE,TRUE
2251,treatment,2026-06-03,5,39.4,1,4,37.25,1,TRUE,TRUE
2252,control,2026-06-03,3,41.7,0.667,3,41.666666666666664,0.6666666666666666,TRUE,TRUE
2253,control,2026-06-01,1,53,1,1,53,1,TRUE,TRUE
2254,treatment,2026-06-03,2,53,1,2,53,1,TRUE,TRUE
2255,control,2026-06-05,4,40.5,0.25,4,40.5,0.25,TRUE,TRUE
2256,control,2026-06-05,4,28.2,0.5,3,28.333333333333332,0.6666666666666666,TRUE,TRUE
2257,control,2026-06-02,2,29,0.5,2,29,0.5,TRUE,TRUE
2258,treatment,2026-06-03,2,28,1,2,28,1,TRUE,TRUE
2259,treatment,2026-06-03,14,38.9,0.714,14,38.857142857142854,0.7142857142857143,TRUE,TRUE
2260,treatment,2026-06-04,9,48.4,0.889,9,48.44444444444444,0.8888888888888888,TRUE,TRUE
2261,treatment,2026-06-03,4,46.2,1,4,46.25,1,TRUE,TRUE
2262,control,2026-06-01,5,36.4,0.8,5,36.4,0.8,TRUE,TRUE
2263,treatment,2026-06-01,3,52.7,1,3,52.666666666666664,1,TRUE,TRUE
2264,treatment,2026-06-02,2,47.5,1,2,47.5,1,TRUE,TRUE
2265,control,2026-06-03,2,48,0,2,48,0,TRUE,TRUE
2266,treatment,2026-06-01,2,26.5,1,2,26.5,1,TRUE,TRUE
2267,control,2026-06-02,2,31,1,2,31,1,TRUE,TRUE
2268,treatment,2026-06-04,10,43.9,0.9,9,42.22222222222222,0.8888888888888888,TRUE,TRUE
2269,treatment,2026-06-02,1,13,0,1,13,0,TRUE,TRUE
2270,control,2026-06-03,2,34.5,1,2,34.5,1,TRUE,TRUE
2271,treatment,2026-06-05,3,33.7,0.333,3,33.666666666666664,0.3333333333333333,TRUE,TRUE
2272,control,2026-06-01,13,34.8,0.769,13,34.76923076923077,0.7692307692307693,TRUE,TRUE
2273,control,2026-06-03,7,25.1,0.571,5,20.6,0.4,TRUE,TRUE
2274,control,2026-06-04,3,23.7,0.333,2,14.5,0.5,TRUE,TRUE
2275,treatment,2026-06-04,6,49.7,0.333,6,49.666666666666664,0.3333333333333333,TRUE,TRUE
2276,treatment,2026-06-03,0,NA,NA,0,NA,NA,FALSE,FALSE
2277,control,2026-06-04,2,45.5,0.5,2,45.5,0.5,TRUE,TRUE
2278,control,2026-06-02,3,37,0.667,3,37,0.6666666666666666,TRUE,TRUE
2279,control,2026-06-02,1,14,0,1,14,0,TRUE,TRUE
2280,control,2026-06-02,1,34,0,1,34,0,TRUE,TRUE
2281,control,2026-06-01,3,35.3,0.333,3,35.333333333333336,0.3333333333333333,TRUE,TRUE
2282,control,2026-06-04,1,38,1,1,38,1,TRUE,TRUE
2283,control,2026-06-01,0,NA,NA,0,NA,NA,FALSE,FALSE
2284,treatment,2026-06-03,2,79,0.5,2,79,0.5,TRUE,TRUE
2285,control,2026-06-01,2,39,1,2,39,1,TRUE,TRUE
2286,control,2026-06-04,1,16,1,1,16,1,TRUE,TRUE
2287,control,2026-06-02,4,50,1,3,57.666666666666664,1,TRUE,TRUE
2288,control,2026-06-04,0,NA,NA,0,NA,NA,FALSE,FALSE
2289,treatment,2026-06-03,4,33,0.5,4,33,0.5,TRUE,TRUE
2290,treatment,2026-06-03,4,65.5,0.75,4,65.5,0.75,TRUE,TRUE
2291,treatment,2026-06-04,2,60.5,1,2,60.5,1,TRUE,TRUE
2292,treatment,2026-06-04,1,35,1,1,35,1,TRUE,TRUE
2293,treatment,2026-06-03,0,NA,NA,0,NA,NA,FALSE,FALSE
2294,control,2026-06-04,0,NA,NA,0,NA,NA,FALSE,FALSE
2295,control,2026-06-05,4,27.8,0.75,4,27.75,0.75,TRUE,TRUE
2296,control,2026-06-02,2,30.5,1,2,30.5,1,TRUE,TRUE
2297,treatment,2026-06-04,5,46,0.8,5,46,0.8,TRUE,TRUE
2298,control,2026-06-05,9,29.6,0.889,7,32.142857142857146,0.8571428571428571,TRUE,TRUE
2299,control,2026-06-01,5,57.6,0.8,5,57.6,0.8,TRUE,TRUE
2300,control,2026-06-02,3,25.3,0.667,3,25.333333333333332,0.6666666666666666,TRUE,TRUE
2301,treatment,2026-06-03,2,41.5,0.5,2,41.5,0.5,TRUE,TRUE
2302,treatment,2026-06-01,2,58,1,2,58,1,TRUE,TRUE
2303,treatment,2026-06-01,3,47.3,0.667,3,47.333333333333336,0.6666666666666666,TRUE,TRUE
2304,treatment,2026-06-02,6,35.2,0.5,6,35.166666666666664,0.5,TRUE,TRUE
2305,control,2026-06-02,2,29.5,0,2,29.5,0,TRUE,TRUE
2306,treatment,2026-06-05,0,NA,NA,0,NA,NA,FALSE,FALSE
2307,treatment,2026-06-01,5,51,0.6,5,51,0.6,TRUE,TRUE
2308,control,2026-06-03,0,NA,NA,0,NA,NA,FALSE,FALSE
2309,treatment,2026-06-02,2,39,1,2,39,1,TRUE,TRUE
2310,treatment,2026-06-02,3,40.3,0.667,3,40.333333333333336,0.6666666666666666,TRUE,TRUE
2311,control,2026-06-05,2,48,0.5,2,48,0.5,TRUE,TRUE
2312,control,2026-06-04,1,25,0,1,25,0,TRUE,TRUE
2313,control,2026-06-03,1,58,1,1,58,1,TRUE,TRUE
2314,control,2026-06-03,2,16,1,2,16,1,TRUE,TRUE
2315,control,2026-06-03,2,23.5,0.5,2,23.5,0.5,TRUE,TRUE
2316,control,2026-06-03,7,29.9,0.571,6,30.166666666666668,0.6666666666666666,TRUE,TRUE
2317,control,2026-06-01,4,33.2,0.75,4,33.25,0.75,TRUE,TRUE
2318,treatment,2026-06-01,4,28.5,1,4,28.5,1,TRUE,TRUE
2319,treatment,2026-06-01,2,54,1,2,54,1,TRUE,TRUE
2320,control,2026-06-05,1,40,1,1,40,1,TRUE,TRUE
2321,treatment,2026-06-04,1,31,0,1,31,0,TRUE,TRUE
2322,treatment,2026-06-04,0,NA,NA,0,NA,NA,FALSE,FALSE
2323,control,2026-06-05,5,36.2,0.6,4,36.5,0.5,TRUE,TRUE
2324,control,2026-06-02,7,30.6,1,7,30.571428571428573,1,TRUE,TRUE
2325,treatment,2026-06-05,1,80,1,0,NA,NA,FALSE,TRUE
2326,treatment,2026-06-04,0,NA,NA,0,NA,NA,FALSE,FALSE
2327,treatment,2026-06-04,5,68.6,0.6,4,77.5,0.5,TRUE,TRUE
2328,control,2026-06-02,1,16,0,1,16,0,TRUE,TRUE
2329,control,2026-06-04,8,28.6,0.625,7,29.571428571428573,0.5714285714285714,TRUE,TRUE
2330,control,2026-06-04,1,18,0,1,18,0,TRUE,TRUE
2331,control,2026-06-03,4,28.8,1,3,26.666666666666668,1,TRUE,TRUE
2332,control,2026-06-01,10,27.7,0.4,10,27.7,0.4,TRUE,TRUE
2333,control,2026-06-02,13,35.8,0.923,13,35.84615384615385,0.9230769230769231,TRUE,TRUE
2334,treatment,2026-06-03,4,39.5,0.75,4,39.5,0.75,TRUE,TRUE
2335,treatment,2026-06-05,6,40.2,0.833,6,40.166666666666664,0.8333333333333334,TRUE,TRUE
2336,treatment,2026-06-05,7,48.1,0.714,7,48.142857142857146,0.7142857142857143,TRUE,TRUE
2337,treatment,2026-06-04,5,56.2,0.8,5,56.2,0.8,TRUE,TRUE
2338,treatment,2026-06-03,5,42.4,0.8,5,42.4,0.8,TRUE,TRUE
2339,control,2026-06-03,2,18.5,1,2,18.5,1,TRUE,TRUE
2340,control,2026-06-04,1,19,1,1,19,1,TRUE,TRUE
2341,treatment,2026-06-01,5,41.8,1,5,41.8,1,TRUE,TRUE
2342,control,2026-06-01,1,30,0,1,30,0,TRUE,TRUE
2343,control,2026-06-03,2,30.5,1,2,30.5,1,TRUE,TRUE
2344,treatment,2026-06-05,0,NA,NA,0,NA,NA,FALSE,FALSE
2345,control,2026-06-04,7,29.1,0.571,7,29.142857142857142,0.5714285714285714,TRUE,TRUE
2346,treatment,2026-06-05,1,37,1,1,37,1,TRUE,TRUE
2347,treatment,2026-06-04,0,NA,NA,0,NA,NA,FALSE,FALSE
2348,control,2026-06-02,2,39.5,0.5,2,39.5,0.5,TRUE,TRUE
2349,control,2026-06-03,3,39.3,1,3,39.333333333333336,1,TRUE,TRUE
2350,control,2026-06-02,5,36,1,5,36,1,TRUE,TRUE
2351,treatment,2026-06-04,11,55.7,0.727,9,60.22222222222222,0.8888888888888888,TRUE,TRUE
2352,control,2026-06-05,5,29.6,0.8,5,29.6,0.8,TRUE,TRUE
2353,treatment,2026-06-05,0,NA,NA,0,NA,NA,FALSE,FALSE
2354,treatment,2026-06-01,3,29,0.667,3,29,0.6666666666666666,TRUE,TRUE
2355,treatment,2026-06-04,5,44.4,1,5,44.4,1,TRUE,TRUE
2356,treatment,2026-06-04,2,53.5,0.5,2,53.5,0.5,TRUE,TRUE
2357,treatment,2026-06-04,1,46,0,1,46,0,TRUE,TRUE
2358,control,2026-06-04,4,39.8,1,4,39.75,1,TRUE,TRUE
2359,control,2026-06-04,10,32.2,0.6,10,32.2,0.6,TRUE,TRUE
2360,control,2026-06-01,1,38,1,1,38,1,TRUE,TRUE
2361,control,2026-06-05,2,37,1,1,45,1,TRUE,TRUE
2362,control,2026-06-05,3,37.3,0.667,3,37.333333333333336,0.6666666666666666,TRUE,TRUE
2363,control,2026-06-01,0,NA,NA,0,NA,NA,FALSE,FALSE
2364,control,2026-06-01,0,NA,NA,0,NA,NA,FALSE,FALSE
2365,control,2026-06-02,6,57.8,0.667,6,57.833333333333336,0.6666666666666666,TRUE,TRUE
2366,control,2026-06-05,5,25.8,0.8,5,25.8,0.8,TRUE,TRUE
2367,treatment,2026-06-01,8,47.8,0.75,8,47.75,0.75,TRUE,TRUE
2368,control,2026-06-05,10,35,0.6,10,35,0.6,TRUE,TRUE
2369,treatment,2026-06-03,7,48.6,0.857,7,48.57142857142857,0.8571428571428571,TRUE,TRUE
2370,control,2026-06-05,3,31.3,0,3,31.333333333333332,0,TRUE,TRUE
2371,control,2026-06-01,4,18.5,0.5,4,18.5,0.5,TRUE,TRUE
2372,control,2026-06-04,1,11,0,1,11,0,TRUE,TRUE
2373,control,2026-06-03,3,22.7,0.667,3,22.666666666666668,0.6666666666666666,TRUE,TRUE
2374,control,2026-06-04,1,28,1,1,28,1,TRUE,TRUE
2375,treatment,2026-06-02,3,64.3,1,3,64.33333333333333,1,TRUE,TRUE
2376,treatment,2026-06-03,1,17,1,1,17,1,TRUE,TRUE
2377,control,2026-06-05,3,39.7,0.333,3,39.666666666666664,0.3333333333333333,TRUE,TRUE
2378,treatment,2026-06-03,5,26,1,5,26,1,TRUE,TRUE
2379,treatment,2026-06-01,4,54.5,0.75,4,54.5,0.75,TRUE,TRUE
2380,control,2026-06-05,2,23.5,1,2,23.5,1,TRUE,TRUE
2381,control,2026-06-04,4,25.8,0.5,4,25.75,0.5,TRUE,TRUE
2382,treatment,2026-06-02,1,38,1,1,38,1,TRUE,TRUE
2383,control,2026-06-04,0,NA,NA,0,NA,NA,FALSE,FALSE
2384,control,2026-06-04,2,39.5,1,2,39.5,1,TRUE,TRUE
2385,treatment,2026-06-04,5,60,0.6,5,60,0.6,TRUE,TRUE
2386,control,2026-06-03,1,51,0,1,51,0,TRUE,TRUE
2387,control,2026-06-01,4,27,1,4,27,1,TRUE,TRUE
2388,treatment,2026-06-03,2,81,0.5,2,81,0.5,TRUE,TRUE
2389,treatment,2026-06-02,0,NA,NA,0,NA,NA,FALSE,FALSE
2390,control,2026-06-04,2,53.5,0.5,2,53.5,0.5,TRUE,TRUE
2391,control,2026-06-04,0,NA,NA,0,NA,NA,FALSE,FALSE
2392,control,2026-06-03,3,23.7,0.333,3,23.666666666666668,0.3333333333333333,TRUE,TRUE
2393,control,2026-06-01,1,19,1,1,19,1,TRUE,TRUE
2394,treatment,2026-06-01,5,76.8,0.4,5,76.8,0.4,TRUE,TRUE
2395,treatment,2026-06-04,5,47.2,0.8,5,47.2,0.8,TRUE,TRUE
2396,control,2026-06-03,3,28.3,1,3,28.333333333333332,1,TRUE,TRUE
2397,control,2026-06-04,6,29.2,0.667,6,29.166666666666668,0.6666666666666666,TRUE,TRUE
2398,treatment,2026-06-05,4,49.8,1,4,49.75,1,TRUE,TRUE
2399,control,2026-06-01,3,30,0.667,3,30,0.6666666666666666,TRUE,TRUE
2400,treatment,2026-06-01,4,43,1,4,43,1,TRUE,TRUE
2401,control,2026-06-03,1,48,1,1,48,1,TRUE,TRUE
2402,treatment,2026-06-01,8,44.1,0.875,8,44.125,0.875,TRUE,TRUE
2403,treatment,2026-06-01,5,31.6,1,5,31.6,1,TRUE,TRUE
2404,treatment,2026-06-05,3,44.3,0.667,3,44.333333333333336,0.6666666666666666,TRUE,TRUE
2405,control,2026-06-05,2,37.5,0.5,2,37.5,0.5,TRUE,TRUE
2406,control,2026-06-04,1,23,0,1,23,0,TRUE,TRUE
2407,control,2026-06-02,1,29,1,1,29,1,TRUE,TRUE
2408,control,2026-06-01,2,14.5,1,2,14.5,1,TRUE,TRUE
2409,treatment,2026-06-05,0,NA,NA,0,NA,NA,FALSE,FALSE
2410,control,2026-06-04,2,61,0.5,1,99,1,TRUE,TRUE
2411,control,2026-06-05,8,25.1,0.625,6,25.833333333333332,0.5,TRUE,TRUE
2412,treatment,2026-06-04,3,45.3,0.333,3,45.333333333333336,0.3333333333333333,TRUE,TRUE
2413,treatment,2026-06-02,1,49,0,1,49,0,TRUE,TRUE
2414,treatment,2026-06-02,1,59,1,1,59,1,TRUE,TRUE
2415,control,2026-06-01,4,26.5,1,4,26.5,1,TRUE,TRUE
2416,treatment,2026-06-04,1,43,1,1,43,1,TRUE,TRUE
2417,control,2026-06-02,1,34,0,1,34,0,TRUE,TRUE
2418,control,2026-06-05,2,39,1,2,39,1,TRUE,TRUE
2419,control,2026-06-02,2,50,1,2,50,1,TRUE,TRUE
2420,control,2026-06-03,2,30.5,0.5,2,30.5,0.5,TRUE,TRUE
2421,treatment,2026-06-04,1,62,1,1,62,1,TRUE,TRUE
2422,treatment,2026-06-03,1,18,0,1,18,0,TRUE,TRUE
2423,treatment,2026-06-02,5,58.8,0.6,4,52.75,0.5,TRUE,TRUE
2424,control,2026-06-02,3,38.7,0.333,3,38.666666666666664,0.3333333333333333,TRUE,TRUE
2425,treatment,2026-06-05,12,55.8,0.5,12,55.75,0.5,TRUE,TRUE
2426,control,2026-06-04,2,28.5,1,2,28.5,1,TRUE,TRUE
2427,control,2026-06-05,3,27.7,1,3,27.666666666666668,1,TRUE,TRUE
2428,control,2026-06-05,5,19,0.4,5,19,0.4,TRUE,TRUE
2429,treatment,2026-06-04,2,83.5,1,2,83.5,1,TRUE,TRUE
2430,control,2026-06-02,7,33.9,0.857,7,33.857142857142854,0.8571428571428571,TRUE,TRUE
2431,treatment,2026-06-05,1,52,1,1,52,1,TRUE,TRUE
2432,control,2026-06-01,0,NA,NA,0,NA,NA,FALSE,FALSE
2433,treatment,2026-06-05,1,17,1,1,17,1,TRUE,TRUE
2434,control,2026-06-03,6,23.5,0.667,6,23.5,0.6666666666666666,TRUE,TRUE
2435,control,2026-06-05,1,18,1,1,18,1,TRUE,TRUE
2436,control,2026-06-05,0,NA,NA,0,NA,NA,FALSE,FALSE
2437,treatment,2026-06-02,1,8,1,1,8,1,TRUE,TRUE
2438,control,2026-06-03,3,39.7,1,3,39.666666666666664,1,TRUE,TRUE
2439,treatment,2026-06-01,2,46,1,2,46,1,TRUE,TRUE
2440,control,2026-06-02,7,32.9,0.429,7,32.857142857142854,0.42857142857142855,TRUE,TRUE
2441,control,2026-06-05,5,31.4,1,4,30.75,1,TRUE,TRUE
2442,treatment,2026-06-01,3,33.3,0,3,33.333333333333336,0,TRUE,TRUE
2443,treatment,2026-06-05,0,NA,NA,0,NA,NA,FALSE,FALSE
2444,treatment,2026-06-01,7,44.7,0.571,7,44.714285714285715,0.5714285714285714,TRUE,TRUE
2445,control,2026-06-04,6,31.7,0.5,6,31.666666666666668,0.5,TRUE,TRUE
2446,control,2026-06-04,1,25,1,1,25,1,TRUE,TRUE
2447,control,2026-06-05,2,41,1,2,41,1,TRUE,TRUE
2448,control,2026-06-03,3,28,0.667,2,25.5,0.5,TRUE,TRUE
2449,control,2026-06-02,3,29,0.667,3,29,0.6666666666666666,TRUE,TRUE
2450,control,2026-06-03,0,NA,NA,0,NA,NA,FALSE,FALSE
2451,treatment,2026-06-04,1,31,1,1,31,1,TRUE,TRUE
2452,treatment,2026-06-04,2,37,1,2,37,1,TRUE,TRUE
2453,control,2026-06-04,3,13,0.667,3,13,0.6666666666666666,TRUE,TRUE
2454,treatment,2026-06-03,4,87.2,0.75,3,49,0.6666666666666666,TRUE,TRUE
2455,treatment,2026-06-03,3,37.3,0.667,3,37.333333333333336,0.6666666666666666,TRUE,TRUE
2456,control,2026-06-03,1,28,1,0,NA,NA,FALSE,TRUE
2457,treatment,2026-06-03,4,41.8,0.5,4,41.75,0.5,TRUE,TRUE
2458,treatment,2026-06-02,14,55.4,0.857,13,55.38461538461539,0.8461538461538461,TRUE,TRUE
2459,treatment,2026-06-03,2,45.5,1,2,45.5,1,TRUE,TRUE
2460,treatment,2026-06-03,4,41.8,0.75,4,41.75,0.75,TRUE,TRUE
2461,treatment,2026-06-03,2,40.5,0.5,2,40.5,0.5,TRUE,TRUE
2462,control,2026-06-03,5,28.2,1,5,28.2,1,TRUE,TRUE
2463,treatment,2026-06-02,2,47.5,1,2,47.5,1,TRUE,TRUE
2464,treatment,2026-06-02,2,40.5,0.5,2,40.5,0.5,TRUE,TRUE
2465,treatment,2026-06-01,5,80.8,0.4,5,80.8,0.4,TRUE,TRUE
2466,treatment,2026-06-05,1,15,1,1,15,1,TRUE,TRUE
2467,control,2026-06-01,2,36.5,1,2,36.5,1,TRUE,TRUE
2468,control,2026-06-02,2,27.5,0,2,27.5,0,TRUE,TRUE
2469,treatment,2026-06-05,11,45.3,0.636,10,46.4,0.7,TRUE,TRUE
2470,control,2026-06-03,5,30.6,0.8,5,30.6,0.8,TRUE,TRUE
2471,control,2026-06-01,4,30.2,0.25,4,30.25,0.25,TRUE,TRUE
2472,treatment,2026-06-05,2,62.5,0,2,62.5,0,TRUE,TRUE
2473,treatment,2026-06-01,1,39,0,1,39,0,TRUE,TRUE
2474,treatment,2026-06-05,0,NA,NA,0,NA,NA,FALSE,FALSE
2475,treatment,2026-06-05,3,20.7,1,3,20.666666666666668,1,TRUE,TRUE
2476,treatment,2026-06-03,2,19,0.5,1,24,1,TRUE,TRUE
2477,control,2026-06-02,1,42,1,1,42,1,TRUE,TRUE
2478,treatment,2026-06-01,1,39,1,1,39,1,TRUE,TRUE
2479,control,2026-06-05,0,NA,NA,0,NA,NA,FALSE,FALSE
2480,treatment,2026-06-04,4,44.2,1,4,44.25,1,TRUE,TRUE
2481,control,2026-06-05,3,40.7,0.667,2,52,1,TRUE,TRUE
2482,control,2026-06-03,1,16,0,1,16,0,TRUE,TRUE
2483,control,2026-06-01,5,46.8,0.8,5,46.8,0.8,TRUE,TRUE
2484,treatment,2026-06-02,2,55.5,0.5,2,55.5,0.5,TRUE,TRUE
2485,control,2026-06-04,8,22.6,0.625,8,22.625,0.625,TRUE,TRUE
2486,control,2026-06-01,2,20,0.5,2,20,0.5,TRUE,TRUE
2487,control,2026-06-01,3,17.7,1,3,17.666666666666668,1,TRUE,TRUE
2488,treatment,2026-06-05,5,39.2,0.4,5,39.2,0.4,TRUE,TRUE
2489,treatment,2026-06-01,9,45.1,0.778,9,45.111111111111114,0.7777777777777778,TRUE,TRUE
2490,treatment,2026-06-05,1,53,0,1,53,0,TRUE,TRUE
2491,treatment,2026-06-05,2,37.5,0.5,2,37.5,0.5,TRUE,TRUE
2492,control,2026-06-03,2,26,1,2,26,1,TRUE,TRUE
2493,control,2026-06-01,10,28.4,0.5,10,28.4,0.5,TRUE,TRUE
2494,treatment,2026-06-01,1,66,1,1,66,1,TRUE,TRUE
2495,treatment,2026-06-02,0,NA,NA,0,NA,NA,FALSE,FALSE
2496,treatment,2026-06-05,5,37.6,0.4,5,37.6,0.4,TRUE,TRUE
2497,control,2026-06-02,1,46,1,1,46,1,TRUE,TRUE
2498,treatment,2026-06-03,0,NA,NA,0,NA,NA,FALSE,FALSE
2499,treatment,2026-06-01,7,58.9,0.857,7,58.857142857142854,0.8571428571428571,TRUE,TRUE
2500,treatment,2026-06-02,0,NA,NA,0,NA,NA,FALSE,FALSE
2501,control,2026-06-02,1,20,1,1,20,1,TRUE,TRUE
2502,treatment,2026-06-05,0,NA,NA,0,NA,NA,FALSE,FALSE
2503,treatment,2026-06-01,2,21,0.5,2,21,0.5,TRUE,TRUE
2504,treatment,2026-06-02,0,NA,NA,0,NA,NA,FALSE,FALSE
2505,control,2026-06-04,0,NA,NA,0,NA,NA,FALSE,FALSE
2506,control,2026-06-05,4,28.8,1,4,28.75,1,TRUE,TRUE
2507,control,2026-06-05,7,32.7,0.571,7,32.714285714285715,0.5714285714285714,TRUE,TRUE
2508,treatment,2026-06-05,1,41,1,1,41,1,TRUE,TRUE
2509,control,2026-06-05,2,24,1,2,24,1,TRUE,TRUE
2510,control,2026-06-03,2,35.5,1,2,35.5,1,TRUE,TRUE
2511,control,2026-06-03,7,39,0.429,7,39,0.42857142857142855,TRUE,TRUE
2512,control,2026-06-05,4,44,0.25,3,37.333333333333336,0,TRUE,TRUE
2513,control,2026-06-05,1,38,1,1,38,1,TRUE,TRUE
2514,control,2026-06-01,0,NA,NA,0,NA,NA,FALSE,FALSE
2515,treatment,2026-06-02,2,59.5,1,2,59.5,1,TRUE,TRUE
2516,treatment,2026-06-05,1,14,0,1,14,0,TRUE,TRUE
2517,treatment,2026-06-01,0,NA,NA,0,NA,NA,FALSE,FALSE
2518,treatment,2026-06-04,4,51.2,0.75,4,51.25,0.75,TRUE,TRUE
2519,control,2026-06-05,6,22.5,0.333,6,22.5,0.3333333333333333,TRUE,TRUE
2520,control,2026-06-05,7,39.1,0.571,7,39.142857142857146,0.5714285714285714,TRUE,TRUE
2521,control,2026-06-05,1,29,1,1,29,1,TRUE,TRUE
2522,treatment,2026-06-04,4,24.8,0.75,4,24.75,0.75,TRUE,TRUE
2523,treatment,2026-06-03,2,46.5,1,2,46.5,1,TRUE,TRUE
2524,control,2026-06-02,1,42,0,1,42,0,TRUE,TRUE
2525,control,2026-06-05,2,42,1,2,42,1,TRUE,TRUE
2526,control,2026-06-02,0,NA,NA,0,NA,NA,FALSE,FALSE
2527,control,2026-06-01,2,22,1,2,22,1,TRUE,TRUE
2528,treatment,2026-06-03,0,NA,NA,0,NA,NA,FALSE,FALSE
2529,treatment,2026-06-01,4,48.2,1,4,48.25,1,TRUE,TRUE
2530,control,2026-06-05,1,47,0,1,47,0,TRUE,TRUE
2531,treatment,2026-06-05,2,31.5,1,2,31.5,1,TRUE,TRUE
2532,control,2026-06-04,5,33.2,0.8,5,33.2,0.8,TRUE,TRUE
2533,treatment,2026-06-04,2,66.5,1,2,66.5,1,TRUE,TRUE
2534,treatment,2026-06-05,2,41,1,1,57,1,TRUE,TRUE
2535,control,2026-06-01,3,22.3,0.333,3,22.333333333333332,0.3333333333333333,TRUE,TRUE
2536,treatment,2026-06-02,6,36.2,0.5,6,36.166666666666664,0.5,TRUE,TRUE
2537,treatment,2026-06-04,4,32.5,0.25,4,32.5,0.25,TRUE,TRUE
2538,treatment,2026-06-05,2,31.5,0.5,2,31.5,0.5,TRUE,TRUE
2539,control,2026-06-02,9,21.8,0.667,9,21.77777777777778,0.6666666666666666,TRUE,TRUE
2540,treatment,2026-06-05,7,41.7,0.571,7,41.714285714285715,0.5714285714285714,TRUE,TRUE
2541,control,2026-06-01,2,40.5,1,2,40.5,1,TRUE,TRUE
2542,treatment,2026-06-03,2,53.5,0.5,2,53.5,0.5,TRUE,TRUE
2543,control,2026-06-05,2,30,1,2,30,1,TRUE,TRUE
2544,control,2026-06-05,2,24.5,0.5,2,24.5,0.5,TRUE,TRUE
2545,treatment,2026-06-05,4,35.2,1,4,35.25,1,TRUE,TRUE
2546,treatment,2026-06-01,0,NA,NA,0,NA,NA,FALSE,FALSE
2547,control,2026-06-03,2,43,1,2,43,1,TRUE,TRUE
2548,treatment,2026-06-01,1,31,0,1,31,0,TRUE,TRUE
2549,treatment,2026-06-02,0,NA,NA,0,NA,NA,FALSE,FALSE
2550,treatment,2026-06-04,2,66.5,0.5,2,66.5,0.5,TRUE,TRUE
2551,control,2026-06-03,1,24,0,1,24,0,TRUE,TRUE
2552,control,2026-06-04,1,80,1,1,80,1,TRUE,TRUE
2553,control,2026-06-04,0,NA,NA,0,NA,NA,FALSE,FALSE
2554,treatment,2026-06-03,2,65.5,1,2,65.5,1,TRUE,TRUE
2555,treatment,2026-06-01,1,39,1,1,39,1,TRUE,TRUE
2556,control,2026-06-05,2,41,0.5,1,49,1,TRUE,TRUE
2557,control,2026-06-03,4,40.5,0.75,4,40.5,0.75,TRUE,TRUE
2558,control,2026-06-02,5,50.4,0.8,5,50.4,0.8,TRUE,TRUE
2559,control,2026-06-05,4,29.2,0.75,3,33.333333333333336,0.6666666666666666,TRUE,TRUE
2560,treatment,2026-06-03,5,47,0.6,4,47.25,0.5,TRUE,TRUE
2561,treatment,2026-06-03,6,50.5,0.5,6,50.5,0.5,TRUE,TRUE
2562,treatment,2026-06-05,5,84.6,0.4,5,84.6,0.4,TRUE,TRUE
2563,treatment,2026-06-04,5,67.2,1,5,67.2,1,TRUE,TRUE
2564,control,2026-06-01,0,NA,NA,0,NA,NA,FALSE,FALSE
2565,treatment,2026-06-05,1,102,1,1,102,1,TRUE,TRUE
2566,control,2026-06-02,2,48,0.5,2,48,0.5,TRUE,TRUE
2567,treatment,2026-06-03,0,NA,NA,0,NA,NA,FALSE,FALSE
2568,treatment,2026-06-05,2,38.5,0.5,2,38.5,0.5,TRUE,TRUE
2569,control,2026-06-04,4,44.5,0.5,4,44.5,0.5,TRUE,TRUE
2570,treatment,2026-06-05,6,44.7,1,6,44.666666666666664,1,TRUE,TRUE
2571,control,2026-06-02,6,25.2,0.833,6,25.166666666666668,0.8333333333333334,TRUE,TRUE
2572,control,2026-06-04,5,28,0.6,5,28,0.6,TRUE,TRUE
2573,treatment,2026-06-02,3,71.3,1,3,71.33333333333333,1,TRUE,TRUE
2574,treatment,2026-06-03,4,30.5,0.5,4,30.5,0.5,TRUE,TRUE
2575,control,2026-06-02,1,18,0,1,18,0,TRUE,TRUE
2576,control,2026-06-01,7,28.7,0.714,7,28.714285714285715,0.7142857142857143,TRUE,TRUE
2577,control,2026-06-02,4,43.5,1,4,43.5,1,TRUE,TRUE
2578,control,2026-06-01,7,30.3,0.571,7,30.285714285714285,0.5714285714285714,TRUE,TRUE
2579,control,2026-06-04,2,77,1,2,77,1,TRUE,TRUE
2580,control,2026-06-04,2,36,0.5,2,36,0.5,TRUE,TRUE
2581,control,2026-06-01,8,39.2,0.75,8,39.25,0.75,TRUE,TRUE
2582,treatment,2026-06-01,2,37.5,0.5,2,37.5,0.5,TRUE,TRUE
2583,treatment,2026-06-05,4,67.8,0.5,4,67.75,0.5,TRUE,TRUE
2584,control,2026-06-02,5,29.8,0.6,5,29.8,0.6,TRUE,TRUE
2585,treatment,2026-06-04,3,38.7,1,3,38.666666666666664,1,TRUE,TRUE
2586,control,2026-06-04,2,30.5,1,2,30.5,1,TRUE,TRUE
2587,control,2026-06-01,2,26.5,0.5,2,26.5,0.5,TRUE,TRUE
2588,control,2026-06-03,11,41,0.727,11,41,0.7272727272727273,TRUE,TRUE
2589,treatment,2026-06-05,4,48.5,0.75,4,48.5,0.75,TRUE,TRUE
2590,control,2026-06-02,0,NA,NA,0,NA,NA,FALSE,FALSE
2591,control,2026-06-05,0,NA,NA,0,NA,NA,FALSE,FALSE
2592,treatment,2026-06-01,4,47,1,4,47,1,TRUE,TRUE
2593,treatment,2026-06-03,2,81.5,0.5,2,81.5,0.5,TRUE,TRUE
2594,control,2026-06-03,4,27.8,0.5,4,27.75,0.5,TRUE,TRUE
2595,treatment,2026-06-05,0,NA,NA,0,NA,NA,FALSE,FALSE
2596,control,2026-06-01,0,NA,NA,0,NA,NA,FALSE,FALSE
2597,control,2026-06-03,0,NA,NA,0,NA,NA,FALSE,FALSE
2598,treatment,2026-06-04,2,60,1,2,60,1,TRUE,TRUE
2599,control,2026-06-05,0,NA,NA,0,NA,NA,FALSE,FALSE
2600,control,2026-06-02,1,21,1,1,21,1,TRUE,TRUE
2601,treatment,2026-06-02,4,51.8,1,4,51.75,1,TRUE,TRUE
2602,control,2026-06-04,3,18.3,0.667,3,18.333333333333332,0.6666666666666666,TRUE,TRUE
2603,treatment,2026-06-03,6,53.7,0.667,6,53.666666666666664,0.6666666666666666,TRUE,TRUE
2604,treatment,2026-06-04,5,41,0.4,4,39.5,0.5,TRUE,TRUE
2605,control,2026-06-04,0,NA,NA,0,NA,NA,FALSE,FALSE
2606,treatment,2026-06-03,7,52.3,0.857,6,56,0.8333333333333334,TRUE,TRUE
2607,treatment,2026-06-02,7,38.4,0.571,7,38.42857142857143,0.5714285714285714,TRUE,TRUE
2608,treatment,2026-06-03,0,NA,NA,0,NA,NA,FALSE,FALSE
2609,control,2026-06-04,2,26.5,0.5,2,26.5,0.5,TRUE,TRUE
2610,treatment,2026-06-01,6,46.8,0.5,6,46.833333333333336,0.5,TRUE,TRUE
2611,treatment,2026-06-02,0,NA,NA,0,NA,NA,FALSE,FALSE
2612,control,2026-06-03,1,13,0,1,13,0,TRUE,TRUE
2613,control,2026-06-04,2,40,0.5,2,40,0.5,TRUE,TRUE
2614,treatment,2026-06-02,11,49.6,0.909,10,50.5,0.9,TRUE,TRUE
2615,treatment,2026-06-01,2,40.5,0.5,2,40.5,0.5,TRUE,TRUE
2616,treatment,2026-06-05,3,43,0.667,3,43,0.6666666666666666,TRUE,TRUE
2617,treatment,2026-06-02,1,32,1,0,NA,NA,FALSE,TRUE
2618,control,2026-06-01,4,26.5,0,4,26.5,0,TRUE,TRUE
2619,treatment,2026-06-01,4,58,1,4,58,1,TRUE,TRUE
2620,control,2026-06-03,6,39.8,0.667,6,39.833333333333336,0.6666666666666666,TRUE,TRUE
2621,treatment,2026-06-03,8,42.9,1,8,42.875,1,TRUE,TRUE
2622,control,2026-06-01,3,28.7,1,3,28.666666666666668,1,TRUE,TRUE
2623,control,2026-06-03,6,34.5,0.667,6,34.5,0.6666666666666666,TRUE,TRUE
2624,treatment,2026-06-01,2,75,1,2,75,1,TRUE,TRUE
2625,control,2026-06-04,11,38.6,0.818,11,38.63636363636363,0.8181818181818182,TRUE,TRUE
2626,control,2026-06-02,1,8,1,1,8,1,TRUE,TRUE
2627,control,2026-06-01,4,25.5,1,4,25.5,1,TRUE,TRUE
2628,control,2026-06-02,3,31.3,1,3,31.333333333333332,1,TRUE,TRUE
2629,treatment,2026-06-02,2,60.5,0,2,60.5,0,TRUE,TRUE
2630,treatment,2026-06-04,2,40.5,0.5,2,40.5,0.5,TRUE,TRUE
2631,control,2026-06-04,2,24.5,0.5,2,24.5,0.5,TRUE,TRUE
2632,control,2026-06-02,1,22,1,1,22,1,TRUE,TRUE
2633,control,2026-06-02,0,NA,NA,0,NA,NA,FALSE,FALSE
2634,treatment,2026-06-01,1,26,1,1,26,1,TRUE,TRUE
2635,control,2026-06-01,8,37.9,1,8,37.875,1,TRUE,TRUE
2636,control,2026-06-01,5,22.6,0.4,5,22.6,0.4,TRUE,TRUE
2637,treatment,2026-06-03,3,41,1,3,41,1,TRUE,TRUE
2638,treatment,2026-06-02,2,23,0.5,2,23,0.5,TRUE,TRUE
2639,control,2026-06-01,0,NA,NA,0,NA,NA,FALSE,FALSE
2640,treatment,2026-06-02,0,NA,NA,0,NA,NA,FALSE,FALSE
2641,control,2026-06-01,0,NA,NA,0,NA,NA,FALSE,FALSE
2642,control,2026-06-04,1,16,0,1,16,0,TRUE,TRUE
2643,control,2026-06-02,0,NA,NA,0,NA,NA,FALSE,FALSE
2644,treatment,2026-06-05,0,NA,NA,0,NA,NA,FALSE,FALSE
2645,treatment,2026-06-05,0,NA,NA,0,NA,NA,FALSE,FALSE
2646,control,2026-06-03,1,44,1,1,44,1,TRUE,TRUE
2647,control,2026-06-02,6,34.7,0.5,6,34.666666666666664,0.5,TRUE,TRUE
2648,control,2026-06-03,8,52.9,0.5,8,52.875,0.5,TRUE,TRUE
2649,control,2026-06-05,3,43.3,1,3,43.333333333333336,1,TRUE,TRUE
2650,treatment,2026-06-04,3,56,0.667,3,56,0.6666666666666666,TRUE,TRUE
2651,control,2026-06-04,5,31.2,0.4,4,31.75,0.5,TRUE,TRUE
2652,treatment,2026-06-03,2,100.5,0,2,100.5,0,TRUE,TRUE
2653,treatment,2026-06-03,4,43.2,0.25,3,37,0,TRUE,TRUE
2654,control,2026-06-02,0,NA,NA,0,NA,NA,FALSE,FALSE
2655,treatment,2026-06-04,2,79,0.5,1,72,1,TRUE,TRUE
2656,treatment,2026-06-02,3,34.3,1,3,34.333333333333336,1,TRUE,TRUE
2657,treatment,2026-06-02,4,38.8,1,4,38.75,1,TRUE,TRUE
2658,treatment,2026-06-05,1,35,1,1,35,1,TRUE,TRUE
2659,treatment,2026-06-03,4,36.8,1,3,41.666666666666664,1,TRUE,TRUE
2660,treatment,2026-06-03,3,53,0.667,2,67,0.5,TRUE,TRUE
2661,treatment,2026-06-05,2,36,1,2,36,1,TRUE,TRUE
2662,control,2026-06-04,4,33,0.75,4,33,0.75,TRUE,TRUE
2663,treatment,2026-06-03,0,NA,NA,0,NA,NA,FALSE,FALSE
2664,control,2026-06-02,4,28.5,0.75,4,28.5,0.75,TRUE,TRUE
2665,treatment,2026-06-04,4,38.8,0.5,4,38.75,0.5,TRUE,TRUE
2666,treatment,2026-06-03,5,39.2,0.6,5,39.2,0.6,TRUE,TRUE
2667,control,2026-06-01,3,21,1,3,21,1,TRUE,TRUE
2668,treatment,2026-06-04,3,37.3,0.667,3,37.333333333333336,0.6666666666666666,TRUE,TRUE
2669,treatment,2026-06-04,11,50.6,1,10,46.3,1,TRUE,TRUE
2670,control,2026-06-04,2,31,0.5,2,31,0.5,TRUE,TRUE
2671,control,2026-06-01,0,NA,NA,0,NA,NA,FALSE,FALSE
2672,control,2026-06-05,5,41.2,0.8,4,40.25,0.75,TRUE,TRUE
2673,treatment,2026-06-05,6,37.5,0.667,6,37.5,0.6666666666666666,TRUE,TRUE
2674,treatment,2026-06-05,6,93.5,0.5,6,93.5,0.5,TRUE,TRUE
2675,control,2026-06-01,3,44.3,1,3,44.333333333333336,1,TRUE,TRUE
2676,treatment,2026-06-01,7,67.3,0.714,7,67.28571428571429,0.7142857142857143,TRUE,TRUE
2677,treatment,2026-06-02,3,35.7,1,3,35.666666666666664,1,TRUE,TRUE
2678,control,2026-06-04,5,27.6,0.8,5,27.6,0.8,TRUE,TRUE
2679,control,2026-06-02,6,26.8,0.833,6,26.833333333333332,0.8333333333333334,TRUE,TRUE
2680,treatment,2026-06-05,12,42.7,0.667,12,42.666666666666664,0.6666666666666666,TRUE,TRUE
2681,treatment,2026-06-04,2,71.5,1,2,71.5,1,TRUE,TRUE
2682,control,2026-06-04,1,137,0,1,137,0,TRUE,TRUE
2683,treatment,2026-06-02,2,119,0.5,2,119,0.5,TRUE,TRUE
2684,control,2026-06-03,4,29.8,1,4,29.75,1,TRUE,TRUE
2685,treatment,2026-06-01,4,64.8,0.75,4,64.75,0.75,TRUE,TRUE
2686,control,2026-06-04,0,NA,NA,0,NA,NA,FALSE,FALSE
2687,control,2026-06-02,0,NA,NA,0,NA,NA,FALSE,FALSE
2688,control,2026-06-04,1,41,0,1,41,0,TRUE,TRUE
2689,treatment,2026-06-01,4,56.8,0.75,4,56.75,0.75,TRUE,TRUE
2690,control,2026-06-03,4,52.5,0.5,4,52.5,0.5,TRUE,TRUE
2691,control,2026-06-01,3,30,0.333,3,30,0.3333333333333333,TRUE,TRUE
2692,treatment,2026-06-03,2,78.5,0.5,2,78.5,0.5,TRUE,TRUE
2693,control,2026-06-05,2,14.5,1,2,14.5,1,TRUE,TRUE
2694,control,2026-06-03,7,31.7,0.714,7,31.714285714285715,0.7142857142857143,TRUE,TRUE
2695,control,2026-06-03,1,20,1,1,20,1,TRUE,TRUE
2696,control,2026-06-02,1,18,1,1,18,1,TRUE,TRUE
2697,treatment,2026-06-02,2,30,0.5,2,30,0.5,TRUE,TRUE
2698,treatment,2026-06-01,3,38.3,0.667,3,38.333333333333336,0.6666666666666666,TRUE,TRUE
2699,control,2026-06-03,3,28,1,3,28,1,TRUE,TRUE
2700,control,2026-06-03,4,42.8,0.75,4,42.75,0.75,TRUE,TRUE
2701,control,2026-06-02,2,26.5,1,2,26.5,1,TRUE,TRUE
2702,control,2026-06-01,8,31.2,0.75,8,31.25,0.75,TRUE,TRUE
2703,control,2026-06-01,3,27.7,0.333,3,27.666666666666668,0.3333333333333333,TRUE,TRUE
2704,treatment,2026-06-01,0,NA,NA,0,NA,NA,FALSE,FALSE
2705,treatment,2026-06-05,3,40.3,0.667,3,40.333333333333336,0.6666666666666666,TRUE,TRUE
2706,treatment,2026-06-04,3,49.3,0,2,43.5,0,TRUE,TRUE
2707,control,2026-06-04,3,43.3,0.667,3,43.333333333333336,0.6666666666666666,TRUE,TRUE
2708,treatment,2026-06-01,6,57.3,0.833,6,57.333333333333336,0.8333333333333334,TRUE,TRUE
2709,control,2026-06-05,2,20,0.5,2,20,0.5,TRUE,TRUE
2710,control,2026-06-03,4,29.8,0.75,4,29.75,0.75,TRUE,TRUE
2711,control,2026-06-02,2,38,0.5,2,38,0.5,TRUE,TRUE
2712,control,2026-06-04,0,NA,NA,0,NA,NA,FALSE,FALSE
2713,treatment,2026-06-05,10,37.1,0.5,7,33.285714285714285,0.42857142857142855,TRUE,TRUE
2714,treatment,2026-06-04,0,NA,NA,0,NA,NA,FALSE,FALSE
2715,treatment,2026-06-05,2,52.5,1,2,52.5,1,TRUE,TRUE
2716,control,2026-06-03,2,24,1,2,24,1,TRUE,TRUE
2717,treatment,2026-06-01,3,45,0.667,3,45,0.6666666666666666,TRUE,TRUE
2718,control,2026-06-01,7,26.3,0.286,7,26.285714285714285,0.2857142857142857,TRUE,TRUE
2719,treatment,2026-06-04,4,44.5,0.75,4,44.5,0.75,TRUE,TRUE
2720,control,2026-06-02,2,30.5,0.5,2,30.5,0.5,TRUE,TRUE
2721,treatment,2026-06-05,5,56.4,1,5,56.4,1,TRUE,TRUE
2722,treatment,2026-06-02,1,41,1,1,41,1,TRUE,TRUE
2723,treatment,2026-06-05,0,NA,NA,0,NA,NA,FALSE,FALSE
2724,treatment,2026-06-03,2,31,1,2,31,1,TRUE,TRUE
2725,treatment,2026-06-01,1,41,1,1,41,1,TRUE,TRUE
2726,control,2026-06-04,6,34.5,0.833,6,34.5,0.8333333333333334,TRUE,TRUE
2727,control,2026-06-04,4,32,0.75,4,32,0.75,TRUE,TRUE
2728,control,2026-06-05,6,41.2,0.667,6,41.166666666666664,0.6666666666666666,TRUE,TRUE
2729,treatment,2026-06-05,2,65,0.5,2,65,0.5,TRUE,TRUE
2730,control,2026-06-02,3,43,1,3,43,1,TRUE,TRUE
2731,control,2026-06-02,0,NA,NA,0,NA,NA,FALSE,FALSE
2732,treatment,2026-06-05,0,NA,NA,0,NA,NA,FALSE,FALSE
2733,treatment,2026-06-03,2,82,0.5,2,82,0.5,TRUE,TRUE
2734,treatment,2026-06-01,1,44,1,1,44,1,TRUE,TRUE
2735,control,2026-06-05,2,39.5,0.5,2,39.5,0.5,TRUE,TRUE
2736,treatment,2026-06-03,2,63,0.5,2,63,0.5,TRUE,TRUE
2737,control,2026-06-04,2,35,0.5,2,35,0.5,TRUE,TRUE
2738,treatment,2026-06-01,6,31.5,0.5,6,31.5,0.5,TRUE,TRUE
2739,treatment,2026-06-03,1,19,1,1,19,1,TRUE,TRUE
2740,control,2026-06-03,1,17,1,1,17,1,TRUE,TRUE
2741,treatment,2026-06-02,1,97,1,1,97,1,TRUE,TRUE
2742,treatment,2026-06-01,3,31.3,0.667,3,31.333333333333332,0.6666666666666666,TRUE,TRUE
2743,treatment,2026-06-05,2,49.5,1,2,49.5,1,TRUE,TRUE
2744,control,2026-06-05,2,31,0,2,31,0,TRUE,TRUE
2745,control,2026-06-04,5,38,1,5,38,1,TRUE,TRUE
2746,control,2026-06-02,2,37.5,1,1,52,1,TRUE,TRUE
2747,treatment,2026-06-02,2,39.5,0.5,2,39.5,0.5,TRUE,TRUE
2748,treatment,2026-06-02,3,71.7,1,3,71.66666666666667,1,TRUE,TRUE
2749,treatment,2026-06-01,5,72.4,0.6,5,72.4,0.6,TRUE,TRUE
2750,control,2026-06-03,8,37.1,0.875,8,37.125,0.875,TRUE,TRUE
2751,treatment,2026-06-01,0,NA,NA,0,NA,NA,FALSE,FALSE
2752,treatment,2026-06-05,1,42,1,1,42,1,TRUE,TRUE
2753,control,2026-06-05,3,31.3,0.333,3,31.333333333333332,0.3333333333333333,TRUE,TRUE
2754,control,2026-06-03,1,11,1,1,11,1,TRUE,TRUE
2755,control,2026-06-05,5,28.2,0.6,5,28.2,0.6,TRUE,TRUE
2756,control,2026-06-03,4,26.8,0.75,4,26.75,0.75,TRUE,TRUE
2757,treatment,2026-06-04,3,32,0.333,3,32,0.3333333333333333,TRUE,TRUE
2758,treatment,2026-06-05,3,52.7,0.667,3,52.666666666666664,0.6666666666666666,TRUE,TRUE
2759,control,2026-06-01,3,41,0.667,3,41,0.6666666666666666,TRUE,TRUE
2760,control,2026-06-02,7,27.7,0.714,7,27.714285714285715,0.7142857142857143,TRUE,TRUE
2761,control,2026-06-01,2,21.5,1,2,21.5,1,TRUE,TRUE
2762,control,2026-06-02,1,18,1,1,18,1,TRUE,TRUE
2763,treatment,2026-06-02,0,NA,NA,0,NA,NA,FALSE,FALSE
2764,treatment,2026-06-04,0,NA,NA,0,NA,NA,FALSE,FALSE
2765,treatment,2026-06-03,2,40.5,1,2,40.5,1,TRUE,TRUE
2766,treatment,2026-06-02,6,58.5,0.667,6,58.5,0.6666666666666666,TRUE,TRUE
2767,treatment,2026-06-05,5,60.2,0.8,5,60.2,0.8,TRUE,TRUE
2768,treatment,2026-06-03,3,35.7,1,2,43.5,1,TRUE,TRUE
2769,control,2026-06-02,8,44.1,0.625,8,44.125,0.625,TRUE,TRUE
2770,treatment,2026-06-04,1,32,0,1,32,0,TRUE,TRUE
2771,control,2026-06-03,8,40,0.875,8,40,0.875,TRUE,TRUE
2772,treatment,2026-06-01,4,36.8,1,4,36.75,1,TRUE,TRUE
2773,treatment,2026-06-02,7,44.6,0.714,7,44.57142857142857,0.7142857142857143,TRUE,TRUE
2774,control,2026-06-04,1,15,1,1,15,1,TRUE,TRUE
2775,control,2026-06-04,3,32.7,0.667,3,32.666666666666664,0.6666666666666666,TRUE,TRUE
2776,control,2026-06-04,3,28,1,3,28,1,TRUE,TRUE
2777,treatment,2026-06-01,8,43.6,0.875,8,43.625,0.875,TRUE,TRUE
2778,treatment,2026-06-02,1,33,0,1,33,0,TRUE,TRUE
2779,treatment,2026-06-01,0,NA,NA,0,NA,NA,FALSE,FALSE
2780,treatment,2026-06-03,3,73.7,0.333,3,73.66666666666667,0.3333333333333333,TRUE,TRUE
2781,control,2026-06-05,0,NA,NA,0,NA,NA,FALSE,FALSE
2782,treatment,2026-06-01,6,42,1,6,42,1,TRUE,TRUE
2783,treatment,2026-06-04,0,NA,NA,0,NA,NA,FALSE,FALSE
2784,treatment,2026-06-02,5,52.6,0.8,5,52.6,0.8,TRUE,TRUE
2785,control,2026-06-02,0,NA,NA,0,NA,NA,FALSE,FALSE
2786,treatment,2026-06-03,6,46.3,0.333,6,46.333333333333336,0.3333333333333333,TRUE,TRUE
2787,control,2026-06-02,2,31,0.5,2,31,0.5,TRUE,TRUE
2788,control,2026-06-04,2,62.5,0.5,2,62.5,0.5,TRUE,TRUE
2789,control,2026-06-05,5,30.8,1,3,35.333333333333336,1,TRUE,TRUE
2790,control,2026-06-02,4,47.8,1,4,47.75,1,TRUE,TRUE
2791,control,2026-06-04,1,13,1,1,13,1,TRUE,TRUE
2792,control,2026-06-04,1,55,0,1,55,0,TRUE,TRUE
2793,control,2026-06-05,2,36,1,2,36,1,TRUE,TRUE
2794,control,2026-06-01,1,74,1,1,74,1,TRUE,TRUE
2795,treatment,2026-06-04,5,40.6,0.6,5,40.6,0.6,TRUE,TRUE
2796,control,2026-06-03,3,17,0.333,2,17,0.5,TRUE,TRUE
2797,control,2026-06-05,0,NA,NA,0,NA,NA,FALSE,FALSE
2798,control,2026-06-01,4,37,0.75,4,37,0.75,TRUE,TRUE
2799,treatment,2026-06-01,1,52,1,1,52,1,TRUE,TRUE
2800,treatment,2026-06-05,7,46,0.857,7,46,0.8571428571428571,TRUE,TRUE
2801,control,2026-06-03,4,50,1,4,50,1,TRUE,TRUE
2802,control,2026-06-04,8,31.1,0.5,8,31.125,0.5,TRUE,TRUE
2803,treatment,2026-06-02,5,55.2,1,5,55.2,1,TRUE,TRUE
2804,control,2026-06-01,7,29.9,0.286,7,29.857142857142858,0.2857142857142857,TRUE,TRUE
2805,treatment,2026-06-02,3,38,1,3,38,1,TRUE,TRUE
2806,treatment,2026-06-01,0,NA,NA,0,NA,NA,FALSE,FALSE
2807,control,2026-06-02,4,27.2,0.75,4,27.25,0.75,TRUE,TRUE
2808,control,2026-06-03,5,46.6,0.8,5,46.6,0.8,TRUE,TRUE
2809,control,2026-06-05,1,33,1,0,NA,NA,FALSE,TRUE
2810,control,2026-06-03,4,31.5,0.75,4,31.5,0.75,TRUE,TRUE
2811,treatment,2026-06-01,6,33,0.333,6,33,0.3333333333333333,TRUE,TRUE
2812,control,2026-06-01,2,39,0.5,2,39,0.5,TRUE,TRUE
2813,treatment,2026-06-02,1,98,0,1,98,0,TRUE,TRUE
2814,treatment,2026-06-04,5,52.6,0.6,5,52.6,0.6,TRUE,TRUE
2815,treatment,2026-06-04,3,47,1,3,47,1,TRUE,TRUE
2816,treatment,2026-06-04,1,37,0,1,37,0,TRUE,TRUE
2817,treatment,2026-06-02,5,33.4,0.6,5,33.4,0.6,TRUE,TRUE
2818,treatment,2026-06-05,2,46,1,2,46,1,TRUE,TRUE
2819,control,2026-06-02,4,38.2,0.5,4,38.25,0.5,TRUE,TRUE
2820,control,2026-06-05,3,63,0.667,3,63,0.6666666666666666,TRUE,TRUE
2821,control,2026-06-01,6,36.8,0.667,6,36.833333333333336,0.6666666666666666,TRUE,TRUE
2822,treatment,2026-06-02,2,36.5,0.5,1,35,0,TRUE,TRUE
2823,control,2026-06-02,3,25,1,3,25,1,TRUE,TRUE
2824,treatment,2026-06-03,0,NA,NA,0,NA,NA,FALSE,FALSE
2825,treatment,2026-06-04,0,NA,NA,0,NA,NA,FALSE,FALSE
2826,treatment,2026-06-05,2,51.5,0.5,2,51.5,0.5,TRUE,TRUE
2827,treatment,2026-06-04,6,39,0.833,5,41.4,0.8,TRUE,TRUE
2828,control,2026-06-01,0,NA,NA,0,NA,NA,FALSE,FALSE
2829,treatment,2026-06-04,5,35.4,1,4,31.75,1,TRUE,TRUE
2830,control,2026-06-05,2,32,1,1,42,1,TRUE,TRUE
2831,treatment,2026-06-05,0,NA,NA,0,NA,NA,FALSE,FALSE
2832,treatment,2026-06-02,2,58,0,2,58,0,TRUE,TRUE
2833,control,2026-06-03,4,47,0.5,3,51,0.3333333333333333,TRUE,TRUE
2834,treatment,2026-06-05,0,NA,NA,0,NA,NA,FALSE,FALSE
2835,control,2026-06-04,11,34.2,0.636,11,34.18181818181818,0.6363636363636364,TRUE,TRUE
2836,treatment,2026-06-03,0,NA,NA,0,NA,NA,FALSE,FALSE
2837,control,2026-06-03,6,29.3,0.833,6,29.333333333333332,0.8333333333333334,TRUE,TRUE
2838,control,2026-06-01,8,31.5,0.875,8,31.5,0.875,TRUE,TRUE
2839,treatment,2026-06-04,0,NA,NA,0,NA,NA,FALSE,FALSE
2840,control,2026-06-03,2,46,0.5,2,46,0.5,TRUE,TRUE
2841,treatment,2026-06-02,1,122,1,1,122,1,TRUE,TRUE
2842,treatment,2026-06-02,6,57.8,1,5,61.4,1,TRUE,TRUE
2843,control,2026-06-02,14,41.1,0.714,14,41.142857142857146,0.7142857142857143,TRUE,TRUE
2844,treatment,2026-06-04,2,61.5,0.5,2,61.5,0.5,TRUE,TRUE
2845,control,2026-06-01,1,10,0,1,10,0,TRUE,TRUE
2846,control,2026-06-01,0,NA,NA,0,NA,NA,FALSE,FALSE
2847,treatment,2026-06-05,0,NA,NA,0,NA,NA,FALSE,FALSE
2848,control,2026-06-04,3,22.7,0.333,3,22.666666666666668,0.3333333333333333,TRUE,TRUE
2849,treatment,2026-06-05,0,NA,NA,0,NA,NA,FALSE,FALSE
2850,control,2026-06-03,3,48,1,3,48,1,TRUE,TRUE
2851,treatment,2026-06-05,1,55,0,1,55,0,TRUE,TRUE
2852,treatment,2026-06-02,3,42.3,0.667,3,42.333333333333336,0.6666666666666666,TRUE,TRUE
2853,control,2026-06-05,4,22.5,0.75,4,22.5,0.75,TRUE,TRUE
2854,treatment,2026-06-04,4,47.2,0.75,3,45.333333333333336,0.6666666666666666,TRUE,TRUE
2855,treatment,2026-06-03,3,37,0.667,3,37,0.6666666666666666,TRUE,TRUE
2856,treatment,2026-06-04,1,57,1,1,57,1,TRUE,TRUE
2857,treatment,2026-06-04,6,75.3,0.833,6,75.33333333333333,0.8333333333333334,TRUE,TRUE
2858,treatment,2026-06-02,6,31.3,0.5,6,31.333333333333332,0.5,TRUE,TRUE
2859,treatment,2026-06-03,2,36,0.5,2,36,0.5,TRUE,TRUE
2860,treatment,2026-06-02,5,55.6,0.8,5,55.6,0.8,TRUE,TRUE
2861,control,2026-06-02,1,47,1,1,47,1,TRUE,TRUE
2862,control,2026-06-01,0,NA,NA,0,NA,NA,FALSE,FALSE
2863,control,2026-06-04,3,50.7,0.667,2,40,0.5,TRUE,TRUE
2864,control,2026-06-03,3,53.3,0.667,3,53.333333333333336,0.6666666666666666,TRUE,TRUE
2865,control,2026-06-05,2,37,0.5,2,37,0.5,TRUE,TRUE
2866,control,2026-06-01,1,15,0,1,15,0,TRUE,TRUE
2867,treatment,2026-06-02,4,41,1,4,41,1,TRUE,TRUE
2868,control,2026-06-01,1,12,1,1,12,1,TRUE,TRUE
2869,treatment,2026-06-01,7,37.3,0.714,7,37.285714285714285,0.7142857142857143,TRUE,TRUE
2870,control,2026-06-01,5,28.8,0.4,5,28.8,0.4,TRUE,TRUE
2871,control,2026-06-04,2,21.5,0.5,2,21.5,0.5,TRUE,TRUE
2872,control,2026-06-05,2,29.5,0.5,2,29.5,0.5,TRUE,TRUE
2873,control,2026-06-05,6,30.5,0.5,6,30.5,0.5,TRUE,TRUE
2874,control,2026-06-04,3,25.3,1,2,34.5,1,TRUE,TRUE
2875,treatment,2026-06-05,5,36.4,0.8,5,36.4,0.8,TRUE,TRUE
2876,control,2026-06-01,3,31.7,0.333,3,31.666666666666668,0.3333333333333333,TRUE,TRUE
2877,treatment,2026-06-05,3,51.7,1,3,51.666666666666664,1,TRUE,TRUE
2878,treatment,2026-06-04,0,NA,NA,0,NA,NA,FALSE,FALSE
2879,control,2026-06-01,12,37.5,0.833,12,37.5,0.8333333333333334,TRUE,TRUE
2880,control,2026-06-05,0,NA,NA,0,NA,NA,FALSE,FALSE
2881,control,2026-06-02,4,24.8,0.75,4,24.75,0.75,TRUE,TRUE
2882,treatment,2026-06-03,2,73.5,1,2,73.5,1,TRUE,TRUE
2883,treatment,2026-06-01,3,56,0.333,3,56,0.3333333333333333,TRUE,TRUE
2884,treatment,2026-06-05,1,53,0,1,53,0,TRUE,TRUE
2885,control,2026-06-03,2,24.5,0.5,2,24.5,0.5,TRUE,TRUE
2886,treatment,2026-06-03,2,46,1,2,46,1,TRUE,TRUE
2887,control,2026-06-01,1,48,1,1,48,1,TRUE,TRUE
2888,control,2026-06-04,4,24.2,1,4,24.25,1,TRUE,TRUE
2889,control,2026-06-04,1,19,1,1,19,1,TRUE,TRUE
2890,treatment,2026-06-01,6,32.3,0.5,6,32.333333333333336,0.5,TRUE,TRUE
2891,control,2026-06-02,9,39.4,0.778,9,39.44444444444444,0.7777777777777778,TRUE,TRUE
2892,control,2026-06-03,1,34,0,1,34,0,TRUE,TRUE
2893,control,2026-06-02,1,8,0,1,8,0,TRUE,TRUE
2894,treatment,2026-06-04,1,25,0,1,25,0,TRUE,TRUE
2895,control,2026-06-01,4,35,0.75,4,35,0.75,TRUE,TRUE
2896,treatment,2026-06-02,4,41.8,0.5,4,41.75,0.5,TRUE,TRUE
2897,control,2026-06-05,0,NA,NA,0,NA,NA,FALSE,FALSE
2898,treatment,2026-06-04,1,39,1,1,39,1,TRUE,TRUE
2899,treatment,2026-06-01,8,39.5,1,8,39.5,1,TRUE,TRUE
2900,treatment,2026-06-05,2,61,1,2,61,1,TRUE,TRUE
2901,control,2026-06-05,2,44,0,2,44,0,TRUE,TRUE
2902,treatment,2026-06-04,1,66,1,1,66,1,TRUE,TRUE
2903,control,2026-06-05,10,30.3,0.6,10,30.3,0.6,TRUE,TRUE
2904,control,2026-06-01,2,29,0,2,29,0,TRUE,TRUE
2905,treatment,2026-06-01,9,48.2,0.889,9,48.22222222222222,0.8888888888888888,TRUE,TRUE
2906,control,2026-06-05,10,36.8,0.6,8,37.75,0.625,TRUE,TRUE
2907,control,2026-06-02,5,42,1,5,42,1,TRUE,TRUE
2908,control,2026-06-03,3,38,0.667,3,38,0.6666666666666666,TRUE,TRUE
2909,control,2026-06-01,5,32.2,0.8,5,32.2,0.8,TRUE,TRUE
2910,treatment,2026-06-02,1,22,1,1,22,1,TRUE,TRUE
2911,control,2026-06-02,1,57,1,1,57,1,TRUE,TRUE
2912,treatment,2026-06-03,1,58,1,1,58,1,TRUE,TRUE
2913,treatment,2026-06-05,7,39.1,0.429,6,38.666666666666664,0.5,TRUE,TRUE
2914,control,2026-06-02,4,46.2,0.5,4,46.25,0.5,TRUE,TRUE
2915,control,2026-06-04,1,13,1,1,13,1,TRUE,TRUE
2916,control,2026-06-01,1,14,1,1,14,1,TRUE,TRUE
2917,treatment,2026-06-05,5,36.8,0.4,4,39.75,0.25,TRUE,TRUE
2918,treatment,2026-06-02,0,NA,NA,0,NA,NA,FALSE,FALSE
2919,treatment,2026-06-04,1,61,0,1,61,0,TRUE,TRUE
2920,treatment,2026-06-01,9,57.9,1,9,57.888888888888886,1,TRUE,TRUE
2921,treatment,2026-06-05,1,81,0,1,81,0,TRUE,TRUE
2922,control,2026-06-02,5,40,0.6,5,40,0.6,TRUE,TRUE
2923,control,2026-06-05,8,29.5,0.75,7,28.285714285714285,0.7142857142857143,TRUE,TRUE
2924,control,2026-06-03,3,57.3,1,3,57.333333333333336,1,TRUE,TRUE
2925,treatment,2026-06-04,0,NA,NA,0,NA,NA,FALSE,FALSE
2926,control,2026-06-05,6,28.5,0.333,5,28.6,0.4,TRUE,TRUE
2927,treatment,2026-06-04,8,59.6,0.5,8,59.625,0.5,TRUE,TRUE
2928,treatment,2026-06-04,6,65.3,0.333,5,68.4,0.4,TRUE,TRUE
2929,control,2026-06-05,3,40.3,0.333,3,40.333333333333336,0.3333333333333333,TRUE,TRUE
2930,treatment,2026-06-02,7,57.4,0.571,7,57.42857142857143,0.5714285714285714,TRUE,TRUE
2931,treatment,2026-06-05,5,50.8,0.8,5,50.8,0.8,TRUE,TRUE
2932,treatment,2026-06-02,0,NA,NA,0,NA,NA,FALSE,FALSE
2933,control,2026-06-01,2,20.5,0.5,2,20.5,0.5,TRUE,TRUE
2934,treatment,2026-06-02,4,51,0.5,4,51,0.5,TRUE,TRUE
2935,treatment,2026-06-01,6,57.7,0.833,6,57.666666666666664,0.8333333333333334,TRUE,TRUE
2936,control,2026-06-03,1,31,0,1,31,0,TRUE,TRUE
2937,control,2026-06-01,0,NA,NA,0,NA,NA,FALSE,FALSE
2938,treatment,2026-06-05,1,37,1,1,37,1,TRUE,TRUE
2939,control,2026-06-02,2,26,0.5,2,26,0.5,TRUE,TRUE
2940,treatment,2026-06-05,0,NA,NA,0,NA,NA,FALSE,FALSE
2941,treatment,2026-06-02,2,64.5,0.5,1,82,0,TRUE,TRUE
2942,control,2026-06-01,1,38,1,1,38,1,TRUE,TRUE
2943,treatment,2026-06-02,3,67.7,1,3,67.66666666666667,1,TRUE,TRUE
2944,control,2026-06-04,2,32,0.5,2,32,0.5,TRUE,TRUE
2945,treatment,2026-06-05,2,85,1,2,85,1,TRUE,TRUE
2946,control,2026-06-04,5,45.6,0.8,5,45.6,0.8,TRUE,TRUE
2947,control,2026-06-05,0,NA,NA,0,NA,NA,FALSE,FALSE
2948,control,2026-06-02,5,27.6,0.8,5,27.6,0.8,TRUE,TRUE
2949,control,2026-06-02,6,24.7,0.5,6,24.666666666666668,0.5,TRUE,TRUE
2950,treatment,2026-06-01,4,33.2,0.5,4,33.25,0.5,TRUE,TRUE
2951,treatment,2026-06-02,1,33,1,1,33,1,TRUE,TRUE
2952,control,2026-06-04,5,31.2,0.8,5,31.2,0.8,TRUE,TRUE
2953,control,2026-06-05,12,32.1,0.5,12,32.083333333333336,0.5,TRUE,TRUE
2954,treatment,2026-06-01,2,29.5,0.5,2,29.5,0.5,TRUE,TRUE
2955,treatment,2026-06-04,1,45,1,1,45,1,TRUE,TRUE
2956,control,2026-06-01,5,32.8,0.8,5,32.8,0.8,TRUE,TRUE
2957,control,2026-06-05,1,18,0,1,18,0,TRUE,TRUE
2958,treatment,2026-06-01,0,NA,NA,0,NA,NA,FALSE,FALSE
2959,control,2026-06-02,1,27,1,1,27,1,TRUE,TRUE
2960,treatment,2026-06-05,6,43.8,0.5,6,43.833333333333336,0.5,TRUE,TRUE
2961,control,2026-06-04,8,41,0.625,8,41,0.625,TRUE,TRUE
2962,control,2026-06-05,1,25,1,1,25,1,TRUE,TRUE
2963,treatment,2026-06-05,4,35.5,0.75,4,35.5,0.75,TRUE,TRUE
2964,control,2026-06-02,4,32.2,0.75,3,34.333333333333336,0.6666666666666666,TRUE,TRUE
2965,control,2026-06-04,1,30,1,1,30,1,TRUE,TRUE
2966,treatment,2026-06-02,0,NA,NA,0,NA,NA,FALSE,FALSE
2967,control,2026-06-04,10,29.9,0.8,10,29.9,0.8,TRUE,TRUE
2968,treatment,2026-06-03,4,39.2,1,4,39.25,1,TRUE,TRUE
2969,control,2026-06-03,4,20.5,0.25,4,20.5,0.25,TRUE,TRUE
2970,control,2026-06-03,1,50,1,1,50,1,TRUE,TRUE
2971,treatment,2026-06-01,4,35,0.25,4,35,0.25,TRUE,TRUE
2972,treatment,2026-06-04,3,38.3,0.333,3,38.333333333333336,0.3333333333333333,TRUE,TRUE
2973,treatment,2026-06-05,3,26,0.667,2,29.5,1,TRUE,TRUE
2974,control,2026-06-03,2,34,1,2,34,1,TRUE,TRUE
2975,treatment,2026-06-05,1,24,1,1,24,1,TRUE,TRUE
2976,treatment,2026-06-03,5,60.2,0.8,5,60.2,0.8,TRUE,TRUE
2977,treatment,2026-06-03,1,64,1,1,64,1,TRUE,TRUE
2978,treatment,2026-06-03,0,NA,NA,0,NA,NA,FALSE,FALSE
2979,control,2026-06-01,5,28.4,0.6,5,28.4,0.6,TRUE,TRUE
2980,control,2026-06-04,5,26.8,0.4,5,26.8,0.4,TRUE,TRUE
2981,control,2026-06-01,1,37,1,1,37,1,TRUE,TRUE
2982,treatment,2026-06-03,3,83.7,0.333,3,83.66666666666667,0.3333333333333333,TRUE,TRUE
2983,control,2026-06-03,1,28,0,1,28,0,TRUE,TRUE
2984,control,2026-06-01,2,27.5,1,2,27.5,1,TRUE,TRUE
2985,control,2026-06-04,0,NA,NA,0,NA,NA,FALSE,FALSE
2986,treatment,2026-06-03,4,102.2,0.75,4,102.25,0.75,TRUE,TRUE
2987,control,2026-06-01,1,17,0,1,17,0,TRUE,TRUE
2988,control,2026-06-02,11,35.4,0.636,11,35.36363636363637,0.6363636363636364,TRUE,TRUE
2989,treatment,2026-06-03,8,53.6,0.75,7,46.42857142857143,0.7142857142857143,TRUE,TRUE
2990,control,2026-06-04,1,29,1,1,29,1,TRUE,TRUE
2991,control,2026-06-05,4,21.8,1,4,21.75,1,TRUE,TRUE
2992,control,2026-06-03,0,NA,NA,0,NA,NA,FALSE,FALSE
2993,treatment,2026-06-03,0,NA,NA,0,NA,NA,FALSE,FALSE
2994,control,2026-06-03,4,32.2,0.75,4,32.25,0.75,TRUE,TRUE
2995,control,2026-06-03,8,40.9,0.75,8,40.875,0.75,TRUE,TRUE
2996,treatment,2026-06-02,0,NA,NA,0,NA,NA,FALSE,FALSE
2997,treatment,2026-06-05,7,35.6,0.429,7,35.57142857142857,0.42857142857142855,TRUE,TRUE
2998,control,2026-06-03,5,53.8,0.4,4,55.25,0.25,TRUE,TRUE
2999,control,2026-06-04,1,49,0,1,49,0,TRUE,TRUE
3000,control,2026-06-03,13,33.3,0.615,13,33.30769230769231,0.6153846153846154,TRUE,TRUE
3001,control,2026-06-01,4,29.5,0.75,4,29.5,0.75,TRUE,TRUE
3002,control,2026-06-05,2,91,1,2,91,1,TRUE,TRUE
3003,control,2026-06-03,1,18,1,1,18,1,TRUE,TRUE
3004,control,2026-06-03,7,24.3,0.857,7,24.285714285714285,0.8571428571428571,TRUE,TRUE
3005,treatment,2026-06-04,3,60.3,1,3,60.333333333333336,1,TRUE,TRUE
3006,treatment,2026-06-04,5,47.4,1,5,47.4,1,TRUE,TRUE
3007,control,2026-06-01,5,37,0.8,5,37,0.8,TRUE,TRUE
3008,control,2026-06-02,4,36.5,1,4,36.5,1,TRUE,TRUE
3009,treatment,2026-06-04,0,NA,NA,0,NA,NA,FALSE,FALSE
3010,control,2026-06-05,2,68,0.5,2,68,0.5,TRUE,TRUE
3011,treatment,2026-06-04,1,18,0,1,18,0,TRUE,TRUE
3012,control,2026-06-03,1,38,1,1,38,1,TRUE,TRUE
3013,control,2026-06-04,0,NA,NA,0,NA,NA,FALSE,FALSE
3014,control,2026-06-01,0,NA,NA,0,NA,NA,FALSE,FALSE
3015,treatment,2026-06-04,2,53,1,2,53,1,TRUE,TRUE
3016,control,2026-06-04,3,23.3,1,3,23.333333333333332,1,TRUE,TRUE
3017,control,2026-06-05,1,56,0,1,56,0,TRUE,TRUE
3018,control,2026-06-05,3,31.7,1,2,31,1,TRUE,TRUE
3019,control,2026-06-05,0,NA,NA,0,NA,NA,FALSE,FALSE
3020,treatment,2026-06-05,5,50.2,1,4,55.75,1,TRUE,TRUE
3021,control,2026-06-05,3,26.7,1,3,26.666666666666668,1,TRUE,TRUE
3022,treatment,2026-06-05,4,57.8,1,4,57.75,1,TRUE,TRUE
3023,treatment,2026-06-02,5,47.4,1,5,47.4,1,TRUE,TRUE
3024,treatment,2026-06-04,5,65.8,0.8,5,65.8,0.8,TRUE,TRUE
3025,control,2026-06-01,2,18.5,1,2,18.5,1,TRUE,TRUE
3026,control,2026-06-01,10,31.9,0.7,10,31.9,0.7,TRUE,TRUE
3027,control,2026-06-03,1,25,1,1,25,1,TRUE,TRUE
3028,treatment,2026-06-04,3,67.3,1,3,67.33333333333333,1,TRUE,TRUE
3029,control,2026-06-05,2,35,1,2,35,1,TRUE,TRUE
3030,treatment,2026-06-04,5,36.2,0.6,5,36.2,0.6,TRUE,TRUE
3031,treatment,2026-06-05,2,34,1,2,34,1,TRUE,TRUE
3032,control,2026-06-03,4,24,0.75,4,24,0.75,TRUE,TRUE
3033,control,2026-06-01,1,80,1,1,80,1,TRUE,TRUE
3034,treatment,2026-06-05,4,59,0.75,4,59,0.75,TRUE,TRUE
3035,control,2026-06-01,0,NA,NA,0,NA,NA,FALSE,FALSE
3036,treatment,2026-06-04,0,NA,NA,0,NA,NA,FALSE,FALSE
3037,control,2026-06-03,2,38,1,2,38,1,TRUE,TRUE
3038,treatment,2026-06-05,0,NA,NA,0,NA,NA,FALSE,FALSE
3039,control,2026-06-03,4,27.5,0.75,4,27.5,0.75,TRUE,TRUE
3040,control,2026-06-02,4,41,0.75,4,41,0.75,TRUE,TRUE
3041,treatment,2026-06-03,4,78,0.75,3,75.33333333333333,0.6666666666666666,TRUE,TRUE
3042,treatment,2026-06-03,3,15.3,0.667,2,16.5,0.5,TRUE,TRUE
3043,control,2026-06-03,0,NA,NA,0,NA,NA,FALSE,FALSE
3044,control,2026-06-05,4,42.8,1,2,46.5,1,TRUE,TRUE
3045,control,2026-06-03,3,21,1,3,21,1,TRUE,TRUE
3046,control,2026-06-01,1,19,1,1,19,1,TRUE,TRUE
3047,control,2026-06-03,0,NA,NA,0,NA,NA,FALSE,FALSE
3048,control,2026-06-05,0,NA,NA,0,NA,NA,FALSE,FALSE
3049,control,2026-06-05,1,30,1,1,30,1,TRUE,TRUE
3050,control,2026-06-01,1,32,1,1,32,1,TRUE,TRUE
3051,treatment,2026-06-03,3,33,0.667,3,33,0.6666666666666666,TRUE,TRUE
3052,control,2026-06-03,8,27,0.75,8,27,0.75,TRUE,TRUE
3053,treatment,2026-06-05,5,40,0.6,4,40.75,0.75,TRUE,TRUE
3054,control,2026-06-01,2,17.5,0.5,2,17.5,0.5,TRUE,TRUE
3055,treatment,2026-06-04,1,53,1,1,53,1,TRUE,TRUE
3056,control,2026-06-01,2,49,1,2,49,1,TRUE,TRUE
3057,treatment,2026-06-05,2,35,1,1,35,1,TRUE,TRUE
3058,treatment,2026-06-03,5,39.4,0.6,5,39.4,0.6,TRUE,TRUE
3059,control,2026-06-01,7,32.1,0.429,7,32.142857142857146,0.42857142857142855,TRUE,TRUE
3060,control,2026-06-04,5,23.8,0.6,5,23.8,0.6,TRUE,TRUE
3061,control,2026-06-01,2,14,0.5,2,14,0.5,TRUE,TRUE
3062,treatment,2026-06-03,3,31.3,0.667,3,31.333333333333332,0.6666666666666666,TRUE,TRUE
3063,control,2026-06-03,5,32.6,0.4,5,32.6,0.4,TRUE,TRUE
3064,control,2026-06-03,1,26,1,1,26,1,TRUE,TRUE
3065,treatment,2026-06-02,1,26,1,1,26,1,TRUE,TRUE
3066,control,2026-06-02,5,42,0.8,5,42,0.8,TRUE,TRUE
3067,treatment,2026-06-05,1,61,1,1,61,1,TRUE,TRUE
3068,control,2026-06-03,0,NA,NA,0,NA,NA,FALSE,FALSE
3069,control,2026-06-01,4,18.5,0.5,4,18.5,0.5,TRUE,TRUE
3070,treatment,2026-06-02,1,24,1,1,24,1,TRUE,TRUE
3071,treatment,2026-06-04,2,54,0,2,54,0,TRUE,TRUE
3072,control,2026-06-01,2,39.5,0.5,2,39.5,0.5,TRUE,TRUE
3073,treatment,2026-06-01,2,67,0.5,2,67,0.5,TRUE,TRUE
3074,control,2026-06-05,6,37,0.5,5,35,0.4,TRUE,TRUE
3075,treatment,2026-06-05,3,48.3,0.333,3,48.333333333333336,0.3333333333333333,TRUE,TRUE
3076,control,2026-06-05,2,24,1,2,24,1,TRUE,TRUE
3077,control,2026-06-04,2,28.5,0.5,2,28.5,0.5,TRUE,TRUE
3078,control,2026-06-02,2,35,1,2,35,1,TRUE,TRUE
3079,treatment,2026-06-05,1,33,0,1,33,0,TRUE,TRUE
3080,treatment,2026-06-03,4,45.2,1,3,47.666666666666664,1,TRUE,TRUE
3081,treatment,2026-06-05,6,53.8,0.833,6,53.833333333333336,0.8333333333333334,TRUE,TRUE
3082,treatment,2026-06-03,3,51.7,1,3,51.666666666666664,1,TRUE,TRUE
3083,control,2026-06-04,1,24,1,1,24,1,TRUE,TRUE
3084,treatment,2026-06-03,1,26,0,1,26,0,TRUE,TRUE
3085,control,2026-06-03,0,NA,NA,0,NA,NA,FALSE,FALSE
3086,treatment,2026-06-01,10,50.7,0.3,10,50.7,0.3,TRUE,TRUE
3087,treatment,2026-06-01,0,NA,NA,0,NA,NA,FALSE,FALSE
3088,treatment,2026-06-05,0,NA,NA,0,NA,NA,FALSE,FALSE
3089,treatment,2026-06-03,4,40,0.75,3,42.666666666666664,0.6666666666666666,TRUE,TRUE
3090,control,2026-06-05,5,29.8,1,5,29.8,1,TRUE,TRUE
3091,control,2026-06-05,8,30.2,0.5,6,28.333333333333332,0.5,TRUE,TRUE
3092,treatment,2026-06-04,3,56.3,0.333,2,64,0.5,TRUE,TRUE
3093,treatment,2026-06-03,14,33.6,0.571,14,33.57142857142857,0.5714285714285714,TRUE,TRUE
3094,control,2026-06-02,2,27,1,2,27,1,TRUE,TRUE
3095,treatment,2026-06-03,4,27,0.75,4,27,0.75,TRUE,TRUE
3096,treatment,2026-06-05,3,63,1,3,63,1,TRUE,TRUE
3097,treatment,2026-06-03,0,NA,NA,0,NA,NA,FALSE,FALSE
3098,control,2026-06-01,13,28.7,0.692,13,28.692307692307693,0.6923076923076923,TRUE,TRUE
3099,treatment,2026-06-02,0,NA,NA,0,NA,NA,FALSE,FALSE
3100,control,2026-06-05,3,29.7,0.667,3,29.666666666666668,0.6666666666666666,TRUE,TRUE
3101,treatment,2026-06-05,2,44.5,1,2,44.5,1,TRUE,TRUE
3102,control,2026-06-05,10,38,0.5,9,38.22222222222222,0.4444444444444444,TRUE,TRUE
3103,treatment,2026-06-04,2,58.5,1,2,58.5,1,TRUE,TRUE
3104,treatment,2026-06-02,0,NA,NA,0,NA,NA,FALSE,FALSE
3105,control,2026-06-05,7,34.6,0.714,7,34.57142857142857,0.7142857142857143,TRUE,TRUE
3106,control,2026-06-05,5,32.8,0.8,4,32.5,0.75,TRUE,TRUE
3107,treatment,2026-06-01,6,31.5,0.667,6,31.5,0.6666666666666666,TRUE,TRUE
3108,control,2026-06-04,0,NA,NA,0,NA,NA,FALSE,FALSE
3109,treatment,2026-06-02,1,34,0,1,34,0,TRUE,TRUE
3110,control,2026-06-02,2,24,0.5,2,24,0.5,TRUE,TRUE
3111,control,2026-06-05,1,19,1,1,19,1,TRUE,TRUE
3112,treatment,2026-06-04,6,73.7,0.833,6,73.66666666666667,0.8333333333333334,TRUE,TRUE
3113,treatment,2026-06-04,0,NA,NA,0,NA,NA,FALSE,FALSE
3114,treatment,2026-06-03,2,47.5,1,2,47.5,1,TRUE,TRUE
3115,treatment,2026-06-01,0,NA,NA,0,NA,NA,FALSE,FALSE
3116,treatment,2026-06-03,5,51.8,0.8,5,51.8,0.8,TRUE,TRUE
3117,control,2026-06-01,4,25.2,0,4,25.25,0,TRUE,TRUE
3118,treatment,2026-06-05,6,37.3,0.167,6,37.333333333333336,0.16666666666666666,TRUE,TRUE
3119,treatment,2026-06-02,3,39.3,0.333,3,39.333333333333336,0.3333333333333333,TRUE,TRUE
3120,treatment,2026-06-05,1,48,1,1,48,1,TRUE,TRUE
3121,treatment,2026-06-04,7,55.9,1,6,49.166666666666664,1,TRUE,TRUE
3122,treatment,2026-06-01,2,36,1,2,36,1,TRUE,TRUE
3123,treatment,2026-06-01,3,50,0.667,3,50,0.6666666666666666,TRUE,TRUE
3124,treatment,2026-06-02,6,39.8,0.333,6,39.833333333333336,0.3333333333333333,TRUE,TRUE
3125,treatment,2026-06-02,1,48,0,1,48,0,TRUE,TRUE
3126,treatment,2026-06-01,3,43,1,3,43,1,TRUE,TRUE
3127,treatment,2026-06-03,0,NA,NA,0,NA,NA,FALSE,FALSE
3128,control,2026-06-02,0,NA,NA,0,NA,NA,FALSE,FALSE
3129,control,2026-06-01,4,29.8,0.5,4,29.75,0.5,TRUE,TRUE
3130,control,2026-06-04,7,31.4,0.714,7,31.428571428571427,0.7142857142857143,TRUE,TRUE
3131,treatment,2026-06-01,8,45.6,1,8,45.625,1,TRUE,TRUE
3132,treatment,2026-06-05,0,NA,NA,0,NA,NA,FALSE,FALSE
3133,treatment,2026-06-04,0,NA,NA,0,NA,NA,FALSE,FALSE
3134,treatment,2026-06-03,6,46.8,0.667,6,46.833333333333336,0.6666666666666666,TRUE,TRUE
3135,treatment,2026-06-02,5,63.6,0.6,5,63.6,0.6,TRUE,TRUE
3136,treatment,2026-06-03,3,60,1,3,60,1,TRUE,TRUE
3137,treatment,2026-06-01,0,NA,NA,0,NA,NA,FALSE,FALSE
3138,treatment,2026-06-04,4,38,1,4,38,1,TRUE,TRUE
3139,treatment,2026-06-05,3,86,0.333,2,111,0,TRUE,TRUE
3140,treatment,2026-06-02,1,93,0,1,93,0,TRUE,TRUE
3141,control,2026-06-04,6,33.7,0.333,5,34.8,0.2,TRUE,TRUE
3142,treatment,2026-06-04,0,NA,NA,0,NA,NA,FALSE,FALSE
3143,control,2026-06-01,6,32.3,0.667,6,32.333333333333336,0.6666666666666666,TRUE,TRUE
3144,control,2026-06-04,0,NA,NA,0,NA,NA,FALSE,FALSE
3145,control,2026-06-01,9,33.3,0.778,9,33.333333333333336,0.7777777777777778,TRUE,TRUE
3146,treatment,2026-06-05,5,64.8,1,5,64.8,1,TRUE,TRUE
3147,treatment,2026-06-02,2,29,1,2,29,1,TRUE,TRUE
3148,treatment,2026-06-01,8,48.4,0.75,8,48.375,0.75,TRUE,TRUE
3149,control,2026-06-03,4,34.5,0.75,4,34.5,0.75,TRUE,TRUE
3150,treatment,2026-06-02,1,20,1,1,20,1,TRUE,TRUE
3151,control,2026-06-03,0,NA,NA,0,NA,NA,FALSE,FALSE
3152,treatment,2026-06-01,2,56,1,2,56,1,TRUE,TRUE
3153,treatment,2026-06-02,0,NA,NA,0,NA,NA,FALSE,FALSE
3154,treatment,2026-06-04,2,37,1,2,37,1,TRUE,TRUE
3155,control,2026-06-04,2,17.5,1,2,17.5,1,TRUE,TRUE
3156,control,2026-06-05,19,41.8,0.579,19,41.78947368421053,0.5789473684210527,TRUE,TRUE
3157,treatment,2026-06-05,3,49,1,3,49,1,TRUE,TRUE
3158,treatment,2026-06-04,2,37.5,0,2,37.5,0,TRUE,TRUE
3159,control,2026-06-02,4,24.2,0.75,4,24.25,0.75,TRUE,TRUE
3160,treatment,2026-06-04,0,NA,NA,0,NA,NA,FALSE,FALSE
3161,treatment,2026-06-05,5,39.2,0.6,5,39.2,0.6,TRUE,TRUE
3162,control,2026-06-05,1,34,1,1,34,1,TRUE,TRUE
3163,control,2026-06-05,0,NA,NA,0,NA,NA,FALSE,FALSE
3164,control,2026-06-04,2,19.5,1,2,19.5,1,TRUE,TRUE
3165,treatment,2026-06-02,4,45.8,0.5,4,45.75,0.5,TRUE,TRUE
3166,treatment,2026-06-04,6,42.5,0.667,6,42.5,0.6666666666666666,TRUE,TRUE
3167,control,2026-06-03,7,35.1,0.714,7,35.142857142857146,0.7142857142857143,TRUE,TRUE
3168,control,2026-06-05,2,14.5,0.5,2,14.5,0.5,TRUE,TRUE
3169,treatment,2026-06-02,8,37.6,0.875,8,37.625,0.875,TRUE,TRUE
3170,control,2026-06-01,1,15,1,1,15,1,TRUE,TRUE
3171,control,2026-06-02,3,20.3,0.333,3,20.333333333333332,0.3333333333333333,TRUE,TRUE
3172,control,2026-06-01,2,35.5,1,2,35.5,1,TRUE,TRUE
3173,treatment,2026-06-01,2,38.5,0.5,2,38.5,0.5,TRUE,TRUE
3174,treatment,2026-06-04,6,49,0.833,6,49,0.8333333333333334,TRUE,TRUE
3175,treatment,2026-06-02,2,49,1,2,49,1,TRUE,TRUE
3176,control,2026-06-04,2,16,0.5,2,16,0.5,TRUE,TRUE
3177,control,2026-06-01,4,43.2,0.25,4,43.25,0.25,TRUE,TRUE
3178,control,2026-06-02,4,31,1,4,31,1,TRUE,TRUE
3179,treatment,2026-06-04,5,54.4,0.4,5,54.4,0.4,TRUE,TRUE
3180,treatment,2026-06-04,10,34.9,0.8,9,33.77777777777778,0.7777777777777778,TRUE,TRUE
3181,treatment,2026-06-04,5,35.2,0.6,5,35.2,0.6,TRUE,TRUE
3182,treatment,2026-06-01,3,46,1,3,46,1,TRUE,TRUE
3183,treatment,2026-06-03,4,42.2,1,4,42.25,1,TRUE,TRUE
3184,control,2026-06-01,4,35.5,0.75,4,35.5,0.75,TRUE,TRUE
3185,control,2026-06-04,2,29,1,2,29,1,TRUE,TRUE
3186,control,2026-06-01,4,29.2,0.5,4,29.25,0.5,TRUE,TRUE
3187,treatment,2026-06-05,4,47,0.5,4,47,0.5,TRUE,TRUE
3188,treatment,2026-06-02,5,48.6,0.8,4,49.25,1,TRUE,TRUE
3189,treatment,2026-06-02,3,59.7,0.667,3,59.666666666666664,0.6666666666666666,TRUE,TRUE
3190,control,2026-06-03,1,29,1,1,29,1,TRUE,TRUE
3191,control,2026-06-04,1,41,1,1,41,1,TRUE,TRUE
3192,treatment,2026-06-04,1,30,0,1,30,0,TRUE,TRUE
3193,control,2026-06-02,6,26.8,0.5,6,26.833333333333332,0.5,TRUE,TRUE
3194,treatment,2026-06-05,2,89.5,0.5,2,89.5,0.5,TRUE,TRUE
3195,control,2026-06-03,3,40.3,0.667,3,40.333333333333336,0.6666666666666666,TRUE,TRUE
3196,control,2026-06-02,5,32.4,0.8,4,36,0.75,TRUE,TRUE
3197,control,2026-06-05,6,41.7,0.5,5,36.8,0.4,TRUE,TRUE
3198,control,2026-06-05,0,NA,NA,0,NA,NA,FALSE,FALSE
3199,treatment,2026-06-05,1,34,1,1,34,1,TRUE,TRUE
3200,treatment,2026-06-03,0,NA,NA,0,NA,NA,FALSE,FALSE
3201,treatment,2026-06-02,6,47.8,0.5,6,47.833333333333336,0.5,TRUE,TRUE
3202,treatment,2026-06-04,0,NA,NA,0,NA,NA,FALSE,FALSE
3203,control,2026-06-03,6,31.5,0.5,5,30.8,0.4,TRUE,TRUE
3204,treatment,2026-06-04,2,47,1,2,47,1,TRUE,TRUE
3205,control,2026-06-01,8,26.6,0.5,8,26.625,0.5,TRUE,TRUE
3206,treatment,2026-06-04,2,32,0.5,2,32,0.5,TRUE,TRUE
3207,control,2026-06-01,1,21,1,1,21,1,TRUE,TRUE
3208,control,2026-06-05,2,59,1,1,72,1,TRUE,TRUE
3209,treatment,2026-06-03,5,54.6,0.2,5,54.6,0.2,TRUE,TRUE
3210,control,2026-06-02,2,12.5,0.5,2,12.5,0.5,TRUE,TRUE
3211,control,2026-06-03,1,22,0,1,22,0,TRUE,TRUE
3212,treatment,2026-06-03,4,25.2,0.75,4,25.25,0.75,TRUE,TRUE
3213,control,2026-06-04,1,19,0,1,19,0,TRUE,TRUE
3214,treatment,2026-06-03,0,NA,NA,0,NA,NA,FALSE,FALSE
3215,treatment,2026-06-03,5,46.4,0.6,5,46.4,0.6,TRUE,TRUE
3216,control,2026-06-01,2,17.5,0.5,2,17.5,0.5,TRUE,TRUE
3217,control,2026-06-05,6,31.5,0.833,5,31,0.8,TRUE,TRUE
3218,treatment,2026-06-02,1,28,1,1,28,1,TRUE,TRUE
3219,control,2026-06-05,2,28,1,2,28,1,TRUE,TRUE
3220,control,2026-06-02,0,NA,NA,0,NA,NA,FALSE,FALSE
3221,control,2026-06-04,3,15,0.667,3,15,0.6666666666666666,TRUE,TRUE
3222,control,2026-06-01,5,26.2,0.4,5,26.2,0.4,TRUE,TRUE
3223,treatment,2026-06-02,4,59,0.25,4,59,0.25,TRUE,TRUE
3224,treatment,2026-06-01,2,49.5,0.5,2,49.5,0.5,TRUE,TRUE
3225,treatment,2026-06-05,1,22,1,1,22,1,TRUE,TRUE
3226,treatment,2026-06-05,4,46.8,1,3,47,1,TRUE,TRUE
3227,treatment,2026-06-03,1,30,1,1,30,1,TRUE,TRUE
3228,control,2026-06-03,1,30,0,1,30,0,TRUE,TRUE
3229,control,2026-06-02,6,47,0.667,6,47,0.6666666666666666,TRUE,TRUE
3230,treatment,2026-06-02,0,NA,NA,0,NA,NA,FALSE,FALSE
3231,treatment,2026-06-05,3,50.3,0.667,2,57.5,0.5,TRUE,TRUE
3232,control,2026-06-01,7,28.4,0.571,7,28.428571428571427,0.5714285714285714,TRUE,TRUE
3233,treatment,2026-06-03,5,40.2,0.8,5,40.2,0.8,TRUE,TRUE
3234,treatment,2026-06-01,0,NA,NA,0,NA,NA,FALSE,FALSE
3235,control,2026-06-04,2,28.5,1,2,28.5,1,TRUE,TRUE
3236,treatment,2026-06-04,6,34.8,0.833,6,34.833333333333336,0.8333333333333334,TRUE,TRUE
3237,treatment,2026-06-04,0,NA,NA,0,NA,NA,FALSE,FALSE
3238,treatment,2026-06-04,16,39.2,0.625,15,37.06666666666667,0.6666666666666666,TRUE,TRUE
3239,treatment,2026-06-02,3,44.3,0.333,3,44.333333333333336,0.3333333333333333,TRUE,TRUE
3240,control,2026-06-01,5,22,0.2,5,22,0.2,TRUE,TRUE
3241,control,2026-06-03,2,48.5,1,2,48.5,1,TRUE,TRUE
3242,control,2026-06-03,3,54.7,0.667,3,54.666666666666664,0.6666666666666666,TRUE,TRUE
3243,treatment,2026-06-02,3,51.3,0.333,3,51.333333333333336,0.3333333333333333,TRUE,TRUE
3244,control,2026-06-04,0,NA,NA,0,NA,NA,FALSE,FALSE
3245,treatment,2026-06-02,2,84,1,2,84,1,TRUE,TRUE
3246,control,2026-06-04,8,32.1,0.875,7,30.142857142857142,0.8571428571428571,TRUE,TRUE
3247,treatment,2026-06-03,3,78,0.667,3,78,0.6666666666666666,TRUE,TRUE
3248,control,2026-06-03,1,26,1,1,26,1,TRUE,TRUE
3249,treatment,2026-06-05,5,38.4,0.4,4,41,0.5,TRUE,TRUE
3250,control,2026-06-04,2,17,0.5,2,17,0.5,TRUE,TRUE
3251,treatment,2026-06-02,8,42.5,0.75,8,42.5,0.75,TRUE,TRUE
3252,treatment,2026-06-04,0,NA,NA,0,NA,NA,FALSE,FALSE
3253,control,2026-06-02,0,NA,NA,0,NA,NA,FALSE,FALSE
3254,treatment,2026-06-05,2,33.5,0,2,33.5,0,TRUE,TRUE
3255,control,2026-06-04,1,33,1,0,NA,NA,FALSE,TRUE
3256,treatment,2026-06-05,2,46.5,0,2,46.5,0,TRUE,TRUE
3257,control,2026-06-02,12,37.5,0.917,12,37.5,0.9166666666666666,TRUE,TRUE
3258,control,2026-06-01,1,30,1,1,30,1,TRUE,TRUE
3259,control,2026-06-05,1,27,1,1,27,1,TRUE,TRUE
3260,treatment,2026-06-01,4,64.5,0.75,4,64.5,0.75,TRUE,TRUE
3261,treatment,2026-06-02,2,55.5,1,2,55.5,1,TRUE,TRUE
3262,control,2026-06-01,6,28.3,0.833,6,28.333333333333332,0.8333333333333334,TRUE,TRUE
3263,control,2026-06-04,0,NA,NA,0,NA,NA,FALSE,FALSE
3264,control,2026-06-05,5,36.2,0.8,5,36.2,0.8,TRUE,TRUE
3265,control,2026-06-01,0,NA,NA,0,NA,NA,FALSE,FALSE
3266,treatment,2026-06-03,2,54,1,2,54,1,TRUE,TRUE
3267,control,2026-06-04,4,21.5,0.75,4,21.5,0.75,TRUE,TRUE
3268,control,2026-06-04,1,43,1,1,43,1,TRUE,TRUE
3269,control,2026-06-02,0,NA,NA,0,NA,NA,FALSE,FALSE
3270,control,2026-06-04,4,40,0.75,4,40,0.75,TRUE,TRUE
3271,treatment,2026-06-01,3,52,1,3,52,1,TRUE,TRUE
3272,control,2026-06-03,1,49,1,0,NA,NA,FALSE,TRUE
3273,control,2026-06-04,5,34.4,0.8,5,34.4,0.8,TRUE,TRUE
3274,control,2026-06-02,1,37,0,1,37,0,TRUE,TRUE
3275,control,2026-06-05,6,31,0.833,5,29.8,0.8,TRUE,TRUE
3276,control,2026-06-03,1,18,0,1,18,0,TRUE,TRUE
3277,treatment,2026-06-01,4,43,1,4,43,1,TRUE,TRUE
3278,control,2026-06-01,4,43.5,1,4,43.5,1,TRUE,TRUE
3279,treatment,2026-06-03,3,37.7,0.667,3,37.666666666666664,0.6666666666666666,TRUE,TRUE
3280,treatment,2026-06-05,1,26,1,1,26,1,TRUE,TRUE
3281,treatment,2026-06-05,0,NA,NA,0,NA,NA,FALSE,FALSE
3282,control,2026-06-05,2,43,0,2,43,0,TRUE,TRUE
3283,treatment,2026-06-01,0,NA,NA,0,NA,NA,FALSE,FALSE
3284,control,2026-06-02,6,31.2,0.667,6,31.166666666666668,0.6666666666666666,TRUE,TRUE
3285,treatment,2026-06-01,4,37.8,0.75,4,37.75,0.75,TRUE,TRUE
3286,control,2026-06-05,1,42,1,1,42,1,TRUE,TRUE
3287,control,2026-06-04,7,37.6,0.714,6,38.833333333333336,0.6666666666666666,TRUE,TRUE
3288,control,2026-06-03,5,33.8,1,5,33.8,1,TRUE,TRUE
3289,control,2026-06-05,2,30.5,0.5,2,30.5,0.5,TRUE,TRUE
3290,control,2026-06-01,5,24.6,0.6,5,24.6,0.6,TRUE,TRUE
3291,control,2026-06-02,1,16,0,1,16,0,TRUE,TRUE
3292,treatment,2026-06-03,0,NA,NA,0,NA,NA,FALSE,FALSE
3293,treatment,2026-06-03,4,34.2,0.25,3,34.333333333333336,0,TRUE,TRUE
3294,control,2026-06-01,1,40,1,1,40,1,TRUE,TRUE
3295,treatment,2026-06-02,1,79,1,1,79,1,TRUE,TRUE
3296,control,2026-06-02,0,NA,NA,0,NA,NA,FALSE,FALSE
3297,control,2026-06-01,2,16.5,0.5,2,16.5,0.5,TRUE,TRUE
3298,treatment,2026-06-02,5,71.6,0.6,5,71.6,0.6,TRUE,TRUE
3299,control,2026-06-04,6,41.5,0.667,6,41.5,0.6666666666666666,TRUE,TRUE
3300,control,2026-06-03,2,79.5,0.5,2,79.5,0.5,TRUE,TRUE
3301,control,2026-06-01,1,9,1,1,9,1,TRUE,TRUE
3302,control,2026-06-04,1,13,0,1,13,0,TRUE,TRUE
3303,treatment,2026-06-03,7,32.4,0.571,6,28.5,0.5,TRUE,TRUE
3304,treatment,2026-06-01,4,45.8,0.5,4,45.75,0.5,TRUE,TRUE
3305,control,2026-06-02,2,26,0.5,2,26,0.5,TRUE,TRUE
3306,treatment,2026-06-01,0,NA,NA,0,NA,NA,FALSE,FALSE
3307,treatment,2026-06-01,0,NA,NA,0,NA,NA,FALSE,FALSE
3308,control,2026-06-02,6,44.5,1,6,44.5,1,TRUE,TRUE
3309,control,2026-06-04,0,NA,NA,0,NA,NA,FALSE,FALSE
3310,treatment,2026-06-04,4,31.8,0.5,4,31.75,0.5,TRUE,TRUE
3311,treatment,2026-06-05,1,37,1,1,37,1,TRUE,TRUE
3312,treatment,2026-06-02,3,34.3,0.667,3,34.333333333333336,0.6666666666666666,TRUE,TRUE
3313,treatment,2026-06-04,2,46,1,2,46,1,TRUE,TRUE
3314,control,2026-06-01,0,NA,NA,0,NA,NA,FALSE,FALSE
3315,control,2026-06-02,0,NA,NA,0,NA,NA,FALSE,FALSE
3316,treatment,2026-06-04,10,50.8,0.9,10,50.8,0.9,TRUE,TRUE
3317,control,2026-06-03,2,41,0.5,2,41,0.5,TRUE,TRUE
3318,control,2026-06-02,1,21,1,1,21,1,TRUE,TRUE
3319,treatment,2026-06-01,2,45,0.5,2,45,0.5,TRUE,TRUE
3320,control,2026-06-02,3,27,0.333,3,27,0.3333333333333333,TRUE,TRUE
3321,control,2026-06-05,1,17,1,1,17,1,TRUE,TRUE
3322,control,2026-06-02,1,13,1,1,13,1,TRUE,TRUE
3323,control,2026-06-05,0,NA,NA,0,NA,NA,FALSE,FALSE
3324,treatment,2026-06-02,6,48.3,0.667,6,48.333333333333336,0.6666666666666666,TRUE,TRUE
3325,control,2026-06-03,7,30.7,0.857,7,30.714285714285715,0.8571428571428571,TRUE,TRUE
3326,treatment,2026-06-04,3,44,1,2,48,1,TRUE,TRUE
3327,control,2026-06-04,5,32.8,0.6,4,34.75,0.5,TRUE,TRUE
3328,control,2026-06-04,3,22,1,3,22,1,TRUE,TRUE
3329,control,2026-06-04,0,NA,NA,0,NA,NA,FALSE,FALSE
3330,control,2026-06-05,3,42.7,0.333,2,54,0,TRUE,TRUE
3331,treatment,2026-06-02,0,NA,NA,0,NA,NA,FALSE,FALSE
3332,control,2026-06-01,6,34.5,0.833,6,34.5,0.8333333333333334,TRUE,TRUE
3333,control,2026-06-01,7,23.4,0.429,7,23.428571428571427,0.42857142857142855,TRUE,TRUE
3334,treatment,2026-06-04,0,NA,NA,0,NA,NA,FALSE,FALSE
3335,control,2026-06-04,0,NA,NA,0,NA,NA,FALSE,FALSE
3336,treatment,2026-06-03,1,30,1,1,30,1,TRUE,TRUE
3337,treatment,2026-06-05,5,49.6,1,5,49.6,1,TRUE,TRUE
3338,control,2026-06-03,5,30.6,0.4,5,30.6,0.4,TRUE,TRUE
3339,control,2026-06-04,0,NA,NA,0,NA,NA,FALSE,FALSE
3340,control,2026-06-05,2,18,1,2,18,1,TRUE,TRUE
3341,treatment,2026-06-05,0,NA,NA,0,NA,NA,FALSE,FALSE
3342,treatment,2026-06-01,2,89.5,0.5,2,89.5,0.5,TRUE,TRUE
3343,control,2026-06-01,1,19,1,1,19,1,TRUE,TRUE
3344,treatment,2026-06-03,4,43.5,0.75,4,43.5,0.75,TRUE,TRUE
3345,treatment,2026-06-02,3,56,0.667,3,56,0.6666666666666666,TRUE,TRUE
3346,control,2026-06-01,2,29,1,2,29,1,TRUE,TRUE
3347,control,2026-06-03,0,NA,NA,0,NA,NA,FALSE,FALSE
3348,treatment,2026-06-04,2,44.5,0,1,53,0,TRUE,TRUE
3349,control,2026-06-05,3,30.7,0,3,30.666666666666668,0,TRUE,TRUE
3350,control,2026-06-05,2,16,1,2,16,1,TRUE,TRUE
3351,control,2026-06-04,9,28.8,0.556,8,27.375,0.625,TRUE,TRUE
3352,treatment,2026-06-03,4,51,1,3,53,1,TRUE,TRUE
3353,control,2026-06-01,2,23.5,1,2,23.5,1,TRUE,TRUE
3354,control,2026-06-01,2,31,1,2,31,1,TRUE,TRUE
3355,treatment,2026-06-04,0,NA,NA,0,NA,NA,FALSE,FALSE
3356,control,2026-06-02,9,32.9,0.667,9,32.888888888888886,0.6666666666666666,TRUE,TRUE
3357,control,2026-06-02,1,40,0,1,40,0,TRUE,TRUE
3358,control,2026-06-01,5,41.4,0.6,5,41.4,0.6,TRUE,TRUE
3359,treatment,2026-06-03,1,31,1,1,31,1,TRUE,TRUE
3360,control,2026-06-04,1,17,1,1,17,1,TRUE,TRUE
3361,control,2026-06-01,3,48.3,1,3,48.333333333333336,1,TRUE,TRUE
3362,treatment,2026-06-04,10,52.8,0.7,9,55.333333333333336,0.6666666666666666,TRUE,TRUE
3363,treatment,2026-06-03,6,57,0.667,6,57,0.6666666666666666,TRUE,TRUE
3364,treatment,2026-06-03,3,54.7,0.667,3,54.666666666666664,0.6666666666666666,TRUE,TRUE
3365,treatment,2026-06-02,6,54.5,0.833,6,54.5,0.8333333333333334,TRUE,TRUE
3366,control,2026-06-02,2,54.5,1,2,54.5,1,TRUE,TRUE
3367,treatment,2026-06-01,2,45.5,1,2,45.5,1,TRUE,TRUE
3368,treatment,2026-06-01,1,29,0,1,29,0,TRUE,TRUE
3369,treatment,2026-06-04,1,32,0,1,32,0,TRUE,TRUE
3370,treatment,2026-06-05,2,19.5,1,1,15,1,TRUE,TRUE
3371,control,2026-06-01,3,36.7,0.667,3,36.666666666666664,0.6666666666666666,TRUE,TRUE
3372,control,2026-06-03,2,22,0.5,2,22,0.5,TRUE,TRUE
3373,control,2026-06-05,1,27,1,0,NA,NA,FALSE,TRUE
3374,treatment,2026-06-01,1,88,1,1,88,1,TRUE,TRUE
3375,treatment,2026-06-01,6,28.5,0.833,6,28.5,0.8333333333333334,TRUE,TRUE
3376,treatment,2026-06-05,6,43.5,0.5,5,42.8,0.4,TRUE,TRUE
3377,treatment,2026-06-05,6,52.7,0.667,5,46.8,0.8,TRUE,TRUE
3378,treatment,2026-06-02,5,34.8,0.8,5,34.8,0.8,TRUE,TRUE
3379,control,2026-06-04,2,15,0,2,15,0,TRUE,TRUE
3380,control,2026-06-03,5,32,0.8,5,32,0.8,TRUE,TRUE
3381,treatment,2026-06-05,3,47,1,3,47,1,TRUE,TRUE
3382,control,2026-06-01,5,18.6,0.2,5,18.6,0.2,TRUE,TRUE
3383,treatment,2026-06-03,0,NA,NA,0,NA,NA,FALSE,FALSE
3384,control,2026-06-05,2,33,0.5,2,33,0.5,TRUE,TRUE
3385,treatment,2026-06-01,2,43,1,2,43,1,TRUE,TRUE
3386,control,2026-06-05,3,30.7,1,3,30.666666666666668,1,TRUE,TRUE
3387,control,2026-06-01,2,23,1,2,23,1,TRUE,TRUE
3388,treatment,2026-06-04,15,40.5,0.8,14,42.714285714285715,0.8571428571428571,TRUE,TRUE
3389,treatment,2026-06-02,4,58.5,0.75,4,58.5,0.75,TRUE,TRUE
3390,treatment,2026-06-04,1,44,1,1,44,1,TRUE,TRUE
3391,treatment,2026-06-04,10,47.5,0.6,9,42.333333333333336,0.6666666666666666,TRUE,TRUE
3392,treatment,2026-06-01,3,40.3,0.667,3,40.333333333333336,0.6666666666666666,TRUE,TRUE
3393,control,2026-06-05,6,27,0.667,5,28.8,0.8,TRUE,TRUE
3394,control,2026-06-04,2,23,0.5,2,23,0.5,TRUE,TRUE
3395,treatment,2026-06-01,1,19,1,1,19,1,TRUE,TRUE
3396,treatment,2026-06-03,1,40,0,1,40,0,TRUE,TRUE
3397,control,2026-06-02,10,38.1,0.8,10,38.1,0.8,TRUE,TRUE
3398,treatment,2026-06-03,0,NA,NA,0,NA,NA,FALSE,FALSE
3399,treatment,2026-06-02,5,36.2,0.8,5,36.2,0.8,TRUE,TRUE
3400,treatment,2026-06-04,0,NA,NA,0,NA,NA,FALSE,FALSE
3401,control,2026-06-01,1,19,1,1,19,1,TRUE,TRUE
3402,treatment,2026-06-05,2,21.5,1,2,21.5,1,TRUE,TRUE
3403,treatment,2026-06-02,0,NA,NA,0,NA,NA,FALSE,FALSE
3404,control,2026-06-03,0,NA,NA,0,NA,NA,FALSE,FALSE
3405,control,2026-06-03,2,28,0.5,2,28,0.5,TRUE,TRUE
3406,treatment,2026-06-01,2,42,0.5,2,42,0.5,TRUE,TRUE
3407,treatment,2026-06-02,4,37,0.5,4,37,0.5,TRUE,TRUE
3408,control,2026-06-05,3,25,0.667,3,25,0.6666666666666666,TRUE,TRUE
3409,control,2026-06-05,0,NA,NA,0,NA,NA,FALSE,FALSE
3410,control,2026-06-03,5,55,0.6,5,55,0.6,TRUE,TRUE
3411,treatment,2026-06-04,1,16,0,0,NA,NA,FALSE,TRUE
3412,control,2026-06-05,2,42.5,1,2,42.5,1,TRUE,TRUE
3413,control,2026-06-05,0,NA,NA,0,NA,NA,FALSE,FALSE
3414,control,2026-06-04,2,52.5,1,2,52.5,1,TRUE,TRUE
3415,control,2026-06-02,1,27,0,1,27,0,TRUE,TRUE
3416,treatment,2026-06-05,4,45.5,1,3,46,1,TRUE,TRUE
3417,control,2026-06-03,2,44.5,0.5,2,44.5,0.5,TRUE,TRUE
3418,treatment,2026-06-02,7,52.6,0.714,7,52.57142857142857,0.7142857142857143,TRUE,TRUE
3419,control,2026-06-01,2,23.5,1,2,23.5,1,TRUE,TRUE
3420,treatment,2026-06-01,6,47.3,0.833,6,47.333333333333336,0.8333333333333334,TRUE,TRUE
3421,control,2026-06-02,1,23,1,1,23,1,TRUE,TRUE
3422,treatment,2026-06-04,2,68,1,2,68,1,TRUE,TRUE
3423,treatment,2026-06-01,2,44.5,1,2,44.5,1,TRUE,TRUE
3424,control,2026-06-04,0,NA,NA,0,NA,NA,FALSE,FALSE
3425,treatment,2026-06-05,2,47,0.5,2,47,0.5,TRUE,TRUE
3426,control,2026-06-02,0,NA,NA,0,NA,NA,FALSE,FALSE
3427,treatment,2026-06-01,0,NA,NA,0,NA,NA,FALSE,FALSE
3428,treatment,2026-06-01,0,NA,NA,0,NA,NA,FALSE,FALSE
3429,control,2026-06-01,2,55,0.5,2,55,0.5,TRUE,TRUE
3430,control,2026-06-01,0,NA,NA,0,NA,NA,FALSE,FALSE
3431,treatment,2026-06-01,4,61.2,0.75,4,61.25,0.75,TRUE,TRUE
3432,treatment,2026-06-03,5,35.8,0.2,5,35.8,0.2,TRUE,TRUE
3433,treatment,2026-06-04,8,30.1,0.625,8,30.125,0.625,TRUE,TRUE
3434,control,2026-06-03,2,39.5,0.5,2,39.5,0.5,TRUE,TRUE
3435,treatment,2026-06-04,1,38,1,1,38,1,TRUE,TRUE
3436,treatment,2026-06-01,6,48.8,0.833,6,48.833333333333336,0.8333333333333334,TRUE,TRUE
3437,treatment,2026-06-02,1,22,1,1,22,1,TRUE,TRUE
3438,treatment,2026-06-01,1,39,1,1,39,1,TRUE,TRUE
3439,treatment,2026-06-02,0,NA,NA,0,NA,NA,FALSE,FALSE
3440,treatment,2026-06-03,2,44.5,1,2,44.5,1,TRUE,TRUE
3441,control,2026-06-03,8,34.5,0.875,8,34.5,0.875,TRUE,TRUE
3442,control,2026-06-03,1,31,1,1,31,1,TRUE,TRUE
3443,treatment,2026-06-01,0,NA,NA,0,NA,NA,FALSE,FALSE
3444,control,2026-06-03,4,26.5,0.25,4,26.5,0.25,TRUE,TRUE
3445,treatment,2026-06-04,3,73,0.333,3,73,0.3333333333333333,TRUE,TRUE
3446,control,2026-06-04,1,30,0,1,30,0,TRUE,TRUE
3447,treatment,2026-06-02,5,60.2,0.6,5,60.2,0.6,TRUE,TRUE
3448,treatment,2026-06-01,0,NA,NA,0,NA,NA,FALSE,FALSE
3449,control,2026-06-02,3,47.3,0.333,3,47.333333333333336,0.3333333333333333,TRUE,TRUE
3450,control,2026-06-01,2,46.5,0.5,2,46.5,0.5,TRUE,TRUE
3451,control,2026-06-02,2,33.5,0,2,33.5,0,TRUE,TRUE
3452,treatment,2026-06-05,0,NA,NA,0,NA,NA,FALSE,FALSE
3453,treatment,2026-06-03,9,44.9,0.667,7,42.857142857142854,0.7142857142857143,TRUE,TRUE
3454,treatment,2026-06-04,4,51.2,0.75,4,51.25,0.75,TRUE,TRUE
3455,treatment,2026-06-03,1,26,1,1,26,1,TRUE,TRUE
3456,control,2026-06-05,4,32.2,0.75,4,32.25,0.75,TRUE,TRUE
3457,control,2026-06-04,2,24,0.5,2,24,0.5,TRUE,TRUE
3458,control,2026-06-01,2,33.5,0.5,2,33.5,0.5,TRUE,TRUE
3459,treatment,2026-06-01,2,36,0.5,2,36,0.5,TRUE,TRUE
3460,treatment,2026-06-02,4,48.8,0.5,4,48.75,0.5,TRUE,TRUE
3461,treatment,2026-06-02,8,37,0.75,8,37,0.75,TRUE,TRUE
3462,treatment,2026-06-03,1,22,1,1,22,1,TRUE,TRUE
3463,treatment,2026-06-02,8,53.8,0.625,8,53.75,0.625,TRUE,TRUE
3464,control,2026-06-01,0,NA,NA,0,NA,NA,FALSE,FALSE
3465,treatment,2026-06-03,3,36.3,0.333,3,36.333333333333336,0.3333333333333333,TRUE,TRUE
3466,treatment,2026-06-02,2,47,0.5,2,47,0.5,TRUE,TRUE
3467,treatment,2026-06-05,3,50.7,0.667,3,50.666666666666664,0.6666666666666666,TRUE,TRUE
3468,treatment,2026-06-03,1,36,1,1,36,1,TRUE,TRUE
3469,treatment,2026-06-05,4,56.2,0.5,4,56.25,0.5,TRUE,TRUE
3470,control,2026-06-02,2,63.5,0,2,63.5,0,TRUE,TRUE
3471,treatment,2026-06-02,0,NA,NA,0,NA,NA,FALSE,FALSE
3472,control,2026-06-02,0,NA,NA,0,NA,NA,FALSE,FALSE
3473,treatment,2026-06-04,6,38.5,0.833,6,38.5,0.8333333333333334,TRUE,TRUE
3474,control,2026-06-02,2,60.5,0.5,2,60.5,0.5,TRUE,TRUE
3475,treatment,2026-06-01,6,41.2,0.667,6,41.166666666666664,0.6666666666666666,TRUE,TRUE
3476,treatment,2026-06-01,7,37,0.714,7,37,0.7142857142857143,TRUE,TRUE
3477,control,2026-06-05,4,33,0.25,4,33,0.25,TRUE,TRUE
3478,control,2026-06-03,6,33.7,0.5,6,33.666666666666664,0.5,TRUE,TRUE
3479,treatment,2026-06-01,0,NA,NA,0,NA,NA,FALSE,FALSE
3480,control,2026-06-01,2,27,0.5,2,27,0.5,TRUE,TRUE
3481,treatment,2026-06-01,5,45,0.6,5,45,0.6,TRUE,TRUE
3482,treatment,2026-06-03,6,45.5,0.667,6,45.5,0.6666666666666666,TRUE,TRUE
3483,treatment,2026-06-03,1,59,1,1,59,1,TRUE,TRUE
3484,control,2026-06-04,2,42,0,2,42,0,TRUE,TRUE
3485,control,2026-06-01,2,41.5,1,2,41.5,1,TRUE,TRUE
3486,control,2026-06-04,3,20.7,0.667,3,20.666666666666668,0.6666666666666666,TRUE,TRUE
3487,control,2026-06-02,0,NA,NA,0,NA,NA,FALSE,FALSE
3488,control,2026-06-02,4,49,1,4,49,1,TRUE,TRUE
3489,control,2026-06-01,1,54,1,1,54,1,TRUE,TRUE
3490,treatment,2026-06-01,4,46.2,1,4,46.25,1,TRUE,TRUE
3491,treatment,2026-06-03,6,40.5,0.833,6,40.5,0.8333333333333334,TRUE,TRUE
3492,treatment,2026-06-02,1,19,1,1,19,1,TRUE,TRUE
3493,control,2026-06-03,0,NA,NA,0,NA,NA,FALSE,FALSE
3494,treatment,2026-06-03,4,53.2,0.25,4,53.25,0.25,TRUE,TRUE
3495,treatment,2026-06-02,4,48.8,1,4,48.75,1,TRUE,TRUE
3496,treatment,2026-06-04,0,NA,NA,0,NA,NA,FALSE,FALSE
3497,control,2026-06-03,2,33.5,1,2,33.5,1,TRUE,TRUE
3498,treatment,2026-06-01,4,46,1,4,46,1,TRUE,TRUE
3499,treatment,2026-06-05,0,NA,NA,0,NA,NA,FALSE,FALSE
3500,treatment,2026-06-03,4,37.2,1,4,37.25,1,TRUE,TRUE
3501,treatment,2026-06-05,3,27,0.667,3,27,0.6666666666666666,TRUE,TRUE
3502,control,2026-06-04,2,22.5,0.5,2,22.5,0.5,TRUE,TRUE
3503,control,2026-06-04,4,27.8,0.75,4,27.75,0.75,TRUE,TRUE
3504,control,2026-06-01,2,46.5,1,2,46.5,1,TRUE,TRUE
3505,control,2026-06-01,0,NA,NA,0,NA,NA,FALSE,FALSE
3506,control,2026-06-03,3,36,0.333,3,36,0.3333333333333333,TRUE,TRUE
3507,treatment,2026-06-02,9,35,0.667,8,37.875,0.625,TRUE,TRUE
3508,control,2026-06-04,2,38,1,0,NA,NA,FALSE,TRUE
3509,control,2026-06-04,1,31,1,1,31,1,TRUE,TRUE
3510,treatment,2026-06-02,4,72.2,1,4,72.25,1,TRUE,TRUE
3511,control,2026-06-05,5,31.2,0.4,5,31.2,0.4,TRUE,TRUE
3512,control,2026-06-02,1,49,1,1,49,1,TRUE,TRUE
3513,control,2026-06-02,2,21,1,2,21,1,TRUE,TRUE
3514,control,2026-06-04,4,30,1,4,30,1,TRUE,TRUE
3515,treatment,2026-06-03,2,91,1,1,58,1,TRUE,TRUE
3516,control,2026-06-05,5,38.4,0.8,4,41.75,1,TRUE,TRUE
3517,control,2026-06-01,3,52.3,0.667,3,52.333333333333336,0.6666666666666666,TRUE,TRUE
3518,control,2026-06-02,1,16,0,1,16,0,TRUE,TRUE
3519,control,2026-06-01,3,29.7,0.667,3,29.666666666666668,0.6666666666666666,TRUE,TRUE
3520,treatment,2026-06-03,2,76,1,2,76,1,TRUE,TRUE
3521,treatment,2026-06-04,12,46.1,0.583,11,47,0.5454545454545454,TRUE,TRUE
3522,treatment,2026-06-02,5,63.2,0.6,5,63.2,0.6,TRUE,TRUE
3523,control,2026-06-03,0,NA,NA,0,NA,NA,FALSE,FALSE
3524,control,2026-06-02,1,16,0,1,16,0,TRUE,TRUE
3525,treatment,2026-06-05,1,33,0,1,33,0,TRUE,TRUE
3526,control,2026-06-04,2,12,0.5,2,12,0.5,TRUE,TRUE
3527,control,2026-06-05,3,33.3,1,3,33.333333333333336,1,TRUE,TRUE
3528,treatment,2026-06-03,7,30,0.429,7,30,0.42857142857142855,TRUE,TRUE
3529,control,2026-06-02,3,21.3,1,3,21.333333333333332,1,TRUE,TRUE
3530,treatment,2026-06-02,0,NA,NA,0,NA,NA,FALSE,FALSE
3531,treatment,2026-06-04,3,32.3,1,3,32.333333333333336,1,TRUE,TRUE
3532,treatment,2026-06-03,1,74,0,1,74,0,TRUE,TRUE
3533,control,2026-06-01,0,NA,NA,0,NA,NA,FALSE,FALSE
3534,control,2026-06-05,19,34.4,0.684,18,34.77777777777778,0.6666666666666666,TRUE,TRUE
3535,control,2026-06-01,6,31.7,0.667,6,31.666666666666668,0.6666666666666666,TRUE,TRUE
3536,control,2026-06-02,0,NA,NA,0,NA,NA,FALSE,FALSE
3537,control,2026-06-01,1,68,1,1,68,1,TRUE,TRUE
3538,treatment,2026-06-01,1,93,1,1,93,1,TRUE,TRUE
3539,treatment,2026-06-03,5,39,0.6,5,39,0.6,TRUE,TRUE
3540,control,2026-06-04,1,30,1,1,30,1,TRUE,TRUE
3541,control,2026-06-02,0,NA,NA,0,NA,NA,FALSE,FALSE
3542,treatment,2026-06-02,1,18,0,1,18,0,TRUE,TRUE
3543,control,2026-06-02,5,22.6,0.6,5,22.6,0.6,TRUE,TRUE
3544,treatment,2026-06-05,2,46,1,2,46,1,TRUE,TRUE
3545,treatment,2026-06-02,4,39.2,1,4,39.25,1,TRUE,TRUE
3546,treatment,2026-06-04,7,47,0.571,6,46.833333333333336,0.5,TRUE,TRUE
3547,treatment,2026-06-01,1,59,1,1,59,1,TRUE,TRUE
3548,treatment,2026-06-02,1,41,0,1,41,0,TRUE,TRUE
3549,treatment,2026-06-03,11,36,0.273,10,37.4,0.3,TRUE,TRUE
3550,treatment,2026-06-04,2,41,1,2,41,1,TRUE,TRUE
3551,control,2026-06-01,1,37,0,1,37,0,TRUE,TRUE
3552,treatment,2026-06-03,4,41.2,1,4,41.25,1,TRUE,TRUE
3553,control,2026-06-01,0,NA,NA,0,NA,NA,FALSE,FALSE
3554,treatment,2026-06-02,1,37,1,1,37,1,TRUE,TRUE
3555,control,2026-06-05,4,45,0.5,3,54,0.6666666666666666,TRUE,TRUE
3556,control,2026-06-05,1,23,1,1,23,1,TRUE,TRUE
3557,treatment,2026-06-04,2,90,0.5,2,90,0.5,TRUE,TRUE
3558,treatment,2026-06-01,1,64,0,1,64,0,TRUE,TRUE
3559,control,2026-06-03,0,NA,NA,0,NA,NA,FALSE,FALSE
3560,control,2026-06-01,5,35.4,0.6,5,35.4,0.6,TRUE,TRUE
3561,treatment,2026-06-04,9,37.4,0.556,8,33.75,0.625,TRUE,TRUE
3562,treatment,2026-06-04,1,13,1,1,13,1,TRUE,TRUE
3563,treatment,2026-06-04,7,63.7,0.429,7,63.714285714285715,0.42857142857142855,TRUE,TRUE
3564,control,2026-06-03,5,24.8,0.4,5,24.8,0.4,TRUE,TRUE
3565,control,2026-06-05,3,59,1,3,59,1,TRUE,TRUE
3566,treatment,2026-06-02,4,62.5,1,4,62.5,1,TRUE,TRUE
3567,control,2026-06-02,3,37,0.667,3,37,0.6666666666666666,TRUE,TRUE
3568,treatment,2026-06-04,1,53,1,1,53,1,TRUE,TRUE
3569,treatment,2026-06-01,5,52.4,1,5,52.4,1,TRUE,TRUE
3570,control,2026-06-03,2,37,0.5,2,37,0.5,TRUE,TRUE
3571,control,2026-06-01,1,12,0,1,12,0,TRUE,TRUE
3572,treatment,2026-06-01,3,45,0.667,3,45,0.6666666666666666,TRUE,TRUE
3573,treatment,2026-06-05,4,35.2,0.5,4,35.25,0.5,TRUE,TRUE
3574,treatment,2026-06-02,2,39.5,1,2,39.5,1,TRUE,TRUE
3575,control,2026-06-03,3,36.3,1,3,36.333333333333336,1,TRUE,TRUE
3576,control,2026-06-03,3,32.3,1,3,32.333333333333336,1,TRUE,TRUE
3577,treatment,2026-06-02,6,51.7,0.667,6,51.666666666666664,0.6666666666666666,TRUE,TRUE
3578,treatment,2026-06-02,11,42.1,0.818,10,42.9,0.9,TRUE,TRUE
3579,control,2026-06-03,3,29.7,1,3,29.666666666666668,1,TRUE,TRUE
3580,treatment,2026-06-05,2,28.5,0,2,28.5,0,TRUE,TRUE
3581,control,2026-06-02,1,46,1,1,46,1,TRUE,TRUE
3582,treatment,2026-06-03,3,85,1,3,85,1,TRUE,TRUE
3583,control,2026-06-05,3,45.3,0.667,3,45.333333333333336,0.6666666666666666,TRUE,TRUE
3584,treatment,2026-06-01,1,86,1,1,86,1,TRUE,TRUE
3585,treatment,2026-06-02,6,58,0.667,6,58,0.6666666666666666,TRUE,TRUE
3586,treatment,2026-06-04,2,39,1,2,39,1,TRUE,TRUE
3587,control,2026-06-03,2,72.5,0.5,1,116,1,TRUE,TRUE
3588,treatment,2026-06-05,5,33.6,1,5,33.6,1,TRUE,TRUE
3589,treatment,2026-06-01,0,NA,NA,0,NA,NA,FALSE,FALSE
3590,control,2026-06-01,3,26.7,1,3,26.666666666666668,1,TRUE,TRUE
3591,treatment,2026-06-04,0,NA,NA,0,NA,NA,FALSE,FALSE
3592,treatment,2026-06-01,8,60.2,0.75,8,60.25,0.75,TRUE,TRUE
3593,control,2026-06-03,2,24,0.5,2,24,0.5,TRUE,TRUE
3594,treatment,2026-06-01,2,19.5,0.5,2,19.5,0.5,TRUE,TRUE
3595,control,2026-06-05,1,18,1,1,18,1,TRUE,TRUE
3596,control,2026-06-04,4,26.8,0.75,4,26.75,0.75,TRUE,TRUE
3597,treatment,2026-06-05,8,51.6,0.75,7,50,0.7142857142857143,TRUE,TRUE
3598,control,2026-06-03,7,27.4,0.857,7,27.428571428571427,0.8571428571428571,TRUE,TRUE
3599,control,2026-06-04,9,29.9,0.556,9,29.88888888888889,0.5555555555555556,TRUE,TRUE
3600,treatment,2026-06-02,6,65.2,0.667,6,65.16666666666667,0.6666666666666666,TRUE,TRUE
3601,control,2026-06-02,0,NA,NA,0,NA,NA,FALSE,FALSE
3602,control,2026-06-01,6,26.3,1,6,26.333333333333332,1,TRUE,TRUE
3603,control,2026-06-04,14,24.1,0.714,14,24.142857142857142,0.7142857142857143,TRUE,TRUE
3604,treatment,2026-06-02,5,49.8,0.6,5,49.8,0.6,TRUE,TRUE
3605,control,2026-06-01,8,32,0.5,8,32,0.5,TRUE,TRUE
3606,control,2026-06-01,2,27.5,1,2,27.5,1,TRUE,TRUE
3607,control,2026-06-05,3,30.3,0.667,2,27.5,1,TRUE,TRUE
3608,control,2026-06-04,5,42.2,0.4,5,42.2,0.4,TRUE,TRUE
3609,treatment,2026-06-02,0,NA,NA,0,NA,NA,FALSE,FALSE
3610,treatment,2026-06-01,2,47.5,0,2,47.5,0,TRUE,TRUE
3611,treatment,2026-06-05,1,40,1,1,40,1,TRUE,TRUE
3612,control,2026-06-01,2,43.5,0.5,2,43.5,0.5,TRUE,TRUE
3613,control,2026-06-04,5,29.2,0.2,5,29.2,0.2,TRUE,TRUE
3614,control,2026-06-05,4,26.5,0.75,4,26.5,0.75,TRUE,TRUE
3615,control,2026-06-03,9,34.2,0.778,8,27.375,0.75,TRUE,TRUE
3616,treatment,2026-06-05,2,70,0.5,2,70,0.5,TRUE,TRUE
3617,treatment,2026-06-04,2,22.5,0,2,22.5,0,TRUE,TRUE
3618,control,2026-06-01,10,34.8,0.7,10,34.8,0.7,TRUE,TRUE
3619,treatment,2026-06-04,2,32,0,2,32,0,TRUE,TRUE
3620,treatment,2026-06-05,8,37.9,0.625,8,37.875,0.625,TRUE,TRUE
3621,control,2026-06-05,2,22,1,2,22,1,TRUE,TRUE
3622,treatment,2026-06-04,4,34.2,1,4,34.25,1,TRUE,TRUE
3623,control,2026-06-05,18,30.4,0.611,17,30.88235294117647,0.6470588235294118,TRUE,TRUE
3624,control,2026-06-01,2,33,0,2,33,0,TRUE,TRUE
3625,treatment,2026-06-05,4,58.2,0.75,3,66.66666666666667,0.6666666666666666,TRUE,TRUE
3626,treatment,2026-06-04,7,49.9,0.857,6,53.5,0.8333333333333334,TRUE,TRUE
3627,control,2026-06-02,9,39.9,0.889,9,39.888888888888886,0.8888888888888888,TRUE,TRUE
3628,treatment,2026-06-05,2,25,1,1,25,1,TRUE,TRUE
3629,treatment,2026-06-01,1,40,1,1,40,1,TRUE,TRUE
3630,control,2026-06-03,2,67.5,0.5,2,67.5,0.5,TRUE,TRUE
3631,treatment,2026-06-01,3,35,0,3,35,0,TRUE,TRUE
3632,treatment,2026-06-02,6,42.7,1,5,44.8,1,TRUE,TRUE
3633,treatment,2026-06-02,3,39.7,1,3,39.666666666666664,1,TRUE,TRUE
3634,treatment,2026-06-03,2,47.5,1,2,47.5,1,TRUE,TRUE
3635,treatment,2026-06-03,4,47.8,0.25,4,47.75,0.25,TRUE,TRUE
3636,treatment,2026-06-02,2,31.5,1,2,31.5,1,TRUE,TRUE
3637,control,2026-06-01,1,67,1,1,67,1,TRUE,TRUE
3638,treatment,2026-06-05,2,61.5,0.5,2,61.5,0.5,TRUE,TRUE
3639,control,2026-06-03,4,36.2,1,4,36.25,1,TRUE,TRUE
3640,treatment,2026-06-03,2,26,0,1,26,0,TRUE,TRUE
3641,control,2026-06-04,3,29.7,0.667,3,29.666666666666668,0.6666666666666666,TRUE,TRUE
3642,treatment,2026-06-05,0,NA,NA,0,NA,NA,FALSE,FALSE
3643,treatment,2026-06-03,7,30.9,0.714,7,30.857142857142858,0.7142857142857143,TRUE,TRUE
3644,control,2026-06-02,3,34,1,3,34,1,TRUE,TRUE
3645,treatment,2026-06-04,6,44.2,0.833,6,44.166666666666664,0.8333333333333334,TRUE,TRUE
3646,control,2026-06-03,1,36,1,1,36,1,TRUE,TRUE
3647,treatment,2026-06-03,1,15,0,1,15,0,TRUE,TRUE
3648,control,2026-06-05,4,35.2,1,4,35.25,1,TRUE,TRUE
3649,control,2026-06-04,2,27.5,0,2,27.5,0,TRUE,TRUE
3650,control,2026-06-05,4,39,0.5,4,39,0.5,TRUE,TRUE
3651,treatment,2026-06-05,0,NA,NA,0,NA,NA,FALSE,FALSE
3652,control,2026-06-02,0,NA,NA,0,NA,NA,FALSE,FALSE
3653,treatment,2026-06-01,1,29,1,1,29,1,TRUE,TRUE
3654,treatment,2026-06-04,1,37,1,1,37,1,TRUE,TRUE
3655,treatment,2026-06-04,2,48,0.5,2,48,0.5,TRUE,TRUE
3656,treatment,2026-06-02,2,47.5,1,2,47.5,1,TRUE,TRUE
3657,control,2026-06-04,3,41.3,1,3,41.333333333333336,1,TRUE,TRUE
3658,treatment,2026-06-03,4,72.8,0.75,4,72.75,0.75,TRUE,TRUE
3659,treatment,2026-06-02,5,33.6,0.6,4,26.5,0.5,TRUE,TRUE
3660,control,2026-06-05,3,37.3,0.667,3,37.333333333333336,0.6666666666666666,TRUE,TRUE
3661,control,2026-06-01,10,28.8,0.4,10,28.8,0.4,TRUE,TRUE
3662,control,2026-06-05,2,38.5,1,1,29,1,TRUE,TRUE
3663,treatment,2026-06-05,0,NA,NA,0,NA,NA,FALSE,FALSE
3664,treatment,2026-06-01,1,29,0,1,29,0,TRUE,TRUE
3665,treatment,2026-06-04,5,56.4,0.8,4,60,0.75,TRUE,TRUE
3666,control,2026-06-02,5,35.2,0.8,5,35.2,0.8,TRUE,TRUE
3667,control,2026-06-01,1,16,1,1,16,1,TRUE,TRUE
3668,treatment,2026-06-04,2,55.5,0.5,2,55.5,0.5,TRUE,TRUE
3669,treatment,2026-06-01,10,47,0.7,10,47,0.7,TRUE,TRUE
3670,treatment,2026-06-05,3,46,1,3,46,1,TRUE,TRUE
3671,control,2026-06-01,1,47,1,1,47,1,TRUE,TRUE
3672,treatment,2026-06-01,2,24,0.5,2,24,0.5,TRUE,TRUE
3673,control,2026-06-02,3,31.7,1,3,31.666666666666668,1,TRUE,TRUE
3674,treatment,2026-06-05,1,102,1,1,102,1,TRUE,TRUE
3675,treatment,2026-06-03,5,34,0.8,5,34,0.8,TRUE,TRUE
3676,control,2026-06-05,2,26.5,1,2,26.5,1,TRUE,TRUE
3677,control,2026-06-01,0,NA,NA,0,NA,NA,FALSE,FALSE
3678,control,2026-06-03,2,37.5,1,2,37.5,1,TRUE,TRUE
3679,control,2026-06-04,1,14,0,1,14,0,TRUE,TRUE
3680,treatment,2026-06-04,1,36,1,1,36,1,TRUE,TRUE
3681,treatment,2026-06-05,1,33,1,1,33,1,TRUE,TRUE
3682,control,2026-06-01,19,34.8,0.842,19,34.8421052631579,0.8421052631578947,TRUE,TRUE
3683,treatment,2026-06-01,2,46,0,2,46,0,TRUE,TRUE
3684,treatment,2026-06-03,3,42.7,1,3,42.666666666666664,1,TRUE,TRUE
3685,treatment,2026-06-05,2,98,0,2,98,0,TRUE,TRUE
3686,control,2026-06-01,1,33,0,1,33,0,TRUE,TRUE
3687,control,2026-06-05,9,22.4,0.222,8,20.75,0.125,TRUE,TRUE
3688,treatment,2026-06-03,3,59.7,1,3,59.666666666666664,1,TRUE,TRUE
3689,control,2026-06-01,1,42,1,1,42,1,TRUE,TRUE
3690,treatment,2026-06-05,2,65.5,1,2,65.5,1,TRUE,TRUE
3691,treatment,2026-06-02,2,23.5,1,1,18,1,TRUE,TRUE
3692,control,2026-06-02,3,28,0.333,3,28,0.3333333333333333,TRUE,TRUE
3693,treatment,2026-06-02,3,21.7,0.667,3,21.666666666666668,0.6666666666666666,TRUE,TRUE
3694,control,2026-06-05,3,23.3,0.667,2,26,0.5,TRUE,TRUE
3695,control,2026-06-04,2,36,1,1,32,1,TRUE,TRUE
3696,control,2026-06-05,1,74,1,1,74,1,TRUE,TRUE
3697,treatment,2026-06-03,2,38,1,2,38,1,TRUE,TRUE
3698,control,2026-06-01,0,NA,NA,0,NA,NA,FALSE,FALSE
3699,control,2026-06-04,1,33,1,1,33,1,TRUE,TRUE
3700,control,2026-06-03,1,6,1,1,6,1,TRUE,TRUE
3701,control,2026-06-05,8,25.9,0.75,7,26.285714285714285,0.7142857142857143,TRUE,TRUE
3702,treatment,2026-06-01,6,66.7,0.667,6,66.66666666666667,0.6666666666666666,TRUE,TRUE
3703,treatment,2026-06-02,0,NA,NA,0,NA,NA,FALSE,FALSE
3704,treatment,2026-06-01,2,32,0,2,32,0,TRUE,TRUE
3705,treatment,2026-06-04,4,32.8,0.25,4,32.75,0.25,TRUE,TRUE
3706,control,2026-06-04,2,21,0.5,2,21,0.5,TRUE,TRUE
3707,treatment,2026-06-03,4,46.2,0.25,4,46.25,0.25,TRUE,TRUE
3708,control,2026-06-03,3,49,0.333,3,49,0.3333333333333333,TRUE,TRUE
3709,control,2026-06-01,2,24,1,2,24,1,TRUE,TRUE
3710,control,2026-06-02,1,15,1,1,15,1,TRUE,TRUE
3711,control,2026-06-05,2,23.5,0.5,2,23.5,0.5,TRUE,TRUE
3712,control,2026-06-01,0,NA,NA,0,NA,NA,FALSE,FALSE
3713,control,2026-06-05,2,41.5,0.5,2,41.5,0.5,TRUE,TRUE
3714,treatment,2026-06-03,1,51,0,1,51,0,TRUE,TRUE
3715,control,2026-06-01,2,33,1,2,33,1,TRUE,TRUE
3716,control,2026-06-01,0,NA,NA,0,NA,NA,FALSE,FALSE
3717,treatment,2026-06-01,3,40.7,0.667,3,40.666666666666664,0.6666666666666666,TRUE,TRUE
3718,treatment,2026-06-02,4,41.8,0.75,4,41.75,0.75,TRUE,TRUE
3719,treatment,2026-06-04,8,50.4,0.875,7,47.42857142857143,0.8571428571428571,TRUE,TRUE
3720,control,2026-06-01,2,30,0.5,2,30,0.5,TRUE,TRUE
3721,treatment,2026-06-05,1,21,0,1,21,0,TRUE,TRUE
3722,treatment,2026-06-05,2,36.5,1,2,36.5,1,TRUE,TRUE
3723,control,2026-06-05,4,46.8,1,4,46.75,1,TRUE,TRUE
3724,control,2026-06-04,3,28,0.667,3,28,0.6666666666666666,TRUE,TRUE
3725,control,2026-06-02,3,22,0.667,3,22,0.6666666666666666,TRUE,TRUE
3726,control,2026-06-03,5,51,1,5,51,1,TRUE,TRUE
3727,treatment,2026-06-05,2,36,1,2,36,1,TRUE,TRUE
3728,treatment,2026-06-02,6,55.7,0.833,5,54.6,0.8,TRUE,TRUE
3729,treatment,2026-06-05,2,48,1,2,48,1,TRUE,TRUE
3730,treatment,2026-06-05,1,71,1,1,71,1,TRUE,TRUE
3731,control,2026-06-05,0,NA,NA,0,NA,NA,FALSE,FALSE
3732,control,2026-06-03,1,44,0,1,44,0,TRUE,TRUE
3733,control,2026-06-03,0,NA,NA,0,NA,NA,FALSE,FALSE
3734,control,2026-06-03,1,49,1,1,49,1,TRUE,TRUE
3735,control,2026-06-05,8,41.6,0.625,7,44.857142857142854,0.7142857142857143,TRUE,TRUE
3736,treatment,2026-06-05,8,47.8,0.375,8,47.75,0.375,TRUE,TRUE
3737,control,2026-06-04,3,34.3,0.667,3,34.333333333333336,0.6666666666666666,TRUE,TRUE
3738,treatment,2026-06-05,3,52.3,0.667,3,52.333333333333336,0.6666666666666666,TRUE,TRUE
3739,treatment,2026-06-05,3,52,0.333,2,37,0,TRUE,TRUE
3740,control,2026-06-02,0,NA,NA,0,NA,NA,FALSE,FALSE
3741,treatment,2026-06-03,4,33.8,1,4,33.75,1,TRUE,TRUE
3742,treatment,2026-06-02,8,48.4,0.75,8,48.375,0.75,TRUE,TRUE
3743,treatment,2026-06-04,2,59,0.5,2,59,0.5,TRUE,TRUE
3744,treatment,2026-06-05,2,48,0.5,2,48,0.5,TRUE,TRUE
3745,control,2026-06-03,1,88,1,1,88,1,TRUE,TRUE
3746,treatment,2026-06-02,3,51.7,0.667,3,51.666666666666664,0.6666666666666666,TRUE,TRUE
3747,treatment,2026-06-04,5,35.6,0.6,5,35.6,0.6,TRUE,TRUE
3748,treatment,2026-06-02,0,NA,NA,0,NA,NA,FALSE,FALSE
3749,treatment,2026-06-04,4,79,0.75,4,79,0.75,TRUE,TRUE
3750,treatment,2026-06-01,4,36.8,0.75,4,36.75,0.75,TRUE,TRUE
3751,treatment,2026-06-05,3,45.3,1,3,45.333333333333336,1,TRUE,TRUE
3752,control,2026-06-04,0,NA,NA,0,NA,NA,FALSE,FALSE
3753,treatment,2026-06-04,0,NA,NA,0,NA,NA,FALSE,FALSE
3754,treatment,2026-06-03,1,58,1,1,58,1,TRUE,TRUE
3755,control,2026-06-04,0,NA,NA,0,NA,NA,FALSE,FALSE
3756,control,2026-06-01,4,28,0.5,4,28,0.5,TRUE,TRUE
3757,control,2026-06-02,3,49.3,0.667,3,49.333333333333336,0.6666666666666666,TRUE,TRUE
3758,control,2026-06-05,0,NA,NA,0,NA,NA,FALSE,FALSE
3759,control,2026-06-05,0,NA,NA,0,NA,NA,FALSE,FALSE
3760,treatment,2026-06-05,1,22,0,1,22,0,TRUE,TRUE
3761,treatment,2026-06-05,0,NA,NA,0,NA,NA,FALSE,FALSE
3762,control,2026-06-03,2,18,0.5,2,18,0.5,TRUE,TRUE
3763,control,2026-06-05,3,22.3,0.667,3,22.333333333333332,0.6666666666666666,TRUE,TRUE
3764,control,2026-06-05,4,50,0.5,3,48.333333333333336,0.6666666666666666,TRUE,TRUE
3765,control,2026-06-05,8,32.2,0.625,7,31.285714285714285,0.5714285714285714,TRUE,TRUE
3766,treatment,2026-06-04,3,46.7,0.667,3,46.666666666666664,0.6666666666666666,TRUE,TRUE
3767,treatment,2026-06-02,2,40.5,1,2,40.5,1,TRUE,TRUE
3768,treatment,2026-06-03,11,48.6,0.727,10,47.6,0.7,TRUE,TRUE
3769,treatment,2026-06-03,0,NA,NA,0,NA,NA,FALSE,FALSE
3770,control,2026-06-01,3,37.7,1,3,37.666666666666664,1,TRUE,TRUE
3771,treatment,2026-06-04,2,52,0.5,2,52,0.5,TRUE,TRUE
3772,control,2026-06-02,4,37.2,0.5,3,36.333333333333336,0.3333333333333333,TRUE,TRUE
3773,control,2026-06-01,2,37,1,2,37,1,TRUE,TRUE
3774,treatment,2026-06-05,11,57.7,0.636,11,57.72727272727273,0.6363636363636364,TRUE,TRUE
3775,control,2026-06-01,13,37.1,0.615,13,37.07692307692308,0.6153846153846154,TRUE,TRUE
3776,treatment,2026-06-05,1,105,1,1,105,1,TRUE,TRUE
3777,control,2026-06-04,2,25,1,2,25,1,TRUE,TRUE
3778,treatment,2026-06-02,3,31,1,3,31,1,TRUE,TRUE
3779,treatment,2026-06-05,2,43,1,2,43,1,TRUE,TRUE
3780,control,2026-06-04,2,15.5,1,2,15.5,1,TRUE,TRUE
3781,treatment,2026-06-05,0,NA,NA,0,NA,NA,FALSE,FALSE
3782,control,2026-06-01,11,33.7,0.727,11,33.72727272727273,0.7272727272727273,TRUE,TRUE
3783,treatment,2026-06-01,4,47.5,0.75,4,47.5,0.75,TRUE,TRUE
3784,control,2026-06-05,3,36,0.667,3,36,0.6666666666666666,TRUE,TRUE
3785,control,2026-06-03,2,20,1,2,20,1,TRUE,TRUE
3786,control,2026-06-04,2,21,0,2,21,0,TRUE,TRUE
3787,control,2026-06-02,6,24.3,0.833,6,24.333333333333332,0.8333333333333334,TRUE,TRUE
3788,control,2026-06-03,2,46.5,0.5,2,46.5,0.5,TRUE,TRUE
3789,control,2026-06-04,5,35,0.6,5,35,0.6,TRUE,TRUE
3790,treatment,2026-06-05,5,62,0.4,5,62,0.4,TRUE,TRUE
3791,control,2026-06-03,2,33.5,1,2,33.5,1,TRUE,TRUE
3792,treatment,2026-06-01,3,62.7,0.333,3,62.666666666666664,0.3333333333333333,TRUE,TRUE
3793,control,2026-06-04,6,37.2,0.5,6,37.166666666666664,0.5,TRUE,TRUE
3794,control,2026-06-05,10,26,0.8,10,26,0.8,TRUE,TRUE
3795,control,2026-06-05,2,50,1,2,50,1,TRUE,TRUE
3796,control,2026-06-04,3,27.7,1,2,23,1,TRUE,TRUE
3797,treatment,2026-06-01,0,NA,NA,0,NA,NA,FALSE,FALSE
3798,treatment,2026-06-02,3,55.7,1,3,55.666666666666664,1,TRUE,TRUE
3799,treatment,2026-06-05,6,45.7,0.167,5,46.6,0.2,TRUE,TRUE
3800,control,2026-06-02,5,34.4,0.6,5,34.4,0.6,TRUE,TRUE
3801,control,2026-06-03,3,18.7,0.667,2,18,0.5,TRUE,TRUE
3802,treatment,2026-06-05,0,NA,NA,0,NA,NA,FALSE,FALSE
3803,treatment,2026-06-02,6,53.8,1,6,53.833333333333336,1,TRUE,TRUE
3804,control,2026-06-01,2,26,0,2,26,0,TRUE,TRUE
3805,treatment,2026-06-01,2,37.5,0.5,2,37.5,0.5,TRUE,TRUE
3806,treatment,2026-06-02,1,57,1,1,57,1,TRUE,TRUE
3807,treatment,2026-06-05,2,37,0,2,37,0,TRUE,TRUE
3808,treatment,2026-06-01,1,65,1,1,65,1,TRUE,TRUE
3809,control,2026-06-01,5,37.2,0.4,5,37.2,0.4,TRUE,TRUE
3810,control,2026-06-01,0,NA,NA,0,NA,NA,FALSE,FALSE
3811,treatment,2026-06-05,1,95,1,1,95,1,TRUE,TRUE
3812,treatment,2026-06-05,2,48.5,1,2,48.5,1,TRUE,TRUE
3813,control,2026-06-03,1,21,1,1,21,1,TRUE,TRUE
3814,control,2026-06-02,2,27.5,0.5,2,27.5,0.5,TRUE,TRUE
3815,control,2026-06-03,5,43.4,0.6,5,43.4,0.6,TRUE,TRUE
3816,control,2026-06-04,3,31.3,1,3,31.333333333333332,1,TRUE,TRUE
3817,control,2026-06-01,1,11,1,1,11,1,TRUE,TRUE
3818,control,2026-06-05,2,38,1,2,38,1,TRUE,TRUE
3819,treatment,2026-06-04,2,53,0.5,2,53,0.5,TRUE,TRUE
3820,treatment,2026-06-05,6,45,0.667,6,45,0.6666666666666666,TRUE,TRUE
3821,treatment,2026-06-04,10,62.8,0.7,10,62.8,0.7,TRUE,TRUE
3822,control,2026-06-03,14,30.6,0.786,13,31.692307692307693,0.8461538461538461,TRUE,TRUE
3823,control,2026-06-02,9,26.9,0.556,9,26.88888888888889,0.5555555555555556,TRUE,TRUE
3824,control,2026-06-02,2,48,0.5,2,48,0.5,TRUE,TRUE
3825,treatment,2026-06-04,2,28.5,0.5,2,28.5,0.5,TRUE,TRUE
3826,control,2026-06-01,0,NA,NA,0,NA,NA,FALSE,FALSE
3827,treatment,2026-06-04,3,59.3,0.667,3,59.333333333333336,0.6666666666666666,TRUE,TRUE
3828,control,2026-06-04,3,36.3,0.333,3,36.333333333333336,0.3333333333333333,TRUE,TRUE
3829,control,2026-06-02,3,26.7,0.333,3,26.666666666666668,0.3333333333333333,TRUE,TRUE
3830,control,2026-06-03,7,25,1,6,26,1,TRUE,TRUE
3831,treatment,2026-06-02,3,34,0.333,3,34,0.3333333333333333,TRUE,TRUE
3832,control,2026-06-03,7,50,0.571,7,50,0.5714285714285714,TRUE,TRUE
3833,control,2026-06-05,3,55.7,1,3,55.666666666666664,1,TRUE,TRUE
3834,treatment,2026-06-04,6,56.8,0.833,6,56.833333333333336,0.8333333333333334,TRUE,TRUE
3835,control,2026-06-05,1,14,1,1,14,1,TRUE,TRUE
3836,treatment,2026-06-01,1,31,1,1,31,1,TRUE,TRUE
3837,treatment,2026-06-03,2,28,0,2,28,0,TRUE,TRUE
3838,treatment,2026-06-04,2,39.5,1,2,39.5,1,TRUE,TRUE
3839,control,2026-06-02,1,24,1,1,24,1,TRUE,TRUE
3840,control,2026-06-04,3,25.3,1,3,25.333333333333332,1,TRUE,TRUE
3841,control,2026-06-05,2,25,0.5,2,25,0.5,TRUE,TRUE
3842,treatment,2026-06-02,4,48.5,1,4,48.5,1,TRUE,TRUE
3843,control,2026-06-02,3,37.3,0,3,37.333333333333336,0,TRUE,TRUE
3844,control,2026-06-05,3,45,0.333,3,45,0.3333333333333333,TRUE,TRUE
3845,control,2026-06-02,5,26.6,0.6,5,26.6,0.6,TRUE,TRUE
3846,treatment,2026-06-03,1,64,0,1,64,0,TRUE,TRUE
3847,treatment,2026-06-03,4,43.8,0.75,4,43.75,0.75,TRUE,TRUE
3848,control,2026-06-01,0,NA,NA,0,NA,NA,FALSE,FALSE
3849,treatment,2026-06-02,3,24.7,0.667,3,24.666666666666668,0.6666666666666666,TRUE,TRUE
3850,control,2026-06-02,10,34.8,0.7,10,34.8,0.7,TRUE,TRUE
3851,treatment,2026-06-01,1,128,1,1,128,1,TRUE,TRUE
3852,treatment,2026-06-05,0,NA,NA,0,NA,NA,FALSE,FALSE
3853,treatment,2026-06-05,4,49.5,0.5,4,49.5,0.5,TRUE,TRUE
3854,treatment,2026-06-02,1,24,1,1,24,1,TRUE,TRUE
3855,control,2026-06-05,3,29.3,1,2,33,1,TRUE,TRUE
3856,treatment,2026-06-05,3,37.7,1,3,37.666666666666664,1,TRUE,TRUE
3857,control,2026-06-04,7,30,0.714,7,30,0.7142857142857143,TRUE,TRUE
3858,treatment,2026-06-03,8,52.6,0.5,8,52.625,0.5,TRUE,TRUE
3859,control,2026-06-02,5,32.2,0.8,5,32.2,0.8,TRUE,TRUE
3860,control,2026-06-05,1,30,0,1,30,0,TRUE,TRUE
3861,treatment,2026-06-05,6,44.8,0.667,6,44.833333333333336,0.6666666666666666,TRUE,TRUE
3862,control,2026-06-02,2,36,1,2,36,1,TRUE,TRUE
3863,control,2026-06-02,0,NA,NA,0,NA,NA,FALSE,FALSE
3864,control,2026-06-04,5,43.2,0.4,5,43.2,0.4,TRUE,TRUE
3865,treatment,2026-06-05,1,26,1,1,26,1,TRUE,TRUE
3866,treatment,2026-06-03,9,38.8,0.667,9,38.77777777777778,0.6666666666666666,TRUE,TRUE
3867,treatment,2026-06-01,3,89,0.333,3,89,0.3333333333333333,TRUE,TRUE
3868,control,2026-06-04,1,16,1,1,16,1,TRUE,TRUE
3869,control,2026-06-02,2,37.5,0.5,2,37.5,0.5,TRUE,TRUE
3870,treatment,2026-06-01,1,64,0,1,64,0,TRUE,TRUE
3871,treatment,2026-06-01,5,36,0.8,5,36,0.8,TRUE,TRUE
3872,treatment,2026-06-05,4,33,1,3,29,1,TRUE,TRUE
3873,treatment,2026-06-05,0,NA,NA,0,NA,NA,FALSE,FALSE
3874,treatment,2026-06-05,2,60,0.5,2,60,0.5,TRUE,TRUE
3875,control,2026-06-05,1,41,1,1,41,1,TRUE,TRUE
3876,control,2026-06-02,3,43,0.667,3,43,0.6666666666666666,TRUE,TRUE
3877,control,2026-06-03,3,33.3,0.333,3,33.333333333333336,0.3333333333333333,TRUE,TRUE
3878,control,2026-06-03,4,26.5,0.5,4,26.5,0.5,TRUE,TRUE
3879,control,2026-06-02,17,29.5,0.588,17,29.470588235294116,0.5882352941176471,TRUE,TRUE
3880,treatment,2026-06-01,2,57,1,2,57,1,TRUE,TRUE
3881,treatment,2026-06-01,5,40.4,0.2,5,40.4,0.2,TRUE,TRUE
3882,control,2026-06-01,3,20,0.333,3,20,0.3333333333333333,TRUE,TRUE
3883,treatment,2026-06-02,1,27,1,1,27,1,TRUE,TRUE
3884,control,2026-06-05,2,34,0.5,2,34,0.5,TRUE,TRUE
3885,control,2026-06-01,3,57,0.667,3,57,0.6666666666666666,TRUE,TRUE
3886,treatment,2026-06-01,0,NA,NA,0,NA,NA,FALSE,FALSE
3887,treatment,2026-06-03,5,29.2,0.8,5,29.2,0.8,TRUE,TRUE
3888,treatment,2026-06-02,8,46,0.5,8,46,0.5,TRUE,TRUE
3889,control,2026-06-05,4,28.5,0.75,2,20,1,TRUE,TRUE
3890,control,2026-06-03,6,30,0.833,6,30,0.8333333333333334,TRUE,TRUE
3891,treatment,2026-06-03,8,72.2,1,8,72.25,1,TRUE,TRUE
3892,control,2026-06-03,4,65,1,3,56.333333333333336,1,TRUE,TRUE
3893,control,2026-06-01,1,34,0,1,34,0,TRUE,TRUE
3894,control,2026-06-04,6,36.3,0.667,6,36.333333333333336,0.6666666666666666,TRUE,TRUE
3895,control,2026-06-01,4,27.5,0.5,4,27.5,0.5,TRUE,TRUE
3896,control,2026-06-03,3,25.7,1,3,25.666666666666668,1,TRUE,TRUE
3897,treatment,2026-06-05,4,41.2,0.25,4,41.25,0.25,TRUE,TRUE
3898,control,2026-06-03,4,23.8,0.5,4,23.75,0.5,TRUE,TRUE
3899,treatment,2026-06-03,3,35.7,0.333,3,35.666666666666664,0.3333333333333333,TRUE,TRUE
3900,treatment,2026-06-02,1,36,0,1,36,0,TRUE,TRUE
3901,control,2026-06-03,2,27,0.5,2,27,0.5,TRUE,TRUE
3902,treatment,2026-06-01,0,NA,NA,0,NA,NA,FALSE,FALSE
3903,control,2026-06-04,1,53,1,1,53,1,TRUE,TRUE
3904,treatment,2026-06-02,0,NA,NA,0,NA,NA,FALSE,FALSE
3905,treatment,2026-06-01,4,80.5,0.75,4,80.5,0.75,TRUE,TRUE
3906,treatment,2026-06-03,19,53.2,0.737,19,53.1578947368421,0.7368421052631579,TRUE,TRUE
3907,control,2026-06-01,1,23,1,1,23,1,TRUE,TRUE
3908,treatment,2026-06-05,1,49,1,1,49,1,TRUE,TRUE
3909,treatment,2026-06-04,1,52,0,1,52,0,TRUE,TRUE
3910,control,2026-06-03,2,39,0.5,2,39,0.5,TRUE,TRUE
3911,control,2026-06-03,1,15,1,1,15,1,TRUE,TRUE
3912,treatment,2026-06-01,4,63.2,0.5,4,63.25,0.5,TRUE,TRUE
3913,treatment,2026-06-04,5,60.8,0.6,5,60.8,0.6,TRUE,TRUE
3914,treatment,2026-06-04,11,48.2,0.545,11,48.18181818181818,0.5454545454545454,TRUE,TRUE
3915,control,2026-06-01,2,27.5,1,2,27.5,1,TRUE,TRUE
3916,treatment,2026-06-03,3,67.7,1,3,67.66666666666667,1,TRUE,TRUE
3917,treatment,2026-06-05,1,40,0,1,40,0,TRUE,TRUE
3918,treatment,2026-06-01,4,41.2,0.75,4,41.25,0.75,TRUE,TRUE
3919,treatment,2026-06-03,1,35,1,1,35,1,TRUE,TRUE
3920,control,2026-06-03,2,63,1,2,63,1,TRUE,TRUE
3921,treatment,2026-06-03,5,43,0.4,5,43,0.4,TRUE,TRUE
3922,treatment,2026-06-02,1,90,1,1,90,1,TRUE,TRUE
3923,treatment,2026-06-02,12,43.7,0.667,11,42.09090909090909,0.6363636363636364,TRUE,TRUE
3924,control,2026-06-02,9,28.6,0.667,9,28.555555555555557,0.6666666666666666,TRUE,TRUE
3925,treatment,2026-06-02,2,48,0.5,2,48,0.5,TRUE,TRUE
3926,treatment,2026-06-03,4,29.5,0.5,4,29.5,0.5,TRUE,TRUE
3927,treatment,2026-06-05,3,40,0.667,3,40,0.6666666666666666,TRUE,TRUE
3928,treatment,2026-06-02,2,30.5,1,2,30.5,1,TRUE,TRUE
3929,control,2026-06-03,3,30.3,1,3,30.333333333333332,1,TRUE,TRUE
3930,control,2026-06-01,9,39.7,0.667,9,39.666666666666664,0.6666666666666666,TRUE,TRUE
3931,control,2026-06-01,2,48.5,0.5,2,48.5,0.5,TRUE,TRUE
3932,treatment,2026-06-02,4,34.5,0.5,4,34.5,0.5,TRUE,TRUE
3933,treatment,2026-06-01,3,95,0.333,3,95,0.3333333333333333,TRUE,TRUE
3934,treatment,2026-06-04,5,63.2,0.8,5,63.2,0.8,TRUE,TRUE
3935,control,2026-06-04,1,19,1,1,19,1,TRUE,TRUE
3936,treatment,2026-06-03,7,60.3,0.571,7,60.285714285714285,0.5714285714285714,TRUE,TRUE
3937,treatment,2026-06-03,7,49.1,0.857,7,49.142857142857146,0.8571428571428571,TRUE,TRUE
3938,control,2026-06-01,0,NA,NA,0,NA,NA,FALSE,FALSE
3939,control,2026-06-02,3,32.3,0.667,3,32.333333333333336,0.6666666666666666,TRUE,TRUE
3940,control,2026-06-03,3,32,1,3,32,1,TRUE,TRUE
3941,control,2026-06-02,3,33.7,0.667,3,33.666666666666664,0.6666666666666666,TRUE,TRUE
3942,treatment,2026-06-03,5,26.4,0.2,5,26.4,0.2,TRUE,TRUE
3943,treatment,2026-06-03,5,55,1,5,55,1,TRUE,TRUE
3944,treatment,2026-06-04,1,48,1,1,48,1,TRUE,TRUE
3945,treatment,2026-06-03,0,NA,NA,0,NA,NA,FALSE,FALSE
3946,treatment,2026-06-04,3,33,0.667,3,33,0.6666666666666666,TRUE,TRUE
3947,control,2026-06-03,3,40.3,1,3,40.333333333333336,1,TRUE,TRUE
3948,treatment,2026-06-04,3,61.7,0.333,3,61.666666666666664,0.3333333333333333,TRUE,TRUE
3949,control,2026-06-03,7,34.1,0.571,6,33.666666666666664,0.5,TRUE,TRUE
3950,treatment,2026-06-04,6,39.3,0.667,5,42.6,0.8,TRUE,TRUE
3951,treatment,2026-06-05,7,32.7,1,6,32,1,TRUE,TRUE
3952,control,2026-06-02,4,26.8,1,4,26.75,1,TRUE,TRUE
3953,treatment,2026-06-05,5,39.2,0.8,5,39.2,0.8,TRUE,TRUE
3954,control,2026-06-04,2,27,0,2,27,0,TRUE,TRUE
3955,treatment,2026-06-05,1,54,1,0,NA,NA,FALSE,TRUE
3956,control,2026-06-02,1,6,1,1,6,1,TRUE,TRUE
3957,treatment,2026-06-04,2,21,1,2,21,1,TRUE,TRUE
3958,treatment,2026-06-01,3,39,0.667,3,39,0.6666666666666666,TRUE,TRUE
3959,control,2026-06-03,2,30,0.5,2,30,0.5,TRUE,TRUE
3960,treatment,2026-06-03,3,30.3,1,3,30.333333333333332,1,TRUE,TRUE
3961,treatment,2026-06-04,2,39,1,2,39,1,TRUE,TRUE
3962,treatment,2026-06-01,2,28.5,1,2,28.5,1,TRUE,TRUE
3963,treatment,2026-06-02,2,35,1,2,35,1,TRUE,TRUE
3964,treatment,2026-06-03,6,45.2,1,6,45.166666666666664,1,TRUE,TRUE
3965,treatment,2026-06-02,2,46,1,2,46,1,TRUE,TRUE
3966,control,2026-06-04,8,43.2,0.875,8,43.25,0.875,TRUE,TRUE
3967,treatment,2026-06-04,11,41.2,0.727,10,41.4,0.7,TRUE,TRUE
3968,treatment,2026-06-03,3,21,0.333,3,21,0.3333333333333333,TRUE,TRUE
3969,treatment,2026-06-03,0,NA,NA,0,NA,NA,FALSE,FALSE
3970,control,2026-06-05,1,54,1,1,54,1,TRUE,TRUE
3971,control,2026-06-04,1,58,1,1,58,1,TRUE,TRUE
3972,control,2026-06-03,3,36.3,1,3,36.333333333333336,1,TRUE,TRUE
3973,treatment,2026-06-02,3,39.3,0.667,3,39.333333333333336,0.6666666666666666,TRUE,TRUE
3974,treatment,2026-06-05,1,27,1,1,27,1,TRUE,TRUE
3975,control,2026-06-03,7,36.9,1,7,36.857142857142854,1,TRUE,TRUE
3976,treatment,2026-06-03,4,50.5,0.75,3,34.666666666666664,0.6666666666666666,TRUE,TRUE
3977,control,2026-06-03,11,36.6,0.818,11,36.63636363636363,0.8181818181818182,TRUE,TRUE
3978,control,2026-06-04,2,44,1,2,44,1,TRUE,TRUE
3979,control,2026-06-05,7,34,0.714,6,34.5,0.6666666666666666,TRUE,TRUE
3980,treatment,2026-06-01,2,52,1,2,52,1,TRUE,TRUE
3981,treatment,2026-06-05,0,NA,NA,0,NA,NA,FALSE,FALSE
3982,treatment,2026-06-02,8,53.1,0.875,8,53.125,0.875,TRUE,TRUE
3983,control,2026-06-03,1,17,0,1,17,0,TRUE,TRUE
3984,treatment,2026-06-05,2,74.5,1,2,74.5,1,TRUE,TRUE
3985,control,2026-06-01,3,23.3,0.667,3,23.333333333333332,0.6666666666666666,TRUE,TRUE
3986,control,2026-06-05,1,35,1,0,NA,NA,FALSE,TRUE
3987,control,2026-06-01,4,22.2,1,4,22.25,1,TRUE,TRUE
3988,control,2026-06-04,2,44.5,1,2,44.5,1,TRUE,TRUE
3989,treatment,2026-06-05,0,NA,NA,0,NA,NA,FALSE,FALSE
3990,control,2026-06-05,11,27.2,0.545,11,27.181818181818183,0.5454545454545454,TRUE,TRUE
3991,control,2026-06-03,6,21.5,0.333,6,21.5,0.3333333333333333,TRUE,TRUE
3992,control,2026-06-05,2,20.5,1,2,20.5,1,TRUE,TRUE
3993,control,2026-06-03,2,20,1,2,20,1,TRUE,TRUE
3994,treatment,2026-06-05,3,45.3,0.333,3,45.333333333333336,0.3333333333333333,TRUE,TRUE
3995,treatment,2026-06-05,2,43,1,2,43,1,TRUE,TRUE
3996,treatment,2026-06-04,0,NA,NA,0,NA,NA,FALSE,FALSE
3997,control,2026-06-04,0,NA,NA,0,NA,NA,FALSE,FALSE
3998,control,2026-06-05,4,31.2,0.5,4,31.25,0.5,TRUE,TRUE
3999,treatment,2026-06-01,5,40.4,0.6,5,40.4,0.6,TRUE,TRUE
4000,treatment,2026-06-04,3,57.3,0.667,3,57.333333333333336,0.6666666666666666,TRUE,TRUE
4001,treatment,2026-06-04,3,71,0.667,3,71,0.6666666666666666,TRUE,TRUE
4002,treatment,2026-06-04,6,66,0.833,6,66,0.8333333333333334,TRUE,TRUE
4003,treatment,2026-06-04,8,44.8,0.25,8,44.75,0.25,TRUE,TRUE
4004,control,2026-06-04,4,28.5,1,4,28.5,1,TRUE,TRUE
4005,treatment,2026-06-05,1,47,0,1,47,0,TRUE,TRUE
4006,treatment,2026-06-02,1,49,1,1,49,1,TRUE,TRUE
4007,control,2026-06-05,1,17,1,1,17,1,TRUE,TRUE
4008,treatment,2026-06-03,2,36,1,2,36,1,TRUE,TRUE
4009,control,2026-06-03,4,56,0.75,4,56,0.75,TRUE,TRUE
4010,control,2026-06-01,1,26,0,1,26,0,TRUE,TRUE
4011,treatment,2026-06-04,1,44,1,1,44,1,TRUE,TRUE
4012,treatment,2026-06-05,4,58,0.75,4,58,0.75,TRUE,TRUE
4013,treatment,2026-06-02,0,NA,NA,0,NA,NA,FALSE,FALSE
4014,control,2026-06-01,7,49.1,0.714,7,49.142857142857146,0.7142857142857143,TRUE,TRUE
4015,control,2026-06-03,5,34.4,0.8,5,34.4,0.8,TRUE,TRUE
4016,control,2026-06-03,6,27.7,0.667,6,27.666666666666668,0.6666666666666666,TRUE,TRUE
4017,treatment,2026-06-03,6,53.5,0.667,6,53.5,0.6666666666666666,TRUE,TRUE
4018,treatment,2026-06-05,3,27.7,0.667,3,27.666666666666668,0.6666666666666666,TRUE,TRUE
4019,control,2026-06-04,4,38.5,0.75,4,38.5,0.75,TRUE,TRUE
4020,treatment,2026-06-01,2,38.5,0.5,2,38.5,0.5,TRUE,TRUE
4021,control,2026-06-05,5,29,0.4,5,29,0.4,TRUE,TRUE
4022,treatment,2026-06-03,4,52.5,0.5,4,52.5,0.5,TRUE,TRUE
4023,treatment,2026-06-01,4,57.8,0.25,4,57.75,0.25,TRUE,TRUE
4024,treatment,2026-06-04,3,56.7,0.333,3,56.666666666666664,0.3333333333333333,TRUE,TRUE
4025,treatment,2026-06-01,4,57,1,4,57,1,TRUE,TRUE
4026,treatment,2026-06-05,3,43.3,1,2,48.5,1,TRUE,TRUE
4027,control,2026-06-02,4,29.2,1,4,29.25,1,TRUE,TRUE
4028,treatment,2026-06-04,3,35.3,0.333,3,35.333333333333336,0.3333333333333333,TRUE,TRUE
4029,control,2026-06-01,2,27,0,2,27,0,TRUE,TRUE
4030,treatment,2026-06-03,3,42.7,1,2,54,1,TRUE,TRUE
4031,treatment,2026-06-04,1,26,1,1,26,1,TRUE,TRUE
4032,control,2026-06-05,0,NA,NA,0,NA,NA,FALSE,FALSE
4033,treatment,2026-06-04,1,35,1,1,35,1,TRUE,TRUE
4034,treatment,2026-06-04,0,NA,NA,0,NA,NA,FALSE,FALSE
4035,treatment,2026-06-02,8,55.4,0.875,8,55.375,0.875,TRUE,TRUE
4036,control,2026-06-01,3,25,0.667,3,25,0.6666666666666666,TRUE,TRUE
4037,control,2026-06-04,2,33,1,2,33,1,TRUE,TRUE
4038,treatment,2026-06-02,2,53.5,1,2,53.5,1,TRUE,TRUE
4039,treatment,2026-06-03,1,19,1,1,19,1,TRUE,TRUE
4040,control,2026-06-04,3,36.3,0.667,3,36.333333333333336,0.6666666666666666,TRUE,TRUE
4041,control,2026-06-01,2,28.5,1,2,28.5,1,TRUE,TRUE
4042,control,2026-06-01,8,31.6,0.875,8,31.625,0.875,TRUE,TRUE
4043,treatment,2026-06-03,6,47.5,1,6,47.5,1,TRUE,TRUE
4044,treatment,2026-06-01,5,44.8,1,5,44.8,1,TRUE,TRUE
4045,treatment,2026-06-01,0,NA,NA,0,NA,NA,FALSE,FALSE
4046,control,2026-06-04,0,NA,NA,0,NA,NA,FALSE,FALSE
4047,control,2026-06-04,2,79,1,2,79,1,TRUE,TRUE
4048,treatment,2026-06-03,2,20,1,2,20,1,TRUE,TRUE
4049,control,2026-06-03,5,37.8,0.6,5,37.8,0.6,TRUE,TRUE
4050,control,2026-06-03,0,NA,NA,0,NA,NA,FALSE,FALSE
4051,treatment,2026-06-04,1,47,1,1,47,1,TRUE,TRUE
4052,control,2026-06-02,3,31.3,1,3,31.333333333333332,1,TRUE,TRUE
4053,control,2026-06-01,5,41,0.6,5,41,0.6,TRUE,TRUE
4054,treatment,2026-06-01,1,67,1,1,67,1,TRUE,TRUE
4055,treatment,2026-06-05,0,NA,NA,0,NA,NA,FALSE,FALSE
4056,treatment,2026-06-02,7,69.4,0.857,7,69.42857142857143,0.8571428571428571,TRUE,TRUE
4057,control,2026-06-04,2,23,0.5,2,23,0.5,TRUE,TRUE
4058,treatment,2026-06-04,0,NA,NA,0,NA,NA,FALSE,FALSE
4059,control,2026-06-03,1,15,0,1,15,0,TRUE,TRUE
4060,control,2026-06-04,1,18,0,1,18,0,TRUE,TRUE
4061,treatment,2026-06-05,2,67,1,1,88,1,TRUE,TRUE
4062,treatment,2026-06-02,2,61,1,2,61,1,TRUE,TRUE
4063,control,2026-06-04,2,14,0.5,2,14,0.5,TRUE,TRUE
4064,treatment,2026-06-02,1,68,1,1,68,1,TRUE,TRUE
4065,control,2026-06-03,2,19.5,1,2,19.5,1,TRUE,TRUE
4066,treatment,2026-06-03,0,NA,NA,0,NA,NA,FALSE,FALSE
4067,treatment,2026-06-04,6,43.3,0.667,6,43.333333333333336,0.6666666666666666,TRUE,TRUE
4068,control,2026-06-03,2,37,1,2,37,1,TRUE,TRUE
4069,treatment,2026-06-04,2,30,1,2,30,1,TRUE,TRUE
4070,control,2026-06-03,0,NA,NA,0,NA,NA,FALSE,FALSE
4071,control,2026-06-04,3,24.3,1,3,24.333333333333332,1,TRUE,TRUE
4072,treatment,2026-06-04,6,30.5,0.833,5,28.6,0.8,TRUE,TRUE
4073,treatment,2026-06-02,8,41.2,0.5,8,41.25,0.5,TRUE,TRUE
4074,treatment,2026-06-01,4,53.5,0.5,4,53.5,0.5,TRUE,TRUE
4075,treatment,2026-06-05,3,31.7,0.667,3,31.666666666666668,0.6666666666666666,TRUE,TRUE
4076,treatment,2026-06-01,4,57.5,0.75,4,57.5,0.75,TRUE,TRUE
4077,treatment,2026-06-01,2,54,1,2,54,1,TRUE,TRUE
4078,control,2026-06-02,4,38.8,0.75,4,38.75,0.75,TRUE,TRUE
4079,control,2026-06-03,0,NA,NA,0,NA,NA,FALSE,FALSE
4080,treatment,2026-06-02,1,41,1,1,41,1,TRUE,TRUE
4081,control,2026-06-05,1,76,1,1,76,1,TRUE,TRUE
4082,treatment,2026-06-05,2,44,0.5,2,44,0.5,TRUE,TRUE
4083,control,2026-06-02,0,NA,NA,0,NA,NA,FALSE,FALSE
4084,control,2026-06-04,1,26,1,1,26,1,TRUE,TRUE
4085,control,2026-06-04,0,NA,NA,0,NA,NA,FALSE,FALSE
4086,control,2026-06-04,5,41.4,0.6,5,41.4,0.6,TRUE,TRUE
4087,treatment,2026-06-01,6,56.8,0.833,6,56.833333333333336,0.8333333333333334,TRUE,TRUE
4088,control,2026-06-03,1,28,1,1,28,1,TRUE,TRUE
4089,control,2026-06-03,7,36.7,0.429,7,36.714285714285715,0.42857142857142855,TRUE,TRUE
4090,control,2026-06-01,5,39.6,0.6,5,39.6,0.6,TRUE,TRUE
4091,treatment,2026-06-02,2,51,1,2,51,1,TRUE,TRUE
4092,control,2026-06-05,3,27.3,0.667,3,27.333333333333332,0.6666666666666666,TRUE,TRUE
4093,control,2026-06-02,5,33.2,0.8,5,33.2,0.8,TRUE,TRUE
4094,treatment,2026-06-03,15,43.1,0.8,15,43.13333333333333,0.8,TRUE,TRUE
4095,control,2026-06-02,1,34,1,1,34,1,TRUE,TRUE
4096,control,2026-06-02,0,NA,NA,0,NA,NA,FALSE,FALSE
4097,control,2026-06-04,5,29.4,0.6,5,29.4,0.6,TRUE,TRUE
4098,treatment,2026-06-02,2,37.5,0.5,1,22,1,TRUE,TRUE
4099,control,2026-06-03,4,33.8,0.75,3,37,1,TRUE,TRUE
4100,treatment,2026-06-05,7,48.4,0.571,7,48.42857142857143,0.5714285714285714,TRUE,TRUE
4101,treatment,2026-06-05,1,58,1,1,58,1,TRUE,TRUE
4102,control,2026-06-05,3,26.3,1,3,26.333333333333332,1,TRUE,TRUE
4103,control,2026-06-02,2,29.5,0,2,29.5,0,TRUE,TRUE
4104,control,2026-06-02,3,31,1,3,31,1,TRUE,TRUE
4105,treatment,2026-06-04,3,43.7,0.667,2,47.5,0.5,TRUE,TRUE
4106,control,2026-06-04,1,17,1,1,17,1,TRUE,TRUE
4107,treatment,2026-06-01,5,49.6,0.6,5,49.6,0.6,TRUE,TRUE
4108,control,2026-06-03,3,30.7,0.333,3,30.666666666666668,0.3333333333333333,TRUE,TRUE
4109,treatment,2026-06-02,0,NA,NA,0,NA,NA,FALSE,FALSE
4110,treatment,2026-06-04,4,40.2,1,4,40.25,1,TRUE,TRUE
4111,control,2026-06-04,3,45.7,1,3,45.666666666666664,1,TRUE,TRUE
4112,treatment,2026-06-05,5,40.4,0.4,4,42.25,0.25,TRUE,TRUE
4113,control,2026-06-01,4,39.2,0.5,4,39.25,0.5,TRUE,TRUE
4114,control,2026-06-03,5,42.2,0.6,5,42.2,0.6,TRUE,TRUE
4115,treatment,2026-06-03,6,35.3,0.667,6,35.333333333333336,0.6666666666666666,TRUE,TRUE
4116,control,2026-06-04,2,24,0,2,24,0,TRUE,TRUE
4117,treatment,2026-06-02,3,33,0.667,3,33,0.6666666666666666,TRUE,TRUE
4118,control,2026-06-01,1,10,0,1,10,0,TRUE,TRUE
4119,treatment,2026-06-05,3,34.3,0.333,3,34.333333333333336,0.3333333333333333,TRUE,TRUE
4120,treatment,2026-06-02,0,NA,NA,0,NA,NA,FALSE,FALSE
4121,control,2026-06-04,2,42.5,1,2,42.5,1,TRUE,TRUE
4122,treatment,2026-06-01,4,17,0,4,17,0,TRUE,TRUE
4123,treatment,2026-06-05,3,40,0.333,3,40,0.3333333333333333,TRUE,TRUE
4124,control,2026-06-01,6,47.3,0.833,6,47.333333333333336,0.8333333333333334,TRUE,TRUE
4125,treatment,2026-06-02,3,27.7,0.667,3,27.666666666666668,0.6666666666666666,TRUE,TRUE
4126,treatment,2026-06-02,9,45.7,0.889,9,45.666666666666664,0.8888888888888888,TRUE,TRUE
4127,treatment,2026-06-05,3,50.3,0.333,3,50.333333333333336,0.3333333333333333,TRUE,TRUE
4128,treatment,2026-06-03,1,97,0,1,97,0,TRUE,TRUE
4129,treatment,2026-06-02,5,43.8,0.8,5,43.8,0.8,TRUE,TRUE
4130,treatment,2026-06-04,4,29.8,0.75,4,29.75,0.75,TRUE,TRUE
4131,treatment,2026-06-01,0,NA,NA,0,NA,NA,FALSE,FALSE
4132,control,2026-06-02,0,NA,NA,0,NA,NA,FALSE,FALSE
4133,control,2026-06-02,8,34.5,0.875,8,34.5,0.875,TRUE,TRUE
4134,control,2026-06-02,5,30,1,5,30,1,TRUE,TRUE
4135,treatment,2026-06-05,0,NA,NA,0,NA,NA,FALSE,FALSE
4136,control,2026-06-04,3,56.3,0.667,3,56.333333333333336,0.6666666666666666,TRUE,TRUE
4137,control,2026-06-05,1,26,1,1,26,1,TRUE,TRUE
4138,control,2026-06-03,1,12,1,1,12,1,TRUE,TRUE
4139,treatment,2026-06-05,4,38.8,0.75,4,38.75,0.75,TRUE,TRUE
4140,treatment,2026-06-05,2,86,0.5,2,86,0.5,TRUE,TRUE
4141,control,2026-06-01,5,31.6,0.8,5,31.6,0.8,TRUE,TRUE
4142,treatment,2026-06-02,1,77,0,1,77,0,TRUE,TRUE
4143,control,2026-06-04,2,32,0.5,2,32,0.5,TRUE,TRUE
4144,control,2026-06-01,6,35.3,0.833,6,35.333333333333336,0.8333333333333334,TRUE,TRUE
4145,control,2026-06-02,3,32.7,1,3,32.666666666666664,1,TRUE,TRUE
4146,control,2026-06-05,1,46,1,1,46,1,TRUE,TRUE
4147,control,2026-06-01,5,44.4,0.2,5,44.4,0.2,TRUE,TRUE
4148,control,2026-06-04,2,27,1,2,27,1,TRUE,TRUE
4149,treatment,2026-06-05,2,58,0.5,1,69,0,TRUE,TRUE
4150,treatment,2026-06-05,7,35.9,0.714,6,36.833333333333336,0.8333333333333334,TRUE,TRUE
4151,treatment,2026-06-02,0,NA,NA,0,NA,NA,FALSE,FALSE
4152,control,2026-06-05,3,41.3,0.667,3,41.333333333333336,0.6666666666666666,TRUE,TRUE
4153,control,2026-06-02,1,29,0,1,29,0,TRUE,TRUE
4154,treatment,2026-06-04,6,49,0.833,6,49,0.8333333333333334,TRUE,TRUE
4155,treatment,2026-06-05,2,32.5,1,2,32.5,1,TRUE,TRUE
4156,treatment,2026-06-04,6,68.7,0.833,5,69.4,0.8,TRUE,TRUE
4157,treatment,2026-06-04,8,48.5,0.625,8,48.5,0.625,TRUE,TRUE
4158,treatment,2026-06-04,7,46.6,0.571,7,46.57142857142857,0.5714285714285714,TRUE,TRUE
4159,treatment,2026-06-03,2,52,0.5,2,52,0.5,TRUE,TRUE
4160,treatment,2026-06-02,0,NA,NA,0,NA,NA,FALSE,FALSE
4161,control,2026-06-04,7,31.3,0.571,7,31.285714285714285,0.5714285714285714,TRUE,TRUE
4162,treatment,2026-06-04,4,56.2,0.75,4,56.25,0.75,TRUE,TRUE
4163,control,2026-06-05,5,36.4,0.8,5,36.4,0.8,TRUE,TRUE
4164,treatment,2026-06-05,2,46.5,1,2,46.5,1,TRUE,TRUE
4165,treatment,2026-06-05,0,NA,NA,0,NA,NA,FALSE,FALSE
4166,treatment,2026-06-02,4,42,0.5,4,42,0.5,TRUE,TRUE
4167,control,2026-06-01,6,40.5,0.833,6,40.5,0.8333333333333334,TRUE,TRUE
4168,treatment,2026-06-01,2,35.5,1,2,35.5,1,TRUE,TRUE
4169,treatment,2026-06-03,5,36.4,0.6,5,36.4,0.6,TRUE,TRUE
4170,treatment,2026-06-05,3,40.7,1,3,40.666666666666664,1,TRUE,TRUE
4171,control,2026-06-04,4,30,0.75,4,30,0.75,TRUE,TRUE
4172,treatment,2026-06-01,1,31,1,1,31,1,TRUE,TRUE
4173,control,2026-06-04,3,31.7,1,3,31.666666666666668,1,TRUE,TRUE
4174,control,2026-06-05,0,NA,NA,0,NA,NA,FALSE,FALSE
4175,control,2026-06-01,0,NA,NA,0,NA,NA,FALSE,FALSE
4176,control,2026-06-03,0,NA,NA,0,NA,NA,FALSE,FALSE
4177,treatment,2026-06-01,0,NA,NA,0,NA,NA,FALSE,FALSE
4178,treatment,2026-06-02,2,30.5,1,2,30.5,1,TRUE,TRUE
4179,control,2026-06-02,1,17,1,1,17,1,TRUE,TRUE
4180,treatment,2026-06-03,2,63,1,2,63,1,TRUE,TRUE
4181,control,2026-06-05,0,NA,NA,0,NA,NA,FALSE,FALSE
4182,treatment,2026-06-01,3,37.7,0.333,3,37.666666666666664,0.3333333333333333,TRUE,TRUE
4183,treatment,2026-06-01,1,21,1,1,21,1,TRUE,TRUE
4184,treatment,2026-06-02,1,54,0,1,54,0,TRUE,TRUE
4185,control,2026-06-05,1,24,1,1,24,1,TRUE,TRUE
4186,treatment,2026-06-02,2,33.5,0.5,2,33.5,0.5,TRUE,TRUE
4187,control,2026-06-04,3,42,1,2,23.5,1,TRUE,TRUE
4188,control,2026-06-01,1,78,1,1,78,1,TRUE,TRUE
4189,treatment,2026-06-03,2,87,1,2,87,1,TRUE,TRUE
4190,control,2026-06-05,4,49.2,0.75,3,50.333333333333336,0.6666666666666666,TRUE,TRUE
4191,control,2026-06-05,0,NA,NA,0,NA,NA,FALSE,FALSE
4192,treatment,2026-06-05,1,40,1,1,40,1,TRUE,TRUE
4193,control,2026-06-03,1,18,1,1,18,1,TRUE,TRUE
4194,control,2026-06-02,6,33,0.667,5,29.8,0.6,TRUE,TRUE
4195,control,2026-06-03,5,24.8,1,4,24,1,TRUE,TRUE
4196,treatment,2026-06-02,10,55.9,0.8,10,55.9,0.8,TRUE,TRUE
4197,treatment,2026-06-03,5,43,1,5,43,1,TRUE,TRUE
4198,treatment,2026-06-05,1,83,1,0,NA,NA,FALSE,TRUE
4199,control,2026-06-02,3,35.3,0.333,3,35.333333333333336,0.3333333333333333,TRUE,TRUE
4200,control,2026-06-02,16,24.6,0.938,16,24.625,0.9375,TRUE,TRUE
4201,control,2026-06-01,4,24.2,1,4,24.25,1,TRUE,TRUE
4202,control,2026-06-04,0,NA,NA,0,NA,NA,FALSE,FALSE
4203,control,2026-06-01,1,13,1,1,13,1,TRUE,TRUE
4204,treatment,2026-06-04,0,NA,NA,0,NA,NA,FALSE,FALSE
4205,treatment,2026-06-03,2,51,1,1,30,1,TRUE,TRUE
4206,control,2026-06-03,1,32,1,1,32,1,TRUE,TRUE
4207,treatment,2026-06-02,4,51.2,0.5,4,51.25,0.5,TRUE,TRUE
4208,treatment,2026-06-02,3,45,1,3,45,1,TRUE,TRUE
4209,treatment,2026-06-04,1,71,0,1,71,0,TRUE,TRUE
4210,treatment,2026-06-05,4,57,1,4,57,1,TRUE,TRUE
4211,treatment,2026-06-03,7,71,0.857,7,71,0.8571428571428571,TRUE,TRUE
4212,treatment,2026-06-05,5,41.6,0.6,5,41.6,0.6,TRUE,TRUE
4213,control,2026-06-05,5,34.8,0.8,5,34.8,0.8,TRUE,TRUE
4214,treatment,2026-06-02,1,29,0,1,29,0,TRUE,TRUE
4215,treatment,2026-06-03,1,103,0,1,103,0,TRUE,TRUE
4216,control,2026-06-05,0,NA,NA,0,NA,NA,FALSE,FALSE
4217,treatment,2026-06-05,4,39.5,0.5,4,39.5,0.5,TRUE,TRUE
4218,treatment,2026-06-01,1,30,1,1,30,1,TRUE,TRUE
4219,treatment,2026-06-04,11,57,0.818,10,58.1,0.8,TRUE,TRUE
4220,treatment,2026-06-05,1,19,0,1,19,0,TRUE,TRUE
4221,control,2026-06-03,5,39,0.4,5,39,0.4,TRUE,TRUE
4222,control,2026-06-04,3,26.7,0.667,3,26.666666666666668,0.6666666666666666,TRUE,TRUE
4223,control,2026-06-04,1,32,1,1,32,1,TRUE,TRUE
4224,treatment,2026-06-03,1,51,1,1,51,1,TRUE,TRUE
4225,treatment,2026-06-04,6,62.3,0.833,6,62.333333333333336,0.8333333333333334,TRUE,TRUE
4226,control,2026-06-01,4,28.5,0.75,4,28.5,0.75,TRUE,TRUE
4227,treatment,2026-06-04,3,54.3,0.333,3,54.333333333333336,0.3333333333333333,TRUE,TRUE
4228,treatment,2026-06-03,2,65.5,1,2,65.5,1,TRUE,TRUE
4229,control,2026-06-05,0,NA,NA,0,NA,NA,FALSE,FALSE
4230,control,2026-06-01,0,NA,NA,0,NA,NA,FALSE,FALSE
4231,control,2026-06-03,2,34.5,1,2,34.5,1,TRUE,TRUE
4232,treatment,2026-06-03,1,23,1,1,23,1,TRUE,TRUE
4233,control,2026-06-03,6,29.7,0.833,6,29.666666666666668,0.8333333333333334,TRUE,TRUE
4234,control,2026-06-03,4,43.8,0.75,4,43.75,0.75,TRUE,TRUE
4235,control,2026-06-03,3,19.7,0.333,1,11,1,TRUE,TRUE
4236,treatment,2026-06-04,11,59.1,0.909,10,50.9,0.9,TRUE,TRUE
4237,treatment,2026-06-02,5,41.4,0.8,4,48.25,0.75,TRUE,TRUE
4238,treatment,2026-06-05,5,54.2,1,4,57.75,1,TRUE,TRUE
4239,treatment,2026-06-02,0,NA,NA,0,NA,NA,FALSE,FALSE
4240,treatment,2026-06-02,1,114,1,1,114,1,TRUE,TRUE
4241,control,2026-06-05,3,31,0.667,3,31,0.6666666666666666,TRUE,TRUE
4242,control,2026-06-03,4,44,0.75,4,44,0.75,TRUE,TRUE
4243,treatment,2026-06-04,1,108,1,1,108,1,TRUE,TRUE
4244,treatment,2026-06-02,0,NA,NA,0,NA,NA,FALSE,FALSE
4245,control,2026-06-04,0,NA,NA,0,NA,NA,FALSE,FALSE
4246,treatment,2026-06-05,2,37.5,1,2,37.5,1,TRUE,TRUE
4247,treatment,2026-06-01,5,28.4,0.8,5,28.4,0.8,TRUE,TRUE
4248,treatment,2026-06-05,3,46,1,3,46,1,TRUE,TRUE
4249,control,2026-06-03,4,28.2,0.5,4,28.25,0.5,TRUE,TRUE
4250,treatment,2026-06-05,8,50.5,0.75,7,51.285714285714285,0.7142857142857143,TRUE,TRUE
4251,treatment,2026-06-02,6,43,0.667,6,43,0.6666666666666666,TRUE,TRUE
4252,treatment,2026-06-05,12,40.5,0.75,12,40.5,0.75,TRUE,TRUE
4253,treatment,2026-06-03,1,62,1,1,62,1,TRUE,TRUE
4254,control,2026-06-03,3,20.7,0.667,2,17.5,0.5,TRUE,TRUE
4255,treatment,2026-06-02,0,NA,NA,0,NA,NA,FALSE,FALSE
4256,treatment,2026-06-02,4,59.2,0.75,4,59.25,0.75,TRUE,TRUE
4257,treatment,2026-06-05,1,80,1,1,80,1,TRUE,TRUE
4258,treatment,2026-06-05,2,52.5,1,2,52.5,1,TRUE,TRUE
4259,control,2026-06-04,7,48.7,0.571,7,48.714285714285715,0.5714285714285714,TRUE,TRUE
4260,treatment,2026-06-02,7,44.4,0.571,7,44.42857142857143,0.5714285714285714,TRUE,TRUE
4261,treatment,2026-06-04,1,76,1,1,76,1,TRUE,TRUE
4262,treatment,2026-06-02,3,52,0.667,3,52,0.6666666666666666,TRUE,TRUE
4263,treatment,2026-06-05,0,NA,NA,0,NA,NA,FALSE,FALSE
4264,control,2026-06-03,2,47.5,1,2,47.5,1,TRUE,TRUE
4265,treatment,2026-06-02,2,49,0.5,2,49,0.5,TRUE,TRUE
4266,control,2026-06-04,5,22.4,0.4,4,23.75,0.5,TRUE,TRUE
4267,control,2026-06-04,0,NA,NA,0,NA,NA,FALSE,FALSE
4268,treatment,2026-06-01,2,54,1,2,54,1,TRUE,TRUE
4269,control,2026-06-01,5,32.4,1,5,32.4,1,TRUE,TRUE
4270,treatment,2026-06-01,1,25,1,1,25,1,TRUE,TRUE
4271,treatment,2026-06-01,1,23,1,1,23,1,TRUE,TRUE
4272,control,2026-06-01,0,NA,NA,0,NA,NA,FALSE,FALSE
4273,control,2026-06-03,0,NA,NA,0,NA,NA,FALSE,FALSE
4274,treatment,2026-06-05,1,65,1,1,65,1,TRUE,TRUE
4275,control,2026-06-04,1,28,0,1,28,0,TRUE,TRUE
4276,treatment,2026-06-01,1,41,1,1,41,1,TRUE,TRUE
4277,treatment,2026-06-01,5,51.8,1,5,51.8,1,TRUE,TRUE
4278,treatment,2026-06-03,2,65.5,1,2,65.5,1,TRUE,TRUE
4279,control,2026-06-03,4,32.5,0.5,4,32.5,0.5,TRUE,TRUE
4280,treatment,2026-06-04,3,39,1,3,39,1,TRUE,TRUE
4281,control,2026-06-02,7,33.3,0.857,7,33.285714285714285,0.8571428571428571,TRUE,TRUE
4282,treatment,2026-06-01,1,33,1,1,33,1,TRUE,TRUE
4283,treatment,2026-06-02,1,46,1,0,NA,NA,FALSE,TRUE
4284,treatment,2026-06-03,3,33.3,0.333,3,33.333333333333336,0.3333333333333333,TRUE,TRUE
4285,treatment,2026-06-04,0,NA,NA,0,NA,NA,FALSE,FALSE
4286,treatment,2026-06-02,0,NA,NA,0,NA,NA,FALSE,FALSE
4287,control,2026-06-01,2,35,0.5,2,35,0.5,TRUE,TRUE
4288,control,2026-06-03,1,34,1,1,34,1,TRUE,TRUE
4289,treatment,2026-06-05,6,42.3,0.5,5,44.8,0.6,TRUE,TRUE
4290,control,2026-06-01,4,31.8,1,4,31.75,1,TRUE,TRUE
4291,control,2026-06-03,3,49.3,1,3,49.333333333333336,1,TRUE,TRUE
4292,control,2026-06-01,4,27,0.5,4,27,0.5,TRUE,TRUE
4293,treatment,2026-06-01,0,NA,NA,0,NA,NA,FALSE,FALSE
4294,control,2026-06-03,1,16,1,1,16,1,TRUE,TRUE
4295,control,2026-06-03,3,44.3,0.667,3,44.333333333333336,0.6666666666666666,TRUE,TRUE
4296,treatment,2026-06-02,12,40.6,0.5,12,40.583333333333336,0.5,TRUE,TRUE
4297,control,2026-06-04,2,67.5,0.5,1,117,1,TRUE,TRUE
4298,control,2026-06-02,7,32.1,1,7,32.142857142857146,1,TRUE,TRUE
4299,treatment,2026-06-05,2,24.5,1,1,25,1,TRUE,TRUE
4300,treatment,2026-06-01,1,34,1,1,34,1,TRUE,TRUE
4301,control,2026-06-01,2,41,0,2,41,0,TRUE,TRUE
4302,treatment,2026-06-05,2,48.5,0.5,2,48.5,0.5,TRUE,TRUE
4303,treatment,2026-06-01,0,NA,NA,0,NA,NA,FALSE,FALSE
4304,control,2026-06-04,1,23,1,1,23,1,TRUE,TRUE
4305,treatment,2026-06-04,3,34,1,2,29.5,1,TRUE,TRUE
4306,treatment,2026-06-02,2,121.5,1,2,121.5,1,TRUE,TRUE
4307,control,2026-06-03,7,37,0.714,6,36,0.6666666666666666,TRUE,TRUE
4308,treatment,2026-06-05,2,50.5,1,2,50.5,1,TRUE,TRUE
4309,treatment,2026-06-01,2,26.5,0,2,26.5,0,TRUE,TRUE
4310,treatment,2026-06-05,5,41,0.8,5,41,0.8,TRUE,TRUE
4311,treatment,2026-06-03,0,NA,NA,0,NA,NA,FALSE,FALSE
4312,treatment,2026-06-04,3,35.7,0.667,3,35.666666666666664,0.6666666666666666,TRUE,TRUE
4313,treatment,2026-06-04,1,80,1,1,80,1,TRUE,TRUE
4314,treatment,2026-06-03,1,55,1,1,55,1,TRUE,TRUE
4315,treatment,2026-06-02,3,76.3,1,3,76.33333333333333,1,TRUE,TRUE
4316,treatment,2026-06-04,0,NA,NA,0,NA,NA,FALSE,FALSE
4317,treatment,2026-06-04,3,35,0.333,3,35,0.3333333333333333,TRUE,TRUE
4318,control,2026-06-03,2,46,1,2,46,1,TRUE,TRUE
4319,control,2026-06-01,4,33.8,1,4,33.75,1,TRUE,TRUE
4320,control,2026-06-05,3,33.3,1,3,33.333333333333336,1,TRUE,TRUE
4321,control,2026-06-04,3,57.3,0.333,3,57.333333333333336,0.3333333333333333,TRUE,TRUE
4322,control,2026-06-05,7,29.6,0.857,6,28.833333333333332,1,TRUE,TRUE
4323,control,2026-06-02,3,53,1,3,53,1,TRUE,TRUE
4324,treatment,2026-06-03,3,55.7,0.333,3,55.666666666666664,0.3333333333333333,TRUE,TRUE
4325,treatment,2026-06-05,2,41.5,0.5,2,41.5,0.5,TRUE,TRUE
4326,treatment,2026-06-04,1,74,1,1,74,1,TRUE,TRUE
4327,treatment,2026-06-02,4,46.5,1,4,46.5,1,TRUE,TRUE
4328,treatment,2026-06-03,1,69,1,1,69,1,TRUE,TRUE
4329,treatment,2026-06-01,10,43,0.8,10,43,0.8,TRUE,TRUE
4330,treatment,2026-06-03,9,46.4,0.778,9,46.44444444444444,0.7777777777777778,TRUE,TRUE
4331,treatment,2026-06-05,7,49,0.857,6,45.333333333333336,0.8333333333333334,TRUE,TRUE
4332,treatment,2026-06-02,1,41,1,1,41,1,TRUE,TRUE
4333,treatment,2026-06-02,5,54.8,1,5,54.8,1,TRUE,TRUE
4334,control,2026-06-02,6,33.5,0.833,6,33.5,0.8333333333333334,TRUE,TRUE
4335,control,2026-06-03,6,45,0.667,6,45,0.6666666666666666,TRUE,TRUE
4336,control,2026-06-02,2,38,0,2,38,0,TRUE,TRUE
4337,control,2026-06-01,4,24,0.75,4,24,0.75,TRUE,TRUE
4338,treatment,2026-06-01,1,22,1,1,22,1,TRUE,TRUE
4339,control,2026-06-04,1,20,0,1,20,0,TRUE,TRUE
4340,control,2026-06-01,11,32,0.636,11,32,0.6363636363636364,TRUE,TRUE
4341,control,2026-06-04,2,22,0.5,2,22,0.5,TRUE,TRUE
4342,control,2026-06-02,2,41.5,0,2,41.5,0,TRUE,TRUE
4343,control,2026-06-04,1,26,1,1,26,1,TRUE,TRUE
4344,control,2026-06-02,3,45,0.667,2,54.5,1,TRUE,TRUE
4345,treatment,2026-06-02,3,83,0.667,3,83,0.6666666666666666,TRUE,TRUE
4346,treatment,2026-06-05,1,32,0,1,32,0,TRUE,TRUE
4347,control,2026-06-03,1,48,1,1,48,1,TRUE,TRUE
4348,treatment,2026-06-01,2,21,0.5,2,21,0.5,TRUE,TRUE
4349,treatment,2026-06-02,1,45,1,1,45,1,TRUE,TRUE
4350,control,2026-06-05,1,22,1,1,22,1,TRUE,TRUE
4351,control,2026-06-02,4,45.2,0.5,4,45.25,0.5,TRUE,TRUE
4352,treatment,2026-06-05,5,36.8,0.4,5,36.8,0.4,TRUE,TRUE
4353,control,2026-06-02,2,17.5,0.5,2,17.5,0.5,TRUE,TRUE
4354,treatment,2026-06-02,0,NA,NA,0,NA,NA,FALSE,FALSE
4355,control,2026-06-02,7,38.1,0.429,7,38.142857142857146,0.42857142857142855,TRUE,TRUE
4356,control,2026-06-03,3,40,0.667,3,40,0.6666666666666666,TRUE,TRUE
4357,treatment,2026-06-01,2,57,0.5,2,57,0.5,TRUE,TRUE
4358,treatment,2026-06-05,2,59.5,1,2,59.5,1,TRUE,TRUE
4359,treatment,2026-06-05,5,35.4,0.4,4,34.75,0.5,TRUE,TRUE
4360,treatment,2026-06-04,1,53,0,1,53,0,TRUE,TRUE
4361,treatment,2026-06-05,12,44.8,0.5,11,47.81818181818182,0.45454545454545453,TRUE,TRUE
4362,treatment,2026-06-03,5,44.2,1,5,44.2,1,TRUE,TRUE
4363,control,2026-06-03,2,40.5,1,2,40.5,1,TRUE,TRUE
4364,control,2026-06-02,11,34.2,0.818,11,34.18181818181818,0.8181818181818182,TRUE,TRUE
4365,treatment,2026-06-05,2,38.5,1,2,38.5,1,TRUE,TRUE
4366,treatment,2026-06-04,1,69,1,1,69,1,TRUE,TRUE
4367,control,2026-06-03,7,20.1,0.571,7,20.142857142857142,0.5714285714285714,TRUE,TRUE
4368,treatment,2026-06-03,3,53,1,3,53,1,TRUE,TRUE
4369,control,2026-06-05,3,14.7,0.667,2,10.5,1,TRUE,TRUE
4370,control,2026-06-02,1,26,1,1,26,1,TRUE,TRUE
4371,control,2026-06-03,2,28.5,0,2,28.5,0,TRUE,TRUE
4372,treatment,2026-06-04,3,47.3,1,3,47.333333333333336,1,TRUE,TRUE
4373,treatment,2026-06-05,0,NA,NA,0,NA,NA,FALSE,FALSE
4374,treatment,2026-06-02,1,45,0,1,45,0,TRUE,TRUE
4375,treatment,2026-06-01,9,56.9,0.667,9,56.888888888888886,0.6666666666666666,TRUE,TRUE
4376,control,2026-06-03,3,39,0.667,3,39,0.6666666666666666,TRUE,TRUE
4377,treatment,2026-06-05,10,42.3,0.6,10,42.3,0.6,TRUE,TRUE
4378,control,2026-06-02,4,40,0.75,4,40,0.75,TRUE,TRUE
4379,control,2026-06-04,5,40.8,0.6,5,40.8,0.6,TRUE,TRUE
4380,treatment,2026-06-05,1,21,0,1,21,0,TRUE,TRUE
4381,control,2026-06-01,3,36.3,0.667,3,36.333333333333336,0.6666666666666666,TRUE,TRUE
4382,control,2026-06-02,0,NA,NA,0,NA,NA,FALSE,FALSE
4383,control,2026-06-02,1,42,0,1,42,0,TRUE,TRUE
4384,control,2026-06-02,2,32.5,0.5,2,32.5,0.5,TRUE,TRUE
4385,control,2026-06-01,5,49.6,0.6,5,49.6,0.6,TRUE,TRUE
4386,treatment,2026-06-01,1,91,0,1,91,0,TRUE,TRUE
4387,treatment,2026-06-01,0,NA,NA,0,NA,NA,FALSE,FALSE
4388,control,2026-06-04,2,26,1,2,26,1,TRUE,TRUE
4389,control,2026-06-03,4,28.2,0.5,4,28.25,0.5,TRUE,TRUE
4390,control,2026-06-01,0,NA,NA,0,NA,NA,FALSE,FALSE
4391,treatment,2026-06-05,2,18.5,0.5,2,18.5,0.5,TRUE,TRUE
4392,treatment,2026-06-01,2,58,1,2,58,1,TRUE,TRUE
4393,treatment,2026-06-03,3,45.3,0,3,45.333333333333336,0,TRUE,TRUE
4394,treatment,2026-06-05,2,22,1,2,22,1,TRUE,TRUE
4395,treatment,2026-06-01,0,NA,NA,0,NA,NA,FALSE,FALSE
4396,control,2026-06-05,3,28.3,0,3,28.333333333333332,0,TRUE,TRUE
4397,treatment,2026-06-05,0,NA,NA,0,NA,NA,FALSE,FALSE
4398,treatment,2026-06-03,5,38.4,0.8,5,38.4,0.8,TRUE,TRUE
4399,control,2026-06-03,5,31.8,0.8,4,31.5,0.75,TRUE,TRUE
4400,control,2026-06-01,3,37,1,3,37,1,TRUE,TRUE
4401,treatment,2026-06-01,8,42.1,0.75,8,42.125,0.75,TRUE,TRUE
4402,control,2026-06-05,4,70.2,0.75,4,70.25,0.75,TRUE,TRUE
4403,control,2026-06-03,3,49,0.667,2,62.5,1,TRUE,TRUE
4404,control,2026-06-05,1,71,1,1,71,1,TRUE,TRUE
4405,treatment,2026-06-05,2,58,1,2,58,1,TRUE,TRUE
4406,control,2026-06-01,1,33,1,1,33,1,TRUE,TRUE
4407,control,2026-06-02,3,43.3,1,3,43.333333333333336,1,TRUE,TRUE
4408,control,2026-06-05,4,27.8,0.5,3,30.333333333333332,0.3333333333333333,TRUE,TRUE
4409,control,2026-06-04,0,NA,NA,0,NA,NA,FALSE,FALSE
4410,control,2026-06-03,0,NA,NA,0,NA,NA,FALSE,FALSE
4411,treatment,2026-06-02,9,48.4,0.889,9,48.44444444444444,0.8888888888888888,TRUE,TRUE
4412,control,2026-06-03,3,46,0.667,3,46,0.6666666666666666,TRUE,TRUE
4413,treatment,2026-06-05,1,41,1,1,41,1,TRUE,TRUE
4414,treatment,2026-06-03,3,72.3,1,3,72.33333333333333,1,TRUE,TRUE
4415,treatment,2026-06-04,6,28.5,0.667,6,28.5,0.6666666666666666,TRUE,TRUE
4416,treatment,2026-06-01,4,29.2,1,4,29.25,1,TRUE,TRUE
4417,treatment,2026-06-02,2,43,1,2,43,1,TRUE,TRUE
4418,control,2026-06-02,2,35,0.5,2,35,0.5,TRUE,TRUE
4419,treatment,2026-06-03,1,57,1,1,57,1,TRUE,TRUE
4420,control,2026-06-01,9,26.3,0.556,9,26.333333333333332,0.5555555555555556,TRUE,TRUE
4421,treatment,2026-06-04,3,37,0.333,3,37,0.3333333333333333,TRUE,TRUE
4422,control,2026-06-04,4,30.2,1,4,30.25,1,TRUE,TRUE
4423,control,2026-06-02,3,31.7,1,3,31.666666666666668,1,TRUE,TRUE
4424,treatment,2026-06-02,2,33,0,2,33,0,TRUE,TRUE
4425,control,2026-06-05,6,28.5,0.833,6,28.5,0.8333333333333334,TRUE,TRUE
4426,treatment,2026-06-02,0,NA,NA,0,NA,NA,FALSE,FALSE
4427,treatment,2026-06-05,0,NA,NA,0,NA,NA,FALSE,FALSE
4428,control,2026-06-03,1,29,1,1,29,1,TRUE,TRUE
4429,treatment,2026-06-01,5,42.6,1,5,42.6,1,TRUE,TRUE
4430,treatment,2026-06-01,2,45.5,0,2,45.5,0,TRUE,TRUE
4431,control,2026-06-05,5,29.6,0.6,4,27.75,0.5,TRUE,TRUE
4432,control,2026-06-04,2,20,1,2,20,1,TRUE,TRUE
4433,control,2026-06-05,3,32.7,1,3,32.666666666666664,1,TRUE,TRUE
4434,control,2026-06-04,2,33,1,2,33,1,TRUE,TRUE
4435,treatment,2026-06-02,3,49,1,3,49,1,TRUE,TRUE
4436,control,2026-06-05,4,34.5,0.75,3,32.666666666666664,1,TRUE,TRUE
4437,control,2026-06-05,2,23.5,0.5,1,21,0,TRUE,TRUE
4438,treatment,2026-06-03,1,114,1,1,114,1,TRUE,TRUE
4439,treatment,2026-06-04,2,45,0.5,2,45,0.5,TRUE,TRUE
4440,control,2026-06-02,4,23.8,0.25,4,23.75,0.25,TRUE,TRUE
4441,control,2026-06-02,12,33.5,0.917,12,33.5,0.9166666666666666,TRUE,TRUE
4442,treatment,2026-06-02,2,28.5,0.5,2,28.5,0.5,TRUE,TRUE
4443,control,2026-06-04,0,NA,NA,0,NA,NA,FALSE,FALSE
4444,control,2026-06-02,1,39,1,1,39,1,TRUE,TRUE
4445,control,2026-06-03,5,44.2,0.4,5,44.2,0.4,TRUE,TRUE
4446,treatment,2026-06-05,3,27.7,1,3,27.666666666666668,1,TRUE,TRUE
4447,treatment,2026-06-05,3,30.7,0.667,3,30.666666666666668,0.6666666666666666,TRUE,TRUE
4448,control,2026-06-04,1,24,1,1,24,1,TRUE,TRUE
4449,control,2026-06-03,6,28.3,1,6,28.333333333333332,1,TRUE,TRUE
4450,control,2026-06-03,2,37,0.5,2,37,0.5,TRUE,TRUE
4451,control,2026-06-05,0,NA,NA,0,NA,NA,FALSE,FALSE
4452,treatment,2026-06-04,4,41.5,0.75,4,41.5,0.75,TRUE,TRUE
4453,control,2026-06-05,10,29.7,0.7,7,30.857142857142858,0.7142857142857143,TRUE,TRUE
4454,treatment,2026-06-05,1,47,0,1,47,0,TRUE,TRUE
4455,control,2026-06-01,6,31.2,1,6,31.166666666666668,1,TRUE,TRUE
4456,treatment,2026-06-01,4,46.2,0.25,4,46.25,0.25,TRUE,TRUE
4457,control,2026-06-05,6,38.3,0.5,6,38.333333333333336,0.5,TRUE,TRUE
4458,control,2026-06-03,2,22.5,0.5,2,22.5,0.5,TRUE,TRUE
4459,control,2026-06-01,2,31.5,1,2,31.5,1,TRUE,TRUE
4460,treatment,2026-06-03,4,49.8,1,4,49.75,1,TRUE,TRUE
4461,treatment,2026-06-03,1,33,0,1,33,0,TRUE,TRUE
4462,control,2026-06-02,4,25.2,0.5,4,25.25,0.5,TRUE,TRUE
4463,control,2026-06-03,3,21.7,0.667,3,21.666666666666668,0.6666666666666666,TRUE,TRUE
4464,treatment,2026-06-03,5,70.6,0.6,5,70.6,0.6,TRUE,TRUE
4465,control,2026-06-02,0,NA,NA,0,NA,NA,FALSE,FALSE
4466,treatment,2026-06-01,2,43,1,2,43,1,TRUE,TRUE
4467,treatment,2026-06-04,0,NA,NA,0,NA,NA,FALSE,FALSE
4468,control,2026-06-05,3,21.3,0.667,3,21.333333333333332,0.6666666666666666,TRUE,TRUE
4469,control,2026-06-03,2,21.5,1,2,21.5,1,TRUE,TRUE
4470,treatment,2026-06-05,0,NA,NA,0,NA,NA,FALSE,FALSE
4471,control,2026-06-05,4,35,0.75,4,35,0.75,TRUE,TRUE
4472,control,2026-06-02,0,NA,NA,0,NA,NA,FALSE,FALSE
4473,control,2026-06-01,8,27,0.875,8,27,0.875,TRUE,TRUE
4474,treatment,2026-06-01,1,24,1,1,24,1,TRUE,TRUE
4475,treatment,2026-06-01,8,49.4,1,8,49.375,1,TRUE,TRUE
4476,treatment,2026-06-04,3,29.7,1,3,29.666666666666668,1,TRUE,TRUE
4477,treatment,2026-06-01,5,45.4,0.6,5,45.4,0.6,TRUE,TRUE
4478,treatment,2026-06-04,1,35,1,1,35,1,TRUE,TRUE
4479,control,2026-06-05,3,26.3,0.667,2,33,0.5,TRUE,TRUE
4480,control,2026-06-01,1,37,1,1,37,1,TRUE,TRUE
4481,treatment,2026-06-03,2,72,1,2,72,1,TRUE,TRUE
4482,control,2026-06-02,4,25.5,0.5,3,25,0.3333333333333333,TRUE,TRUE
4483,treatment,2026-06-03,3,39.7,0.667,3,39.666666666666664,0.6666666666666666,TRUE,TRUE
4484,treatment,2026-06-05,1,40,1,0,NA,NA,FALSE,TRUE
4485,control,2026-06-02,2,18.5,1,2,18.5,1,TRUE,TRUE
4486,control,2026-06-05,4,32,0.75,4,32,0.75,TRUE,TRUE
4487,treatment,2026-06-03,13,46.5,0.538,13,46.53846153846154,0.5384615384615384,TRUE,TRUE
4488,treatment,2026-06-04,5,29.8,0.2,5,29.8,0.2,TRUE,TRUE
4489,treatment,2026-06-03,3,62.7,1,3,62.666666666666664,1,TRUE,TRUE
4490,control,2026-06-01,5,33,0.6,5,33,0.6,TRUE,TRUE
4491,control,2026-06-01,0,NA,NA,0,NA,NA,FALSE,FALSE
4492,control,2026-06-05,3,40,0.667,3,40,0.6666666666666666,TRUE,TRUE
4493,treatment,2026-06-04,6,56,1,6,56,1,TRUE,TRUE
4494,control,2026-06-01,2,32,0.5,2,32,0.5,TRUE,TRUE
4495,treatment,2026-06-03,1,41,1,1,41,1,TRUE,TRUE
4496,treatment,2026-06-02,0,NA,NA,0,NA,NA,FALSE,FALSE
4497,control,2026-06-04,3,29,0.667,3,29,0.6666666666666666,TRUE,TRUE
4498,treatment,2026-06-04,2,28.5,0,2,28.5,0,TRUE,TRUE
4499,treatment,2026-06-03,0,NA,NA,0,NA,NA,FALSE,FALSE
4500,treatment,2026-06-05,23,45.4,0.696,21,45.57142857142857,0.7142857142857143,TRUE,TRUE
4501,treatment,2026-06-01,3,50,1,3,50,1,TRUE,TRUE
4502,treatment,2026-06-04,2,56.5,1,2,56.5,1,TRUE,TRUE
4503,control,2026-06-04,2,46.5,1,2,46.5,1,TRUE,TRUE
4504,treatment,2026-06-01,2,54.5,0.5,2,54.5,0.5,TRUE,TRUE
4505,control,2026-06-04,1,22,1,1,22,1,TRUE,TRUE
4506,treatment,2026-06-01,2,47,0,2,47,0,TRUE,TRUE
4507,treatment,2026-06-04,1,38,0,1,38,0,TRUE,TRUE
4508,control,2026-06-04,2,48.5,0.5,2,48.5,0.5,TRUE,TRUE
4509,control,2026-06-01,3,29.7,0.333,3,29.666666666666668,0.3333333333333333,TRUE,TRUE
4510,treatment,2026-06-04,0,NA,NA,0,NA,NA,FALSE,FALSE
4511,treatment,2026-06-02,1,24,1,1,24,1,TRUE,TRUE
4512,control,2026-06-05,1,16,0,1,16,0,TRUE,TRUE
4513,control,2026-06-03,6,24.7,0.667,6,24.666666666666668,0.6666666666666666,TRUE,TRUE
4514,control,2026-06-01,9,30.8,0.444,9,30.77777777777778,0.4444444444444444,TRUE,TRUE
4515,control,2026-06-05,5,50.4,0.8,4,42.5,0.75,TRUE,TRUE
4516,control,2026-06-03,2,22,1,2,22,1,TRUE,TRUE
4517,treatment,2026-06-05,7,48.3,1,7,48.285714285714285,1,TRUE,TRUE
4518,control,2026-06-01,11,30.5,0.636,11,30.454545454545453,0.6363636363636364,TRUE,TRUE
4519,treatment,2026-06-05,1,53,1,1,53,1,TRUE,TRUE
4520,treatment,2026-06-03,3,49.3,0.333,2,38,0,TRUE,TRUE
4521,treatment,2026-06-03,4,48.5,0.75,4,48.5,0.75,TRUE,TRUE
4522,control,2026-06-02,0,NA,NA,0,NA,NA,FALSE,FALSE
4523,control,2026-06-05,1,15,1,1,15,1,TRUE,TRUE
4524,control,2026-06-04,0,NA,NA,0,NA,NA,FALSE,FALSE
4525,treatment,2026-06-01,7,31.3,0.714,7,31.285714285714285,0.7142857142857143,TRUE,TRUE
4526,control,2026-06-03,2,20,1,2,20,1,TRUE,TRUE
4527,control,2026-06-04,4,28,1,3,28,1,TRUE,TRUE
4528,treatment,2026-06-03,4,50.5,0.5,4,50.5,0.5,TRUE,TRUE
4529,treatment,2026-06-04,6,51,0.5,6,51,0.5,TRUE,TRUE
4530,control,2026-06-02,2,31.5,0.5,2,31.5,0.5,TRUE,TRUE
4531,treatment,2026-06-05,2,80.5,0.5,2,80.5,0.5,TRUE,TRUE
4532,control,2026-06-05,3,16.7,1,3,16.666666666666668,1,TRUE,TRUE
4533,treatment,2026-06-05,0,NA,NA,0,NA,NA,FALSE,FALSE
4534,treatment,2026-06-01,2,77.5,0.5,2,77.5,0.5,TRUE,TRUE
4535,treatment,2026-06-02,1,40,1,1,40,1,TRUE,TRUE
4536,treatment,2026-06-02,2,54,1,2,54,1,TRUE,TRUE
4537,treatment,2026-06-01,7,70.3,0.714,7,70.28571428571429,0.7142857142857143,TRUE,TRUE
4538,control,2026-06-05,3,32.3,1,3,32.333333333333336,1,TRUE,TRUE
4539,control,2026-06-01,5,47.6,0.6,5,47.6,0.6,TRUE,TRUE
4540,treatment,2026-06-04,2,38.5,0.5,2,38.5,0.5,TRUE,TRUE
4541,control,2026-06-02,4,44.5,0.75,4,44.5,0.75,TRUE,TRUE
4542,control,2026-06-02,0,NA,NA,0,NA,NA,FALSE,FALSE
4543,treatment,2026-06-05,0,NA,NA,0,NA,NA,FALSE,FALSE
4544,treatment,2026-06-03,1,56,1,1,56,1,TRUE,TRUE
4545,control,2026-06-02,7,40.4,0.571,7,40.42857142857143,0.5714285714285714,TRUE,TRUE
4546,control,2026-06-03,9,27,0.889,9,27,0.8888888888888888,TRUE,TRUE
4547,control,2026-06-05,4,17.8,0.5,4,17.75,0.5,TRUE,TRUE
4548,treatment,2026-06-03,3,65,1,3,65,1,TRUE,TRUE
4549,treatment,2026-06-02,0,NA,NA,0,NA,NA,FALSE,FALSE
4550,treatment,2026-06-05,7,36.3,0.857,7,36.285714285714285,0.8571428571428571,TRUE,TRUE
4551,treatment,2026-06-04,7,46.9,1,7,46.857142857142854,1,TRUE,TRUE
4552,control,2026-06-01,1,44,1,1,44,1,TRUE,TRUE
4553,control,2026-06-01,6,46.3,0.833,6,46.333333333333336,0.8333333333333334,TRUE,TRUE
4554,control,2026-06-04,9,29.6,0.556,9,29.555555555555557,0.5555555555555556,TRUE,TRUE
4555,treatment,2026-06-03,2,56,1,2,56,1,TRUE,TRUE
4556,treatment,2026-06-03,2,71.5,1,2,71.5,1,TRUE,TRUE
4557,treatment,2026-06-04,11,39.5,0.545,11,39.54545454545455,0.5454545454545454,TRUE,TRUE
4558,treatment,2026-06-02,1,23,1,1,23,1,TRUE,TRUE
4559,control,2026-06-03,2,20,1,2,20,1,TRUE,TRUE
4560,control,2026-06-04,3,29,1,3,29,1,TRUE,TRUE
4561,treatment,2026-06-03,3,34,0.667,2,34.5,0.5,TRUE,TRUE
4562,treatment,2026-06-05,5,48.2,0.6,5,48.2,0.6,TRUE,TRUE
4563,treatment,2026-06-05,2,52,0.5,2,52,0.5,TRUE,TRUE
4564,treatment,2026-06-05,3,46.7,0.667,3,46.666666666666664,0.6666666666666666,TRUE,TRUE
4565,treatment,2026-06-05,11,37.9,0.909,11,37.90909090909091,0.9090909090909091,TRUE,TRUE
4566,treatment,2026-06-02,1,44,0,1,44,0,TRUE,TRUE
4567,control,2026-06-05,4,28.5,0.75,3,27.333333333333332,0.6666666666666666,TRUE,TRUE
4568,control,2026-06-05,3,22.7,0.667,3,22.666666666666668,0.6666666666666666,TRUE,TRUE
4569,control,2026-06-04,4,38,1,3,34.666666666666664,1,TRUE,TRUE
4570,treatment,2026-06-01,4,34.5,1,4,34.5,1,TRUE,TRUE
4571,control,2026-06-02,3,32,0.667,3,32,0.6666666666666666,TRUE,TRUE
4572,control,2026-06-04,2,31.5,0.5,2,31.5,0.5,TRUE,TRUE
4573,control,2026-06-02,3,46,1,3,46,1,TRUE,TRUE
4574,control,2026-06-05,1,31,1,1,31,1,TRUE,TRUE
4575,treatment,2026-06-01,0,NA,NA,0,NA,NA,FALSE,FALSE
4576,control,2026-06-02,2,39.5,0.5,1,47,1,TRUE,TRUE
4577,treatment,2026-06-03,2,69.5,1,2,69.5,1,TRUE,TRUE
4578,control,2026-06-03,2,45,0.5,2,45,0.5,TRUE,TRUE
4579,treatment,2026-06-05,2,57,1,2,57,1,TRUE,TRUE
4580,control,2026-06-01,8,35.6,0.75,8,35.625,0.75,TRUE,TRUE
4581,treatment,2026-06-04,0,NA,NA,0,NA,NA,FALSE,FALSE
4582,control,2026-06-01,4,28.5,1,4,28.5,1,TRUE,TRUE
4583,treatment,2026-06-01,1,45,1,1,45,1,TRUE,TRUE
4584,treatment,2026-06-01,5,50.6,0.8,5,50.6,0.8,TRUE,TRUE
4585,treatment,2026-06-05,3,30.7,1,3,30.666666666666668,1,TRUE,TRUE
4586,treatment,2026-06-05,5,36.6,0.8,5,36.6,0.8,TRUE,TRUE
4587,treatment,2026-06-02,2,59,0.5,2,59,0.5,TRUE,TRUE
4588,control,2026-06-04,6,31.7,1,6,31.666666666666668,1,TRUE,TRUE
4589,control,2026-06-05,1,23,0,1,23,0,TRUE,TRUE
4590,control,2026-06-05,4,36.5,0.5,4,36.5,0.5,TRUE,TRUE
4591,treatment,2026-06-03,0,NA,NA,0,NA,NA,FALSE,FALSE
4592,treatment,2026-06-04,0,NA,NA,0,NA,NA,FALSE,FALSE
4593,control,2026-06-03,2,29.5,0.5,2,29.5,0.5,TRUE,TRUE
4594,control,2026-06-04,0,NA,NA,0,NA,NA,FALSE,FALSE
4595,treatment,2026-06-03,4,31.2,0.75,4,31.25,0.75,TRUE,TRUE
4596,control,2026-06-01,5,26.6,1,5,26.6,1,TRUE,TRUE
4597,treatment,2026-06-03,3,51.3,0.667,3,51.333333333333336,0.6666666666666666,TRUE,TRUE
4598,treatment,2026-06-05,3,64,0.333,3,64,0.3333333333333333,TRUE,TRUE
4599,control,2026-06-05,3,43.7,1,3,43.666666666666664,1,TRUE,TRUE
4600,treatment,2026-06-03,2,60,1,2,60,1,TRUE,TRUE
4601,control,2026-06-03,0,NA,NA,0,NA,NA,FALSE,FALSE
4602,control,2026-06-05,1,32,0,1,32,0,TRUE,TRUE
4603,treatment,2026-06-01,4,57.2,0.75,4,57.25,0.75,TRUE,TRUE
4604,treatment,2026-06-01,3,53.3,0.667,3,53.333333333333336,0.6666666666666666,TRUE,TRUE
4605,treatment,2026-06-05,1,34,1,1,34,1,TRUE,TRUE
4606,control,2026-06-05,5,32.6,0.6,5,32.6,0.6,TRUE,TRUE
4607,treatment,2026-06-04,2,34,1,2,34,1,TRUE,TRUE
4608,control,2026-06-04,0,NA,NA,0,NA,NA,FALSE,FALSE
4609,control,2026-06-05,7,31.6,0.714,6,29.833333333333332,0.6666666666666666,TRUE,TRUE
4610,treatment,2026-06-03,2,39,0.5,2,39,0.5,TRUE,TRUE
4611,treatment,2026-06-02,0,NA,NA,0,NA,NA,FALSE,FALSE
4612,control,2026-06-04,4,33.5,0.5,3,39.666666666666664,0.3333333333333333,TRUE,TRUE
4613,control,2026-06-01,2,43,0,2,43,0,TRUE,TRUE
4614,control,2026-06-05,6,24.8,1,6,24.833333333333332,1,TRUE,TRUE
4615,treatment,2026-06-04,1,22,0,1,22,0,TRUE,TRUE
4616,control,2026-06-05,1,32,1,1,32,1,TRUE,TRUE
4617,control,2026-06-04,3,53.7,1,3,53.666666666666664,1,TRUE,TRUE
4618,control,2026-06-01,1,15,1,1,15,1,TRUE,TRUE
4619,treatment,2026-06-01,3,39,0.667,3,39,0.6666666666666666,TRUE,TRUE
4620,control,2026-06-04,5,39.8,1,4,45.75,1,TRUE,TRUE
4621,control,2026-06-01,1,11,0,1,11,0,TRUE,TRUE
4622,treatment,2026-06-04,5,62,0.2,4,62.5,0.25,TRUE,TRUE
4623,treatment,2026-06-01,4,66.2,1,4,66.25,1,TRUE,TRUE
4624,control,2026-06-04,3,45.7,0.333,3,45.666666666666664,0.3333333333333333,TRUE,TRUE
4625,treatment,2026-06-05,2,27.5,1,2,27.5,1,TRUE,TRUE
4626,control,2026-06-01,0,NA,NA,0,NA,NA,FALSE,FALSE
4627,treatment,2026-06-02,3,53,1,3,53,1,TRUE,TRUE
4628,control,2026-06-01,0,NA,NA,0,NA,NA,FALSE,FALSE
4629,treatment,2026-06-04,10,35.9,1,10,35.9,1,TRUE,TRUE
4630,treatment,2026-06-01,3,81.7,1,3,81.66666666666667,1,TRUE,TRUE
4631,treatment,2026-06-02,3,34.7,0.667,3,34.666666666666664,0.6666666666666666,TRUE,TRUE
4632,control,2026-06-02,1,34,1,1,34,1,TRUE,TRUE
4633,treatment,2026-06-04,2,63.5,1,2,63.5,1,TRUE,TRUE
4634,control,2026-06-03,0,NA,NA,0,NA,NA,FALSE,FALSE
4635,control,2026-06-05,2,27.5,1,2,27.5,1,TRUE,TRUE
4636,control,2026-06-03,4,41.8,0.75,4,41.75,0.75,TRUE,TRUE
4637,control,2026-06-03,6,31.3,0.667,5,32.4,0.6,TRUE,TRUE
4638,control,2026-06-03,7,35,0.714,7,35,0.7142857142857143,TRUE,TRUE
4639,control,2026-06-05,0,NA,NA,0,NA,NA,FALSE,FALSE
4640,treatment,2026-06-02,2,18,1,2,18,1,TRUE,TRUE
4641,control,2026-06-02,10,30.2,0.5,9,29.444444444444443,0.5555555555555556,TRUE,TRUE
4642,control,2026-06-03,3,22.3,1,3,22.333333333333332,1,TRUE,TRUE
4643,control,2026-06-03,6,27.3,0.167,6,27.333333333333332,0.16666666666666666,TRUE,TRUE
4644,control,2026-06-02,2,33,1,2,33,1,TRUE,TRUE
4645,control,2026-06-03,7,39.7,1,7,39.714285714285715,1,TRUE,TRUE
4646,control,2026-06-04,1,45,1,1,45,1,TRUE,TRUE
4647,treatment,2026-06-03,9,30.1,0.556,9,30.11111111111111,0.5555555555555556,TRUE,TRUE
4648,treatment,2026-06-04,1,55,1,1,55,1,TRUE,TRUE
4649,control,2026-06-01,2,65.5,0.5,2,65.5,0.5,TRUE,TRUE
4650,treatment,2026-06-01,6,57.2,0.667,6,57.166666666666664,0.6666666666666666,TRUE,TRUE
4651,treatment,2026-06-04,3,59.3,1,3,59.333333333333336,1,TRUE,TRUE
4652,treatment,2026-06-01,6,40,0.667,6,40,0.6666666666666666,TRUE,TRUE
4653,treatment,2026-06-03,1,24,1,1,24,1,TRUE,TRUE
4654,control,2026-06-01,4,32.2,0.25,4,32.25,0.25,TRUE,TRUE
4655,treatment,2026-06-02,16,43.9,0.562,15,43.4,0.5333333333333333,TRUE,TRUE
4656,treatment,2026-06-01,2,35,0,2,35,0,TRUE,TRUE
4657,treatment,2026-06-05,5,34.2,0.4,5,34.2,0.4,TRUE,TRUE
4658,treatment,2026-06-05,3,34.7,0.667,3,34.666666666666664,0.6666666666666666,TRUE,TRUE
4659,control,2026-06-05,0,NA,NA,0,NA,NA,FALSE,FALSE
4660,treatment,2026-06-05,3,74,1,3,74,1,TRUE,TRUE
4661,treatment,2026-06-01,19,47.4,0.737,19,47.421052631578945,0.7368421052631579,TRUE,TRUE
4662,control,2026-06-05,4,21.8,0.5,4,21.75,0.5,TRUE,TRUE
4663,treatment,2026-06-03,3,49,0.333,3,49,0.3333333333333333,TRUE,TRUE
4664,control,2026-06-04,4,26,1,4,26,1,TRUE,TRUE
4665,treatment,2026-06-01,3,49.3,0.667,3,49.333333333333336,0.6666666666666666,TRUE,TRUE
4666,control,2026-06-03,1,53,0,1,53,0,TRUE,TRUE
4667,control,2026-06-05,0,NA,NA,0,NA,NA,FALSE,FALSE
4668,treatment,2026-06-04,1,24,1,1,24,1,TRUE,TRUE
4669,treatment,2026-06-04,1,70,1,1,70,1,TRUE,TRUE
4670,treatment,2026-06-05,1,36,0,1,36,0,TRUE,TRUE
4671,treatment,2026-06-04,2,52.5,1,2,52.5,1,TRUE,TRUE
4672,control,2026-06-04,1,66,0,1,66,0,TRUE,TRUE
4673,control,2026-06-02,6,22.2,1,6,22.166666666666668,1,TRUE,TRUE
4674,control,2026-06-05,0,NA,NA,0,NA,NA,FALSE,FALSE
4675,control,2026-06-02,12,35.4,1,12,35.416666666666664,1,TRUE,TRUE
4676,treatment,2026-06-05,3,79.3,1,3,79.33333333333333,1,TRUE,TRUE
4677,treatment,2026-06-02,1,24,1,1,24,1,TRUE,TRUE
4678,treatment,2026-06-05,8,50.9,0.5,8,50.875,0.5,TRUE,TRUE
4679,treatment,2026-06-05,2,28.5,1,2,28.5,1,TRUE,TRUE
4680,control,2026-06-04,2,30,0,2,30,0,TRUE,TRUE
4681,treatment,2026-06-02,4,42,1,4,42,1,TRUE,TRUE
4682,control,2026-06-04,2,19.5,0.5,2,19.5,0.5,TRUE,TRUE
4683,control,2026-06-05,1,49,1,1,49,1,TRUE,TRUE
4684,control,2026-06-04,9,37,0.667,8,37.875,0.625,TRUE,TRUE
4685,treatment,2026-06-05,0,NA,NA,0,NA,NA,FALSE,FALSE
4686,control,2026-06-02,1,27,1,0,NA,NA,FALSE,TRUE
4687,treatment,2026-06-02,3,34,0.333,3,34,0.3333333333333333,TRUE,TRUE
4688,treatment,2026-06-01,2,22.5,1,2,22.5,1,TRUE,TRUE
4689,control,2026-06-05,2,37.5,0.5,1,23,1,TRUE,TRUE
4690,treatment,2026-06-05,6,62.5,0.833,5,55,0.8,TRUE,TRUE
4691,treatment,2026-06-05,5,61.2,0.6,4,61.5,0.5,TRUE,TRUE
4692,treatment,2026-06-02,4,42,0.5,4,42,0.5,TRUE,TRUE
4693,control,2026-06-04,8,32.6,0.625,8,32.625,0.625,TRUE,TRUE
4694,treatment,2026-06-05,2,69,0.5,2,69,0.5,TRUE,TRUE
4695,treatment,2026-06-03,1,63,1,1,63,1,TRUE,TRUE
4696,treatment,2026-06-02,2,28.5,1,2,28.5,1,TRUE,TRUE
4697,control,2026-06-03,0,NA,NA,0,NA,NA,FALSE,FALSE
4698,treatment,2026-06-05,0,NA,NA,0,NA,NA,FALSE,FALSE
4699,control,2026-06-04,2,43,0.5,2,43,0.5,TRUE,TRUE
4700,treatment,2026-06-05,2,33.5,1,2,33.5,1,TRUE,TRUE
4701,treatment,2026-06-02,5,51.6,1,5,51.6,1,TRUE,TRUE
4702,treatment,2026-06-05,7,54.4,0.571,6,57.5,0.6666666666666666,TRUE,TRUE
4703,control,2026-06-01,5,30.8,0.6,5,30.8,0.6,TRUE,TRUE
4704,treatment,2026-06-01,3,36.7,0.667,3,36.666666666666664,0.6666666666666666,TRUE,TRUE
4705,control,2026-06-01,0,NA,NA,0,NA,NA,FALSE,FALSE
4706,control,2026-06-01,6,33.7,0.333,6,33.666666666666664,0.3333333333333333,TRUE,TRUE
4707,control,2026-06-05,4,33,0.5,4,33,0.5,TRUE,TRUE
4708,control,2026-06-05,1,35,1,1,35,1,TRUE,TRUE
4709,treatment,2026-06-03,1,32,1,1,32,1,TRUE,TRUE
4710,control,2026-06-03,9,30.1,0.556,9,30.11111111111111,0.5555555555555556,TRUE,TRUE
4711,treatment,2026-06-03,2,32,1,2,32,1,TRUE,TRUE
4712,treatment,2026-06-04,1,47,1,1,47,1,TRUE,TRUE
4713,control,2026-06-03,1,23,1,1,23,1,TRUE,TRUE
4714,treatment,2026-06-01,1,95,1,1,95,1,TRUE,TRUE
4715,control,2026-06-02,3,42,1,3,42,1,TRUE,TRUE
4716,treatment,2026-06-05,11,48.5,0.545,11,48.45454545454545,0.5454545454545454,TRUE,TRUE
4717,control,2026-06-01,0,NA,NA,0,NA,NA,FALSE,FALSE
4718,control,2026-06-01,4,50.5,1,4,50.5,1,TRUE,TRUE
4719,treatment,2026-06-01,1,49,1,1,49,1,TRUE,TRUE
4720,treatment,2026-06-05,5,33.6,0.8,4,35.75,0.75,TRUE,TRUE
4721,control,2026-06-05,2,20.5,1,2,20.5,1,TRUE,TRUE
4722,control,2026-06-01,5,37.4,0.4,5,37.4,0.4,TRUE,TRUE
4723,treatment,2026-06-02,2,62.5,1,2,62.5,1,TRUE,TRUE
4724,treatment,2026-06-02,2,46.5,0.5,2,46.5,0.5,TRUE,TRUE
4725,control,2026-06-01,2,33,1,2,33,1,TRUE,TRUE
4726,control,2026-06-03,0,NA,NA,0,NA,NA,FALSE,FALSE
4727,treatment,2026-06-03,1,24,1,0,NA,NA,FALSE,TRUE
4728,treatment,2026-06-02,2,48,0.5,2,48,0.5,TRUE,TRUE
4729,treatment,2026-06-01,2,53,1,2,53,1,TRUE,TRUE
4730,control,2026-06-01,2,11,0.5,2,11,0.5,TRUE,TRUE
4731,treatment,2026-06-05,6,55.8,0.667,6,55.833333333333336,0.6666666666666666,TRUE,TRUE
4732,treatment,2026-06-01,0,NA,NA,0,NA,NA,FALSE,FALSE
4733,control,2026-06-02,3,16.7,0.333,3,16.666666666666668,0.3333333333333333,TRUE,TRUE
4734,control,2026-06-05,2,28.5,0.5,2,28.5,0.5,TRUE,TRUE
4735,treatment,2026-06-04,6,36,0.667,6,36,0.6666666666666666,TRUE,TRUE
4736,control,2026-06-03,1,18,0,1,18,0,TRUE,TRUE
4737,treatment,2026-06-03,1,93,1,1,93,1,TRUE,TRUE
4738,treatment,2026-06-05,1,32,1,1,32,1,TRUE,TRUE
4739,treatment,2026-06-02,6,39.7,0.833,6,39.666666666666664,0.8333333333333334,TRUE,TRUE
4740,control,2026-06-05,4,42.2,0.75,4,42.25,0.75,TRUE,TRUE
4741,control,2026-06-02,2,23,1,2,23,1,TRUE,TRUE
4742,control,2026-06-03,2,49.5,1,2,49.5,1,TRUE,TRUE
4743,control,2026-06-04,5,33.2,0.8,4,33.5,0.75,TRUE,TRUE
4744,control,2026-06-05,4,47.8,0.75,3,39.333333333333336,0.6666666666666666,TRUE,TRUE
4745,treatment,2026-06-01,2,30.5,1,2,30.5,1,TRUE,TRUE
4746,treatment,2026-06-03,0,NA,NA,0,NA,NA,FALSE,FALSE
4747,treatment,2026-06-05,2,53,0,2,53,0,TRUE,TRUE
4748,control,2026-06-01,2,27.5,0.5,2,27.5,0.5,TRUE,TRUE
4749,control,2026-06-04,3,39.7,0.667,3,39.666666666666664,0.6666666666666666,TRUE,TRUE
4750,control,2026-06-03,2,30,1,2,30,1,TRUE,TRUE
4751,treatment,2026-06-04,1,52,1,1,52,1,TRUE,TRUE
4752,control,2026-06-02,0,NA,NA,0,NA,NA,FALSE,FALSE
4753,control,2026-06-04,2,24,1,2,24,1,TRUE,TRUE
4754,control,2026-06-03,3,41,0.667,3,41,0.6666666666666666,TRUE,TRUE
4755,treatment,2026-06-01,5,41,0,5,41,0,TRUE,TRUE
4756,treatment,2026-06-04,5,55.8,0.8,4,66,0.75,TRUE,TRUE
4757,control,2026-06-01,4,26.2,0.75,4,26.25,0.75,TRUE,TRUE
4758,treatment,2026-06-02,4,55.2,0.5,4,55.25,0.5,TRUE,TRUE
4759,control,2026-06-02,0,NA,NA,0,NA,NA,FALSE,FALSE
4760,control,2026-06-05,2,22.5,0.5,2,22.5,0.5,TRUE,TRUE
4761,treatment,2026-06-01,0,NA,NA,0,NA,NA,FALSE,FALSE
4762,treatment,2026-06-05,2,33,1,2,33,1,TRUE,TRUE
4763,treatment,2026-06-01,9,46,0.444,9,46,0.4444444444444444,TRUE,TRUE
4764,control,2026-06-01,8,42.6,0.75,8,42.625,0.75,TRUE,TRUE
4765,control,2026-06-03,1,24,1,1,24,1,TRUE,TRUE
4766,treatment,2026-06-02,1,74,0,1,74,0,TRUE,TRUE
4767,control,2026-06-04,8,29.9,0.875,8,29.875,0.875,TRUE,TRUE
4768,treatment,2026-06-02,5,61.8,1,5,61.8,1,TRUE,TRUE
4769,control,2026-06-04,4,31.2,0.5,4,31.25,0.5,TRUE,TRUE
4770,control,2026-06-02,1,36,1,1,36,1,TRUE,TRUE
4771,treatment,2026-06-01,4,46.2,0.5,4,46.25,0.5,TRUE,TRUE
4772,treatment,2026-06-04,8,58,0.875,8,58,0.875,TRUE,TRUE
4773,control,2026-06-03,1,23,0,1,23,0,TRUE,TRUE
4774,control,2026-06-01,4,25,0.5,4,25,0.5,TRUE,TRUE
4775,control,2026-06-02,1,27,0,1,27,0,TRUE,TRUE
4776,control,2026-06-02,0,NA,NA,0,NA,NA,FALSE,FALSE
4777,control,2026-06-03,4,29,0.5,4,29,0.5,TRUE,TRUE
4778,treatment,2026-06-03,10,50.6,0.7,10,50.6,0.7,TRUE,TRUE
4779,treatment,2026-06-01,1,26,0,1,26,0,TRUE,TRUE
4780,treatment,2026-06-01,9,44.7,0.889,9,44.666666666666664,0.8888888888888888,TRUE,TRUE
4781,treatment,2026-06-05,1,86,1,1,86,1,TRUE,TRUE
4782,treatment,2026-06-05,0,NA,NA,0,NA,NA,FALSE,FALSE
4783,control,2026-06-01,3,26.7,1,3,26.666666666666668,1,TRUE,TRUE
4784,treatment,2026-06-03,4,42.2,1,4,42.25,1,TRUE,TRUE
4785,control,2026-06-05,1,19,0,1,19,0,TRUE,TRUE
4786,control,2026-06-02,1,52,0,1,52,0,TRUE,TRUE
4787,treatment,2026-06-04,2,74,0.5,2,74,0.5,TRUE,TRUE
4788,treatment,2026-06-03,0,NA,NA,0,NA,NA,FALSE,FALSE
4789,treatment,2026-06-04,4,67.5,0.5,4,67.5,0.5,TRUE,TRUE
4790,control,2026-06-02,0,NA,NA,0,NA,NA,FALSE,FALSE
4791,treatment,2026-06-04,3,48.3,0.667,3,48.333333333333336,0.6666666666666666,TRUE,TRUE
4792,treatment,2026-06-05,7,52.6,0.714,7,52.57142857142857,0.7142857142857143,TRUE,TRUE
4793,control,2026-06-02,0,NA,NA,0,NA,NA,FALSE,FALSE
4794,control,2026-06-04,1,25,0,1,25,0,TRUE,TRUE
4795,treatment,2026-06-01,4,33.2,0.75,4,33.25,0.75,TRUE,TRUE
4796,treatment,2026-06-04,1,29,1,1,29,1,TRUE,TRUE
4797,treatment,2026-06-01,5,65,1,5,65,1,TRUE,TRUE
4798,treatment,2026-06-01,8,44.6,0.75,8,44.625,0.75,TRUE,TRUE
4799,treatment,2026-06-01,2,32.5,1,2,32.5,1,TRUE,TRUE
4800,control,2026-06-04,0,NA,NA,0,NA,NA,FALSE,FALSE
4801,control,2026-06-01,1,33,1,1,33,1,TRUE,TRUE
4802,control,2026-06-04,1,52,1,1,52,1,TRUE,TRUE
4803,treatment,2026-06-05,1,7,0,1,7,0,TRUE,TRUE
4804,treatment,2026-06-02,1,49,1,1,49,1,TRUE,TRUE
4805,control,2026-06-04,5,40.8,1,5,40.8,1,TRUE,TRUE
4806,control,2026-06-02,1,21,0,1,21,0,TRUE,TRUE
4807,control,2026-06-04,3,41.3,0.333,3,41.333333333333336,0.3333333333333333,TRUE,TRUE
4808,control,2026-06-04,6,35.2,0.833,5,30.6,0.8,TRUE,TRUE
4809,treatment,2026-06-04,0,NA,NA,0,NA,NA,FALSE,FALSE
4810,treatment,2026-06-03,5,34.6,1,5,34.6,1,TRUE,TRUE
4811,treatment,2026-06-02,1,28,1,1,28,1,TRUE,TRUE
4812,control,2026-06-03,4,35.8,0.75,3,32.333333333333336,0.6666666666666666,TRUE,TRUE
4813,treatment,2026-06-02,0,NA,NA,0,NA,NA,FALSE,FALSE
4814,treatment,2026-06-02,3,92.3,0.667,3,92.33333333333333,0.6666666666666666,TRUE,TRUE
4815,treatment,2026-06-02,3,62.7,1,2,75.5,1,TRUE,TRUE
4816,treatment,2026-06-03,2,74,1,2,74,1,TRUE,TRUE
4817,treatment,2026-06-02,5,41,0.4,5,41,0.4,TRUE,TRUE
4818,treatment,2026-06-05,3,36.7,1,3,36.666666666666664,1,TRUE,TRUE
4819,treatment,2026-06-01,2,29.5,0.5,2,29.5,0.5,TRUE,TRUE
4820,control,2026-06-03,2,37,0.5,2,37,0.5,TRUE,TRUE
4821,treatment,2026-06-04,1,49,1,1,49,1,TRUE,TRUE
4822,control,2026-06-02,1,31,1,1,31,1,TRUE,TRUE
4823,control,2026-06-03,3,43,0.333,3,43,0.3333333333333333,TRUE,TRUE
4824,treatment,2026-06-05,4,45,0.75,4,45,0.75,TRUE,TRUE
4825,treatment,2026-06-05,5,45,0.8,5,45,0.8,TRUE,TRUE
4826,treatment,2026-06-03,0,NA,NA,0,NA,NA,FALSE,FALSE
4827,control,2026-06-02,4,53,0.5,4,53,0.5,TRUE,TRUE
4828,treatment,2026-06-05,2,27.5,1,2,27.5,1,TRUE,TRUE
4829,treatment,2026-06-04,3,49,1,2,60.5,1,TRUE,TRUE
4830,control,2026-06-03,4,30.8,0.5,4,30.75,0.5,TRUE,TRUE
4831,treatment,2026-06-05,2,27.5,1,2,27.5,1,TRUE,TRUE
4832,treatment,2026-06-04,3,39.3,1,2,42.5,1,TRUE,TRUE
4833,control,2026-06-01,0,NA,NA,0,NA,NA,FALSE,FALSE
4834,control,2026-06-03,2,37.5,0.5,2,37.5,0.5,TRUE,TRUE
4835,control,2026-06-02,5,41,0.8,5,41,0.8,TRUE,TRUE
4836,control,2026-06-01,4,27.8,0.25,4,27.75,0.25,TRUE,TRUE
4837,control,2026-06-01,4,48.2,1,4,48.25,1,TRUE,TRUE
4838,treatment,2026-06-01,2,33,0,2,33,0,TRUE,TRUE
4839,treatment,2026-06-03,2,42.5,0.5,2,42.5,0.5,TRUE,TRUE
4840,treatment,2026-06-03,6,64,0.5,5,70,0.4,TRUE,TRUE
4841,treatment,2026-06-05,3,36,0.333,2,26,0.5,TRUE,TRUE
4842,control,2026-06-03,3,26.3,0.667,2,20,0.5,TRUE,TRUE
4843,control,2026-06-05,6,24.3,0.5,5,24,0.4,TRUE,TRUE
4844,treatment,2026-06-01,4,31.8,0.75,4,31.75,0.75,TRUE,TRUE
4845,control,2026-06-05,6,33.3,0.667,5,35,0.8,TRUE,TRUE
4846,control,2026-06-04,8,29.1,0.625,7,31.571428571428573,0.5714285714285714,TRUE,TRUE
4847,treatment,2026-06-02,2,37,1,2,37,1,TRUE,TRUE
4848,treatment,2026-06-04,4,31.8,0.75,4,31.75,0.75,TRUE,TRUE
4849,treatment,2026-06-01,5,54.6,0.6,5,54.6,0.6,TRUE,TRUE
4850,control,2026-06-01,8,38.6,0.5,8,38.625,0.5,TRUE,TRUE
4851,treatment,2026-06-01,9,48.4,0.556,9,48.44444444444444,0.5555555555555556,TRUE,TRUE
4852,treatment,2026-06-01,1,49,0,1,49,0,TRUE,TRUE
4853,treatment,2026-06-05,3,84.3,0.667,3,84.33333333333333,0.6666666666666666,TRUE,TRUE
4854,control,2026-06-01,5,34.2,0.6,5,34.2,0.6,TRUE,TRUE
4855,treatment,2026-06-04,3,55,1,3,55,1,TRUE,TRUE
4856,treatment,2026-06-02,2,53,0.5,1,65,0,TRUE,TRUE
4857,treatment,2026-06-02,2,47,0.5,2,47,0.5,TRUE,TRUE
4858,treatment,2026-06-04,4,54.5,1,2,54,1,TRUE,TRUE
4859,control,2026-06-02,4,22.2,0.75,4,22.25,0.75,TRUE,TRUE
4860,control,2026-06-05,1,58,1,0,NA,NA,FALSE,TRUE
4861,treatment,2026-06-05,2,38,0.5,1,35,0,TRUE,TRUE
4862,control,2026-06-05,1,35,1,1,35,1,TRUE,TRUE
4863,control,2026-06-02,2,21.5,0.5,2,21.5,0.5,TRUE,TRUE
4864,control,2026-06-04,2,48.5,1,2,48.5,1,TRUE,TRUE
4865,control,2026-06-01,2,25,1,2,25,1,TRUE,TRUE
4866,control,2026-06-04,2,9.5,0.5,2,9.5,0.5,TRUE,TRUE
4867,treatment,2026-06-03,0,NA,NA,0,NA,NA,FALSE,FALSE
4868,control,2026-06-03,6,37.3,0.667,6,37.333333333333336,0.6666666666666666,TRUE,TRUE
4869,treatment,2026-06-03,8,35,0.75,7,32,0.7142857142857143,TRUE,TRUE
4870,treatment,2026-06-02,2,68.5,1,2,68.5,1,TRUE,TRUE
4871,control,2026-06-04,2,39.5,1,2,39.5,1,TRUE,TRUE
4872,control,2026-06-03,0,NA,NA,0,NA,NA,FALSE,FALSE
4873,control,2026-06-03,8,25.6,0.5,8,25.625,0.5,TRUE,TRUE
4874,treatment,2026-06-01,4,44.5,0.75,4,44.5,0.75,TRUE,TRUE
4875,treatment,2026-06-01,4,34.8,0.75,4,34.75,0.75,TRUE,TRUE
4876,treatment,2026-06-02,2,64.5,0.5,2,64.5,0.5,TRUE,TRUE
4877,treatment,2026-06-02,9,57.7,0.667,9,57.666666666666664,0.6666666666666666,TRUE,TRUE
4878,treatment,2026-06-01,4,46.2,0.5,4,46.25,0.5,TRUE,TRUE
4879,control,2026-06-04,0,NA,NA,0,NA,NA,FALSE,FALSE
4880,treatment,2026-06-03,0,NA,NA,0,NA,NA,FALSE,FALSE
4881,treatment,2026-06-03,2,21,0.5,2,21,0.5,TRUE,TRUE
4882,treatment,2026-06-05,2,18,1,2,18,1,TRUE,TRUE
4883,treatment,2026-06-01,4,48.2,0.75,4,48.25,0.75,TRUE,TRUE
4884,control,2026-06-02,1,51,0,1,51,0,TRUE,TRUE
4885,control,2026-06-01,3,39.7,1,3,39.666666666666664,1,TRUE,TRUE
4886,control,2026-06-03,5,32.8,0.4,4,28.25,0.25,TRUE,TRUE
4887,control,2026-06-02,7,29.7,0.714,7,29.714285714285715,0.7142857142857143,TRUE,TRUE
4888,treatment,2026-06-01,1,43,0,1,43,0,TRUE,TRUE
4889,control,2026-06-05,4,18.8,0.75,4,18.75,0.75,TRUE,TRUE
4890,treatment,2026-06-05,0,NA,NA,0,NA,NA,FALSE,FALSE
4891,treatment,2026-06-02,3,52,0.333,3,52,0.3333333333333333,TRUE,TRUE
4892,treatment,2026-06-04,3,62,0.667,3,62,0.6666666666666666,TRUE,TRUE
4893,treatment,2026-06-01,2,44,0.5,2,44,0.5,TRUE,TRUE
4894,control,2026-06-02,1,13,1,1,13,1,TRUE,TRUE
4895,treatment,2026-06-01,6,50.5,1,6,50.5,1,TRUE,TRUE
4896,control,2026-06-01,6,19.7,0.667,6,19.666666666666668,0.6666666666666666,TRUE,TRUE
4897,control,2026-06-02,1,26,1,1,26,1,TRUE,TRUE
4898,treatment,2026-06-03,1,76,1,1,76,1,TRUE,TRUE
4899,control,2026-06-01,4,34.8,0.75,4,34.75,0.75,TRUE,TRUE
4900,treatment,2026-06-02,0,NA,NA,0,NA,NA,FALSE,FALSE
4901,control,2026-06-01,8,39.6,0.875,8,39.625,0.875,TRUE,TRUE
4902,control,2026-06-05,1,24,1,1,24,1,TRUE,TRUE
4903,control,2026-06-01,2,25,0.5,2,25,0.5,TRUE,TRUE
4904,treatment,2026-06-04,2,44.5,0.5,2,44.5,0.5,TRUE,TRUE
4905,treatment,2026-06-05,1,30,1,1,30,1,TRUE,TRUE
4906,treatment,2026-06-04,0,NA,NA,0,NA,NA,FALSE,FALSE
4907,control,2026-06-03,1,37,1,1,37,1,TRUE,TRUE
4908,treatment,2026-06-03,0,NA,NA,0,NA,NA,FALSE,FALSE
4909,control,2026-06-02,3,28.7,0.333,3,28.666666666666668,0.3333333333333333,TRUE,TRUE
4910,control,2026-06-05,0,NA,NA,0,NA,NA,FALSE,FALSE
4911,treatment,2026-06-03,1,34,1,1,34,1,TRUE,TRUE
4912,control,2026-06-04,4,31.2,0.5,3,30,0.6666666666666666,TRUE,TRUE
4913,control,2026-06-04,0,NA,NA,0,NA,NA,FALSE,FALSE
4914,treatment,2026-06-01,1,34,1,1,34,1,TRUE,TRUE
4915,control,2026-06-01,3,26,0.333,3,26,0.3333333333333333,TRUE,TRUE
4916,treatment,2026-06-02,2,27,0.5,2,27,0.5,TRUE,TRUE
4917,control,2026-06-01,2,58,1,2,58,1,TRUE,TRUE
4918,control,2026-06-05,2,24.5,0,2,24.5,0,TRUE,TRUE
4919,treatment,2026-06-03,2,31.5,0.5,2,31.5,0.5,TRUE,TRUE
4920,treatment,2026-06-02,1,70,1,1,70,1,TRUE,TRUE
4921,control,2026-06-02,1,23,0,1,23,0,TRUE,TRUE
4922,treatment,2026-06-05,1,43,1,1,43,1,TRUE,TRUE
4923,control,2026-06-05,1,36,1,1,36,1,TRUE,TRUE
4924,control,2026-06-04,3,31.3,0.667,3,31.333333333333332,0.6666666666666666,TRUE,TRUE
4925,control,2026-06-02,1,23,0,1,23,0,TRUE,TRUE
4926,control,2026-06-02,1,30,1,1,30,1,TRUE,TRUE
4927,treatment,2026-06-02,2,50,1,2,50,1,TRUE,TRUE
4928,control,2026-06-04,3,28.3,0.667,3,28.333333333333332,0.6666666666666666,TRUE,TRUE
4929,control,2026-06-05,1,28,0,1,28,0,TRUE,TRUE
4930,control,2026-06-02,6,45.2,0.833,5,46.4,0.8,TRUE,TRUE
4931,treatment,2026-06-03,6,31,0.833,6,31,0.8333333333333334,TRUE,TRUE
4932,treatment,2026-06-03,2,44,0.5,2,44,0.5,TRUE,TRUE
4933,treatment,2026-06-04,3,28.7,0.333,3,28.666666666666668,0.3333333333333333,TRUE,TRUE
4934,control,2026-06-04,2,56,0.5,2,56,0.5,TRUE,TRUE
4935,treatment,2026-06-01,7,48.1,0.571,7,48.142857142857146,0.5714285714285714,TRUE,TRUE
4936,control,2026-06-04,4,23,0.75,4,23,0.75,TRUE,TRUE
4937,control,2026-06-05,5,25.2,0.4,5,25.2,0.4,TRUE,TRUE
4938,treatment,2026-06-04,2,91.5,0.5,2,91.5,0.5,TRUE,TRUE
4939,treatment,2026-06-05,4,38.5,0.75,4,38.5,0.75,TRUE,TRUE
4940,control,2026-06-01,1,66,1,1,66,1,TRUE,TRUE
4941,control,2026-06-02,2,33.5,0.5,2,33.5,0.5,TRUE,TRUE
4942,control,2026-06-02,0,NA,NA,0,NA,NA,FALSE,FALSE
4943,control,2026-06-02,4,44,0.5,4,44,0.5,TRUE,TRUE
4944,control,2026-06-01,2,18.5,1,2,18.5,1,TRUE,TRUE
4945,treatment,2026-06-02,2,37.5,0.5,2,37.5,0.5,TRUE,TRUE
4946,treatment,2026-06-05,2,65,0,2,65,0,TRUE,TRUE
4947,treatment,2026-06-03,7,47.9,0.857,7,47.857142857142854,0.8571428571428571,TRUE,TRUE
4948,treatment,2026-06-05,2,60,0.5,2,60,0.5,TRUE,TRUE
4949,control,2026-06-03,3,29,1,3,29,1,TRUE,TRUE
4950,control,2026-06-03,3,26,1,3,26,1,TRUE,TRUE
4951,treatment,2026-06-02,3,32.3,0.333,3,32.333333333333336,0.3333333333333333,TRUE,TRUE
4952,control,2026-06-05,2,39.5,1,2,39.5,1,TRUE,TRUE
4953,control,2026-06-02,1,55,0,1,55,0,TRUE,TRUE
4954,control,2026-06-01,4,32.5,0.5,4,32.5,0.5,TRUE,TRUE
4955,treatment,2026-06-02,6,47.3,0.833,6,47.333333333333336,0.8333333333333334,TRUE,TRUE
4956,treatment,2026-06-05,5,29.6,0.6,5,29.6,0.6,TRUE,TRUE
4957,treatment,2026-06-03,0,NA,NA,0,NA,NA,FALSE,FALSE
4958,treatment,2026-06-01,8,57.9,0.75,8,57.875,0.75,TRUE,TRUE
4959,treatment,2026-06-01,1,15,0,1,15,0,TRUE,TRUE
4960,control,2026-06-04,3,38.7,0.333,3,38.666666666666664,0.3333333333333333,TRUE,TRUE
4961,treatment,2026-06-02,5,27.6,0.4,5,27.6,0.4,TRUE,TRUE
4962,treatment,2026-06-05,5,71.8,0.8,4,81.5,0.75,TRUE,TRUE
4963,treatment,2026-06-02,3,81.7,0.667,3,81.66666666666667,0.6666666666666666,TRUE,TRUE
4964,treatment,2026-06-01,3,51.7,0.667,3,51.666666666666664,0.6666666666666666,TRUE,TRUE
4965,control,2026-06-03,2,48,1,2,48,1,TRUE,TRUE
4966,control,2026-06-02,10,39.8,0.6,10,39.8,0.6,TRUE,TRUE
4967,control,2026-06-04,2,48.5,0.5,2,48.5,0.5,TRUE,TRUE
4968,control,2026-06-02,2,24.5,0,2,24.5,0,TRUE,TRUE
4969,treatment,2026-06-03,5,67.6,0.8,5,67.6,0.8,TRUE,TRUE
4970,control,2026-06-01,2,22,1,2,22,1,TRUE,TRUE
4971,treatment,2026-06-02,1,45,1,1,45,1,TRUE,TRUE
4972,treatment,2026-06-01,1,42,0,1,42,0,TRUE,TRUE
4973,treatment,2026-06-05,2,35,1,2,35,1,TRUE,TRUE
4974,treatment,2026-06-04,1,53,0,1,53,0,TRUE,TRUE
4975,control,2026-06-04,4,50.8,0.75,4,50.75,0.75,TRUE,TRUE
4976,control,2026-06-05,3,23,0.667,3,23,0.6666666666666666,TRUE,TRUE
4977,control,2026-06-03,1,91,1,1,91,1,TRUE,TRUE
4978,control,2026-06-03,6,24.7,0.667,6,24.666666666666668,0.6666666666666666,TRUE,TRUE
4979,treatment,2026-06-04,2,32.5,1,2,32.5,1,TRUE,TRUE
4980,treatment,2026-06-05,2,39,1,2,39,1,TRUE,TRUE
4981,control,2026-06-05,0,NA,NA,0,NA,NA,FALSE,FALSE
4982,control,2026-06-01,2,42,0.5,2,42,0.5,TRUE,TRUE
4983,treatment,2026-06-04,1,30,0,1,30,0,TRUE,TRUE
4984,control,2026-06-03,2,43,1,2,43,1,TRUE,TRUE
4985,control,2026-06-01,6,49.5,0.667,6,49.5,0.6666666666666666,TRUE,TRUE
4986,treatment,2026-06-04,15,42.7,0.733,14,41.5,0.7142857142857143,TRUE,TRUE
4987,treatment,2026-06-01,3,65.7,0.667,3,65.66666666666667,0.6666666666666666,TRUE,TRUE
4988,control,2026-06-05,4,26.2,0.5,4,26.25,0.5,TRUE,TRUE
4989,control,2026-06-05,1,23,1,1,23,1,TRUE,TRUE
4990,control,2026-06-01,5,27.4,0.8,5,27.4,0.8,TRUE,TRUE
4991,treatment,2026-06-01,2,97,0.5,2,97,0.5,TRUE,TRUE
4992,control,2026-06-01,2,16,0,2,16,0,TRUE,TRUE
4993,treatment,2026-06-02,10,49,0.9,10,49,0.9,TRUE,TRUE
4994,control,2026-06-04,3,15,0.667,3,15,0.6666666666666666,TRUE,TRUE
4995,treatment,2026-06-04,4,48,0.5,4,48,0.5,TRUE,TRUE
4996,control,2026-06-03,1,37,0,1,37,0,TRUE,TRUE
4997,treatment,2026-06-01,3,49,0.667,3,49,0.6666666666666666,TRUE,TRUE
4998,control,2026-06-03,3,30,0.667,3,30,0.6666666666666666,TRUE,TRUE
4999,treatment,2026-06-05,8,43.6,0.875,8,43.625,0.875,TRUE,TRUE
5000,treatment,2026-06-01,1,77,1,1,77,1,TRUE,TRUE
5001,control,2026-06-05,4,21,0.75,3,19.333333333333332,0.6666666666666666,TRUE,TRUE
5002,treatment,2026-06-02,4,65.2,0.75,4,65.25,0.75,TRUE,TRUE
5003,treatment,2026-06-04,5,50.6,0.8,5,50.6,0.8,TRUE,TRUE
5004,treatment,2026-06-05,0,NA,NA,0,NA,NA,FALSE,FALSE
5005,treatment,2026-06-05,9,47.2,0.778,7,42.142857142857146,0.8571428571428571,TRUE,TRUE
5006,control,2026-06-03,6,53,0.667,6,53,0.6666666666666666,TRUE,TRUE
5007,treatment,2026-06-03,4,47.5,0.5,4,47.5,0.5,TRUE,TRUE
5008,control,2026-06-01,1,27,1,1,27,1,TRUE,TRUE
5009,control,2026-06-02,2,44.5,1,2,44.5,1,TRUE,TRUE
5010,control,2026-06-05,5,26.2,0.6,5,26.2,0.6,TRUE,TRUE
5011,control,2026-06-02,1,49,0,1,49,0,TRUE,TRUE
5012,treatment,2026-06-03,3,44.7,1,3,44.666666666666664,1,TRUE,TRUE
5013,treatment,2026-06-02,2,50.5,0.5,2,50.5,0.5,TRUE,TRUE
5014,control,2026-06-01,3,22.7,0.333,3,22.666666666666668,0.3333333333333333,TRUE,TRUE
5015,control,2026-06-02,4,22.2,0.5,4,22.25,0.5,TRUE,TRUE
5016,treatment,2026-06-03,0,NA,NA,0,NA,NA,FALSE,FALSE
5017,treatment,2026-06-05,3,45.7,0.333,3,45.666666666666664,0.3333333333333333,TRUE,TRUE
5018,control,2026-06-02,16,35.9,0.5,16,35.9375,0.5,TRUE,TRUE
5019,control,2026-06-05,3,31,1,3,31,1,TRUE,TRUE
5020,control,2026-06-02,1,10,1,1,10,1,TRUE,TRUE
5021,control,2026-06-05,0,NA,NA,0,NA,NA,FALSE,FALSE
5022,treatment,2026-06-04,3,73.3,1,3,73.33333333333333,1,TRUE,TRUE
5023,control,2026-06-01,3,29.7,1,3,29.666666666666668,1,TRUE,TRUE
5024,treatment,2026-06-05,10,40.7,0.9,9,40.333333333333336,0.8888888888888888,TRUE,TRUE
5025,treatment,2026-06-02,2,34,1,2,34,1,TRUE,TRUE
5026,treatment,2026-06-03,2,48.5,1,2,48.5,1,TRUE,TRUE
5027,control,2026-06-01,3,41.7,0.333,3,41.666666666666664,0.3333333333333333,TRUE,TRUE
5028,treatment,2026-06-02,0,NA,NA,0,NA,NA,FALSE,FALSE
5029,control,2026-06-01,5,24,0.4,5,24,0.4,TRUE,TRUE
5030,treatment,2026-06-04,1,35,1,1,35,1,TRUE,TRUE
5031,treatment,2026-06-05,1,29,1,1,29,1,TRUE,TRUE
5032,control,2026-06-02,0,NA,NA,0,NA,NA,FALSE,FALSE
5033,control,2026-06-02,0,NA,NA,0,NA,NA,FALSE,FALSE
5034,control,2026-06-05,1,24,1,1,24,1,TRUE,TRUE
5035,treatment,2026-06-01,1,28,0,1,28,0,TRUE,TRUE
5036,control,2026-06-01,8,37.9,0.875,8,37.875,0.875,TRUE,TRUE
5037,control,2026-06-03,0,NA,NA,0,NA,NA,FALSE,FALSE
5038,treatment,2026-06-04,3,29,1,3,29,1,TRUE,TRUE
5039,treatment,2026-06-03,1,70,0,1,70,0,TRUE,TRUE
5040,treatment,2026-06-01,2,86,0.5,2,86,0.5,TRUE,TRUE
5041,control,2026-06-02,2,37.5,0.5,2,37.5,0.5,TRUE,TRUE
5042,treatment,2026-06-05,6,65,0.833,6,65,0.8333333333333334,TRUE,TRUE
5043,control,2026-06-02,4,41.2,1,4,41.25,1,TRUE,TRUE
5044,treatment,2026-06-01,5,47.6,0.4,5,47.6,0.4,TRUE,TRUE
5045,control,2026-06-05,1,25,1,1,25,1,TRUE,TRUE
5046,treatment,2026-06-05,5,22.6,1,5,22.6,1,TRUE,TRUE
5047,control,2026-06-05,1,43,1,1,43,1,TRUE,TRUE
5048,treatment,2026-06-04,3,43.3,1,3,43.333333333333336,1,TRUE,TRUE
5049,treatment,2026-06-01,1,33,0,1,33,0,TRUE,TRUE
5050,treatment,2026-06-02,2,69.5,1,2,69.5,1,TRUE,TRUE
5051,control,2026-06-01,3,37,0.667,3,37,0.6666666666666666,TRUE,TRUE
5052,control,2026-06-04,2,11,0.5,2,11,0.5,TRUE,TRUE
5053,treatment,2026-06-03,2,50,1,2,50,1,TRUE,TRUE
5054,treatment,2026-06-02,5,74,1,5,74,1,TRUE,TRUE
5055,treatment,2026-06-02,5,40.8,0.4,5,40.8,0.4,TRUE,TRUE
5056,treatment,2026-06-04,2,53,1,2,53,1,TRUE,TRUE
5057,control,2026-06-05,0,NA,NA,0,NA,NA,FALSE,FALSE
5058,control,2026-06-01,0,NA,NA,0,NA,NA,FALSE,FALSE
5059,control,2026-06-05,2,52.5,0.5,2,52.5,0.5,TRUE,TRUE
5060,treatment,2026-06-05,1,40,1,1,40,1,TRUE,TRUE
5061,treatment,2026-06-04,4,49.2,0.75,4,49.25,0.75,TRUE,TRUE
5062,control,2026-06-04,2,11.5,1,2,11.5,1,TRUE,TRUE
5063,control,2026-06-03,1,25,1,1,25,1,TRUE,TRUE
5064,treatment,2026-06-03,7,69.1,1,6,69.16666666666667,1,TRUE,TRUE
5065,control,2026-06-03,3,22.3,1,3,22.333333333333332,1,TRUE,TRUE
5066,control,2026-06-01,7,35,0.429,7,35,0.42857142857142855,TRUE,TRUE
5067,control,2026-06-05,4,38.5,0.75,4,38.5,0.75,TRUE,TRUE
5068,control,2026-06-01,9,31.7,0.778,9,31.666666666666668,0.7777777777777778,TRUE,TRUE
5069,treatment,2026-06-05,0,NA,NA,0,NA,NA,FALSE,FALSE
5070,treatment,2026-06-05,3,43.7,1,3,43.666666666666664,1,TRUE,TRUE
5071,control,2026-06-02,0,NA,NA,0,NA,NA,FALSE,FALSE
5072,control,2026-06-03,1,26,1,1,26,1,TRUE,TRUE
5073,control,2026-06-02,0,NA,NA,0,NA,NA,FALSE,FALSE
5074,control,2026-06-01,5,36,0.6,5,36,0.6,TRUE,TRUE
5075,treatment,2026-06-02,9,44.1,0.667,9,44.111111111111114,0.6666666666666666,TRUE,TRUE
5076,control,2026-06-05,10,38,0.6,10,38,0.6,TRUE,TRUE
5077,control,2026-06-01,3,20,0.667,3,20,0.6666666666666666,TRUE,TRUE
5078,treatment,2026-06-01,2,23,1,2,23,1,TRUE,TRUE
5079,treatment,2026-06-05,2,51,0.5,2,51,0.5,TRUE,TRUE
5080,treatment,2026-06-02,1,72,1,1,72,1,TRUE,TRUE
5081,treatment,2026-06-05,7,54,0.571,6,60.333333333333336,0.5,TRUE,TRUE
5082,control,2026-06-03,2,36,1,2,36,1,TRUE,TRUE
5083,treatment,2026-06-03,0,NA,NA,0,NA,NA,FALSE,FALSE
5084,control,2026-06-01,2,21.5,0,2,21.5,0,TRUE,TRUE
5085,control,2026-06-04,3,39.7,0.333,3,39.666666666666664,0.3333333333333333,TRUE,TRUE
5086,control,2026-06-03,8,32.9,0.5,7,34.42857142857143,0.42857142857142855,TRUE,TRUE
5087,control,2026-06-03,4,31.5,0.5,4,31.5,0.5,TRUE,TRUE
5088,treatment,2026-06-04,5,53.8,0.6,5,53.8,0.6,TRUE,TRUE
5089,control,2026-06-05,7,41.4,0.571,6,40.166666666666664,0.5,TRUE,TRUE
5090,control,2026-06-02,0,NA,NA,0,NA,NA,FALSE,FALSE
5091,treatment,2026-06-03,2,29.5,1,2,29.5,1,TRUE,TRUE
5092,treatment,2026-06-04,2,72,0.5,2,72,0.5,TRUE,TRUE
5093,treatment,2026-06-02,3,30.3,0.667,3,30.333333333333332,0.6666666666666666,TRUE,TRUE
5094,treatment,2026-06-05,3,47,0.667,3,47,0.6666666666666666,TRUE,TRUE
5095,control,2026-06-05,13,34,0.692,12,34.25,0.6666666666666666,TRUE,TRUE
5096,treatment,2026-06-01,1,191,1,1,191,1,TRUE,TRUE
5097,treatment,2026-06-01,1,29,1,1,29,1,TRUE,TRUE
5098,control,2026-06-03,4,41.8,0.75,3,47.666666666666664,1,TRUE,TRUE
5099,control,2026-06-04,2,27.5,1,2,27.5,1,TRUE,TRUE
5100,treatment,2026-06-03,1,97,1,1,97,1,TRUE,TRUE
5101,treatment,2026-06-05,3,62.7,0.667,3,62.666666666666664,0.6666666666666666,TRUE,TRUE
5102,control,2026-06-03,1,35,0,1,35,0,TRUE,TRUE
5103,treatment,2026-06-05,3,67.3,1,3,67.33333333333333,1,TRUE,TRUE
5104,control,2026-06-01,6,40.8,0.5,6,40.833333333333336,0.5,TRUE,TRUE
5105,treatment,2026-06-02,3,36.3,0.667,3,36.333333333333336,0.6666666666666666,TRUE,TRUE
5106,treatment,2026-06-03,3,85,0.667,3,85,0.6666666666666666,TRUE,TRUE
5107,treatment,2026-06-01,2,55.5,0.5,2,55.5,0.5,TRUE,TRUE
5108,treatment,2026-06-05,0,NA,NA,0,NA,NA,FALSE,FALSE
5109,treatment,2026-06-02,1,108,0,1,108,0,TRUE,TRUE
5110,control,2026-06-02,3,25.7,0.667,3,25.666666666666668,0.6666666666666666,TRUE,TRUE
5111,control,2026-06-05,3,14,0.667,2,17,1,TRUE,TRUE
5112,control,2026-06-02,2,52.5,1,2,52.5,1,TRUE,TRUE
5113,control,2026-06-04,6,28.7,0.5,6,28.666666666666668,0.5,TRUE,TRUE
5114,treatment,2026-06-04,3,50.3,1,3,50.333333333333336,1,TRUE,TRUE
5115,treatment,2026-06-02,2,29,1,2,29,1,TRUE,TRUE
5116,treatment,2026-06-02,8,61.6,0.875,8,61.625,0.875,TRUE,TRUE
5117,control,2026-06-05,0,NA,NA,0,NA,NA,FALSE,FALSE
5118,treatment,2026-06-04,0,NA,NA,0,NA,NA,FALSE,FALSE
5119,treatment,2026-06-03,6,51.3,0.833,6,51.333333333333336,0.8333333333333334,TRUE,TRUE
5120,control,2026-06-02,6,24.8,0.667,6,24.833333333333332,0.6666666666666666,TRUE,TRUE
5121,control,2026-06-05,1,28,0,1,28,0,TRUE,TRUE
5122,treatment,2026-06-04,0,NA,NA,0,NA,NA,FALSE,FALSE
5123,treatment,2026-06-03,1,65,1,1,65,1,TRUE,TRUE
5124,treatment,2026-06-04,4,45.2,0.75,4,45.25,0.75,TRUE,TRUE
5125,control,2026-06-03,3,32,0.667,3,32,0.6666666666666666,TRUE,TRUE
5126,treatment,2026-06-04,6,46,0.667,6,46,0.6666666666666666,TRUE,TRUE
5127,treatment,2026-06-03,6,45.7,0.833,5,47.8,1,TRUE,TRUE
5128,control,2026-06-02,2,23,0.5,1,20,0,TRUE,TRUE
5129,treatment,2026-06-01,6,34.7,0.5,6,34.666666666666664,0.5,TRUE,TRUE
5130,treatment,2026-06-01,2,54.5,1,2,54.5,1,TRUE,TRUE
5131,control,2026-06-05,11,27.4,0.909,9,28.555555555555557,0.8888888888888888,TRUE,TRUE
5132,treatment,2026-06-05,1,142,1,1,142,1,TRUE,TRUE
5133,treatment,2026-06-03,5,40.8,0.8,5,40.8,0.8,TRUE,TRUE
5134,treatment,2026-06-01,6,49.8,0.833,6,49.833333333333336,0.8333333333333334,TRUE,TRUE
5135,treatment,2026-06-01,2,38,0.5,2,38,0.5,TRUE,TRUE
5136,control,2026-06-03,8,37.9,0.875,8,37.875,0.875,TRUE,TRUE
5137,treatment,2026-06-01,2,55.5,0.5,2,55.5,0.5,TRUE,TRUE
5138,treatment,2026-06-04,3,32.7,0.333,3,32.666666666666664,0.3333333333333333,TRUE,TRUE
5139,treatment,2026-06-01,7,50.3,0.714,7,50.285714285714285,0.7142857142857143,TRUE,TRUE
5140,control,2026-06-04,5,30.2,0.8,4,30.5,0.75,TRUE,TRUE
5141,control,2026-06-04,9,31.3,0.778,9,31.333333333333332,0.7777777777777778,TRUE,TRUE
5142,control,2026-06-04,2,29.5,1,1,22,1,TRUE,TRUE
5143,control,2026-06-03,2,57.5,1,2,57.5,1,TRUE,TRUE
5144,treatment,2026-06-04,4,38.8,1,4,38.75,1,TRUE,TRUE
5145,treatment,2026-06-03,9,57.7,0.556,9,57.666666666666664,0.5555555555555556,TRUE,TRUE
5146,control,2026-06-04,0,NA,NA,0,NA,NA,FALSE,FALSE
5147,control,2026-06-04,4,47.5,0.75,4,47.5,0.75,TRUE,TRUE
5148,control,2026-06-04,2,31.5,0.5,2,31.5,0.5,TRUE,TRUE
5149,control,2026-06-01,2,52.5,0.5,2,52.5,0.5,TRUE,TRUE
5150,treatment,2026-06-03,1,45,1,1,45,1,TRUE,TRUE
5151,treatment,2026-06-03,3,77.7,0.333,3,77.66666666666667,0.3333333333333333,TRUE,TRUE
5152,treatment,2026-06-02,2,38,1,2,38,1,TRUE,TRUE
5153,control,2026-06-02,2,21,1,2,21,1,TRUE,TRUE
5154,treatment,2026-06-01,8,44,0.5,8,44,0.5,TRUE,TRUE
5155,treatment,2026-06-01,1,31,1,1,31,1,TRUE,TRUE
5156,control,2026-06-03,1,61,1,1,61,1,TRUE,TRUE
5157,control,2026-06-04,3,34.7,1,3,34.666666666666664,1,TRUE,TRUE
5158,control,2026-06-01,2,36.5,0.5,2,36.5,0.5,TRUE,TRUE
5159,control,2026-06-01,7,36.4,1,7,36.42857142857143,1,TRUE,TRUE
5160,treatment,2026-06-02,2,22.5,0.5,1,19,1,TRUE,TRUE
5161,treatment,2026-06-01,2,45,0.5,2,45,0.5,TRUE,TRUE
5162,control,2026-06-04,1,38,0,1,38,0,TRUE,TRUE
5163,treatment,2026-06-03,0,NA,NA,0,NA,NA,FALSE,FALSE
5164,treatment,2026-06-01,2,64.5,0.5,2,64.5,0.5,TRUE,TRUE
5165,treatment,2026-06-05,5,41,0.4,5,41,0.4,TRUE,TRUE
5166,control,2026-06-05,1,46,1,1,46,1,TRUE,TRUE
5167,treatment,2026-06-02,1,64,1,1,64,1,TRUE,TRUE
5168,treatment,2026-06-03,3,60.3,0.333,3,60.333333333333336,0.3333333333333333,TRUE,TRUE
5169,control,2026-06-03,4,55.5,0.75,4,55.5,0.75,TRUE,TRUE
5170,treatment,2026-06-05,4,50.8,1,4,50.75,1,TRUE,TRUE
5171,control,2026-06-01,0,NA,NA,0,NA,NA,FALSE,FALSE
5172,control,2026-06-01,0,NA,NA,0,NA,NA,FALSE,FALSE
5173,control,2026-06-01,4,33,0.5,4,33,0.5,TRUE,TRUE
5174,control,2026-06-01,4,38,0.75,4,38,0.75,TRUE,TRUE
5175,control,2026-06-03,4,40.2,0.75,3,39,0.6666666666666666,TRUE,TRUE
5176,control,2026-06-02,3,29.7,1,3,29.666666666666668,1,TRUE,TRUE
5177,treatment,2026-06-01,2,31,1,2,31,1,TRUE,TRUE
5178,treatment,2026-06-05,3,41.7,0.667,3,41.666666666666664,0.6666666666666666,TRUE,TRUE
5179,control,2026-06-04,2,27.5,0.5,2,27.5,0.5,TRUE,TRUE
5180,treatment,2026-06-04,3,29,0.667,2,29.5,0.5,TRUE,TRUE
5181,control,2026-06-01,7,39.3,0.857,7,39.285714285714285,0.8571428571428571,TRUE,TRUE
5182,treatment,2026-06-01,4,75,1,4,75,1,TRUE,TRUE
5183,treatment,2026-06-03,1,74,1,1,74,1,TRUE,TRUE
5184,treatment,2026-06-03,4,39,1,4,39,1,TRUE,TRUE
5185,treatment,2026-06-04,4,62,0.5,4,62,0.5,TRUE,TRUE
5186,treatment,2026-06-04,8,60,1,8,60,1,TRUE,TRUE
5187,treatment,2026-06-04,2,48.5,1,2,48.5,1,TRUE,TRUE
5188,treatment,2026-06-01,0,NA,NA,0,NA,NA,FALSE,FALSE
5189,treatment,2026-06-01,0,NA,NA,0,NA,NA,FALSE,FALSE
5190,treatment,2026-06-05,7,48,0.714,6,51.5,0.6666666666666666,TRUE,TRUE
5191,treatment,2026-06-04,1,42,1,1,42,1,TRUE,TRUE
5192,treatment,2026-06-05,8,64.5,0.625,7,68.85714285714286,0.7142857142857143,TRUE,TRUE
5193,control,2026-06-01,6,34,0.667,6,34,0.6666666666666666,TRUE,TRUE
5194,control,2026-06-01,0,NA,NA,0,NA,NA,FALSE,FALSE
5195,control,2026-06-01,3,24.7,0.667,3,24.666666666666668,0.6666666666666666,TRUE,TRUE
5196,control,2026-06-03,8,30.9,0.25,8,30.875,0.25,TRUE,TRUE
5197,treatment,2026-06-01,5,34,0.4,5,34,0.4,TRUE,TRUE
5198,control,2026-06-05,1,69,1,1,69,1,TRUE,TRUE
5199,control,2026-06-05,3,18.7,0.667,3,18.666666666666668,0.6666666666666666,TRUE,TRUE
5200,control,2026-06-05,4,21.8,1,4,21.75,1,TRUE,TRUE
5201,control,2026-06-03,4,43,0.5,4,43,0.5,TRUE,TRUE
5202,control,2026-06-02,3,40,0.667,3,40,0.6666666666666666,TRUE,TRUE
5203,treatment,2026-06-01,2,32.5,1,2,32.5,1,TRUE,TRUE
5204,control,2026-06-02,2,24,1,2,24,1,TRUE,TRUE
5205,treatment,2026-06-03,3,63,0.667,3,63,0.6666666666666666,TRUE,TRUE
5206,treatment,2026-06-02,1,61,1,1,61,1,TRUE,TRUE
5207,treatment,2026-06-04,5,53.2,0.4,4,47.5,0.25,TRUE,TRUE
5208,treatment,2026-06-03,1,52,1,1,52,1,TRUE,TRUE
5209,treatment,2026-06-02,5,45.4,0.8,5,45.4,0.8,TRUE,TRUE
5210,treatment,2026-06-05,2,64.5,1,1,53,1,TRUE,TRUE
5211,control,2026-06-04,2,34,1,1,28,1,TRUE,TRUE
5212,control,2026-06-05,5,26.6,0.6,5,26.6,0.6,TRUE,TRUE
5213,treatment,2026-06-01,1,37,0,1,37,0,TRUE,TRUE
5214,control,2026-06-02,0,NA,NA,0,NA,NA,FALSE,FALSE
5215,control,2026-06-04,3,52.3,1,3,52.333333333333336,1,TRUE,TRUE
5216,treatment,2026-06-02,7,39.4,0.857,7,39.42857142857143,0.8571428571428571,TRUE,TRUE
5217,treatment,2026-06-03,0,NA,NA,0,NA,NA,FALSE,FALSE
5218,treatment,2026-06-02,0,NA,NA,0,NA,NA,FALSE,FALSE
5219,treatment,2026-06-04,4,66.2,1,4,66.25,1,TRUE,TRUE
5220,treatment,2026-06-05,5,46.2,0.4,5,46.2,0.4,TRUE,TRUE
5221,treatment,2026-06-01,4,54,0.75,4,54,0.75,TRUE,TRUE
5222,treatment,2026-06-03,7,38.3,0.857,7,38.285714285714285,0.8571428571428571,TRUE,TRUE
5223,treatment,2026-06-05,2,45,1,2,45,1,TRUE,TRUE
5224,control,2026-06-02,6,31.7,0.833,6,31.666666666666668,0.8333333333333334,TRUE,TRUE
5225,control,2026-06-03,0,NA,NA,0,NA,NA,FALSE,FALSE
5226,control,2026-06-03,6,28.7,0.833,6,28.666666666666668,0.8333333333333334,TRUE,TRUE
5227,control,2026-06-03,7,38.7,0.857,7,38.714285714285715,0.8571428571428571,TRUE,TRUE
5228,treatment,2026-06-01,2,28,1,2,28,1,TRUE,TRUE
5229,control,2026-06-05,7,28.6,0.714,6,28.333333333333332,0.6666666666666666,TRUE,TRUE
5230,treatment,2026-06-05,0,NA,NA,0,NA,NA,FALSE,FALSE
5231,treatment,2026-06-01,3,58,0.667,3,58,0.6666666666666666,TRUE,TRUE
5232,treatment,2026-06-04,3,29.3,1,3,29.333333333333332,1,TRUE,TRUE
5233,control,2026-06-01,1,25,0,1,25,0,TRUE,TRUE
5234,control,2026-06-04,2,18,1,2,18,1,TRUE,TRUE
5235,treatment,2026-06-01,3,51,0.667,3,51,0.6666666666666666,TRUE,TRUE
5236,treatment,2026-06-03,4,63.2,0.5,4,63.25,0.5,TRUE,TRUE
5237,treatment,2026-06-04,3,49,0.667,3,49,0.6666666666666666,TRUE,TRUE
5238,control,2026-06-03,2,24.5,0.5,2,24.5,0.5,TRUE,TRUE
5239,treatment,2026-06-05,3,31,1,3,31,1,TRUE,TRUE
5240,control,2026-06-05,3,36.3,1,3,36.333333333333336,1,TRUE,TRUE
5241,treatment,2026-06-04,1,41,0,1,41,0,TRUE,TRUE
5242,control,2026-06-02,9,31.2,0.556,9,31.22222222222222,0.5555555555555556,TRUE,TRUE
5243,treatment,2026-06-04,1,36,0,1,36,0,TRUE,TRUE
5244,control,2026-06-01,2,32.5,1,2,32.5,1,TRUE,TRUE
5245,control,2026-06-04,2,34,0.5,2,34,0.5,TRUE,TRUE
5246,control,2026-06-03,1,13,0,1,13,0,TRUE,TRUE
5247,treatment,2026-06-03,2,52.5,1,2,52.5,1,TRUE,TRUE
5248,treatment,2026-06-03,1,67,1,1,67,1,TRUE,TRUE
5249,treatment,2026-06-04,3,72.7,0.333,3,72.66666666666667,0.3333333333333333,TRUE,TRUE
5250,treatment,2026-06-04,0,NA,NA,0,NA,NA,FALSE,FALSE
5251,treatment,2026-06-02,2,68,1,2,68,1,TRUE,TRUE
5252,control,2026-06-05,2,25,0.5,1,34,0,TRUE,TRUE
5253,control,2026-06-02,1,17,0,1,17,0,TRUE,TRUE
5254,treatment,2026-06-05,13,41.2,0.692,12,39.666666666666664,0.75,TRUE,TRUE
5255,control,2026-06-05,2,32,0.5,2,32,0.5,TRUE,TRUE
5256,treatment,2026-06-02,3,54.3,1,3,54.333333333333336,1,TRUE,TRUE
5257,treatment,2026-06-01,2,50,0.5,2,50,0.5,TRUE,TRUE
5258,treatment,2026-06-05,4,51,0.5,4,51,0.5,TRUE,TRUE
5259,treatment,2026-06-03,1,33,0,1,33,0,TRUE,TRUE
5260,control,2026-06-02,2,79,0.5,2,79,0.5,TRUE,TRUE
5261,control,2026-06-01,4,38.8,1,4,38.75,1,TRUE,TRUE
5262,control,2026-06-05,2,36,1,1,50,1,TRUE,TRUE
5263,control,2026-06-04,2,47,0.5,2,47,0.5,TRUE,TRUE
5264,control,2026-06-01,9,40.7,0.667,9,40.666666666666664,0.6666666666666666,TRUE,TRUE
5265,control,2026-06-05,0,NA,NA,0,NA,NA,FALSE,FALSE
5266,treatment,2026-06-05,4,48.5,0.75,4,48.5,0.75,TRUE,TRUE
5267,control,2026-06-02,2,31.5,1,2,31.5,1,TRUE,TRUE
5268,treatment,2026-06-01,5,46.6,0.6,5,46.6,0.6,TRUE,TRUE
5269,control,2026-06-02,3,51.3,0.667,3,51.333333333333336,0.6666666666666666,TRUE,TRUE
5270,control,2026-06-04,3,30.7,1,3,30.666666666666668,1,TRUE,TRUE
5271,control,2026-06-03,3,33.3,1,3,33.333333333333336,1,TRUE,TRUE
5272,control,2026-06-01,3,31.7,1,3,31.666666666666668,1,TRUE,TRUE
5273,control,2026-06-01,1,40,1,1,40,1,TRUE,TRUE
5274,treatment,2026-06-01,2,30.5,1,2,30.5,1,TRUE,TRUE
5275,control,2026-06-04,0,NA,NA,0,NA,NA,FALSE,FALSE
5276,control,2026-06-01,0,NA,NA,0,NA,NA,FALSE,FALSE
5277,control,2026-06-03,6,27.7,0.333,6,27.666666666666668,0.3333333333333333,TRUE,TRUE
5278,control,2026-06-02,0,NA,NA,0,NA,NA,FALSE,FALSE
5279,treatment,2026-06-02,3,72.7,0.667,3,72.66666666666667,0.6666666666666666,TRUE,TRUE
5280,treatment,2026-06-02,0,NA,NA,0,NA,NA,FALSE,FALSE
5281,treatment,2026-06-01,6,43,0.667,6,43,0.6666666666666666,TRUE,TRUE
5282,control,2026-06-04,3,33,0.667,3,33,0.6666666666666666,TRUE,TRUE
5283,treatment,2026-06-01,2,49,0.5,2,49,0.5,TRUE,TRUE
5284,treatment,2026-06-05,0,NA,NA,0,NA,NA,FALSE,FALSE
5285,treatment,2026-06-03,2,73.5,1,2,73.5,1,TRUE,TRUE
5286,treatment,2026-06-03,10,40.8,0.4,10,40.8,0.4,TRUE,TRUE
5287,control,2026-06-05,9,36.9,0.778,9,36.888888888888886,0.7777777777777778,TRUE,TRUE
5288,control,2026-06-04,0,NA,NA,0,NA,NA,FALSE,FALSE
5289,treatment,2026-06-03,3,40.3,0.667,3,40.333333333333336,0.6666666666666666,TRUE,TRUE
5290,treatment,2026-06-03,2,46,0.5,2,46,0.5,TRUE,TRUE
5291,treatment,2026-06-03,0,NA,NA,0,NA,NA,FALSE,FALSE
5292,control,2026-06-02,0,NA,NA,0,NA,NA,FALSE,FALSE
5293,treatment,2026-06-04,1,26,1,1,26,1,TRUE,TRUE
5294,treatment,2026-06-01,1,15,1,1,15,1,TRUE,TRUE
5295,control,2026-06-01,5,42.8,0.8,5,42.8,0.8,TRUE,TRUE
5296,control,2026-06-03,4,40.8,0.75,4,40.75,0.75,TRUE,TRUE
5297,treatment,2026-06-04,5,40,0.4,5,40,0.4,TRUE,TRUE
5298,control,2026-06-03,5,30.4,0.6,5,30.4,0.6,TRUE,TRUE
5299,treatment,2026-06-05,2,41,0,2,41,0,TRUE,TRUE
5300,treatment,2026-06-05,6,49.8,0.833,5,53,0.8,TRUE,TRUE
5301,treatment,2026-06-02,5,70.8,1,5,70.8,1,TRUE,TRUE
5302,control,2026-06-02,0,NA,NA,0,NA,NA,FALSE,FALSE
5303,treatment,2026-06-02,5,71,0.6,5,71,0.6,TRUE,TRUE
5304,control,2026-06-01,0,NA,NA,0,NA,NA,FALSE,FALSE
5305,control,2026-06-01,1,18,0,1,18,0,TRUE,TRUE
5306,treatment,2026-06-02,6,60,0.833,6,60,0.8333333333333334,TRUE,TRUE
5307,treatment,2026-06-01,15,59.3,0.8,15,59.266666666666666,0.8,TRUE,TRUE
5308,treatment,2026-06-03,1,39,0,1,39,0,TRUE,TRUE
5309,treatment,2026-06-01,7,65.6,0.857,7,65.57142857142857,0.8571428571428571,TRUE,TRUE
5310,control,2026-06-02,2,47,0.5,2,47,0.5,TRUE,TRUE
5311,treatment,2026-06-04,2,51,1,2,51,1,TRUE,TRUE
5312,control,2026-06-04,4,30,0.25,4,30,0.25,TRUE,TRUE
5313,treatment,2026-06-02,3,51,0.667,3,51,0.6666666666666666,TRUE,TRUE
5314,treatment,2026-06-05,5,55.6,0.8,5,55.6,0.8,TRUE,TRUE
5315,treatment,2026-06-02,12,54.6,0.75,11,48.81818181818182,0.7272727272727273,TRUE,TRUE
5316,control,2026-06-04,3,26.7,1,3,26.666666666666668,1,TRUE,TRUE
5317,treatment,2026-06-03,8,43.8,0.875,7,46.42857142857143,0.8571428571428571,TRUE,TRUE
5318,treatment,2026-06-02,0,NA,NA,0,NA,NA,FALSE,FALSE
5319,treatment,2026-06-04,2,29,0,2,29,0,TRUE,TRUE
5320,treatment,2026-06-05,1,34,1,1,34,1,TRUE,TRUE
5321,treatment,2026-06-05,1,139,1,1,139,1,TRUE,TRUE
5322,treatment,2026-06-04,3,38,1,3,38,1,TRUE,TRUE
5323,control,2026-06-02,3,25,0.333,3,25,0.3333333333333333,TRUE,TRUE
5324,control,2026-06-01,1,22,1,1,22,1,TRUE,TRUE
5325,treatment,2026-06-01,1,50,1,1,50,1,TRUE,TRUE
5326,treatment,2026-06-05,3,28.7,1,3,28.666666666666668,1,TRUE,TRUE
5327,control,2026-06-04,2,33,0.5,2,33,0.5,TRUE,TRUE
5328,control,2026-06-01,2,29,0.5,2,29,0.5,TRUE,TRUE
5329,treatment,2026-06-03,2,33,1,2,33,1,TRUE,TRUE
5330,control,2026-06-03,2,17,0.5,2,17,0.5,TRUE,TRUE
5331,control,2026-06-04,0,NA,NA,0,NA,NA,FALSE,FALSE
5332,treatment,2026-06-02,4,45.2,0.75,4,45.25,0.75,TRUE,TRUE
5333,control,2026-06-04,5,26.8,0.6,5,26.8,0.6,TRUE,TRUE
5334,treatment,2026-06-04,6,63.3,1,6,63.333333333333336,1,TRUE,TRUE
5335,control,2026-06-05,1,44,1,1,44,1,TRUE,TRUE
5336,treatment,2026-06-03,3,51.3,1,3,51.333333333333336,1,TRUE,TRUE
5337,treatment,2026-06-02,5,38.6,0.4,5,38.6,0.4,TRUE,TRUE
5338,control,2026-06-05,4,23,0.5,3,26.333333333333332,0.6666666666666666,TRUE,TRUE
5339,control,2026-06-04,12,30.7,0.583,11,32.27272727272727,0.6363636363636364,TRUE,TRUE
5340,control,2026-06-03,4,49.2,0.75,4,49.25,0.75,TRUE,TRUE
5341,treatment,2026-06-01,1,39,1,1,39,1,TRUE,TRUE
5342,treatment,2026-06-04,4,48.5,1,4,48.5,1,TRUE,TRUE
5343,treatment,2026-06-04,3,31.7,1,3,31.666666666666668,1,TRUE,TRUE
5344,control,2026-06-01,4,44.8,0.5,4,44.75,0.5,TRUE,TRUE
5345,control,2026-06-03,0,NA,NA,0,NA,NA,FALSE,FALSE
5346,control,2026-06-05,5,19.2,0.4,5,19.2,0.4,TRUE,TRUE
5347,treatment,2026-06-03,5,73,0.8,5,73,0.8,TRUE,TRUE
5348,treatment,2026-06-04,1,51,1,1,51,1,TRUE,TRUE
5349,treatment,2026-06-03,3,37.3,0.667,2,34,0.5,TRUE,TRUE
5350,treatment,2026-06-04,2,27.5,0.5,2,27.5,0.5,TRUE,TRUE
5351,treatment,2026-06-05,1,74,0,1,74,0,TRUE,TRUE
5352,control,2026-06-03,3,42.3,0.667,3,42.333333333333336,0.6666666666666666,TRUE,TRUE
5353,control,2026-06-01,3,39.7,1,3,39.666666666666664,1,TRUE,TRUE
5354,control,2026-06-04,2,25.5,1,2,25.5,1,TRUE,TRUE
5355,control,2026-06-04,0,NA,NA,0,NA,NA,FALSE,FALSE
5356,control,2026-06-01,1,22,1,1,22,1,TRUE,TRUE
5357,control,2026-06-02,1,33,1,1,33,1,TRUE,TRUE
5358,control,2026-06-04,5,23.2,0.6,5,23.2,0.6,TRUE,TRUE
5359,treatment,2026-06-05,6,44,0.5,6,44,0.5,TRUE,TRUE
5360,control,2026-06-03,2,37,0.5,2,37,0.5,TRUE,TRUE
5361,control,2026-06-02,0,NA,NA,0,NA,NA,FALSE,FALSE
5362,treatment,2026-06-01,0,NA,NA,0,NA,NA,FALSE,FALSE
5363,control,2026-06-05,6,40.8,0.833,6,40.833333333333336,0.8333333333333334,TRUE,TRUE
5364,control,2026-06-02,0,NA,NA,0,NA,NA,FALSE,FALSE
5365,treatment,2026-06-02,6,50.3,0.833,6,50.333333333333336,0.8333333333333334,TRUE,TRUE
5366,treatment,2026-06-03,1,35,1,1,35,1,TRUE,TRUE
5367,control,2026-06-04,3,29,0.667,3,29,0.6666666666666666,TRUE,TRUE
5368,treatment,2026-06-01,0,NA,NA,0,NA,NA,FALSE,FALSE
5369,control,2026-06-04,3,31.7,1,3,31.666666666666668,1,TRUE,TRUE
5370,control,2026-06-03,7,34.7,1,7,34.714285714285715,1,TRUE,TRUE
5371,treatment,2026-06-02,2,40,0.5,2,40,0.5,TRUE,TRUE
5372,control,2026-06-05,2,30,0.5,2,30,0.5,TRUE,TRUE
5373,control,2026-06-03,0,NA,NA,0,NA,NA,FALSE,FALSE
5374,treatment,2026-06-02,2,45,1,2,45,1,TRUE,TRUE
5375,treatment,2026-06-05,9,32.8,0.667,9,32.77777777777778,0.6666666666666666,TRUE,TRUE
5376,control,2026-06-05,4,37.8,0.5,4,37.75,0.5,TRUE,TRUE
5377,treatment,2026-06-02,1,38,0,1,38,0,TRUE,TRUE
5378,treatment,2026-06-04,0,NA,NA,0,NA,NA,FALSE,FALSE
5379,treatment,2026-06-03,0,NA,NA,0,NA,NA,FALSE,FALSE
5380,control,2026-06-02,3,18.7,0.667,3,18.666666666666668,0.6666666666666666,TRUE,TRUE
5381,treatment,2026-06-05,0,NA,NA,0,NA,NA,FALSE,FALSE
5382,treatment,2026-06-03,4,47.8,1,4,47.75,1,TRUE,TRUE
5383,control,2026-06-02,3,29,0.667,3,29,0.6666666666666666,TRUE,TRUE
5384,treatment,2026-06-02,2,26.5,0,2,26.5,0,TRUE,TRUE
5385,control,2026-06-01,2,22.5,1,2,22.5,1,TRUE,TRUE
5386,treatment,2026-06-05,4,57.2,0.75,4,57.25,0.75,TRUE,TRUE
5387,treatment,2026-06-04,2,79.5,1,2,79.5,1,TRUE,TRUE
5388,treatment,2026-06-04,6,68,0.833,6,68,0.8333333333333334,TRUE,TRUE
5389,control,2026-06-05,0,NA,NA,0,NA,NA,FALSE,FALSE
5390,treatment,2026-06-01,1,59,1,1,59,1,TRUE,TRUE
5391,control,2026-06-05,0,NA,NA,0,NA,NA,FALSE,FALSE
5392,treatment,2026-06-03,9,42.4,0.667,9,42.44444444444444,0.6666666666666666,TRUE,TRUE
5393,treatment,2026-06-05,8,33.2,1,8,33.25,1,TRUE,TRUE
5394,control,2026-06-03,11,22.7,0.727,11,22.727272727272727,0.7272727272727273,TRUE,TRUE
5395,control,2026-06-02,4,33.5,1,4,33.5,1,TRUE,TRUE
5396,treatment,2026-06-05,3,23.7,0.333,2,29.5,0,TRUE,TRUE
5397,control,2026-06-01,5,30,0.6,5,30,0.6,TRUE,TRUE
5398,treatment,2026-06-05,1,31,1,1,31,1,TRUE,TRUE
5399,control,2026-06-04,2,20.5,0,1,24,0,TRUE,TRUE
5400,treatment,2026-06-05,1,51,1,1,51,1,TRUE,TRUE
5401,control,2026-06-02,5,39.6,1,5,39.6,1,TRUE,TRUE
5402,control,2026-06-03,7,37.6,0.714,7,37.57142857142857,0.7142857142857143,TRUE,TRUE
5403,treatment,2026-06-05,7,51.3,0.429,6,52.666666666666664,0.3333333333333333,TRUE,TRUE
5404,treatment,2026-06-03,1,33,0,1,33,0,TRUE,TRUE
5405,control,2026-06-01,12,36.2,0.75,12,36.25,0.75,TRUE,TRUE
5406,control,2026-06-04,4,18,0.5,4,18,0.5,TRUE,TRUE
5407,treatment,2026-06-01,7,63.7,0.714,7,63.714285714285715,0.7142857142857143,TRUE,TRUE
5408,treatment,2026-06-01,6,27,1,6,27,1,TRUE,TRUE
5409,treatment,2026-06-04,1,51,0,1,51,0,TRUE,TRUE
5410,treatment,2026-06-01,1,49,0,1,49,0,TRUE,TRUE
5411,treatment,2026-06-04,3,24,0.667,3,24,0.6666666666666666,TRUE,TRUE
5412,treatment,2026-06-04,4,38.5,0.75,4,38.5,0.75,TRUE,TRUE
5413,control,2026-06-03,1,58,0,0,NA,NA,FALSE,TRUE
5414,control,2026-06-03,3,43.3,1,3,43.333333333333336,1,TRUE,TRUE
5415,control,2026-06-01,2,41.5,1,2,41.5,1,TRUE,TRUE
5416,treatment,2026-06-03,2,31.5,0.5,2,31.5,0.5,TRUE,TRUE
5417,control,2026-06-02,3,19.3,0.333,3,19.333333333333332,0.3333333333333333,TRUE,TRUE
5418,treatment,2026-06-02,5,46.6,0.8,5,46.6,0.8,TRUE,TRUE
5419,control,2026-06-01,7,23,1,7,23,1,TRUE,TRUE
5420,control,2026-06-02,5,42.2,0.8,5,42.2,0.8,TRUE,TRUE
5421,treatment,2026-06-05,0,NA,NA,0,NA,NA,FALSE,FALSE
5422,control,2026-06-03,0,NA,NA,0,NA,NA,FALSE,FALSE
5423,treatment,2026-06-05,5,44.6,0.8,5,44.6,0.8,TRUE,TRUE
5424,treatment,2026-06-01,3,59,0.667,3,59,0.6666666666666666,TRUE,TRUE
5425,treatment,2026-06-01,1,33,1,1,33,1,TRUE,TRUE
5426,control,2026-06-02,1,32,0,1,32,0,TRUE,TRUE
5427,treatment,2026-06-04,0,NA,NA,0,NA,NA,FALSE,FALSE
5428,treatment,2026-06-02,4,71.5,0.25,4,71.5,0.25,TRUE,TRUE
5429,treatment,2026-06-01,0,NA,NA,0,NA,NA,FALSE,FALSE
5430,treatment,2026-06-04,5,42.2,0.8,4,43.5,0.75,TRUE,TRUE
5431,control,2026-06-02,2,44,0,2,44,0,TRUE,TRUE
5432,control,2026-06-03,2,42,1,2,42,1,TRUE,TRUE
5433,treatment,2026-06-03,9,49.3,0.778,9,49.333333333333336,0.7777777777777778,TRUE,TRUE
5434,control,2026-06-01,1,28,0,1,28,0,TRUE,TRUE
5435,control,2026-06-01,4,34,0.75,4,34,0.75,TRUE,TRUE
5436,treatment,2026-06-04,8,53.1,0.5,7,45.57142857142857,0.42857142857142855,TRUE,TRUE
5437,treatment,2026-06-03,4,72.2,0.75,4,72.25,0.75,TRUE,TRUE
5438,treatment,2026-06-02,2,49,1,2,49,1,TRUE,TRUE
5439,treatment,2026-06-03,5,55.8,0.8,5,55.8,0.8,TRUE,TRUE
5440,treatment,2026-06-02,6,51.8,0.833,6,51.833333333333336,0.8333333333333334,TRUE,TRUE
5441,treatment,2026-06-02,2,30,1,2,30,1,TRUE,TRUE
5442,treatment,2026-06-03,2,65,1,2,65,1,TRUE,TRUE
5443,treatment,2026-06-05,6,63.8,0.5,5,40,0.6,TRUE,TRUE
5444,control,2026-06-04,10,46.9,0.8,9,48.666666666666664,0.7777777777777778,TRUE,TRUE
5445,control,2026-06-03,0,NA,NA,0,NA,NA,FALSE,FALSE
5446,treatment,2026-06-05,8,51.9,0.75,6,47.333333333333336,0.6666666666666666,TRUE,TRUE
5447,control,2026-06-04,4,26,0.5,4,26,0.5,TRUE,TRUE
5448,treatment,2026-06-02,1,41,1,1,41,1,TRUE,TRUE
5449,control,2026-06-01,5,26,0.4,5,26,0.4,TRUE,TRUE
5450,control,2026-06-03,3,19,0.667,3,19,0.6666666666666666,TRUE,TRUE
5451,treatment,2026-06-05,2,40,1,2,40,1,TRUE,TRUE
5452,control,2026-06-02,2,40,0.5,2,40,0.5,TRUE,TRUE
5453,treatment,2026-06-01,4,52.5,0.75,4,52.5,0.75,TRUE,TRUE
5454,treatment,2026-06-05,2,37,0,2,37,0,TRUE,TRUE
5455,control,2026-06-04,2,33,0.5,2,33,0.5,TRUE,TRUE
5456,treatment,2026-06-03,2,32.5,1,2,32.5,1,TRUE,TRUE
5457,control,2026-06-03,2,33.5,0.5,2,33.5,0.5,TRUE,TRUE
5458,treatment,2026-06-01,6,54.5,0.667,6,54.5,0.6666666666666666,TRUE,TRUE
5459,treatment,2026-06-01,1,51,1,1,51,1,TRUE,TRUE
5460,control,2026-06-02,2,37,0.5,2,37,0.5,TRUE,TRUE
5461,treatment,2026-06-01,2,60.5,1,2,60.5,1,TRUE,TRUE
5462,control,2026-06-02,1,42,1,1,42,1,TRUE,TRUE
5463,control,2026-06-02,2,17.5,1,2,17.5,1,TRUE,TRUE
5464,treatment,2026-06-01,9,56.1,0.889,9,56.111111111111114,0.8888888888888888,TRUE,TRUE
5465,control,2026-06-01,7,35.9,0.714,7,35.857142857142854,0.7142857142857143,TRUE,TRUE
5466,control,2026-06-03,1,27,1,1,27,1,TRUE,TRUE
5467,control,2026-06-03,1,45,1,1,45,1,TRUE,TRUE
5468,control,2026-06-01,9,38.6,0.778,9,38.55555555555556,0.7777777777777778,TRUE,TRUE
5469,treatment,2026-06-02,3,33.3,1,3,33.333333333333336,1,TRUE,TRUE
5470,treatment,2026-06-02,7,54.6,0.857,7,54.57142857142857,0.8571428571428571,TRUE,TRUE
5471,treatment,2026-06-01,1,88,0,1,88,0,TRUE,TRUE
5472,treatment,2026-06-01,6,52.5,0.5,6,52.5,0.5,TRUE,TRUE
5473,control,2026-06-05,0,NA,NA,0,NA,NA,FALSE,FALSE
5474,control,2026-06-03,7,24.3,0.857,7,24.285714285714285,0.8571428571428571,TRUE,TRUE
5475,control,2026-06-05,2,27,1,2,27,1,TRUE,TRUE
5476,treatment,2026-06-05,5,32.2,0.8,5,32.2,0.8,TRUE,TRUE
5477,treatment,2026-06-01,1,57,1,1,57,1,TRUE,TRUE
5478,treatment,2026-06-05,9,37.6,0.556,8,39.625,0.625,TRUE,TRUE
5479,control,2026-06-05,3,25,0.667,3,25,0.6666666666666666,TRUE,TRUE
5480,treatment,2026-06-03,3,71.7,0.333,3,71.66666666666667,0.3333333333333333,TRUE,TRUE
5481,control,2026-06-05,2,20,1,1,12,1,TRUE,TRUE
5482,treatment,2026-06-03,5,40.8,0.6,5,40.8,0.6,TRUE,TRUE
5483,treatment,2026-06-03,5,40,0.8,5,40,0.8,TRUE,TRUE
5484,control,2026-06-04,1,20,1,1,20,1,TRUE,TRUE
5485,control,2026-06-04,2,50,1,2,50,1,TRUE,TRUE
5486,control,2026-06-02,3,53.7,0.667,3,53.666666666666664,0.6666666666666666,TRUE,TRUE
5487,treatment,2026-06-01,0,NA,NA,0,NA,NA,FALSE,FALSE
5488,control,2026-06-04,2,30,1,2,30,1,TRUE,TRUE
5489,treatment,2026-06-05,0,NA,NA,0,NA,NA,FALSE,FALSE
5490,treatment,2026-06-03,1,31,1,1,31,1,TRUE,TRUE
5491,control,2026-06-04,3,29,0.333,3,29,0.3333333333333333,TRUE,TRUE
5492,control,2026-06-02,4,21.5,0.75,4,21.5,0.75,TRUE,TRUE
5493,treatment,2026-06-04,0,NA,NA,0,NA,NA,FALSE,FALSE
5494,control,2026-06-03,2,62.5,1,2,62.5,1,TRUE,TRUE
5495,treatment,2026-06-02,0,NA,NA,0,NA,NA,FALSE,FALSE
5496,treatment,2026-06-05,7,40.6,0.857,6,38.666666666666664,1,TRUE,TRUE
5497,control,2026-06-05,1,89,1,0,NA,NA,FALSE,TRUE
5498,treatment,2026-06-04,4,37,0.75,4,37,0.75,TRUE,TRUE
5499,treatment,2026-06-03,2,24.5,1,2,24.5,1,TRUE,TRUE
5500,treatment,2026-06-02,3,49.7,0.667,3,49.666666666666664,0.6666666666666666,TRUE,TRUE
5501,control,2026-06-03,3,22.7,0.667,3,22.666666666666668,0.6666666666666666,TRUE,TRUE
5502,treatment,2026-06-04,17,46.4,0.941,16,47.0625,0.9375,TRUE,TRUE
5503,treatment,2026-06-03,3,45,1,3,45,1,TRUE,TRUE
5504,control,2026-06-01,3,45.3,0.333,3,45.333333333333336,0.3333333333333333,TRUE,TRUE
5505,control,2026-06-01,5,27.4,0.6,5,27.4,0.6,TRUE,TRUE
5506,control,2026-06-01,8,46.2,0.5,8,46.25,0.5,TRUE,TRUE
5507,treatment,2026-06-01,3,121.3,1,3,121.33333333333333,1,TRUE,TRUE
5508,treatment,2026-06-01,3,38.7,0.667,3,38.666666666666664,0.6666666666666666,TRUE,TRUE
5509,treatment,2026-06-05,9,45.2,0.778,9,45.22222222222222,0.7777777777777778,TRUE,TRUE
5510,treatment,2026-06-02,2,26,0.5,2,26,0.5,TRUE,TRUE
5511,treatment,2026-06-05,4,48,0.5,4,48,0.5,TRUE,TRUE
5512,control,2026-06-01,3,29,0.333,3,29,0.3333333333333333,TRUE,TRUE
5513,treatment,2026-06-05,2,33,1,2,33,1,TRUE,TRUE
5514,control,2026-06-02,2,33.5,1,2,33.5,1,TRUE,TRUE
5515,control,2026-06-03,5,34.8,1,5,34.8,1,TRUE,TRUE
5516,control,2026-06-05,1,20,1,1,20,1,TRUE,TRUE
5517,treatment,2026-06-05,9,47.9,0.778,9,47.888888888888886,0.7777777777777778,TRUE,TRUE
5518,control,2026-06-01,3,22,0.333,3,22,0.3333333333333333,TRUE,TRUE
5519,treatment,2026-06-05,5,45.4,1,5,45.4,1,TRUE,TRUE
5520,control,2026-06-02,2,45,1,2,45,1,TRUE,TRUE
5521,treatment,2026-06-02,3,67.7,0.667,3,67.66666666666667,0.6666666666666666,TRUE,TRUE
5522,treatment,2026-06-05,1,26,1,1,26,1,TRUE,TRUE
5523,treatment,2026-06-03,1,32,1,1,32,1,TRUE,TRUE
5524,control,2026-06-02,5,48.2,0.2,5,48.2,0.2,TRUE,TRUE
5525,control,2026-06-02,6,40.2,0.667,6,40.166666666666664,0.6666666666666666,TRUE,TRUE
5526,treatment,2026-06-04,3,86.3,1,3,86.33333333333333,1,TRUE,TRUE
5527,control,2026-06-04,1,15,1,1,15,1,TRUE,TRUE
5528,treatment,2026-06-01,5,33.8,0.4,5,33.8,0.4,TRUE,TRUE
5529,treatment,2026-06-02,3,38.7,1,3,38.666666666666664,1,TRUE,TRUE
5530,control,2026-06-01,6,32.5,0.833,6,32.5,0.8333333333333334,TRUE,TRUE
5531,control,2026-06-01,6,28.2,1,6,28.166666666666668,1,TRUE,TRUE
5532,treatment,2026-06-04,2,29.5,0.5,2,29.5,0.5,TRUE,TRUE
5533,control,2026-06-05,7,35.7,0.857,7,35.714285714285715,0.8571428571428571,TRUE,TRUE
5534,treatment,2026-06-04,2,58.5,1,2,58.5,1,TRUE,TRUE
5535,control,2026-06-04,2,46.5,0.5,2,46.5,0.5,TRUE,TRUE
5536,control,2026-06-02,5,33.4,0.4,5,33.4,0.4,TRUE,TRUE
5537,treatment,2026-06-05,1,59,1,1,59,1,TRUE,TRUE
5538,treatment,2026-06-03,5,27.6,0.6,5,27.6,0.6,TRUE,TRUE
5539,treatment,2026-06-05,6,55,0.667,6,55,0.6666666666666666,TRUE,TRUE
5540,treatment,2026-06-02,3,64.7,1,3,64.66666666666667,1,TRUE,TRUE
5541,treatment,2026-06-05,0,NA,NA,0,NA,NA,FALSE,FALSE
5542,treatment,2026-06-05,2,47.5,0.5,2,47.5,0.5,TRUE,TRUE
5543,treatment,2026-06-03,3,52,0,3,52,0,TRUE,TRUE
5544,treatment,2026-06-04,3,60.3,0.667,3,60.333333333333336,0.6666666666666666,TRUE,TRUE
5545,treatment,2026-06-02,0,NA,NA,0,NA,NA,FALSE,FALSE
5546,treatment,2026-06-05,5,44,0.6,5,44,0.6,TRUE,TRUE
5547,treatment,2026-06-04,1,17,0,1,17,0,TRUE,TRUE
5548,treatment,2026-06-04,1,55,1,1,55,1,TRUE,TRUE
5549,treatment,2026-06-05,2,46.5,0.5,1,29,0,TRUE,TRUE
5550,treatment,2026-06-03,6,45.2,1,6,45.166666666666664,1,TRUE,TRUE
5551,treatment,2026-06-03,3,44.3,1,3,44.333333333333336,1,TRUE,TRUE
5552,treatment,2026-06-05,3,82,1,3,82,1,TRUE,TRUE
5553,treatment,2026-06-03,1,41,1,1,41,1,TRUE,TRUE
5554,treatment,2026-06-03,0,NA,NA,0,NA,NA,FALSE,FALSE
5555,control,2026-06-05,3,33.7,0.667,2,41.5,0.5,TRUE,TRUE
5556,control,2026-06-02,6,33,0.5,5,34.2,0.6,TRUE,TRUE
5557,treatment,2026-06-01,2,39,1,2,39,1,TRUE,TRUE
5558,treatment,2026-06-01,1,121,1,1,121,1,TRUE,TRUE
5559,control,2026-06-01,1,39,0,1,39,0,TRUE,TRUE
5560,treatment,2026-06-02,1,45,1,1,45,1,TRUE,TRUE
5561,control,2026-06-05,4,39.5,0.5,4,39.5,0.5,TRUE,TRUE
5562,treatment,2026-06-03,2,38,1,2,38,1,TRUE,TRUE
5563,control,2026-06-03,3,26,0.333,3,26,0.3333333333333333,TRUE,TRUE
5564,treatment,2026-06-03,3,47.7,1,3,47.666666666666664,1,TRUE,TRUE
5565,control,2026-06-03,4,39.8,1,4,39.75,1,TRUE,TRUE
5566,treatment,2026-06-05,2,64.5,1,1,81,1,TRUE,TRUE
5567,control,2026-06-01,5,30.8,0.8,5,30.8,0.8,TRUE,TRUE
5568,control,2026-06-04,8,40.9,0.5,8,40.875,0.5,TRUE,TRUE
5569,control,2026-06-02,2,35,1,2,35,1,TRUE,TRUE
5570,treatment,2026-06-04,5,43.8,0.6,5,43.8,0.6,TRUE,TRUE
5571,treatment,2026-06-03,2,76,0.5,2,76,0.5,TRUE,TRUE
5572,control,2026-06-01,3,37.7,0.667,3,37.666666666666664,0.6666666666666666,TRUE,TRUE
5573,control,2026-06-01,3,27,0.667,3,27,0.6666666666666666,TRUE,TRUE
5574,control,2026-06-03,0,NA,NA,0,NA,NA,FALSE,FALSE
5575,treatment,2026-06-03,4,39,0.25,4,39,0.25,TRUE,TRUE
5576,control,2026-06-04,2,27,0.5,2,27,0.5,TRUE,TRUE
5577,treatment,2026-06-05,2,69.5,1,2,69.5,1,TRUE,TRUE
5578,control,2026-06-05,2,17,0.5,2,17,0.5,TRUE,TRUE
5579,control,2026-06-04,4,15.8,0.25,4,15.75,0.25,TRUE,TRUE
5580,control,2026-06-01,0,NA,NA,0,NA,NA,FALSE,FALSE
5581,control,2026-06-04,0,NA,NA,0,NA,NA,FALSE,FALSE
5582,control,2026-06-03,0,NA,NA,0,NA,NA,FALSE,FALSE
5583,control,2026-06-02,2,54.5,0.5,2,54.5,0.5,TRUE,TRUE
5584,control,2026-06-04,1,50,0,1,50,0,TRUE,TRUE
5585,treatment,2026-06-03,2,41,1,2,41,1,TRUE,TRUE
5586,control,2026-06-01,0,NA,NA,0,NA,NA,FALSE,FALSE
5587,control,2026-06-05,6,35.5,0.667,6,35.5,0.6666666666666666,TRUE,TRUE
5588,control,2026-06-02,1,48,1,1,48,1,TRUE,TRUE
5589,control,2026-06-04,4,29.8,1,4,29.75,1,TRUE,TRUE
5590,control,2026-06-03,3,50,0.667,3,50,0.6666666666666666,TRUE,TRUE
5591,control,2026-06-01,3,28.7,0.667,3,28.666666666666668,0.6666666666666666,TRUE,TRUE
5592,control,2026-06-01,2,35.5,1,2,35.5,1,TRUE,TRUE
5593,control,2026-06-05,8,47.8,0.875,6,52.833333333333336,1,TRUE,TRUE
5594,control,2026-06-03,2,36.5,0.5,2,36.5,0.5,TRUE,TRUE
5595,control,2026-06-04,4,24.5,1,4,24.5,1,TRUE,TRUE
5596,treatment,2026-06-05,3,47,0.667,3,47,0.6666666666666666,TRUE,TRUE
5597,control,2026-06-05,1,25,0,1,25,0,TRUE,TRUE
5598,treatment,2026-06-02,2,38,0.5,2,38,0.5,TRUE,TRUE
5599,treatment,2026-06-02,3,33,0.667,3,33,0.6666666666666666,TRUE,TRUE
5600,treatment,2026-06-04,2,23.5,0.5,2,23.5,0.5,TRUE,TRUE
5601,treatment,2026-06-01,3,45.3,0.667,3,45.333333333333336,0.6666666666666666,TRUE,TRUE
5602,control,2026-06-05,2,40.5,0,2,40.5,0,TRUE,TRUE
5603,treatment,2026-06-03,11,38.9,0.545,11,38.90909090909091,0.5454545454545454,TRUE,TRUE
5604,control,2026-06-04,2,39,0.5,0,NA,NA,FALSE,TRUE
5605,treatment,2026-06-04,0,NA,NA,0,NA,NA,FALSE,FALSE
5606,control,2026-06-02,4,24.8,0,4,24.75,0,TRUE,TRUE
5607,treatment,2026-06-03,3,34.3,0.667,3,34.333333333333336,0.6666666666666666,TRUE,TRUE
5608,control,2026-06-04,3,39.7,0.667,2,35,0.5,TRUE,TRUE
5609,control,2026-06-03,1,8,1,1,8,1,TRUE,TRUE
5610,treatment,2026-06-04,9,34.6,0.556,9,34.55555555555556,0.5555555555555556,TRUE,TRUE
5611,treatment,2026-06-02,2,51.5,1,2,51.5,1,TRUE,TRUE
5612,treatment,2026-06-01,4,43.2,0.5,4,43.25,0.5,TRUE,TRUE
5613,treatment,2026-06-02,0,NA,NA,0,NA,NA,FALSE,FALSE
5614,control,2026-06-02,1,38,1,1,38,1,TRUE,TRUE
5615,control,2026-06-01,1,38,0,1,38,0,TRUE,TRUE
5616,control,2026-06-04,1,17,1,1,17,1,TRUE,TRUE
5617,treatment,2026-06-04,1,26,1,1,26,1,TRUE,TRUE
5618,control,2026-06-05,7,25.3,0.857,7,25.285714285714285,0.8571428571428571,TRUE,TRUE
5619,treatment,2026-06-02,8,56.9,0.5,8,56.875,0.5,TRUE,TRUE
5620,control,2026-06-03,6,29.5,0.667,6,29.5,0.6666666666666666,TRUE,TRUE
5621,treatment,2026-06-02,5,55.6,0.6,5,55.6,0.6,TRUE,TRUE
5622,treatment,2026-06-03,4,39.8,0.75,4,39.75,0.75,TRUE,TRUE
5623,control,2026-06-02,4,32,0,4,32,0,TRUE,TRUE
5624,control,2026-06-02,1,39,1,1,39,1,TRUE,TRUE
5625,control,2026-06-03,2,27,0.5,2,27,0.5,TRUE,TRUE
5626,treatment,2026-06-02,3,53.7,0.667,3,53.666666666666664,0.6666666666666666,TRUE,TRUE
5627,treatment,2026-06-04,1,32,1,1,32,1,TRUE,TRUE
5628,control,2026-06-03,1,17,0,1,17,0,TRUE,TRUE
5629,control,2026-06-02,3,34,1,3,34,1,TRUE,TRUE
5630,treatment,2026-06-01,3,45,0.667,3,45,0.6666666666666666,TRUE,TRUE
5631,treatment,2026-06-01,2,65.5,1,2,65.5,1,TRUE,TRUE
5632,control,2026-06-03,2,21.5,0.5,2,21.5,0.5,TRUE,TRUE
5633,treatment,2026-06-05,0,NA,NA,0,NA,NA,FALSE,FALSE
5634,control,2026-06-02,7,38.6,0.429,6,37.833333333333336,0.3333333333333333,TRUE,TRUE
5635,control,2026-06-03,5,25.8,0.2,5,25.8,0.2,TRUE,TRUE
5636,control,2026-06-04,3,47.3,1,3,47.333333333333336,1,TRUE,TRUE
5637,treatment,2026-06-04,5,37.6,0.8,5,37.6,0.8,TRUE,TRUE
5638,control,2026-06-03,1,34,0,1,34,0,TRUE,TRUE
5639,control,2026-06-03,0,NA,NA,0,NA,NA,FALSE,FALSE
5640,control,2026-06-05,7,31.1,0.571,7,31.142857142857142,0.5714285714285714,TRUE,TRUE
5641,control,2026-06-04,0,NA,NA,0,NA,NA,FALSE,FALSE
5642,control,2026-06-04,6,47.7,0.667,6,47.666666666666664,0.6666666666666666,TRUE,TRUE
5643,treatment,2026-06-01,1,62,1,1,62,1,TRUE,TRUE
5644,control,2026-06-05,2,61,1,1,72,1,TRUE,TRUE
5645,treatment,2026-06-03,2,31.5,0.5,2,31.5,0.5,TRUE,TRUE
5646,control,2026-06-02,5,33.8,1,5,33.8,1,TRUE,TRUE
5647,control,2026-06-03,3,48.3,1,3,48.333333333333336,1,TRUE,TRUE
5648,control,2026-06-01,2,33.5,0.5,2,33.5,0.5,TRUE,TRUE
5649,treatment,2026-06-05,2,64,0.5,2,64,0.5,TRUE,TRUE
5650,treatment,2026-06-01,1,59,0,1,59,0,TRUE,TRUE
5651,treatment,2026-06-03,1,37,1,1,37,1,TRUE,TRUE
5652,control,2026-06-04,3,28.3,0.667,3,28.333333333333332,0.6666666666666666,TRUE,TRUE
5653,treatment,2026-06-02,3,60,0.333,3,60,0.3333333333333333,TRUE,TRUE
5654,control,2026-06-05,4,18,0.75,4,18,0.75,TRUE,TRUE
5655,control,2026-06-04,0,NA,NA,0,NA,NA,FALSE,FALSE
5656,treatment,2026-06-02,1,31,1,1,31,1,TRUE,TRUE
5657,control,2026-06-01,2,23,0.5,2,23,0.5,TRUE,TRUE
5658,control,2026-06-04,2,24.5,0.5,1,26,0,TRUE,TRUE
5659,treatment,2026-06-02,6,68.3,1,6,68.33333333333333,1,TRUE,TRUE
5660,control,2026-06-01,0,NA,NA,0,NA,NA,FALSE,FALSE
5661,treatment,2026-06-02,2,23.5,0.5,2,23.5,0.5,TRUE,TRUE
5662,treatment,2026-06-03,0,NA,NA,0,NA,NA,FALSE,FALSE
5663,treatment,2026-06-03,0,NA,NA,0,NA,NA,FALSE,FALSE
5664,treatment,2026-06-04,2,56.5,1,2,56.5,1,TRUE,TRUE
5665,control,2026-06-03,1,82,1,1,82,1,TRUE,TRUE
5666,control,2026-06-05,1,15,0,1,15,0,TRUE,TRUE
5667,control,2026-06-05,4,30.8,1,4,30.75,1,TRUE,TRUE
5668,control,2026-06-03,2,40,1,1,65,1,TRUE,TRUE
5669,treatment,2026-06-04,0,NA,NA,0,NA,NA,FALSE,FALSE
5670,control,2026-06-02,1,27,1,1,27,1,TRUE,TRUE
5671,control,2026-06-04,0,NA,NA,0,NA,NA,FALSE,FALSE
5672,treatment,2026-06-03,0,NA,NA,0,NA,NA,FALSE,FALSE
5673,control,2026-06-04,2,19,0.5,2,19,0.5,TRUE,TRUE
5674,treatment,2026-06-01,6,39.8,1,6,39.833333333333336,1,TRUE,TRUE
5675,control,2026-06-02,0,NA,NA,0,NA,NA,FALSE,FALSE
5676,control,2026-06-04,4,36.8,1,4,36.75,1,TRUE,TRUE
5677,treatment,2026-06-04,3,43,1,3,43,1,TRUE,TRUE
5678,treatment,2026-06-04,6,50.3,0.667,6,50.333333333333336,0.6666666666666666,TRUE,TRUE
5679,control,2026-06-02,1,49,1,1,49,1,TRUE,TRUE
5680,treatment,2026-06-04,4,84.2,0.5,4,84.25,0.5,TRUE,TRUE
5681,control,2026-06-04,2,21.5,1,1,18,1,TRUE,TRUE
5682,treatment,2026-06-02,4,38.2,0.75,4,38.25,0.75,TRUE,TRUE
5683,control,2026-06-05,0,NA,NA,0,NA,NA,FALSE,FALSE
5684,control,2026-06-04,1,20,1,1,20,1,TRUE,TRUE
5685,treatment,2026-06-02,9,55.7,0.778,9,55.666666666666664,0.7777777777777778,TRUE,TRUE
5686,treatment,2026-06-04,0,NA,NA,0,NA,NA,FALSE,FALSE
5687,treatment,2026-06-04,4,50.5,0.75,4,50.5,0.75,TRUE,TRUE
5688,treatment,2026-06-04,5,67.6,1,5,67.6,1,TRUE,TRUE
5689,treatment,2026-06-04,0,NA,NA,0,NA,NA,FALSE,FALSE
5690,treatment,2026-06-02,0,NA,NA,0,NA,NA,FALSE,FALSE
5691,control,2026-06-03,6,32.7,0.833,5,35,0.8,TRUE,TRUE
5692,treatment,2026-06-02,12,52.7,0.667,12,52.666666666666664,0.6666666666666666,TRUE,TRUE
5693,control,2026-06-01,0,NA,NA,0,NA,NA,FALSE,FALSE
5694,control,2026-06-03,3,42,0.667,3,42,0.6666666666666666,TRUE,TRUE
5695,control,2026-06-04,5,25.8,0.4,5,25.8,0.4,TRUE,TRUE
5696,control,2026-06-01,6,51.3,0.833,6,51.333333333333336,0.8333333333333334,TRUE,TRUE
5697,control,2026-06-04,1,17,1,1,17,1,TRUE,TRUE
5698,treatment,2026-06-03,0,NA,NA,0,NA,NA,FALSE,FALSE
5699,control,2026-06-01,6,32.5,0.667,6,32.5,0.6666666666666666,TRUE,TRUE
5700,treatment,2026-06-04,0,NA,NA,0,NA,NA,FALSE,FALSE
5701,control,2026-06-01,3,18.7,1,3,18.666666666666668,1,TRUE,TRUE
5702,treatment,2026-06-02,2,61.5,1,2,61.5,1,TRUE,TRUE
5703,control,2026-06-05,7,26.3,1,7,26.285714285714285,1,TRUE,TRUE
5704,treatment,2026-06-03,6,32,0.5,6,32,0.5,TRUE,TRUE
5705,control,2026-06-05,1,23,1,1,23,1,TRUE,TRUE
5706,treatment,2026-06-05,1,95,1,1,95,1,TRUE,TRUE
5707,treatment,2026-06-05,2,109,1,2,109,1,TRUE,TRUE
5708,treatment,2026-06-04,6,39,0.667,6,39,0.6666666666666666,TRUE,TRUE
5709,control,2026-06-01,6,28,0.667,6,28,0.6666666666666666,TRUE,TRUE
5710,control,2026-06-04,4,36.8,0.5,3,41.666666666666664,0.6666666666666666,TRUE,TRUE
5711,control,2026-06-05,2,38.5,0.5,2,38.5,0.5,TRUE,TRUE
5712,treatment,2026-06-05,2,62,1,1,47,1,TRUE,TRUE
5713,treatment,2026-06-05,0,NA,NA,0,NA,NA,FALSE,FALSE
5714,control,2026-06-05,5,27.6,1,5,27.6,1,TRUE,TRUE
5715,treatment,2026-06-02,3,34.7,1,3,34.666666666666664,1,TRUE,TRUE
5716,control,2026-06-02,2,55,1,2,55,1,TRUE,TRUE
5717,control,2026-06-01,7,34.3,0.714,7,34.285714285714285,0.7142857142857143,TRUE,TRUE
5718,control,2026-06-05,0,NA,NA,0,NA,NA,FALSE,FALSE
5719,control,2026-06-03,1,24,1,1,24,1,TRUE,TRUE
5720,control,2026-06-04,1,71,1,1,71,1,TRUE,TRUE
5721,control,2026-06-01,2,31,0.5,2,31,0.5,TRUE,TRUE
5722,control,2026-06-01,2,20,0.5,2,20,0.5,TRUE,TRUE
5723,control,2026-06-04,1,34,1,1,34,1,TRUE,TRUE
5724,control,2026-06-05,5,35,0.8,5,35,0.8,TRUE,TRUE
5725,treatment,2026-06-03,2,38.5,1,2,38.5,1,TRUE,TRUE
5726,control,2026-06-04,14,35.9,0.714,12,36.333333333333336,0.75,TRUE,TRUE
5727,control,2026-06-05,2,55,1,2,55,1,TRUE,TRUE
5728,control,2026-06-05,4,29,0.5,4,29,0.5,TRUE,TRUE
5729,treatment,2026-06-01,6,40.5,0.667,6,40.5,0.6666666666666666,TRUE,TRUE
5730,control,2026-06-05,1,37,1,0,NA,NA,FALSE,TRUE
5731,treatment,2026-06-05,2,51.5,1,2,51.5,1,TRUE,TRUE
5732,treatment,2026-06-01,8,50,0.75,8,50,0.75,TRUE,TRUE
5733,control,2026-06-05,0,NA,NA,0,NA,NA,FALSE,FALSE
5734,control,2026-06-01,9,50,0.778,9,50,0.7777777777777778,TRUE,TRUE
5735,treatment,2026-06-05,3,70.3,1,2,77,1,TRUE,TRUE
5736,treatment,2026-06-04,2,82.5,0.5,2,82.5,0.5,TRUE,TRUE
5737,control,2026-06-03,4,30,0.75,4,30,0.75,TRUE,TRUE
5738,treatment,2026-06-04,11,55,0.636,11,55,0.6363636363636364,TRUE,TRUE
5739,treatment,2026-06-03,9,54.1,0.444,9,54.111111111111114,0.4444444444444444,TRUE,TRUE
5740,control,2026-06-04,5,37.4,0.8,4,37.25,0.75,TRUE,TRUE
5741,treatment,2026-06-01,3,61.3,0.333,3,61.333333333333336,0.3333333333333333,TRUE,TRUE
5742,treatment,2026-06-01,4,61.8,0.75,4,61.75,0.75,TRUE,TRUE
5743,control,2026-06-04,2,41.5,1,2,41.5,1,TRUE,TRUE
5744,control,2026-06-03,5,26.8,0.8,5,26.8,0.8,TRUE,TRUE
5745,control,2026-06-01,4,27.5,1,4,27.5,1,TRUE,TRUE
5746,control,2026-06-04,0,NA,NA,0,NA,NA,FALSE,FALSE
5747,treatment,2026-06-02,5,48.6,0.8,5,48.6,0.8,TRUE,TRUE
5748,treatment,2026-06-01,4,41,1,4,41,1,TRUE,TRUE
5749,treatment,2026-06-04,4,57.5,1,4,57.5,1,TRUE,TRUE
5750,treatment,2026-06-03,5,57.8,0.8,4,66,0.75,TRUE,TRUE
5751,treatment,2026-06-03,3,71.7,1,3,71.66666666666667,1,TRUE,TRUE
5752,control,2026-06-02,9,52.2,0.778,9,52.22222222222222,0.7777777777777778,TRUE,TRUE
5753,treatment,2026-06-04,3,87.3,1,3,87.33333333333333,1,TRUE,TRUE
5754,treatment,2026-06-02,4,34.8,0.5,4,34.75,0.5,TRUE,TRUE
5755,control,2026-06-01,4,39,0.75,4,39,0.75,TRUE,TRUE
5756,control,2026-06-05,0,NA,NA,0,NA,NA,FALSE,FALSE
5757,treatment,2026-06-01,1,41,1,1,41,1,TRUE,TRUE
5758,treatment,2026-06-03,2,53,0.5,2,53,0.5,TRUE,TRUE
5759,treatment,2026-06-03,0,NA,NA,0,NA,NA,FALSE,FALSE
5760,treatment,2026-06-01,4,47.5,1,4,47.5,1,TRUE,TRUE
5761,control,2026-06-01,10,35.2,0.6,10,35.2,0.6,TRUE,TRUE
5762,control,2026-06-05,0,NA,NA,0,NA,NA,FALSE,FALSE
5763,control,2026-06-05,2,28,1,2,28,1,TRUE,TRUE
5764,treatment,2026-06-02,4,39.5,1,4,39.5,1,TRUE,TRUE
5765,treatment,2026-06-02,1,47,1,1,47,1,TRUE,TRUE
5766,treatment,2026-06-03,5,52.2,0.8,5,52.2,0.8,TRUE,TRUE
5767,control,2026-06-04,10,29.5,0.8,10,29.5,0.8,TRUE,TRUE
5768,control,2026-06-05,2,24,0.5,2,24,0.5,TRUE,TRUE
5769,control,2026-06-03,7,31.1,0.714,7,31.142857142857142,0.7142857142857143,TRUE,TRUE
5770,control,2026-06-02,3,43,1,3,43,1,TRUE,TRUE
5771,treatment,2026-06-04,7,42.7,0.714,6,45.166666666666664,0.6666666666666666,TRUE,TRUE
5772,control,2026-06-03,4,42.2,0.5,4,42.25,0.5,TRUE,TRUE
5773,control,2026-06-02,0,NA,NA,0,NA,NA,FALSE,FALSE
5774,control,2026-06-01,0,NA,NA,0,NA,NA,FALSE,FALSE
5775,treatment,2026-06-01,2,23,0.5,2,23,0.5,TRUE,TRUE
5776,treatment,2026-06-03,11,35.2,0.818,11,35.18181818181818,0.8181818181818182,TRUE,TRUE
5777,treatment,2026-06-02,3,30.3,0.667,3,30.333333333333332,0.6666666666666666,TRUE,TRUE
5778,control,2026-06-01,0,NA,NA,0,NA,NA,FALSE,FALSE
5779,treatment,2026-06-01,5,42.2,0.6,5,42.2,0.6,TRUE,TRUE
5780,treatment,2026-06-05,2,35,1,2,35,1,TRUE,TRUE
5781,control,2026-06-02,2,39,0.5,2,39,0.5,TRUE,TRUE
5782,control,2026-06-03,2,30,0.5,2,30,0.5,TRUE,TRUE
5783,treatment,2026-06-01,2,43,0.5,2,43,0.5,TRUE,TRUE
5784,control,2026-06-02,1,114,1,1,114,1,TRUE,TRUE
5785,treatment,2026-06-02,0,NA,NA,0,NA,NA,FALSE,FALSE
5786,treatment,2026-06-02,1,16,0,1,16,0,TRUE,TRUE
5787,control,2026-06-03,7,37.7,0.571,7,37.714285714285715,0.5714285714285714,TRUE,TRUE
5788,control,2026-06-03,0,NA,NA,0,NA,NA,FALSE,FALSE
5789,treatment,2026-06-05,4,29,0.75,3,28.666666666666668,0.6666666666666666,TRUE,TRUE
5790,control,2026-06-05,4,26.5,0,4,26.5,0,TRUE,TRUE
5791,treatment,2026-06-01,5,43,0.8,5,43,0.8,TRUE,TRUE
5792,treatment,2026-06-02,3,52.3,0.667,3,52.333333333333336,0.6666666666666666,TRUE,TRUE
5793,control,2026-06-05,12,43,1,12,43,1,TRUE,TRUE
5794,control,2026-06-04,3,30.7,0.333,3,30.666666666666668,0.3333333333333333,TRUE,TRUE
5795,treatment,2026-06-04,1,24,1,1,24,1,TRUE,TRUE
5796,treatment,2026-06-05,3,47.7,0.667,3,47.666666666666664,0.6666666666666666,TRUE,TRUE
5797,control,2026-06-02,1,30,1,1,30,1,TRUE,TRUE
5798,treatment,2026-06-05,3,37.3,1,3,37.333333333333336,1,TRUE,TRUE
5799,control,2026-06-02,6,46.5,0.5,6,46.5,0.5,TRUE,TRUE
5800,treatment,2026-06-05,4,46,1,4,46,1,TRUE,TRUE
5801,control,2026-06-03,1,24,1,1,24,1,TRUE,TRUE
5802,treatment,2026-06-02,3,29.3,0.333,3,29.333333333333332,0.3333333333333333,TRUE,TRUE
5803,control,2026-06-02,3,43,1,3,43,1,TRUE,TRUE
5804,treatment,2026-06-04,2,31,0.5,2,31,0.5,TRUE,TRUE
5805,treatment,2026-06-05,2,23,0.5,2,23,0.5,TRUE,TRUE
5806,control,2026-06-02,0,NA,NA,0,NA,NA,FALSE,FALSE
5807,control,2026-06-02,1,22,1,1,22,1,TRUE,TRUE
5808,control,2026-06-03,0,NA,NA,0,NA,NA,FALSE,FALSE
5809,treatment,2026-06-04,14,45,0.786,13,45.23076923076923,0.7692307692307693,TRUE,TRUE
5810,control,2026-06-04,3,22,0,3,22,0,TRUE,TRUE
5811,treatment,2026-06-05,4,45,0.5,4,45,0.5,TRUE,TRUE
5812,control,2026-06-01,1,25,1,1,25,1,TRUE,TRUE
5813,control,2026-06-04,3,40.3,0.667,3,40.333333333333336,0.6666666666666666,TRUE,TRUE
5814,treatment,2026-06-03,2,24.5,0.5,2,24.5,0.5,TRUE,TRUE
5815,control,2026-06-03,1,27,0,1,27,0,TRUE,TRUE
5816,control,2026-06-05,0,NA,NA,0,NA,NA,FALSE,FALSE
5817,treatment,2026-06-01,7,43.3,0.286,7,43.285714285714285,0.2857142857142857,TRUE,TRUE
5818,treatment,2026-06-02,4,41.5,0.5,4,41.5,0.5,TRUE,TRUE
5819,control,2026-06-01,2,34,0.5,2,34,0.5,TRUE,TRUE
5820,treatment,2026-06-03,3,51,0.667,3,51,0.6666666666666666,TRUE,TRUE
5821,treatment,2026-06-02,2,28.5,0,2,28.5,0,TRUE,TRUE
5822,control,2026-06-05,1,24,1,1,24,1,TRUE,TRUE
5823,treatment,2026-06-01,6,41.8,0.833,6,41.833333333333336,0.8333333333333334,TRUE,TRUE
5824,treatment,2026-06-01,5,31.2,0.8,5,31.2,0.8,TRUE,TRUE
5825,treatment,2026-06-01,0,NA,NA,0,NA,NA,FALSE,FALSE
5826,treatment,2026-06-03,2,41.5,0.5,2,41.5,0.5,TRUE,TRUE
5827,control,2026-06-05,5,39,1,4,35.25,1,TRUE,TRUE
5828,control,2026-06-03,2,31,1,2,31,1,TRUE,TRUE
5829,control,2026-06-05,2,26.5,0.5,1,21,1,TRUE,TRUE
5830,treatment,2026-06-04,4,55.5,0.5,4,55.5,0.5,TRUE,TRUE
5831,treatment,2026-06-01,3,39.3,1,3,39.333333333333336,1,TRUE,TRUE
5832,treatment,2026-06-05,2,25,1,2,25,1,TRUE,TRUE
5833,treatment,2026-06-05,5,48.4,0.4,5,48.4,0.4,TRUE,TRUE
5834,treatment,2026-06-05,2,55.5,1,2,55.5,1,TRUE,TRUE
5835,treatment,2026-06-05,2,65,1,2,65,1,TRUE,TRUE
5836,treatment,2026-06-01,2,40.5,0.5,2,40.5,0.5,TRUE,TRUE
5837,treatment,2026-06-03,3,38,1,3,38,1,TRUE,TRUE
5838,treatment,2026-06-02,11,54.1,0.727,10,56.5,0.7,TRUE,TRUE
5839,control,2026-06-01,1,47,0,1,47,0,TRUE,TRUE
5840,control,2026-06-02,1,20,1,1,20,1,TRUE,TRUE
5841,control,2026-06-01,0,NA,NA,0,NA,NA,FALSE,FALSE
5842,treatment,2026-06-02,5,47.6,0.8,5,47.6,0.8,TRUE,TRUE
5843,treatment,2026-06-04,8,84.8,0.375,8,84.75,0.375,TRUE,TRUE
5844,control,2026-06-02,3,23,0.667,3,23,0.6666666666666666,TRUE,TRUE
5845,treatment,2026-06-01,5,43,0.8,5,43,0.8,TRUE,TRUE
5846,control,2026-06-05,4,22.8,0.75,4,22.75,0.75,TRUE,TRUE
5847,control,2026-06-04,11,33,0.455,11,33,0.45454545454545453,TRUE,TRUE
5848,control,2026-06-01,3,28.3,0.667,3,28.333333333333332,0.6666666666666666,TRUE,TRUE
5849,treatment,2026-06-01,6,39.8,0.833,6,39.833333333333336,0.8333333333333334,TRUE,TRUE
5850,control,2026-06-02,2,44,1,2,44,1,TRUE,TRUE
5851,control,2026-06-03,3,27.3,0.667,3,27.333333333333332,0.6666666666666666,TRUE,TRUE
5852,control,2026-06-04,10,33.7,0.7,10,33.7,0.7,TRUE,TRUE
5853,treatment,2026-06-05,6,59.8,0.833,6,59.833333333333336,0.8333333333333334,TRUE,TRUE
5854,treatment,2026-06-01,1,74,1,1,74,1,TRUE,TRUE
5855,control,2026-06-02,6,33.2,0.5,6,33.166666666666664,0.5,TRUE,TRUE
5856,control,2026-06-01,6,38.7,0.833,6,38.666666666666664,0.8333333333333334,TRUE,TRUE
5857,treatment,2026-06-03,0,NA,NA,0,NA,NA,FALSE,FALSE
5858,control,2026-06-05,3,47,0.667,2,47.5,0.5,TRUE,TRUE
5859,treatment,2026-06-02,2,73.5,1,2,73.5,1,TRUE,TRUE
5860,control,2026-06-04,2,30,0,1,27,0,TRUE,TRUE
5861,treatment,2026-06-01,1,46,0,1,46,0,TRUE,TRUE
5862,treatment,2026-06-03,1,74,1,1,74,1,TRUE,TRUE
5863,control,2026-06-04,5,28.4,0.2,5,28.4,0.2,TRUE,TRUE
5864,control,2026-06-04,1,31,1,1,31,1,TRUE,TRUE
5865,treatment,2026-06-05,2,41.5,0.5,2,41.5,0.5,TRUE,TRUE
5866,treatment,2026-06-02,2,61,1,2,61,1,TRUE,TRUE
5867,treatment,2026-06-05,4,48,0.5,4,48,0.5,TRUE,TRUE
5868,control,2026-06-04,2,30.5,0.5,2,30.5,0.5,TRUE,TRUE
5869,treatment,2026-06-01,4,37.8,1,4,37.75,1,TRUE,TRUE
5870,control,2026-06-02,7,34.9,1,7,34.857142857142854,1,TRUE,TRUE
5871,control,2026-06-03,0,NA,NA,0,NA,NA,FALSE,FALSE
5872,control,2026-06-01,9,20.4,0.889,9,20.444444444444443,0.8888888888888888,TRUE,TRUE
5873,treatment,2026-06-02,0,NA,NA,0,NA,NA,FALSE,FALSE
5874,treatment,2026-06-04,2,60,1,2,60,1,TRUE,TRUE
5875,treatment,2026-06-01,1,49,1,1,49,1,TRUE,TRUE
5876,control,2026-06-01,15,29.3,0.733,15,29.266666666666666,0.7333333333333333,TRUE,TRUE
5877,control,2026-06-05,3,38.3,1,3,38.333333333333336,1,TRUE,TRUE
5878,treatment,2026-06-03,3,57.3,1,3,57.333333333333336,1,TRUE,TRUE
5879,treatment,2026-06-01,2,35.5,0,2,35.5,0,TRUE,TRUE
5880,control,2026-06-04,20,36.6,0.5,19,36.31578947368421,0.5263157894736842,TRUE,TRUE
5881,treatment,2026-06-02,4,41.8,1,4,41.75,1,TRUE,TRUE
5882,control,2026-06-04,6,38.8,0.167,6,38.833333333333336,0.16666666666666666,TRUE,TRUE
5883,control,2026-06-01,8,34.4,0.5,8,34.375,0.5,TRUE,TRUE
5884,treatment,2026-06-05,1,40,1,1,40,1,TRUE,TRUE
5885,treatment,2026-06-03,1,20,1,1,20,1,TRUE,TRUE
5886,treatment,2026-06-01,2,60,0,2,60,0,TRUE,TRUE
5887,treatment,2026-06-01,16,53.8,0.625,16,53.75,0.625,TRUE,TRUE
5888,control,2026-06-01,2,33,1,2,33,1,TRUE,TRUE
5889,treatment,2026-06-01,2,28.5,1,2,28.5,1,TRUE,TRUE
5890,treatment,2026-06-05,6,41,1,5,44.8,1,TRUE,TRUE
5891,control,2026-06-02,3,34,0.667,3,34,0.6666666666666666,TRUE,TRUE
5892,control,2026-06-01,5,30.8,0.8,5,30.8,0.8,TRUE,TRUE
5893,treatment,2026-06-05,0,NA,NA,0,NA,NA,FALSE,FALSE
5894,treatment,2026-06-05,5,69.6,0.8,5,69.6,0.8,TRUE,TRUE
5895,control,2026-06-05,2,24.5,1,2,24.5,1,TRUE,TRUE
5896,treatment,2026-06-05,2,48.5,1,2,48.5,1,TRUE,TRUE
5897,control,2026-06-04,0,NA,NA,0,NA,NA,FALSE,FALSE
5898,treatment,2026-06-04,7,35.3,0.429,7,35.285714285714285,0.42857142857142855,TRUE,TRUE
5899,treatment,2026-06-05,2,45,1,2,45,1,TRUE,TRUE
5900,treatment,2026-06-05,11,62.9,0.818,11,62.90909090909091,0.8181818181818182,TRUE,TRUE
5901,control,2026-06-04,1,30,0,1,30,0,TRUE,TRUE
5902,treatment,2026-06-03,2,53.5,1,2,53.5,1,TRUE,TRUE
5903,control,2026-06-03,3,39.3,0.667,3,39.333333333333336,0.6666666666666666,TRUE,TRUE
5904,treatment,2026-06-02,4,40.8,0.5,4,40.75,0.5,TRUE,TRUE
5905,treatment,2026-06-03,1,48,1,1,48,1,TRUE,TRUE
5906,control,2026-06-02,1,51,0,1,51,0,TRUE,TRUE
5907,treatment,2026-06-05,0,NA,NA,0,NA,NA,FALSE,FALSE
5908,treatment,2026-06-01,9,41.2,0.444,9,41.22222222222222,0.4444444444444444,TRUE,TRUE
5909,control,2026-06-03,1,33,1,1,33,1,TRUE,TRUE
5910,control,2026-06-04,2,49.5,0.5,2,49.5,0.5,TRUE,TRUE
5911,control,2026-06-05,2,16.5,0.5,1,16,1,TRUE,TRUE
5912,control,2026-06-03,6,36.5,0.833,6,36.5,0.8333333333333334,TRUE,TRUE
5913,control,2026-06-05,2,38,1,1,63,1,TRUE,TRUE
5914,control,2026-06-05,2,34.5,0.5,2,34.5,0.5,TRUE,TRUE
5915,control,2026-06-05,1,29,1,1,29,1,TRUE,TRUE
5916,treatment,2026-06-01,4,39.5,0.5,4,39.5,0.5,TRUE,TRUE
5917,control,2026-06-05,2,21,1,1,24,1,TRUE,TRUE
5918,treatment,2026-06-03,5,51,1,5,51,1,TRUE,TRUE
5919,treatment,2026-06-03,2,36.5,1,2,36.5,1,TRUE,TRUE
5920,control,2026-06-03,2,27.5,0,2,27.5,0,TRUE,TRUE
5921,treatment,2026-06-05,3,34.7,0.333,3,34.666666666666664,0.3333333333333333,TRUE,TRUE
5922,treatment,2026-06-02,1,22,0,1,22,0,TRUE,TRUE
5923,treatment,2026-06-03,1,38,1,1,38,1,TRUE,TRUE
5924,control,2026-06-04,3,43,1,3,43,1,TRUE,TRUE
5925,control,2026-06-05,2,39.5,0.5,2,39.5,0.5,TRUE,TRUE
5926,control,2026-06-04,2,24.5,0.5,2,24.5,0.5,TRUE,TRUE
5927,control,2026-06-02,4,30.5,0.75,4,30.5,0.75,TRUE,TRUE
5928,control,2026-06-04,5,32.6,0.4,4,28,0.25,TRUE,TRUE
5929,control,2026-06-05,1,19,0,1,19,0,TRUE,TRUE
5930,control,2026-06-03,2,22,1,2,22,1,TRUE,TRUE
5931,control,2026-06-03,2,20,0.5,2,20,0.5,TRUE,TRUE
5932,control,2026-06-04,2,35.5,1,2,35.5,1,TRUE,TRUE
5933,treatment,2026-06-01,4,48.2,1,4,48.25,1,TRUE,TRUE
5934,control,2026-06-01,1,25,0,1,25,0,TRUE,TRUE
5935,treatment,2026-06-05,4,50,0.75,4,50,0.75,TRUE,TRUE
5936,control,2026-06-02,3,41.3,0.667,3,41.333333333333336,0.6666666666666666,TRUE,TRUE
5937,treatment,2026-06-04,1,67,1,1,67,1,TRUE,TRUE
5938,control,2026-06-03,5,41.6,0.8,5,41.6,0.8,TRUE,TRUE
5939,treatment,2026-06-04,2,50,0.5,1,45,0,TRUE,TRUE
5940,treatment,2026-06-05,1,73,0,1,73,0,TRUE,TRUE
5941,treatment,2026-06-04,3,44,0.333,3,44,0.3333333333333333,TRUE,TRUE
5942,treatment,2026-06-04,9,53.3,0.778,8,55.5,0.75,TRUE,TRUE
5943,control,2026-06-05,1,68,1,1,68,1,TRUE,TRUE
5944,control,2026-06-04,0,NA,NA,0,NA,NA,FALSE,FALSE
5945,control,2026-06-04,6,25,0.667,5,23,0.6,TRUE,TRUE
5946,treatment,2026-06-03,1,82,0,1,82,0,TRUE,TRUE
5947,treatment,2026-06-01,3,58.7,1,3,58.666666666666664,1,TRUE,TRUE
5948,treatment,2026-06-02,4,45.8,0.75,4,45.75,0.75,TRUE,TRUE
5949,treatment,2026-06-01,2,51,1,2,51,1,TRUE,TRUE
5950,treatment,2026-06-02,1,49,1,1,49,1,TRUE,TRUE
5951,treatment,2026-06-01,2,40,0.5,2,40,0.5,TRUE,TRUE
5952,treatment,2026-06-05,0,NA,NA,0,NA,NA,FALSE,FALSE
5953,treatment,2026-06-02,0,NA,NA,0,NA,NA,FALSE,FALSE
5954,control,2026-06-05,3,30.7,0.667,3,30.666666666666668,0.6666666666666666,TRUE,TRUE
5955,treatment,2026-06-03,9,40.7,0.444,9,40.666666666666664,0.4444444444444444,TRUE,TRUE
5956,treatment,2026-06-02,5,34.2,0.8,5,34.2,0.8,TRUE,TRUE
5957,treatment,2026-06-03,0,NA,NA,0,NA,NA,FALSE,FALSE
5958,control,2026-06-01,4,43.2,0,4,43.25,0,TRUE,TRUE
5959,treatment,2026-06-04,2,28.5,0.5,2,28.5,0.5,TRUE,TRUE
5960,control,2026-06-01,1,29,1,1,29,1,TRUE,TRUE
5961,control,2026-06-02,1,18,1,1,18,1,TRUE,TRUE
5962,treatment,2026-06-01,2,26,0.5,2,26,0.5,TRUE,TRUE
5963,control,2026-06-01,1,20,1,1,20,1,TRUE,TRUE
5964,control,2026-06-03,7,26.7,0.857,6,28.166666666666668,0.8333333333333334,TRUE,TRUE
5965,control,2026-06-04,3,40,1,3,40,1,TRUE,TRUE
5966,treatment,2026-06-03,7,44.6,0.857,7,44.57142857142857,0.8571428571428571,TRUE,TRUE
5967,treatment,2026-06-03,1,72,1,1,72,1,TRUE,TRUE
5968,control,2026-06-02,1,68,1,0,NA,NA,FALSE,TRUE
5969,control,2026-06-03,0,NA,NA,0,NA,NA,FALSE,FALSE
5970,control,2026-06-05,0,NA,NA,0,NA,NA,FALSE,FALSE
5971,treatment,2026-06-03,8,37.4,0.625,8,37.375,0.625,TRUE,TRUE
5972,control,2026-06-03,1,27,1,1,27,1,TRUE,TRUE
5973,control,2026-06-03,0,NA,NA,0,NA,NA,FALSE,FALSE
5974,control,2026-06-02,2,58.5,1,2,58.5,1,TRUE,TRUE
5975,control,2026-06-04,0,NA,NA,0,NA,NA,FALSE,FALSE
5976,treatment,2026-06-04,5,56,0.8,4,53.25,0.75,TRUE,TRUE
5977,treatment,2026-06-05,3,23,1,3,23,1,TRUE,TRUE
5978,control,2026-06-02,3,36.7,0.667,3,36.666666666666664,0.6666666666666666,TRUE,TRUE
5979,control,2026-06-02,7,38.4,0.714,7,38.42857142857143,0.7142857142857143,TRUE,TRUE
5980,treatment,2026-06-05,1,23,0,1,23,0,TRUE,TRUE
5981,control,2026-06-02,2,21.5,0.5,2,21.5,0.5,TRUE,TRUE
5982,treatment,2026-06-03,8,64.2,0.75,8,64.25,0.75,TRUE,TRUE
5983,treatment,2026-06-03,1,15,1,1,15,1,TRUE,TRUE
5984,treatment,2026-06-04,2,36.5,0.5,2,36.5,0.5,TRUE,TRUE
5985,treatment,2026-06-01,2,61,0.5,2,61,0.5,TRUE,TRUE
5986,control,2026-06-04,5,40.4,0.6,5,40.4,0.6,TRUE,TRUE
5987,treatment,2026-06-02,4,49.2,0.5,4,49.25,0.5,TRUE,TRUE
5988,treatment,2026-06-02,5,39.6,0.8,5,39.6,0.8,TRUE,TRUE
5989,control,2026-06-02,6,26.2,1,6,26.166666666666668,1,TRUE,TRUE
5990,control,2026-06-05,0,NA,NA,0,NA,NA,FALSE,FALSE
5991,treatment,2026-06-01,2,30,0.5,2,30,0.5,TRUE,TRUE
5992,treatment,2026-06-03,5,36,0.8,5,36,0.8,TRUE,TRUE
5993,control,2026-06-01,2,24,0,2,24,0,TRUE,TRUE
5994,control,2026-06-05,1,21,1,1,21,1,TRUE,TRUE
5995,treatment,2026-06-02,1,21,1,1,21,1,TRUE,TRUE
5996,treatment,2026-06-01,2,21.5,1,2,21.5,1,TRUE,TRUE
5997,control,2026-06-04,3,23.3,0.667,3,23.333333333333332,0.6666666666666666,TRUE,TRUE
5998,treatment,2026-06-05,2,28.5,0,2,28.5,0,TRUE,TRUE
5999,treatment,2026-06-05,4,56,1,4,56,1,TRUE,TRUE
6000,treatment,2026-06-03,1,19,0,1,19,0,TRUE,TRUE
6001,control,2026-06-05,0,NA,NA,0,NA,NA,FALSE,FALSE
6002,treatment,2026-06-02,3,22.3,0.333,3,22.333333333333332,0.3333333333333333,TRUE,TRUE
6003,treatment,2026-06-03,7,33.6,0.714,7,33.57142857142857,0.7142857142857143,TRUE,TRUE
6004,control,2026-06-05,2,48.5,0.5,2,48.5,0.5,TRUE,TRUE
6005,treatment,2026-06-04,2,25.5,0.5,2,25.5,0.5,TRUE,TRUE
6006,treatment,2026-06-03,0,NA,NA,0,NA,NA,FALSE,FALSE
6007,control,2026-06-02,2,26,1,2,26,1,TRUE,TRUE
6008,treatment,2026-06-02,1,46,0,1,46,0,TRUE,TRUE
6009,control,2026-06-01,0,NA,NA,0,NA,NA,FALSE,FALSE
6010,control,2026-06-05,4,36,1,4,36,1,TRUE,TRUE
6011,treatment,2026-06-04,2,35.5,0.5,2,35.5,0.5,TRUE,TRUE
6012,control,2026-06-05,0,NA,NA,0,NA,NA,FALSE,FALSE
6013,control,2026-06-04,0,NA,NA,0,NA,NA,FALSE,FALSE
6014,control,2026-06-02,6,40.7,0.833,6,40.666666666666664,0.8333333333333334,TRUE,TRUE
6015,control,2026-06-04,8,24.9,0.625,8,24.875,0.625,TRUE,TRUE
6016,control,2026-06-03,2,15.5,0,2,15.5,0,TRUE,TRUE
6017,treatment,2026-06-04,2,79,1,2,79,1,TRUE,TRUE
6018,control,2026-06-02,1,18,0,1,18,0,TRUE,TRUE
6019,treatment,2026-06-01,3,26.3,0.333,3,26.333333333333332,0.3333333333333333,TRUE,TRUE
6020,control,2026-06-05,6,35.2,0.5,6,35.166666666666664,0.5,TRUE,TRUE
6021,treatment,2026-06-04,1,111,0,1,111,0,TRUE,TRUE
6022,control,2026-06-02,4,32.5,0.75,4,32.5,0.75,TRUE,TRUE
6023,treatment,2026-06-04,2,54,0.5,2,54,0.5,TRUE,TRUE
6024,treatment,2026-06-02,6,50.2,0.5,6,50.166666666666664,0.5,TRUE,TRUE
6025,treatment,2026-06-01,3,43,0.333,3,43,0.3333333333333333,TRUE,TRUE
6026,treatment,2026-06-01,1,75,1,1,75,1,TRUE,TRUE
6027,treatment,2026-06-02,1,77,1,1,77,1,TRUE,TRUE
6028,treatment,2026-06-03,5,58.4,0.8,5,58.4,0.8,TRUE,TRUE
6029,treatment,2026-06-02,2,47,0.5,2,47,0.5,TRUE,TRUE
6030,control,2026-06-03,2,51,0.5,2,51,0.5,TRUE,TRUE
6031,treatment,2026-06-05,4,33.8,0.75,4,33.75,0.75,TRUE,TRUE
6032,treatment,2026-06-05,1,19,1,1,19,1,TRUE,TRUE
6033,treatment,2026-06-05,2,66.5,1,2,66.5,1,TRUE,TRUE
6034,treatment,2026-06-05,2,63,1,2,63,1,TRUE,TRUE
6035,treatment,2026-06-02,2,67.5,1,2,67.5,1,TRUE,TRUE
6036,treatment,2026-06-03,4,69.8,0.75,3,56.666666666666664,0.6666666666666666,TRUE,TRUE
6037,control,2026-06-02,2,26.5,0.5,1,17,0,TRUE,TRUE
6038,treatment,2026-06-02,5,63.8,0.8,5,63.8,0.8,TRUE,TRUE
6039,treatment,2026-06-02,1,39,1,1,39,1,TRUE,TRUE
6040,control,2026-06-02,2,43.5,0.5,2,43.5,0.5,TRUE,TRUE
6041,control,2026-06-02,1,14,0,1,14,0,TRUE,TRUE
6042,treatment,2026-06-01,3,84,0.333,3,84,0.3333333333333333,TRUE,TRUE
6043,control,2026-06-05,7,30.7,0.714,6,30.666666666666668,0.6666666666666666,TRUE,TRUE
6044,control,2026-06-02,3,31,1,3,31,1,TRUE,TRUE
6045,treatment,2026-06-03,0,NA,NA,0,NA,NA,FALSE,FALSE
6046,treatment,2026-06-05,5,44,0.6,5,44,0.6,TRUE,TRUE
6047,treatment,2026-06-03,4,45.5,1,4,45.5,1,TRUE,TRUE
6048,treatment,2026-06-03,0,NA,NA,0,NA,NA,FALSE,FALSE
6049,control,2026-06-01,2,26,1,2,26,1,TRUE,TRUE
6050,control,2026-06-03,4,35.8,0.5,4,35.75,0.5,TRUE,TRUE
6051,treatment,2026-06-04,4,33,0.5,4,33,0.5,TRUE,TRUE
6052,control,2026-06-01,1,38,1,1,38,1,TRUE,TRUE
6053,treatment,2026-06-03,0,NA,NA,0,NA,NA,FALSE,FALSE
6054,treatment,2026-06-05,2,48,1,2,48,1,TRUE,TRUE
6055,treatment,2026-06-03,5,54,0.8,5,54,0.8,TRUE,TRUE
6056,treatment,2026-06-04,0,NA,NA,0,NA,NA,FALSE,FALSE
6057,treatment,2026-06-03,2,54.5,1,2,54.5,1,TRUE,TRUE
6058,control,2026-06-05,2,31.5,0,1,48,0,TRUE,TRUE
6059,treatment,2026-06-04,2,47.5,1,2,47.5,1,TRUE,TRUE
6060,control,2026-06-02,5,38.4,0.8,5,38.4,0.8,TRUE,TRUE
6061,control,2026-06-02,3,27,0.333,3,27,0.3333333333333333,TRUE,TRUE
6062,treatment,2026-06-01,3,42.7,0.333,3,42.666666666666664,0.3333333333333333,TRUE,TRUE
6063,treatment,2026-06-04,5,32,0.6,5,32,0.6,TRUE,TRUE
6064,control,2026-06-02,3,36.7,0.667,3,36.666666666666664,0.6666666666666666,TRUE,TRUE
6065,treatment,2026-06-02,4,26.5,0.5,4,26.5,0.5,TRUE,TRUE
6066,control,2026-06-02,3,76.3,0.333,2,80.5,0,TRUE,TRUE
6067,treatment,2026-06-04,2,57.5,0.5,2,57.5,0.5,TRUE,TRUE
6068,control,2026-06-01,10,34.2,0.7,10,34.2,0.7,TRUE,TRUE
6069,treatment,2026-06-02,2,32.5,1,2,32.5,1,TRUE,TRUE
6070,control,2026-06-04,2,40.5,1,2,40.5,1,TRUE,TRUE
6071,control,2026-06-02,4,35,1,4,35,1,TRUE,TRUE
6072,control,2026-06-02,1,19,1,1,19,1,TRUE,TRUE
6073,treatment,2026-06-02,1,98,1,1,98,1,TRUE,TRUE
6074,treatment,2026-06-03,0,NA,NA,0,NA,NA,FALSE,FALSE
6075,control,2026-06-01,5,46.6,0.4,5,46.6,0.4,TRUE,TRUE
6076,treatment,2026-06-03,3,48.7,1,2,58.5,1,TRUE,TRUE
6077,treatment,2026-06-03,3,59.7,1,3,59.666666666666664,1,TRUE,TRUE
6078,treatment,2026-06-03,3,88,1,3,88,1,TRUE,TRUE
6079,treatment,2026-06-02,5,42.2,0.8,5,42.2,0.8,TRUE,TRUE
6080,control,2026-06-03,10,29.3,0.6,10,29.3,0.6,TRUE,TRUE
6081,control,2026-06-02,5,29.4,1,4,31.75,1,TRUE,TRUE
6082,treatment,2026-06-02,10,44.7,0.7,10,44.7,0.7,TRUE,TRUE
6083,control,2026-06-05,5,36.6,0.8,5,36.6,0.8,TRUE,TRUE
6084,treatment,2026-06-04,7,52,0.429,7,52,0.42857142857142855,TRUE,TRUE
6085,control,2026-06-01,1,30,1,1,30,1,TRUE,TRUE
6086,control,2026-06-04,7,51.9,0.571,7,51.857142857142854,0.5714285714285714,TRUE,TRUE
6087,control,2026-06-01,1,19,1,1,19,1,TRUE,TRUE
6088,treatment,2026-06-03,5,65,1,5,65,1,TRUE,TRUE
6089,control,2026-06-05,4,42.8,0.75,4,42.75,0.75,TRUE,TRUE
6090,treatment,2026-06-04,4,95.2,1,4,95.25,1,TRUE,TRUE
6091,control,2026-06-05,9,31.6,0.667,9,31.555555555555557,0.6666666666666666,TRUE,TRUE
6092,treatment,2026-06-02,12,47.8,0.667,12,47.75,0.6666666666666666,TRUE,TRUE
6093,control,2026-06-02,2,43.5,1,2,43.5,1,TRUE,TRUE
6094,control,2026-06-02,0,NA,NA,0,NA,NA,FALSE,FALSE
6095,treatment,2026-06-02,0,NA,NA,0,NA,NA,FALSE,FALSE
6096,control,2026-06-04,1,21,0,1,21,0,TRUE,TRUE
6097,treatment,2026-06-01,2,66,1,2,66,1,TRUE,TRUE
6098,treatment,2026-06-01,2,29.5,1,2,29.5,1,TRUE,TRUE
6099,treatment,2026-06-01,9,49,0.556,9,49,0.5555555555555556,TRUE,TRUE
6100,control,2026-06-02,4,33.8,0.25,4,33.75,0.25,TRUE,TRUE
6101,treatment,2026-06-03,0,NA,NA,0,NA,NA,FALSE,FALSE
6102,treatment,2026-06-04,3,27.3,0.667,3,27.333333333333332,0.6666666666666666,TRUE,TRUE
6103,control,2026-06-04,2,26.5,0.5,2,26.5,0.5,TRUE,TRUE
6104,treatment,2026-06-04,3,64.3,1,3,64.33333333333333,1,TRUE,TRUE
6105,control,2026-06-03,4,21,0.5,4,21,0.5,TRUE,TRUE
6106,treatment,2026-06-05,4,64,0.25,3,73.66666666666667,0,TRUE,TRUE
6107,control,2026-06-05,0,NA,NA,0,NA,NA,FALSE,FALSE
6108,treatment,2026-06-05,5,37.6,0.8,5,37.6,0.8,TRUE,TRUE
6109,control,2026-06-01,5,29,1,5,29,1,TRUE,TRUE
6110,treatment,2026-06-04,0,NA,NA,0,NA,NA,FALSE,FALSE
6111,treatment,2026-06-01,12,49.3,0.667,12,49.333333333333336,0.6666666666666666,TRUE,TRUE
6112,control,2026-06-05,2,27,1,2,27,1,TRUE,TRUE
6113,control,2026-06-01,7,30.9,0.429,7,30.857142857142858,0.42857142857142855,TRUE,TRUE
6114,control,2026-06-04,1,33,0,0,NA,NA,FALSE,TRUE
6115,treatment,2026-06-01,4,50,0.75,4,50,0.75,TRUE,TRUE
6116,treatment,2026-06-04,3,60,0.667,2,64,0.5,TRUE,TRUE
6117,control,2026-06-05,3,32.3,1,2,36.5,1,TRUE,TRUE
6118,treatment,2026-06-04,1,51,1,1,51,1,TRUE,TRUE
6119,treatment,2026-06-04,11,54.4,0.636,9,53.55555555555556,0.5555555555555556,TRUE,TRUE
6120,treatment,2026-06-01,2,41.5,0.5,2,41.5,0.5,TRUE,TRUE
6121,control,2026-06-04,2,33.5,0.5,2,33.5,0.5,TRUE,TRUE
6122,control,2026-06-04,0,NA,NA,0,NA,NA,FALSE,FALSE
6123,control,2026-06-04,10,36.7,0.7,9,36.55555555555556,0.6666666666666666,TRUE,TRUE
6124,control,2026-06-03,2,18.5,1,2,18.5,1,TRUE,TRUE
6125,treatment,2026-06-05,3,82,0.667,3,82,0.6666666666666666,TRUE,TRUE
6126,treatment,2026-06-04,6,51.7,0.667,6,51.666666666666664,0.6666666666666666,TRUE,TRUE
6127,control,2026-06-01,3,18.3,0.667,3,18.333333333333332,0.6666666666666666,TRUE,TRUE
6128,treatment,2026-06-01,2,30.5,0.5,2,30.5,0.5,TRUE,TRUE
6129,control,2026-06-02,1,62,1,1,62,1,TRUE,TRUE
6130,treatment,2026-06-01,1,39,0,1,39,0,TRUE,TRUE
6131,control,2026-06-02,5,18,0.6,5,18,0.6,TRUE,TRUE
6132,treatment,2026-06-02,2,47.5,0.5,2,47.5,0.5,TRUE,TRUE
6133,control,2026-06-04,3,23,0.667,3,23,0.6666666666666666,TRUE,TRUE
6134,control,2026-06-01,2,23.5,0.5,2,23.5,0.5,TRUE,TRUE
6135,treatment,2026-06-05,14,49.8,0.643,14,49.785714285714285,0.6428571428571429,TRUE,TRUE
6136,treatment,2026-06-04,1,40,1,1,40,1,TRUE,TRUE
6137,control,2026-06-01,7,25.4,0.429,7,25.428571428571427,0.42857142857142855,TRUE,TRUE
6138,treatment,2026-06-04,5,50.4,0.4,5,50.4,0.4,TRUE,TRUE
6139,control,2026-06-05,1,28,1,1,28,1,TRUE,TRUE
6140,control,2026-06-04,4,29.5,0.75,4,29.5,0.75,TRUE,TRUE
6141,control,2026-06-05,1,37,1,1,37,1,TRUE,TRUE
6142,treatment,2026-06-02,3,84.7,0.667,3,84.66666666666667,0.6666666666666666,TRUE,TRUE
6143,treatment,2026-06-03,1,87,0,1,87,0,TRUE,TRUE
6144,treatment,2026-06-03,0,NA,NA,0,NA,NA,FALSE,FALSE
6145,treatment,2026-06-01,5,43,0.8,5,43,0.8,TRUE,TRUE
6146,treatment,2026-06-02,2,26.5,1,2,26.5,1,TRUE,TRUE
6147,treatment,2026-06-03,4,37.2,0.75,4,37.25,0.75,TRUE,TRUE
6148,control,2026-06-02,6,37.5,0.833,6,37.5,0.8333333333333334,TRUE,TRUE
6149,treatment,2026-06-04,2,34,1,2,34,1,TRUE,TRUE
6150,control,2026-06-02,2,41,1,2,41,1,TRUE,TRUE
6151,control,2026-06-01,5,27,0.8,5,27,0.8,TRUE,TRUE
6152,treatment,2026-06-04,5,43.8,0.4,5,43.8,0.4,TRUE,TRUE
6153,control,2026-06-05,5,34.8,0.6,5,34.8,0.6,TRUE,TRUE
6154,treatment,2026-06-05,10,40.5,0.8,9,42.888888888888886,0.7777777777777778,TRUE,TRUE
6155,treatment,2026-06-05,2,65.5,0.5,2,65.5,0.5,TRUE,TRUE
6156,treatment,2026-06-02,5,41,0.8,5,41,0.8,TRUE,TRUE
6157,control,2026-06-05,2,47.5,1,2,47.5,1,TRUE,TRUE
6158,control,2026-06-04,6,21.7,0.667,4,27,0.5,TRUE,TRUE
6159,treatment,2026-06-01,2,45,1,2,45,1,TRUE,TRUE
6160,treatment,2026-06-01,8,55.8,0.75,8,55.75,0.75,TRUE,TRUE
6161,treatment,2026-06-01,4,46,1,4,46,1,TRUE,TRUE
6162,treatment,2026-06-04,0,NA,NA,0,NA,NA,FALSE,FALSE
6163,treatment,2026-06-02,1,101,0,1,101,0,TRUE,TRUE
6164,treatment,2026-06-01,0,NA,NA,0,NA,NA,FALSE,FALSE
6165,treatment,2026-06-05,5,27.2,0.4,5,27.2,0.4,TRUE,TRUE
6166,control,2026-06-02,3,52.3,1,3,52.333333333333336,1,TRUE,TRUE
6167,control,2026-06-04,0,NA,NA,0,NA,NA,FALSE,FALSE
6168,treatment,2026-06-02,7,40.6,0.429,7,40.57142857142857,0.42857142857142855,TRUE,TRUE
6169,treatment,2026-06-02,1,33,1,1,33,1,TRUE,TRUE
6170,treatment,2026-06-04,8,54,0.625,8,54,0.625,TRUE,TRUE
6171,treatment,2026-06-01,2,39.5,0,2,39.5,0,TRUE,TRUE
6172,control,2026-06-04,3,26.7,1,3,26.666666666666668,1,TRUE,TRUE
6173,treatment,2026-06-05,2,58,1,2,58,1,TRUE,TRUE
6174,treatment,2026-06-01,3,47,0,3,47,0,TRUE,TRUE
6175,control,2026-06-03,5,28.4,1,4,26,1,TRUE,TRUE
6176,treatment,2026-06-01,3,42.3,1,3,42.333333333333336,1,TRUE,TRUE
6177,control,2026-06-03,1,20,1,1,20,1,TRUE,TRUE
6178,treatment,2026-06-02,4,51.2,0.75,4,51.25,0.75,TRUE,TRUE
6179,treatment,2026-06-05,2,40.5,0.5,2,40.5,0.5,TRUE,TRUE
6180,treatment,2026-06-01,2,54.5,1,2,54.5,1,TRUE,TRUE
6181,treatment,2026-06-01,5,42.8,0.4,5,42.8,0.4,TRUE,TRUE
6182,treatment,2026-06-03,1,69,1,1,69,1,TRUE,TRUE
6183,control,2026-06-03,6,31.7,0.333,6,31.666666666666668,0.3333333333333333,TRUE,TRUE
6184,control,2026-06-05,1,16,1,1,16,1,TRUE,TRUE
6185,treatment,2026-06-05,5,41.4,0.8,5,41.4,0.8,TRUE,TRUE
6186,control,2026-06-03,12,24.2,0.5,11,25.454545454545453,0.45454545454545453,TRUE,TRUE
6187,treatment,2026-06-05,3,38,1,2,49.5,1,TRUE,TRUE
6188,treatment,2026-06-01,3,88.7,0.333,3,88.66666666666667,0.3333333333333333,TRUE,TRUE
6189,control,2026-06-03,2,28.5,0.5,2,28.5,0.5,TRUE,TRUE
6190,treatment,2026-06-04,2,52.5,1,2,52.5,1,TRUE,TRUE
6191,treatment,2026-06-02,4,58,0.75,4,58,0.75,TRUE,TRUE
6192,treatment,2026-06-02,3,65.3,0.667,3,65.33333333333333,0.6666666666666666,TRUE,TRUE
6193,treatment,2026-06-05,0,NA,NA,0,NA,NA,FALSE,FALSE
6194,control,2026-06-05,5,39.2,0.2,4,25.5,0.25,TRUE,TRUE
6195,control,2026-06-04,4,32.5,0.75,4,32.5,0.75,TRUE,TRUE
6196,treatment,2026-06-03,2,35.5,0,2,35.5,0,TRUE,TRUE
6197,treatment,2026-06-01,2,52.5,0.5,2,52.5,0.5,TRUE,TRUE
6198,control,2026-06-05,1,35,1,1,35,1,TRUE,TRUE
6199,treatment,2026-06-01,5,38.4,1,5,38.4,1,TRUE,TRUE
6200,treatment,2026-06-01,2,41,1,2,41,1,TRUE,TRUE
6201,treatment,2026-06-05,3,41.7,0.333,3,41.666666666666664,0.3333333333333333,TRUE,TRUE
6202,treatment,2026-06-03,2,29,0.5,2,29,0.5,TRUE,TRUE
6203,treatment,2026-06-04,0,NA,NA,0,NA,NA,FALSE,FALSE
6204,treatment,2026-06-01,0,NA,NA,0,NA,NA,FALSE,FALSE
6205,control,2026-06-03,8,23.9,0.5,8,23.875,0.5,TRUE,TRUE
6206,control,2026-06-04,1,47,0,1,47,0,TRUE,TRUE
6207,control,2026-06-02,3,21,0.667,3,21,0.6666666666666666,TRUE,TRUE
6208,treatment,2026-06-04,3,42.3,1,3,42.333333333333336,1,TRUE,TRUE
6209,treatment,2026-06-05,7,46.7,0.857,7,46.714285714285715,0.8571428571428571,TRUE,TRUE
6210,treatment,2026-06-04,3,34.7,0.667,3,34.666666666666664,0.6666666666666666,TRUE,TRUE
6211,treatment,2026-06-01,1,39,1,1,39,1,TRUE,TRUE
6212,control,2026-06-03,3,40,1,3,40,1,TRUE,TRUE
6213,control,2026-06-02,6,25.3,0.833,6,25.333333333333332,0.8333333333333334,TRUE,TRUE
6214,control,2026-06-05,2,29,1,2,29,1,TRUE,TRUE
6215,treatment,2026-06-03,4,66.8,0.5,4,66.75,0.5,TRUE,TRUE
6216,control,2026-06-03,2,50.5,0.5,2,50.5,0.5,TRUE,TRUE
6217,treatment,2026-06-03,2,41,0.5,2,41,0.5,TRUE,TRUE
6218,control,2026-06-04,2,45,0.5,2,45,0.5,TRUE,TRUE
6219,control,2026-06-02,0,NA,NA,0,NA,NA,FALSE,FALSE
6220,control,2026-06-05,1,29,1,1,29,1,TRUE,TRUE
6221,control,2026-06-05,1,18,0,1,18,0,TRUE,TRUE
6222,control,2026-06-05,0,NA,NA,0,NA,NA,FALSE,FALSE
6223,treatment,2026-06-02,0,NA,NA,0,NA,NA,FALSE,FALSE
6224,control,2026-06-02,6,32.7,0.5,6,32.666666666666664,0.5,TRUE,TRUE
6225,treatment,2026-06-03,2,31,0.5,2,31,0.5,TRUE,TRUE
6226,treatment,2026-06-04,3,53.7,0.333,3,53.666666666666664,0.3333333333333333,TRUE,TRUE
6227,treatment,2026-06-01,1,60,0,1,60,0,TRUE,TRUE
6228,control,2026-06-03,11,38.4,0.636,11,38.36363636363637,0.6363636363636364,TRUE,TRUE
6229,treatment,2026-06-04,2,43.5,1,2,43.5,1,TRUE,TRUE
6230,treatment,2026-06-05,1,37,0,1,37,0,TRUE,TRUE
6231,treatment,2026-06-01,11,53.6,0.818,11,53.63636363636363,0.8181818181818182,TRUE,TRUE
6232,treatment,2026-06-04,2,37,1,2,37,1,TRUE,TRUE
6233,control,2026-06-05,1,28,1,1,28,1,TRUE,TRUE
6234,control,2026-06-05,0,NA,NA,0,NA,NA,FALSE,FALSE
6235,control,2026-06-05,2,23.5,1,2,23.5,1,TRUE,TRUE
6236,treatment,2026-06-02,7,69.9,0.429,7,69.85714285714286,0.42857142857142855,TRUE,TRUE
6237,control,2026-06-01,7,24.7,0.714,7,24.714285714285715,0.7142857142857143,TRUE,TRUE
6238,treatment,2026-06-05,12,48.8,0.75,10,51.4,0.8,TRUE,TRUE
6239,control,2026-06-03,6,20.7,0.667,6,20.666666666666668,0.6666666666666666,TRUE,TRUE
6240,treatment,2026-06-05,0,NA,NA,0,NA,NA,FALSE,FALSE
6241,treatment,2026-06-03,4,41,0.75,4,41,0.75,TRUE,TRUE
6242,treatment,2026-06-02,6,70.3,0.667,6,70.33333333333333,0.6666666666666666,TRUE,TRUE
6243,treatment,2026-06-02,5,48.8,0.8,5,48.8,0.8,TRUE,TRUE
6244,treatment,2026-06-02,0,NA,NA,0,NA,NA,FALSE,FALSE
6245,treatment,2026-06-02,2,50,0.5,2,50,0.5,TRUE,TRUE
6246,treatment,2026-06-01,2,35,0.5,2,35,0.5,TRUE,TRUE
6247,control,2026-06-05,2,22.5,0,2,22.5,0,TRUE,TRUE
6248,control,2026-06-02,0,NA,NA,0,NA,NA,FALSE,FALSE
6249,control,2026-06-01,1,13,1,1,13,1,TRUE,TRUE
6250,control,2026-06-05,3,41.3,1,3,41.333333333333336,1,TRUE,TRUE
6251,treatment,2026-06-03,2,41.5,0.5,2,41.5,0.5,TRUE,TRUE
6252,control,2026-06-01,1,56,1,1,56,1,TRUE,TRUE
6253,treatment,2026-06-02,3,49.7,0.667,3,49.666666666666664,0.6666666666666666,TRUE,TRUE
6254,treatment,2026-06-03,1,38,0,1,38,0,TRUE,TRUE
6255,treatment,2026-06-01,6,45.8,0.833,6,45.833333333333336,0.8333333333333334,TRUE,TRUE
6256,treatment,2026-06-04,4,37.5,0.5,3,40.666666666666664,0.3333333333333333,TRUE,TRUE
6257,control,2026-06-01,6,39,0.5,6,39,0.5,TRUE,TRUE
6258,control,2026-06-01,4,27.8,0.5,4,27.75,0.5,TRUE,TRUE
6259,control,2026-06-03,0,NA,NA,0,NA,NA,FALSE,FALSE
6260,treatment,2026-06-04,0,NA,NA,0,NA,NA,FALSE,FALSE
6261,control,2026-06-01,2,30.5,0.5,2,30.5,0.5,TRUE,TRUE
6262,treatment,2026-06-02,1,38,0,1,38,0,TRUE,TRUE
6263,control,2026-06-01,2,35.5,1,2,35.5,1,TRUE,TRUE
6264,control,2026-06-01,1,32,1,1,32,1,TRUE,TRUE
6265,control,2026-06-03,3,37,1,3,37,1,TRUE,TRUE
6266,control,2026-06-03,1,17,0,1,17,0,TRUE,TRUE
6267,control,2026-06-01,1,48,1,1,48,1,TRUE,TRUE
6268,treatment,2026-06-02,6,44.7,0.5,6,44.666666666666664,0.5,TRUE,TRUE
6269,treatment,2026-06-02,1,90,1,1,90,1,TRUE,TRUE
6270,control,2026-06-01,3,33.7,0.667,3,33.666666666666664,0.6666666666666666,TRUE,TRUE
6271,treatment,2026-06-02,9,49.3,0.667,8,50.875,0.75,TRUE,TRUE
6272,treatment,2026-06-04,2,53.5,1,2,53.5,1,TRUE,TRUE
6273,control,2026-06-05,9,31,0.778,8,30.375,0.75,TRUE,TRUE
6274,treatment,2026-06-05,2,36,0.5,1,28,0,TRUE,TRUE
6275,treatment,2026-06-02,4,50.5,0.5,4,50.5,0.5,TRUE,TRUE
6276,control,2026-06-03,4,37.5,0.5,4,37.5,0.5,TRUE,TRUE
6277,control,2026-06-01,1,34,1,1,34,1,TRUE,TRUE
6278,control,2026-06-05,1,23,1,1,23,1,TRUE,TRUE
6279,control,2026-06-04,1,10,0,1,10,0,TRUE,TRUE
6280,treatment,2026-06-02,4,38.5,1,4,38.5,1,TRUE,TRUE
6281,control,2026-06-01,3,25.3,0,3,25.333333333333332,0,TRUE,TRUE
6282,treatment,2026-06-05,4,65.8,0.5,4,65.75,0.5,TRUE,TRUE
6283,control,2026-06-02,6,33.7,0.5,6,33.666666666666664,0.5,TRUE,TRUE
6284,treatment,2026-06-04,3,24.7,0.667,3,24.666666666666668,0.6666666666666666,TRUE,TRUE
6285,control,2026-06-02,5,43,1,5,43,1,TRUE,TRUE
6286,control,2026-06-04,0,NA,NA,0,NA,NA,FALSE,FALSE
6287,treatment,2026-06-04,2,35,0,2,35,0,TRUE,TRUE
6288,treatment,2026-06-01,1,119,1,1,119,1,TRUE,TRUE
6289,treatment,2026-06-04,2,35,1,2,35,1,TRUE,TRUE
6290,treatment,2026-06-03,3,41.7,0.667,3,41.666666666666664,0.6666666666666666,TRUE,TRUE
6291,treatment,2026-06-01,3,55.7,1,3,55.666666666666664,1,TRUE,TRUE
6292,treatment,2026-06-01,4,39,0.75,4,39,0.75,TRUE,TRUE
6293,treatment,2026-06-05,1,31,0,0,NA,NA,FALSE,TRUE
6294,control,2026-06-03,2,19,0.5,2,19,0.5,TRUE,TRUE
6295,control,2026-06-03,0,NA,NA,0,NA,NA,FALSE,FALSE
6296,treatment,2026-06-03,3,39,1,3,39,1,TRUE,TRUE
6297,treatment,2026-06-01,3,33,0.667,3,33,0.6666666666666666,TRUE,TRUE
6298,treatment,2026-06-01,4,60.2,0.75,4,60.25,0.75,TRUE,TRUE
6299,control,2026-06-03,2,33,1,2,33,1,TRUE,TRUE
6300,control,2026-06-04,1,14,0,1,14,0,TRUE,TRUE
6301,control,2026-06-01,2,19,0.5,2,19,0.5,TRUE,TRUE
6302,control,2026-06-03,8,40,0.875,8,40,0.875,TRUE,TRUE
6303,control,2026-06-04,6,26.5,0.833,6,26.5,0.8333333333333334,TRUE,TRUE
6304,treatment,2026-06-04,4,36.2,0.25,4,36.25,0.25,TRUE,TRUE
6305,treatment,2026-06-03,5,51.8,1,5,51.8,1,TRUE,TRUE
6306,control,2026-06-02,2,37,1,2,37,1,TRUE,TRUE
6307,treatment,2026-06-05,3,56.3,0.333,3,56.333333333333336,0.3333333333333333,TRUE,TRUE
6308,treatment,2026-06-05,0,NA,NA,0,NA,NA,FALSE,FALSE
6309,treatment,2026-06-01,3,47,1,3,47,1,TRUE,TRUE
6310,treatment,2026-06-04,1,44,1,1,44,1,TRUE,TRUE
6311,treatment,2026-06-02,1,47,1,1,47,1,TRUE,TRUE
6312,control,2026-06-03,1,68,1,1,68,1,TRUE,TRUE
6313,treatment,2026-06-05,1,90,1,1,90,1,TRUE,TRUE
6314,treatment,2026-06-02,2,36,1,2,36,1,TRUE,TRUE
6315,control,2026-06-03,13,28.4,0.615,12,29.083333333333332,0.5833333333333334,TRUE,TRUE
6316,treatment,2026-06-05,5,46.2,1,4,39.25,1,TRUE,TRUE
6317,control,2026-06-02,8,30.8,1,8,30.75,1,TRUE,TRUE
6318,control,2026-06-03,7,37.1,1,7,37.142857142857146,1,TRUE,TRUE
6319,control,2026-06-05,0,NA,NA,0,NA,NA,FALSE,FALSE
6320,control,2026-06-05,2,18.5,1,1,18,1,TRUE,TRUE
6321,treatment,2026-06-05,2,48,0.5,2,48,0.5,TRUE,TRUE
6322,control,2026-06-02,3,22.7,1,3,22.666666666666668,1,TRUE,TRUE
6323,treatment,2026-06-02,0,NA,NA,0,NA,NA,FALSE,FALSE
6324,control,2026-06-05,5,44.8,1,5,44.8,1,TRUE,TRUE
6325,control,2026-06-04,1,51,0,1,51,0,TRUE,TRUE
6326,control,2026-06-02,2,28.5,0.5,2,28.5,0.5,TRUE,TRUE
6327,control,2026-06-04,1,15,0,1,15,0,TRUE,TRUE
6328,control,2026-06-03,3,38.3,0.667,2,49,1,TRUE,TRUE
6329,treatment,2026-06-02,3,57.7,1,2,62.5,1,TRUE,TRUE
6330,treatment,2026-06-05,1,44,1,1,44,1,TRUE,TRUE
6331,treatment,2026-06-05,10,55.8,0.5,9,56.77777777777778,0.5555555555555556,TRUE,TRUE
6332,control,2026-06-05,2,32.5,1,2,32.5,1,TRUE,TRUE
6333,control,2026-06-05,3,25,0.667,3,25,0.6666666666666666,TRUE,TRUE
6334,treatment,2026-06-03,4,29,0.75,4,29,0.75,TRUE,TRUE
6335,treatment,2026-06-05,7,42.9,0.714,7,42.857142857142854,0.7142857142857143,TRUE,TRUE
6336,control,2026-06-02,3,44.7,1,3,44.666666666666664,1,TRUE,TRUE
6337,treatment,2026-06-01,4,33.8,0.5,4,33.75,0.5,TRUE,TRUE
6338,control,2026-06-02,0,NA,NA,0,NA,NA,FALSE,FALSE
6339,control,2026-06-04,8,23.5,0.75,8,23.5,0.75,TRUE,TRUE
6340,treatment,2026-06-02,1,49,1,1,49,1,TRUE,TRUE
6341,treatment,2026-06-04,1,38,0,1,38,0,TRUE,TRUE
6342,control,2026-06-05,1,132,1,1,132,1,TRUE,TRUE
6343,treatment,2026-06-02,2,81.5,1,2,81.5,1,TRUE,TRUE
6344,control,2026-06-05,4,30.8,0.75,4,30.75,0.75,TRUE,TRUE
6345,treatment,2026-06-02,2,43.5,1,2,43.5,1,TRUE,TRUE
6346,treatment,2026-06-03,5,48.2,0.6,5,48.2,0.6,TRUE,TRUE
6347,treatment,2026-06-05,2,63,0.5,2,63,0.5,TRUE,TRUE
6348,control,2026-06-02,3,45.3,0.667,3,45.333333333333336,0.6666666666666666,TRUE,TRUE
6349,treatment,2026-06-04,6,50.5,1,6,50.5,1,TRUE,TRUE
6350,treatment,2026-06-02,5,53.8,0.4,5,53.8,0.4,TRUE,TRUE
6351,control,2026-06-02,9,35.9,0.667,8,34.625,0.75,TRUE,TRUE
6352,treatment,2026-06-03,4,29.2,1,4,29.25,1,TRUE,TRUE
6353,treatment,2026-06-02,2,38,0.5,2,38,0.5,TRUE,TRUE
6354,treatment,2026-06-01,5,35.8,0.2,5,35.8,0.2,TRUE,TRUE
6355,control,2026-06-03,2,36.5,1,2,36.5,1,TRUE,TRUE
6356,treatment,2026-06-05,3,41.7,0.667,3,41.666666666666664,0.6666666666666666,TRUE,TRUE
6357,treatment,2026-06-02,5,41.4,0.8,4,35.5,0.75,TRUE,TRUE
6358,control,2026-06-05,0,NA,NA,0,NA,NA,FALSE,FALSE
6359,treatment,2026-06-01,3,63,0.333,3,63,0.3333333333333333,TRUE,TRUE
6360,control,2026-06-04,2,39.5,1,2,39.5,1,TRUE,TRUE
6361,treatment,2026-06-05,2,76,0,2,76,0,TRUE,TRUE
6362,control,2026-06-05,0,NA,NA,0,NA,NA,FALSE,FALSE
6363,treatment,2026-06-01,2,53.5,1,2,53.5,1,TRUE,TRUE
6364,treatment,2026-06-01,3,61.7,0.333,3,61.666666666666664,0.3333333333333333,TRUE,TRUE
6365,treatment,2026-06-05,3,31.3,0.667,3,31.333333333333332,0.6666666666666666,TRUE,TRUE
6366,control,2026-06-05,2,23.5,0.5,1,31,0,TRUE,TRUE
6367,treatment,2026-06-05,4,30.8,0.75,4,30.75,0.75,TRUE,TRUE
6368,control,2026-06-05,5,41.6,0.6,5,41.6,0.6,TRUE,TRUE
6369,treatment,2026-06-01,0,NA,NA,0,NA,NA,FALSE,FALSE
6370,treatment,2026-06-05,4,41.2,0.75,4,41.25,0.75,TRUE,TRUE
6371,control,2026-06-04,2,57.5,0.5,2,57.5,0.5,TRUE,TRUE
6372,treatment,2026-06-05,1,111,1,1,111,1,TRUE,TRUE
6373,control,2026-06-03,6,32,0.667,6,32,0.6666666666666666,TRUE,TRUE
6374,control,2026-06-01,3,49.7,0.667,3,49.666666666666664,0.6666666666666666,TRUE,TRUE
6375,treatment,2026-06-03,1,51,1,1,51,1,TRUE,TRUE
6376,control,2026-06-05,1,22,1,1,22,1,TRUE,TRUE
6377,control,2026-06-03,10,31.4,0.7,10,31.4,0.7,TRUE,TRUE
6378,treatment,2026-06-01,10,47.3,0.7,10,47.3,0.7,TRUE,TRUE
6379,control,2026-06-02,9,28.3,0.444,8,29.625,0.5,TRUE,TRUE
6380,control,2026-06-01,3,28,0.333,3,28,0.3333333333333333,TRUE,TRUE
6381,control,2026-06-01,4,34.8,0.75,4,34.75,0.75,TRUE,TRUE
6382,control,2026-06-01,0,NA,NA,0,NA,NA,FALSE,FALSE
6383,control,2026-06-04,2,19,0,2,19,0,TRUE,TRUE
6384,treatment,2026-06-05,4,53.5,0.75,4,53.5,0.75,TRUE,TRUE
6385,control,2026-06-03,2,30.5,1,2,30.5,1,TRUE,TRUE
6386,treatment,2026-06-03,1,52,1,1,52,1,TRUE,TRUE
6387,control,2026-06-05,5,38.6,0.6,5,38.6,0.6,TRUE,TRUE
6388,treatment,2026-06-02,1,24,0,1,24,0,TRUE,TRUE
6389,control,2026-06-02,7,29.6,0.571,7,29.571428571428573,0.5714285714285714,TRUE,TRUE
6390,control,2026-06-04,10,22.7,0.8,9,22.444444444444443,0.7777777777777778,TRUE,TRUE
6391,control,2026-06-02,8,24.6,0.625,8,24.625,0.625,TRUE,TRUE
6392,treatment,2026-06-05,6,50.8,0.667,6,50.833333333333336,0.6666666666666666,TRUE,TRUE
6393,control,2026-06-05,1,26,1,1,26,1,TRUE,TRUE
6394,treatment,2026-06-01,6,41.5,0.667,6,41.5,0.6666666666666666,TRUE,TRUE
6395,treatment,2026-06-01,0,NA,NA,0,NA,NA,FALSE,FALSE
6396,treatment,2026-06-05,5,72,0.8,5,72,0.8,TRUE,TRUE
6397,control,2026-06-05,2,44.5,0.5,2,44.5,0.5,TRUE,TRUE
6398,treatment,2026-06-04,2,60,0.5,1,67,0,TRUE,TRUE
6399,treatment,2026-06-01,4,41.5,0.75,4,41.5,0.75,TRUE,TRUE
6400,control,2026-06-05,1,18,1,1,18,1,TRUE,TRUE
6401,treatment,2026-06-05,5,62.8,1,5,62.8,1,TRUE,TRUE
6402,control,2026-06-02,8,32,0.5,8,32,0.5,TRUE,TRUE
6403,treatment,2026-06-01,2,48,1,2,48,1,TRUE,TRUE
6404,treatment,2026-06-05,6,53.8,1,5,56,1,TRUE,TRUE
6405,treatment,2026-06-03,1,47,1,1,47,1,TRUE,TRUE
6406,control,2026-06-03,6,33.7,0.5,6,33.666666666666664,0.5,TRUE,TRUE
6407,treatment,2026-06-01,7,61.3,0.857,7,61.285714285714285,0.8571428571428571,TRUE,TRUE
6408,control,2026-06-05,2,25,1,2,25,1,TRUE,TRUE
6409,control,2026-06-01,2,33,1,2,33,1,TRUE,TRUE
6410,control,2026-06-05,1,51,1,1,51,1,TRUE,TRUE
6411,treatment,2026-06-05,2,41.5,0.5,2,41.5,0.5,TRUE,TRUE
6412,treatment,2026-06-05,1,60,1,0,NA,NA,FALSE,TRUE
6413,treatment,2026-06-04,1,22,1,1,22,1,TRUE,TRUE
6414,control,2026-06-01,3,35,1,3,35,1,TRUE,TRUE
6415,treatment,2026-06-03,1,13,0,1,13,0,TRUE,TRUE
6416,control,2026-06-03,1,23,0,1,23,0,TRUE,TRUE
6417,control,2026-06-03,3,36.3,1,3,36.333333333333336,1,TRUE,TRUE
6418,treatment,2026-06-03,2,58,0.5,2,58,0.5,TRUE,TRUE
6419,control,2026-06-05,2,39.5,1,2,39.5,1,TRUE,TRUE
6420,treatment,2026-06-04,2,49,0.5,2,49,0.5,TRUE,TRUE
6421,treatment,2026-06-01,6,46,0.833,6,46,0.8333333333333334,TRUE,TRUE
6422,control,2026-06-03,2,38.5,1,2,38.5,1,TRUE,TRUE
6423,control,2026-06-03,7,21,0.714,7,21,0.7142857142857143,TRUE,TRUE
6424,control,2026-06-02,8,41.1,0.5,8,41.125,0.5,TRUE,TRUE
6425,treatment,2026-06-04,3,72.3,0.333,3,72.33333333333333,0.3333333333333333,TRUE,TRUE
6426,treatment,2026-06-03,2,53.5,1,2,53.5,1,TRUE,TRUE
6427,control,2026-06-05,1,28,1,1,28,1,TRUE,TRUE
6428,control,2026-06-05,2,25.5,0.5,1,17,0,TRUE,TRUE
6429,control,2026-06-03,4,33.2,0.5,4,33.25,0.5,TRUE,TRUE
6430,treatment,2026-06-05,12,67.2,0.667,11,68.0909090909091,0.7272727272727273,TRUE,TRUE
6431,treatment,2026-06-04,3,50.3,1,3,50.333333333333336,1,TRUE,TRUE
6432,treatment,2026-06-05,1,45,1,1,45,1,TRUE,TRUE
6433,treatment,2026-06-02,5,49.8,0.6,5,49.8,0.6,TRUE,TRUE
6434,treatment,2026-06-05,4,36.5,0.75,4,36.5,0.75,TRUE,TRUE
6435,control,2026-06-05,7,23.1,0.857,7,23.142857142857142,0.8571428571428571,TRUE,TRUE
6436,control,2026-06-05,5,34.2,0.6,5,34.2,0.6,TRUE,TRUE
6437,control,2026-06-03,0,NA,NA,0,NA,NA,FALSE,FALSE
6438,control,2026-06-01,1,43,1,1,43,1,TRUE,TRUE
6439,treatment,2026-06-03,1,90,1,1,90,1,TRUE,TRUE
6440,treatment,2026-06-04,1,24,0,1,24,0,TRUE,TRUE
6441,control,2026-06-01,3,28.7,0.333,3,28.666666666666668,0.3333333333333333,TRUE,TRUE
6442,control,2026-06-02,11,27.5,0.636,11,27.454545454545453,0.6363636363636364,TRUE,TRUE
6443,control,2026-06-03,2,48,0.5,2,48,0.5,TRUE,TRUE
6444,control,2026-06-04,2,22.5,0,2,22.5,0,TRUE,TRUE
6445,treatment,2026-06-02,0,NA,NA,0,NA,NA,FALSE,FALSE
6446,treatment,2026-06-04,6,41,0.667,5,34,0.6,TRUE,TRUE
6447,treatment,2026-06-03,3,25.7,0.667,3,25.666666666666668,0.6666666666666666,TRUE,TRUE
6448,control,2026-06-05,2,22.5,1,2,22.5,1,TRUE,TRUE
6449,control,2026-06-02,1,24,1,1,24,1,TRUE,TRUE
6450,control,2026-06-02,2,35,0.5,2,35,0.5,TRUE,TRUE
6451,treatment,2026-06-01,1,61,1,1,61,1,TRUE,TRUE
6452,control,2026-06-02,6,32.3,0.667,6,32.333333333333336,0.6666666666666666,TRUE,TRUE
6453,treatment,2026-06-01,1,35,1,1,35,1,TRUE,TRUE
6454,control,2026-06-04,7,26.1,0.714,6,23,0.8333333333333334,TRUE,TRUE
6455,control,2026-06-01,0,NA,NA,0,NA,NA,FALSE,FALSE
6456,control,2026-06-04,5,40.2,0.6,4,47,0.75,TRUE,TRUE
6457,control,2026-06-02,6,29.3,0.5,6,29.333333333333332,0.5,TRUE,TRUE
6458,control,2026-06-02,3,59.3,1,3,59.333333333333336,1,TRUE,TRUE
6459,treatment,2026-06-05,4,59.8,0.75,4,59.75,0.75,TRUE,TRUE
6460,control,2026-06-05,3,21,0.667,3,21,0.6666666666666666,TRUE,TRUE
6461,treatment,2026-06-04,5,76.8,0.4,5,76.8,0.4,TRUE,TRUE
6462,control,2026-06-03,0,NA,NA,0,NA,NA,FALSE,FALSE
6463,control,2026-06-02,5,18.6,0.2,5,18.6,0.2,TRUE,TRUE
6464,control,2026-06-01,1,28,1,1,28,1,TRUE,TRUE
6465,control,2026-06-02,1,36,1,1,36,1,TRUE,TRUE
6466,control,2026-06-03,7,29.4,0.429,7,29.428571428571427,0.42857142857142855,TRUE,TRUE
6467,treatment,2026-06-01,2,41,1,2,41,1,TRUE,TRUE
6468,treatment,2026-06-01,2,43.5,1,2,43.5,1,TRUE,TRUE
6469,control,2026-06-02,1,42,1,1,42,1,TRUE,TRUE
6470,control,2026-06-05,2,47,1,2,47,1,TRUE,TRUE
6471,control,2026-06-05,6,24.5,0.667,6,24.5,0.6666666666666666,TRUE,TRUE
6472,control,2026-06-05,1,41,0,0,NA,NA,FALSE,TRUE
6473,control,2026-06-02,4,35.2,0.75,4,35.25,0.75,TRUE,TRUE
6474,treatment,2026-06-04,0,NA,NA,0,NA,NA,FALSE,FALSE
6475,control,2026-06-03,3,41.3,0.333,3,41.333333333333336,0.3333333333333333,TRUE,TRUE
6476,control,2026-06-04,3,18.7,0.667,3,18.666666666666668,0.6666666666666666,TRUE,TRUE
6477,control,2026-06-03,5,34.4,0.6,5,34.4,0.6,TRUE,TRUE
6478,control,2026-06-05,0,NA,NA,0,NA,NA,FALSE,FALSE
6479,control,2026-06-05,0,NA,NA,0,NA,NA,FALSE,FALSE
6480,treatment,2026-06-03,8,54.5,0.75,7,52.857142857142854,0.7142857142857143,TRUE,TRUE
6481,control,2026-06-04,7,37.6,0.571,6,39.166666666666664,0.5,TRUE,TRUE
6482,control,2026-06-03,2,18.5,0.5,2,18.5,0.5,TRUE,TRUE
6483,control,2026-06-03,2,41,0.5,2,41,0.5,TRUE,TRUE
6484,treatment,2026-06-03,16,47.3,0.812,15,47.46666666666667,0.8,TRUE,TRUE
6485,treatment,2026-06-04,2,55.5,1,2,55.5,1,TRUE,TRUE
6486,treatment,2026-06-04,2,33.5,1,2,33.5,1,TRUE,TRUE
6487,treatment,2026-06-04,2,53,1,2,53,1,TRUE,TRUE
6488,control,2026-06-04,4,20.2,1,4,20.25,1,TRUE,TRUE
6489,control,2026-06-04,2,34,0.5,2,34,0.5,TRUE,TRUE
6490,control,2026-06-01,1,38,0,1,38,0,TRUE,TRUE
6491,treatment,2026-06-01,2,38,1,2,38,1,TRUE,TRUE
6492,treatment,2026-06-03,1,57,1,1,57,1,TRUE,TRUE
6493,control,2026-06-05,4,39,0.5,4,39,0.5,TRUE,TRUE
6494,control,2026-06-02,4,33.8,0.5,4,33.75,0.5,TRUE,TRUE
6495,control,2026-06-02,4,32.8,0.5,4,32.75,0.5,TRUE,TRUE
6496,control,2026-06-05,3,20.3,0.667,3,20.333333333333332,0.6666666666666666,TRUE,TRUE
6497,control,2026-06-05,0,NA,NA,0,NA,NA,FALSE,FALSE
6498,treatment,2026-06-03,8,41.6,0.75,7,39.857142857142854,0.7142857142857143,TRUE,TRUE
6499,treatment,2026-06-04,5,34.4,0.4,5,34.4,0.4,TRUE,TRUE
6500,treatment,2026-06-05,1,43,0,1,43,0,TRUE,TRUE
6501,control,2026-06-04,3,46.3,0.333,3,46.333333333333336,0.3333333333333333,TRUE,TRUE
6502,control,2026-06-04,4,45.8,0.75,4,45.75,0.75,TRUE,TRUE
6503,control,2026-06-05,1,52,1,1,52,1,TRUE,TRUE
6504,control,2026-06-02,5,29,0.6,5,29,0.6,TRUE,TRUE
6505,control,2026-06-04,0,NA,NA,0,NA,NA,FALSE,FALSE
6506,treatment,2026-06-05,3,39.7,0.333,3,39.666666666666664,0.3333333333333333,TRUE,TRUE
6507,treatment,2026-06-05,3,31.7,0.667,3,31.666666666666668,0.6666666666666666,TRUE,TRUE
6508,control,2026-06-01,0,NA,NA,0,NA,NA,FALSE,FALSE
6509,control,2026-06-04,5,26.2,0.8,5,26.2,0.8,TRUE,TRUE
6510,treatment,2026-06-03,3,50.7,1,3,50.666666666666664,1,TRUE,TRUE
6511,control,2026-06-02,1,27,1,1,27,1,TRUE,TRUE
6512,treatment,2026-06-05,1,59,1,1,59,1,TRUE,TRUE
6513,control,2026-06-05,10,26.8,0.6,10,26.8,0.6,TRUE,TRUE
6514,control,2026-06-02,1,41,1,1,41,1,TRUE,TRUE
6515,treatment,2026-06-04,3,46.7,1,3,46.666666666666664,1,TRUE,TRUE
6516,control,2026-06-03,1,19,1,1,19,1,TRUE,TRUE
6517,control,2026-06-04,12,56.2,0.917,12,56.166666666666664,0.9166666666666666,TRUE,TRUE
6518,control,2026-06-03,1,16,0,1,16,0,TRUE,TRUE
6519,treatment,2026-06-02,2,68.5,1,2,68.5,1,TRUE,TRUE
6520,treatment,2026-06-01,4,63,0.5,4,63,0.5,TRUE,TRUE
6521,treatment,2026-06-05,4,57.2,0.25,4,57.25,0.25,TRUE,TRUE
6522,control,2026-06-04,3,21.7,0.667,3,21.666666666666668,0.6666666666666666,TRUE,TRUE
6523,treatment,2026-06-05,5,43.8,1,5,43.8,1,TRUE,TRUE
6524,control,2026-06-01,4,28.5,0.75,4,28.5,0.75,TRUE,TRUE
6525,treatment,2026-06-02,4,52,1,4,52,1,TRUE,TRUE
6526,control,2026-06-02,2,23.5,1,2,23.5,1,TRUE,TRUE
6527,treatment,2026-06-01,2,46,0.5,2,46,0.5,TRUE,TRUE
6528,treatment,2026-06-04,4,28,0.5,4,28,0.5,TRUE,TRUE
6529,treatment,2026-06-02,1,48,1,1,48,1,TRUE,TRUE
6530,treatment,2026-06-04,1,56,1,1,56,1,TRUE,TRUE
6531,treatment,2026-06-03,7,53.6,0.571,7,53.57142857142857,0.5714285714285714,TRUE,TRUE
6532,treatment,2026-06-02,5,42,0.8,5,42,0.8,TRUE,TRUE
6533,treatment,2026-06-03,2,39,0.5,2,39,0.5,TRUE,TRUE
6534,control,2026-06-04,0,NA,NA,0,NA,NA,FALSE,FALSE
6535,treatment,2026-06-01,3,48.3,0.667,3,48.333333333333336,0.6666666666666666,TRUE,TRUE
6536,control,2026-06-03,4,40,0.75,4,40,0.75,TRUE,TRUE
6537,control,2026-06-04,10,37.5,0.6,9,35.22222222222222,0.5555555555555556,TRUE,TRUE
6538,treatment,2026-06-02,2,72.5,0.5,2,72.5,0.5,TRUE,TRUE
6539,control,2026-06-03,3,38.7,0.333,3,38.666666666666664,0.3333333333333333,TRUE,TRUE
6540,control,2026-06-05,0,NA,NA,0,NA,NA,FALSE,FALSE
6541,treatment,2026-06-03,7,46.4,0.857,6,46.833333333333336,0.8333333333333334,TRUE,TRUE
6542,treatment,2026-06-02,1,23,0,1,23,0,TRUE,TRUE
6543,control,2026-06-04,6,28.7,0.333,4,25,0.25,TRUE,TRUE
6544,control,2026-06-04,3,25.7,0.667,3,25.666666666666668,0.6666666666666666,TRUE,TRUE
6545,treatment,2026-06-05,7,50,1,7,50,1,TRUE,TRUE
6546,control,2026-06-01,2,51,1,2,51,1,TRUE,TRUE
6547,control,2026-06-02,4,44.5,0.75,4,44.5,0.75,TRUE,TRUE
6548,treatment,2026-06-01,2,68,0.5,2,68,0.5,TRUE,TRUE
6549,treatment,2026-06-03,8,53.8,0.625,8,53.75,0.625,TRUE,TRUE
6550,control,2026-06-01,2,43,1,2,43,1,TRUE,TRUE
6551,treatment,2026-06-03,10,49.8,0.7,10,49.8,0.7,TRUE,TRUE
6552,treatment,2026-06-05,1,45,1,1,45,1,TRUE,TRUE
6553,treatment,2026-06-02,4,52.2,0.75,4,52.25,0.75,TRUE,TRUE
6554,treatment,2026-06-05,0,NA,NA,0,NA,NA,FALSE,FALSE
6555,treatment,2026-06-03,9,45.3,0.667,9,45.333333333333336,0.6666666666666666,TRUE,TRUE
6556,treatment,2026-06-05,0,NA,NA,0,NA,NA,FALSE,FALSE
6557,control,2026-06-05,1,23,0,1,23,0,TRUE,TRUE
6558,treatment,2026-06-01,0,NA,NA,0,NA,NA,FALSE,FALSE
6559,treatment,2026-06-05,11,51.1,0.636,10,51.5,0.6,TRUE,TRUE
6560,control,2026-06-05,2,26,1,0,NA,NA,FALSE,TRUE
6561,treatment,2026-06-05,0,NA,NA,0,NA,NA,FALSE,FALSE
6562,treatment,2026-06-03,3,43.3,1,3,43.333333333333336,1,TRUE,TRUE
6563,treatment,2026-06-01,1,21,1,1,21,1,TRUE,TRUE
6564,treatment,2026-06-01,3,54.3,1,3,54.333333333333336,1,TRUE,TRUE
6565,treatment,2026-06-04,3,37,0.667,3,37,0.6666666666666666,TRUE,TRUE
6566,treatment,2026-06-01,5,52.2,0.8,5,52.2,0.8,TRUE,TRUE
6567,treatment,2026-06-05,3,31,0.667,3,31,0.6666666666666666,TRUE,TRUE
6568,control,2026-06-05,4,36,0.75,3,39.666666666666664,1,TRUE,TRUE
6569,control,2026-06-01,0,NA,NA,0,NA,NA,FALSE,FALSE
6570,treatment,2026-06-02,1,15,0,1,15,0,TRUE,TRUE
6571,treatment,2026-06-01,7,56.4,0.714,7,56.42857142857143,0.7142857142857143,TRUE,TRUE
6572,control,2026-06-04,2,39,0.5,2,39,0.5,TRUE,TRUE
6573,control,2026-06-03,0,NA,NA,0,NA,NA,FALSE,FALSE
6574,control,2026-06-01,3,26.3,0.333,3,26.333333333333332,0.3333333333333333,TRUE,TRUE
6575,treatment,2026-06-05,0,NA,NA,0,NA,NA,FALSE,FALSE
6576,treatment,2026-06-02,1,49,1,1,49,1,TRUE,TRUE
6577,control,2026-06-04,1,22,1,1,22,1,TRUE,TRUE
6578,control,2026-06-03,4,24.2,0.75,4,24.25,0.75,TRUE,TRUE
6579,control,2026-06-03,1,46,0,1,46,0,TRUE,TRUE
6580,control,2026-06-04,2,23.5,0,2,23.5,0,TRUE,TRUE
6581,treatment,2026-06-04,1,52,1,1,52,1,TRUE,TRUE
6582,treatment,2026-06-05,4,30.2,1,4,30.25,1,TRUE,TRUE
6583,control,2026-06-02,2,40.5,0.5,2,40.5,0.5,TRUE,TRUE
6584,treatment,2026-06-05,3,64,0.667,3,64,0.6666666666666666,TRUE,TRUE
6585,control,2026-06-03,2,29.5,0,2,29.5,0,TRUE,TRUE
6586,control,2026-06-04,15,30.1,0.6,14,31.142857142857142,0.6428571428571429,TRUE,TRUE
6587,control,2026-06-03,5,34.4,1,5,34.4,1,TRUE,TRUE
6588,treatment,2026-06-05,1,48,0,1,48,0,TRUE,TRUE
6589,control,2026-06-03,5,31,0.6,5,31,0.6,TRUE,TRUE
6590,treatment,2026-06-02,1,26,0,1,26,0,TRUE,TRUE
6591,control,2026-06-02,1,40,1,1,40,1,TRUE,TRUE
6592,treatment,2026-06-02,3,78.3,1,2,57.5,1,TRUE,TRUE
6593,treatment,2026-06-03,2,23.5,0,2,23.5,0,TRUE,TRUE
6594,control,2026-06-01,2,38,0.5,2,38,0.5,TRUE,TRUE
6595,control,2026-06-04,2,22.5,0.5,2,22.5,0.5,TRUE,TRUE
6596,control,2026-06-02,2,12.5,0,2,12.5,0,TRUE,TRUE
6597,treatment,2026-06-04,0,NA,NA,0,NA,NA,FALSE,FALSE
6598,control,2026-06-03,7,35.9,0.571,7,35.857142857142854,0.5714285714285714,TRUE,TRUE
6599,treatment,2026-06-03,3,27.3,0.667,2,25,1,TRUE,TRUE
6600,control,2026-06-04,2,36.5,0.5,2,36.5,0.5,TRUE,TRUE
6601,treatment,2026-06-04,3,30.7,0.333,2,34.5,0.5,TRUE,TRUE
6602,treatment,2026-06-01,5,50.8,0.8,5,50.8,0.8,TRUE,TRUE
6603,treatment,2026-06-02,2,54,1,2,54,1,TRUE,TRUE
6604,treatment,2026-06-01,0,NA,NA,0,NA,NA,FALSE,FALSE
6605,control,2026-06-05,4,33.5,0.5,4,33.5,0.5,TRUE,TRUE
6606,treatment,2026-06-05,4,49,1,4,49,1,TRUE,TRUE
6607,control,2026-06-01,7,20.4,0.429,7,20.428571428571427,0.42857142857142855,TRUE,TRUE
6608,control,2026-06-03,1,31,1,1,31,1,TRUE,TRUE
6609,treatment,2026-06-03,2,42.5,0.5,2,42.5,0.5,TRUE,TRUE
6610,treatment,2026-06-05,4,49,0.75,4,49,0.75,TRUE,TRUE
6611,control,2026-06-03,3,38,1,3,38,1,TRUE,TRUE
6612,treatment,2026-06-02,4,52.5,0.75,4,52.5,0.75,TRUE,TRUE
6613,treatment,2026-06-01,5,44.2,0.8,5,44.2,0.8,TRUE,TRUE
6614,treatment,2026-06-02,3,40,0.667,3,40,0.6666666666666666,TRUE,TRUE
6615,treatment,2026-06-01,4,63.2,0.25,4,63.25,0.25,TRUE,TRUE
6616,treatment,2026-06-02,12,48.5,0.667,12,48.5,0.6666666666666666,TRUE,TRUE
6617,treatment,2026-06-01,5,35.2,1,5,35.2,1,TRUE,TRUE
6618,control,2026-06-05,3,23,0,3,23,0,TRUE,TRUE
6619,treatment,2026-06-03,4,55.8,0.75,3,47.666666666666664,0.6666666666666666,TRUE,TRUE
6620,treatment,2026-06-02,4,47.2,1,4,47.25,1,TRUE,TRUE
6621,control,2026-06-05,0,NA,NA,0,NA,NA,FALSE,FALSE
6622,control,2026-06-03,16,36,0.562,15,33.733333333333334,0.6,TRUE,TRUE
6623,treatment,2026-06-05,1,27,0,1,27,0,TRUE,TRUE
6624,control,2026-06-05,1,22,0,1,22,0,TRUE,TRUE
6625,treatment,2026-06-01,0,NA,NA,0,NA,NA,FALSE,FALSE
6626,treatment,2026-06-04,1,35,1,1,35,1,TRUE,TRUE
6627,control,2026-06-02,2,59,1,2,59,1,TRUE,TRUE
6628,treatment,2026-06-04,1,43,0,1,43,0,TRUE,TRUE
6629,control,2026-06-04,2,49.5,1,2,49.5,1,TRUE,TRUE
6630,control,2026-06-04,6,31.7,1,4,23.75,1,TRUE,TRUE
6631,control,2026-06-02,6,38.5,0.667,6,38.5,0.6666666666666666,TRUE,TRUE
6632,treatment,2026-06-04,7,43.9,0.429,7,43.857142857142854,0.42857142857142855,TRUE,TRUE
6633,treatment,2026-06-05,0,NA,NA,0,NA,NA,FALSE,FALSE
6634,control,2026-06-03,6,25.8,0.333,6,25.833333333333332,0.3333333333333333,TRUE,TRUE
6635,treatment,2026-06-02,1,25,1,1,25,1,TRUE,TRUE
6636,treatment,2026-06-05,2,82,0.5,2,82,0.5,TRUE,TRUE
6637,control,2026-06-01,1,60,0,1,60,0,TRUE,TRUE
6638,control,2026-06-03,3,18,0.667,3,18,0.6666666666666666,TRUE,TRUE
6639,control,2026-06-01,2,32.5,0.5,2,32.5,0.5,TRUE,TRUE
6640,control,2026-06-01,4,22,1,4,22,1,TRUE,TRUE
6641,control,2026-06-03,2,30,0.5,2,30,0.5,TRUE,TRUE
6642,control,2026-06-04,8,32.5,0.625,8,32.5,0.625,TRUE,TRUE
6643,control,2026-06-04,2,46,0.5,2,46,0.5,TRUE,TRUE
6644,control,2026-06-02,4,38.8,0.5,4,38.75,0.5,TRUE,TRUE
6645,control,2026-06-01,13,29.2,0.923,13,29.23076923076923,0.9230769230769231,TRUE,TRUE
6646,treatment,2026-06-04,8,57.9,0.625,8,57.875,0.625,TRUE,TRUE
6647,control,2026-06-04,5,28.2,0.8,5,28.2,0.8,TRUE,TRUE
6648,control,2026-06-05,0,NA,NA,0,NA,NA,FALSE,FALSE
6649,control,2026-06-01,2,15.5,0.5,2,15.5,0.5,TRUE,TRUE
6650,treatment,2026-06-03,3,65,0.667,2,48,0.5,TRUE,TRUE
6651,treatment,2026-06-02,0,NA,NA,0,NA,NA,FALSE,FALSE
6652,control,2026-06-03,0,NA,NA,0,NA,NA,FALSE,FALSE
6653,treatment,2026-06-01,1,32,1,1,32,1,TRUE,TRUE
6654,control,2026-06-04,0,NA,NA,0,NA,NA,FALSE,FALSE
6655,treatment,2026-06-02,8,54.9,0.625,7,57.142857142857146,0.5714285714285714,TRUE,TRUE
6656,treatment,2026-06-03,1,30,0,1,30,0,TRUE,TRUE
6657,control,2026-06-04,5,39.8,0.8,5,39.8,0.8,TRUE,TRUE
6658,control,2026-06-03,3,37.7,0.667,3,37.666666666666664,0.6666666666666666,TRUE,TRUE
6659,control,2026-06-05,14,46.4,0.857,14,46.357142857142854,0.8571428571428571,TRUE,TRUE
6660,treatment,2026-06-04,0,NA,NA,0,NA,NA,FALSE,FALSE
6661,control,2026-06-04,0,NA,NA,0,NA,NA,FALSE,FALSE
6662,treatment,2026-06-02,0,NA,NA,0,NA,NA,FALSE,FALSE
6663,treatment,2026-06-02,2,65,0.5,2,65,0.5,TRUE,TRUE
6664,control,2026-06-03,3,75.3,1,3,75.33333333333333,1,TRUE,TRUE
6665,control,2026-06-02,3,31.3,0.333,3,31.333333333333332,0.3333333333333333,TRUE,TRUE
6666,control,2026-06-01,5,31.4,0.8,5,31.4,0.8,TRUE,TRUE
6667,control,2026-06-05,2,41,0,2,41,0,TRUE,TRUE
6668,treatment,2026-06-04,1,41,0,1,41,0,TRUE,TRUE
6669,control,2026-06-02,1,36,1,1,36,1,TRUE,TRUE
6670,treatment,2026-06-03,2,113,0.5,2,113,0.5,TRUE,TRUE
6671,control,2026-06-03,0,NA,NA,0,NA,NA,FALSE,FALSE
6672,treatment,2026-06-03,12,39.6,0.75,11,41.27272727272727,0.7272727272727273,TRUE,TRUE
6673,treatment,2026-06-01,2,56,1,2,56,1,TRUE,TRUE
6674,treatment,2026-06-05,6,35.7,0.667,6,35.666666666666664,0.6666666666666666,TRUE,TRUE
6675,treatment,2026-06-02,1,105,1,1,105,1,TRUE,TRUE
6676,control,2026-06-03,5,23.6,0.6,5,23.6,0.6,TRUE,TRUE
6677,treatment,2026-06-04,2,27,1,2,27,1,TRUE,TRUE
6678,control,2026-06-02,4,47,1,4,47,1,TRUE,TRUE
6679,control,2026-06-02,7,34.7,0.857,7,34.714285714285715,0.8571428571428571,TRUE,TRUE
6680,control,2026-06-04,4,32,0.75,4,32,0.75,TRUE,TRUE
6681,treatment,2026-06-01,4,72.8,0.75,4,72.75,0.75,TRUE,TRUE
6682,treatment,2026-06-01,1,36,0,1,36,0,TRUE,TRUE
6683,control,2026-06-02,2,24,1,2,24,1,TRUE,TRUE
6684,treatment,2026-06-05,0,NA,NA,0,NA,NA,FALSE,FALSE
6685,treatment,2026-06-01,6,62.5,0.833,6,62.5,0.8333333333333334,TRUE,TRUE
6686,control,2026-06-02,0,NA,NA,0,NA,NA,FALSE,FALSE
6687,control,2026-06-03,1,18,1,1,18,1,TRUE,TRUE
6688,control,2026-06-04,5,27.8,0.6,5,27.8,0.6,TRUE,TRUE
6689,control,2026-06-02,0,NA,NA,0,NA,NA,FALSE,FALSE
6690,control,2026-06-04,8,46.4,0.625,8,46.375,0.625,TRUE,TRUE
6691,control,2026-06-05,1,38,1,1,38,1,TRUE,TRUE
6692,treatment,2026-06-03,4,54.8,0.75,4,54.75,0.75,TRUE,TRUE
6693,control,2026-06-01,4,28,0.75,4,28,0.75,TRUE,TRUE
6694,control,2026-06-05,8,33.2,0.5,7,31.428571428571427,0.42857142857142855,TRUE,TRUE
6695,treatment,2026-06-03,4,63,1,2,33.5,1,TRUE,TRUE
6696,treatment,2026-06-01,2,125,1,2,125,1,TRUE,TRUE
6697,treatment,2026-06-04,1,13,1,1,13,1,TRUE,TRUE
6698,control,2026-06-03,5,31.2,0.4,5,31.2,0.4,TRUE,TRUE
6699,treatment,2026-06-02,6,46,0.333,6,46,0.3333333333333333,TRUE,TRUE
6700,control,2026-06-04,1,22,0,1,22,0,TRUE,TRUE
6701,treatment,2026-06-01,4,47.2,0.75,4,47.25,0.75,TRUE,TRUE
6702,control,2026-06-01,3,28,1,3,28,1,TRUE,TRUE
6703,treatment,2026-06-01,3,134.3,0.667,3,134.33333333333334,0.6666666666666666,TRUE,TRUE
6704,control,2026-06-02,2,50,1,2,50,1,TRUE,TRUE
6705,treatment,2026-06-05,3,51.3,1,2,48,1,TRUE,TRUE
6706,treatment,2026-06-04,4,70,1,3,75.66666666666667,1,TRUE,TRUE
6707,control,2026-06-05,2,37,0.5,2,37,0.5,TRUE,TRUE
6708,control,2026-06-02,1,37,1,1,37,1,TRUE,TRUE
6709,control,2026-06-04,2,34,1,2,34,1,TRUE,TRUE
6710,treatment,2026-06-04,2,90,1,2,90,1,TRUE,TRUE
6711,treatment,2026-06-04,2,37,1,2,37,1,TRUE,TRUE
6712,treatment,2026-06-03,2,24.5,1,2,24.5,1,TRUE,TRUE
6713,control,2026-06-02,3,18,0.333,3,18,0.3333333333333333,TRUE,TRUE
6714,treatment,2026-06-02,0,NA,NA,0,NA,NA,FALSE,FALSE
6715,treatment,2026-06-04,1,43,1,1,43,1,TRUE,TRUE
6716,control,2026-06-02,7,35.3,0.714,6,32.666666666666664,0.8333333333333334,TRUE,TRUE
6717,control,2026-06-02,3,29.3,0.667,3,29.333333333333332,0.6666666666666666,TRUE,TRUE
6718,control,2026-06-03,7,31.9,0.429,6,32.666666666666664,0.3333333333333333,TRUE,TRUE
6719,treatment,2026-06-03,5,38.2,0.8,5,38.2,0.8,TRUE,TRUE
6720,control,2026-06-01,1,25,0,1,25,0,TRUE,TRUE
6721,treatment,2026-06-04,1,47,1,1,47,1,TRUE,TRUE
6722,control,2026-06-03,2,30,1,1,42,1,TRUE,TRUE
6723,control,2026-06-05,9,31.1,0.667,9,31.11111111111111,0.6666666666666666,TRUE,TRUE
6724,control,2026-06-01,2,33.5,0,2,33.5,0,TRUE,TRUE
6725,treatment,2026-06-01,0,NA,NA,0,NA,NA,FALSE,FALSE
6726,treatment,2026-06-03,3,48.3,0.333,3,48.333333333333336,0.3333333333333333,TRUE,TRUE
6727,control,2026-06-04,5,28.6,1,5,28.6,1,TRUE,TRUE
6728,treatment,2026-06-01,1,96,1,1,96,1,TRUE,TRUE
6729,treatment,2026-06-04,2,75.5,1,2,75.5,1,TRUE,TRUE
6730,control,2026-06-01,2,49.5,0.5,2,49.5,0.5,TRUE,TRUE
6731,control,2026-06-01,2,35.5,0,2,35.5,0,TRUE,TRUE
6732,control,2026-06-04,2,32.5,1,2,32.5,1,TRUE,TRUE
6733,control,2026-06-04,4,40.8,1,4,40.75,1,TRUE,TRUE
6734,control,2026-06-03,1,41,0,1,41,0,TRUE,TRUE
6735,control,2026-06-03,4,49.8,0.5,4,49.75,0.5,TRUE,TRUE
6736,control,2026-06-03,6,25,0.167,6,25,0.16666666666666666,TRUE,TRUE
6737,control,2026-06-04,14,39.9,0.929,14,39.857142857142854,0.9285714285714286,TRUE,TRUE
6738,control,2026-06-03,2,24,0.5,2,24,0.5,TRUE,TRUE
6739,treatment,2026-06-01,2,34,1,2,34,1,TRUE,TRUE
6740,treatment,2026-06-05,2,23,0.5,2,23,0.5,TRUE,TRUE
6741,control,2026-06-03,3,24.7,0.333,3,24.666666666666668,0.3333333333333333,TRUE,TRUE
6742,control,2026-06-03,1,29,1,1,29,1,TRUE,TRUE
6743,treatment,2026-06-02,1,40,1,1,40,1,TRUE,TRUE
6744,control,2026-06-04,3,33.3,0.333,3,33.333333333333336,0.3333333333333333,TRUE,TRUE
6745,treatment,2026-06-03,0,NA,NA,0,NA,NA,FALSE,FALSE
6746,control,2026-06-03,8,36.9,0.875,8,36.875,0.875,TRUE,TRUE
6747,control,2026-06-05,1,84,1,1,84,1,TRUE,TRUE
6748,treatment,2026-06-02,7,46.6,1,7,46.57142857142857,1,TRUE,TRUE
6749,control,2026-06-05,3,35.3,0.667,3,35.333333333333336,0.6666666666666666,TRUE,TRUE
6750,treatment,2026-06-04,4,43.2,0.25,4,43.25,0.25,TRUE,TRUE
6751,treatment,2026-06-02,2,18,1,2,18,1,TRUE,TRUE
6752,control,2026-06-05,6,48.3,0.833,6,48.333333333333336,0.8333333333333334,TRUE,TRUE
6753,control,2026-06-01,5,22.2,0.6,5,22.2,0.6,TRUE,TRUE
6754,treatment,2026-06-03,1,31,0,1,31,0,TRUE,TRUE
6755,control,2026-06-05,1,16,1,1,16,1,TRUE,TRUE
6756,control,2026-06-05,6,23.8,0.5,6,23.833333333333332,0.5,TRUE,TRUE
6757,control,2026-06-04,2,31.5,0.5,2,31.5,0.5,TRUE,TRUE
6758,control,2026-06-02,3,29.7,0.667,3,29.666666666666668,0.6666666666666666,TRUE,TRUE
6759,treatment,2026-06-05,9,32.4,0.556,7,35.285714285714285,0.7142857142857143,TRUE,TRUE
6760,treatment,2026-06-05,3,41.7,1,3,41.666666666666664,1,TRUE,TRUE
6761,control,2026-06-05,3,31.3,0.667,3,31.333333333333332,0.6666666666666666,TRUE,TRUE
6762,treatment,2026-06-04,0,NA,NA,0,NA,NA,FALSE,FALSE
6763,control,2026-06-01,12,27.7,0.583,12,27.666666666666668,0.5833333333333334,TRUE,TRUE
6764,treatment,2026-06-05,2,54.5,1,1,29,1,TRUE,TRUE
6765,treatment,2026-06-03,7,52.4,0.714,7,52.42857142857143,0.7142857142857143,TRUE,TRUE
6766,treatment,2026-06-01,4,40.5,0.75,4,40.5,0.75,TRUE,TRUE
6767,control,2026-06-04,3,18.3,0.667,3,18.333333333333332,0.6666666666666666,TRUE,TRUE
6768,treatment,2026-06-05,0,NA,NA,0,NA,NA,FALSE,FALSE
6769,treatment,2026-06-04,1,85,1,1,85,1,TRUE,TRUE
6770,control,2026-06-03,10,40.4,0.8,9,40,0.7777777777777778,TRUE,TRUE
6771,control,2026-06-02,0,NA,NA,0,NA,NA,FALSE,FALSE
6772,treatment,2026-06-04,1,35,0,1,35,0,TRUE,TRUE
6773,control,2026-06-02,2,17,0.5,2,17,0.5,TRUE,TRUE
6774,control,2026-06-02,3,24.7,1,3,24.666666666666668,1,TRUE,TRUE
6775,control,2026-06-04,4,45.8,1,4,45.75,1,TRUE,TRUE
6776,control,2026-06-02,6,30.5,0.833,6,30.5,0.8333333333333334,TRUE,TRUE
6777,control,2026-06-01,8,31.8,0.625,8,31.75,0.625,TRUE,TRUE
6778,control,2026-06-04,5,34,1,4,37.25,1,TRUE,TRUE
6779,control,2026-06-04,3,29,0.333,3,29,0.3333333333333333,TRUE,TRUE
6780,treatment,2026-06-01,2,16,0,2,16,0,TRUE,TRUE
6781,treatment,2026-06-05,3,51,1,3,51,1,TRUE,TRUE
6782,treatment,2026-06-01,1,21,1,1,21,1,TRUE,TRUE
6783,treatment,2026-06-05,4,80.8,1,4,80.75,1,TRUE,TRUE
6784,treatment,2026-06-03,12,53.7,0.75,12,53.666666666666664,0.75,TRUE,TRUE
6785,treatment,2026-06-03,1,54,1,1,54,1,TRUE,TRUE
6786,treatment,2026-06-03,0,NA,NA,0,NA,NA,FALSE,FALSE
6787,control,2026-06-04,0,NA,NA,0,NA,NA,FALSE,FALSE
6788,control,2026-06-01,0,NA,NA,0,NA,NA,FALSE,FALSE
6789,treatment,2026-06-02,3,34.7,1,3,34.666666666666664,1,TRUE,TRUE
6790,control,2026-06-02,4,25.8,0.5,4,25.75,0.5,TRUE,TRUE
6791,treatment,2026-06-03,6,36.5,0.333,5,37.4,0.4,TRUE,TRUE
6792,control,2026-06-04,0,NA,NA,0,NA,NA,FALSE,FALSE
6793,control,2026-06-04,5,31.6,0.8,5,31.6,0.8,TRUE,TRUE
6794,control,2026-06-04,2,42.5,1,2,42.5,1,TRUE,TRUE
6795,control,2026-06-02,3,26,1,3,26,1,TRUE,TRUE
6796,treatment,2026-06-04,4,50.2,1,4,50.25,1,TRUE,TRUE
6797,control,2026-06-04,1,19,0,1,19,0,TRUE,TRUE
6798,control,2026-06-04,1,27,0,1,27,0,TRUE,TRUE
6799,control,2026-06-02,1,26,0,1,26,0,TRUE,TRUE
6800,control,2026-06-03,4,27.2,0.25,3,25.666666666666668,0,TRUE,TRUE
6801,control,2026-06-02,2,38.5,1,2,38.5,1,TRUE,TRUE
6802,treatment,2026-06-04,0,NA,NA,0,NA,NA,FALSE,FALSE
6803,control,2026-06-03,4,38,0.5,3,34,0.6666666666666666,TRUE,TRUE
6804,treatment,2026-06-04,0,NA,NA,0,NA,NA,FALSE,FALSE
6805,treatment,2026-06-02,2,63,1,2,63,1,TRUE,TRUE
6806,treatment,2026-06-03,5,51,0.8,5,51,0.8,TRUE,TRUE
6807,treatment,2026-06-05,3,61.3,0.667,2,75.5,0.5,TRUE,TRUE
6808,control,2026-06-05,1,17,1,1,17,1,TRUE,TRUE
6809,control,2026-06-01,4,29,0.25,4,29,0.25,TRUE,TRUE
6810,control,2026-06-03,3,33.7,0.667,3,33.666666666666664,0.6666666666666666,TRUE,TRUE
6811,control,2026-06-01,1,40,0,1,40,0,TRUE,TRUE
6812,treatment,2026-06-02,5,36.2,0.6,5,36.2,0.6,TRUE,TRUE
6813,treatment,2026-06-03,0,NA,NA,0,NA,NA,FALSE,FALSE
6814,treatment,2026-06-03,0,NA,NA,0,NA,NA,FALSE,FALSE
6815,control,2026-06-03,1,24,1,1,24,1,TRUE,TRUE
6816,treatment,2026-06-04,1,62,1,1,62,1,TRUE,TRUE
6817,treatment,2026-06-05,6,42.2,1,5,45.4,1,TRUE,TRUE
6818,control,2026-06-04,1,23,0,1,23,0,TRUE,TRUE
6819,control,2026-06-04,1,14,1,0,NA,NA,FALSE,TRUE
6820,treatment,2026-06-03,1,14,0,1,14,0,TRUE,TRUE
6821,control,2026-06-04,5,28.4,1,4,26.25,1,TRUE,TRUE
6822,treatment,2026-06-01,3,28.7,1,3,28.666666666666668,1,TRUE,TRUE
6823,treatment,2026-06-04,1,28,1,1,28,1,TRUE,TRUE
6824,control,2026-06-02,1,28,1,1,28,1,TRUE,TRUE
6825,control,2026-06-01,2,34,0,2,34,0,TRUE,TRUE
6826,treatment,2026-06-01,5,34.6,0.4,5,34.6,0.4,TRUE,TRUE
6827,control,2026-06-03,4,34.5,0.75,4,34.5,0.75,TRUE,TRUE
6828,control,2026-06-01,5,27.8,0.2,5,27.8,0.2,TRUE,TRUE
6829,control,2026-06-02,3,56.3,1,3,56.333333333333336,1,TRUE,TRUE
6830,control,2026-06-01,2,60,1,2,60,1,TRUE,TRUE
6831,control,2026-06-03,1,10,0,1,10,0,TRUE,TRUE
6832,control,2026-06-05,1,51,1,1,51,1,TRUE,TRUE
6833,control,2026-06-04,7,27.3,0.714,7,27.285714285714285,0.7142857142857143,TRUE,TRUE
6834,treatment,2026-06-03,1,58,1,1,58,1,TRUE,TRUE
6835,treatment,2026-06-01,0,NA,NA,0,NA,NA,FALSE,FALSE
6836,treatment,2026-06-01,0,NA,NA,0,NA,NA,FALSE,FALSE
6837,treatment,2026-06-05,6,42.2,1,6,42.166666666666664,1,TRUE,TRUE
6838,control,2026-06-04,0,NA,NA,0,NA,NA,FALSE,FALSE
6839,control,2026-06-01,2,28.5,0.5,2,28.5,0.5,TRUE,TRUE
6840,control,2026-06-04,2,27,1,2,27,1,TRUE,TRUE
6841,control,2026-06-02,0,NA,NA,0,NA,NA,FALSE,FALSE
6842,control,2026-06-02,10,24.6,0.2,10,24.6,0.2,TRUE,TRUE
6843,control,2026-06-02,1,23,1,1,23,1,TRUE,TRUE
6844,control,2026-06-03,4,25.5,0.25,4,25.5,0.25,TRUE,TRUE
6845,control,2026-06-04,2,62,1,2,62,1,TRUE,TRUE
6846,control,2026-06-05,2,26,1,2,26,1,TRUE,TRUE
6847,treatment,2026-06-04,3,43.3,1,3,43.333333333333336,1,TRUE,TRUE
6848,treatment,2026-06-02,1,80,0,1,80,0,TRUE,TRUE
6849,treatment,2026-06-01,2,76.5,1,2,76.5,1,TRUE,TRUE
6850,control,2026-06-04,2,37.5,0.5,2,37.5,0.5,TRUE,TRUE
6851,control,2026-06-04,1,60,1,1,60,1,TRUE,TRUE
6852,treatment,2026-06-02,7,48.4,0.857,6,51.833333333333336,0.8333333333333334,TRUE,TRUE
6853,treatment,2026-06-03,4,47.5,0.5,4,47.5,0.5,TRUE,TRUE
6854,control,2026-06-04,5,33,0.6,5,33,0.6,TRUE,TRUE
6855,control,2026-06-01,3,38,1,3,38,1,TRUE,TRUE
6856,treatment,2026-06-05,0,NA,NA,0,NA,NA,FALSE,FALSE
6857,treatment,2026-06-04,0,NA,NA,0,NA,NA,FALSE,FALSE
6858,treatment,2026-06-04,3,31.3,0.667,3,31.333333333333332,0.6666666666666666,TRUE,TRUE
6859,control,2026-06-05,2,32.5,0.5,2,32.5,0.5,TRUE,TRUE
6860,control,2026-06-02,1,27,1,1,27,1,TRUE,TRUE
6861,treatment,2026-06-01,2,69,1,2,69,1,TRUE,TRUE
6862,treatment,2026-06-05,4,36.8,0.75,3,42.333333333333336,0.6666666666666666,TRUE,TRUE
6863,treatment,2026-06-05,5,53.2,0.8,5,53.2,0.8,TRUE,TRUE
6864,control,2026-06-04,7,44.7,1,7,44.714285714285715,1,TRUE,TRUE
6865,control,2026-06-05,5,27.8,0.8,5,27.8,0.8,TRUE,TRUE
6866,treatment,2026-06-02,7,56.7,0.571,7,56.714285714285715,0.5714285714285714,TRUE,TRUE
6867,control,2026-06-05,5,27.4,0.6,5,27.4,0.6,TRUE,TRUE
6868,control,2026-06-03,3,43,1,3,43,1,TRUE,TRUE
6869,treatment,2026-06-01,2,53.5,0.5,2,53.5,0.5,TRUE,TRUE
6870,control,2026-06-01,4,43.2,1,4,43.25,1,TRUE,TRUE
6871,control,2026-06-04,10,40.2,1,9,42.888888888888886,1,TRUE,TRUE
6872,treatment,2026-06-01,6,40.8,0.667,6,40.833333333333336,0.6666666666666666,TRUE,TRUE
6873,treatment,2026-06-02,5,58.4,0.8,5,58.4,0.8,TRUE,TRUE
6874,treatment,2026-06-01,3,55.3,0.667,3,55.333333333333336,0.6666666666666666,TRUE,TRUE
6875,treatment,2026-06-01,3,41.3,1,3,41.333333333333336,1,TRUE,TRUE
6876,control,2026-06-04,2,31,0.5,2,31,0.5,TRUE,TRUE
6877,control,2026-06-02,2,45,1,2,45,1,TRUE,TRUE
6878,treatment,2026-06-03,2,89,1,2,89,1,TRUE,TRUE
6879,treatment,2026-06-03,1,37,1,1,37,1,TRUE,TRUE
6880,treatment,2026-06-05,2,76,1,2,76,1,TRUE,TRUE
6881,treatment,2026-06-01,3,87,0.333,3,87,0.3333333333333333,TRUE,TRUE
6882,treatment,2026-06-05,5,46.2,0.8,5,46.2,0.8,TRUE,TRUE
6883,control,2026-06-02,2,25.5,1,2,25.5,1,TRUE,TRUE
6884,control,2026-06-01,1,47,1,1,47,1,TRUE,TRUE
6885,control,2026-06-01,6,36,0.833,6,36,0.8333333333333334,TRUE,TRUE
6886,treatment,2026-06-05,3,73.3,1,2,73,1,TRUE,TRUE
6887,control,2026-06-03,3,32.7,0.667,3,32.666666666666664,0.6666666666666666,TRUE,TRUE
6888,treatment,2026-06-03,2,55.5,0.5,2,55.5,0.5,TRUE,TRUE
6889,control,2026-06-03,7,25,1,7,25,1,TRUE,TRUE
6890,control,2026-06-03,3,24.3,0.333,2,24,0,TRUE,TRUE
6891,treatment,2026-06-05,7,31.7,0.571,7,31.714285714285715,0.5714285714285714,TRUE,TRUE
6892,treatment,2026-06-04,0,NA,NA,0,NA,NA,FALSE,FALSE
6893,control,2026-06-04,2,40,0,2,40,0,TRUE,TRUE
6894,control,2026-06-03,1,25,0,1,25,0,TRUE,TRUE
6895,treatment,2026-06-02,8,54.9,0.5,8,54.875,0.5,TRUE,TRUE
6896,control,2026-06-04,4,26.8,0.5,4,26.75,0.5,TRUE,TRUE
6897,treatment,2026-06-04,0,NA,NA,0,NA,NA,FALSE,FALSE
6898,control,2026-06-02,2,32,0,2,32,0,TRUE,TRUE
6899,control,2026-06-04,3,39,0.667,3,39,0.6666666666666666,TRUE,TRUE
6900,treatment,2026-06-01,5,35.2,0.6,5,35.2,0.6,TRUE,TRUE
6901,control,2026-06-03,0,NA,NA,0,NA,NA,FALSE,FALSE
6902,control,2026-06-04,1,35,1,1,35,1,TRUE,TRUE
6903,treatment,2026-06-04,1,108,1,1,108,1,TRUE,TRUE
6904,treatment,2026-06-03,0,NA,NA,0,NA,NA,FALSE,FALSE
6905,control,2026-06-05,1,16,1,0,NA,NA,FALSE,TRUE
6906,control,2026-06-01,1,44,1,1,44,1,TRUE,TRUE
6907,treatment,2026-06-05,6,56.5,1,5,45.8,1,TRUE,TRUE
6908,control,2026-06-03,3,33.7,0.667,3,33.666666666666664,0.6666666666666666,TRUE,TRUE
6909,treatment,2026-06-03,3,46.7,1,3,46.666666666666664,1,TRUE,TRUE
6910,control,2026-06-01,2,43.5,0.5,2,43.5,0.5,TRUE,TRUE
6911,control,2026-06-04,6,35.7,1,6,35.666666666666664,1,TRUE,TRUE
6912,control,2026-06-04,0,NA,NA,0,NA,NA,FALSE,FALSE
6913,control,2026-06-04,3,25.7,1,3,25.666666666666668,1,TRUE,TRUE
6914,treatment,2026-06-01,3,49,0.333,3,49,0.3333333333333333,TRUE,TRUE
6915,treatment,2026-06-03,1,23,0,1,23,0,TRUE,TRUE
6916,treatment,2026-06-05,0,NA,NA,0,NA,NA,FALSE,FALSE
6917,treatment,2026-06-04,1,47,1,1,47,1,TRUE,TRUE
6918,treatment,2026-06-02,2,43.5,1,2,43.5,1,TRUE,TRUE
6919,treatment,2026-06-02,3,39,0.667,3,39,0.6666666666666666,TRUE,TRUE
6920,control,2026-06-05,1,20,0,1,20,0,TRUE,TRUE
6921,control,2026-06-05,4,37.2,0.5,2,50,0.5,TRUE,TRUE
6922,treatment,2026-06-02,4,44.2,0.75,4,44.25,0.75,TRUE,TRUE
6923,treatment,2026-06-01,0,NA,NA,0,NA,NA,FALSE,FALSE
6924,treatment,2026-06-01,12,48.8,0.833,12,48.75,0.8333333333333334,TRUE,TRUE
6925,treatment,2026-06-02,2,59.5,0.5,2,59.5,0.5,TRUE,TRUE
6926,treatment,2026-06-05,6,49.3,0.667,5,39,0.6,TRUE,TRUE
6927,treatment,2026-06-04,4,55,0.5,4,55,0.5,TRUE,TRUE
6928,control,2026-06-01,2,56.5,0.5,2,56.5,0.5,TRUE,TRUE
6929,control,2026-06-01,2,47.5,0.5,2,47.5,0.5,TRUE,TRUE
6930,control,2026-06-04,2,47,0.5,1,69,1,TRUE,TRUE
6931,treatment,2026-06-02,0,NA,NA,0,NA,NA,FALSE,FALSE
6932,treatment,2026-06-05,6,50.3,0.833,6,50.333333333333336,0.8333333333333334,TRUE,TRUE
6933,control,2026-06-01,1,72,1,1,72,1,TRUE,TRUE
6934,control,2026-06-04,8,33.4,0.75,7,32.714285714285715,0.7142857142857143,TRUE,TRUE
6935,control,2026-06-02,2,29,0.5,2,29,0.5,TRUE,TRUE
6936,treatment,2026-06-05,10,38.9,0.5,10,38.9,0.5,TRUE,TRUE
6937,control,2026-06-01,0,NA,NA,0,NA,NA,FALSE,FALSE
6938,control,2026-06-03,4,39.8,1,4,39.75,1,TRUE,TRUE
6939,treatment,2026-06-03,4,40.8,0.75,4,40.75,0.75,TRUE,TRUE
6940,treatment,2026-06-03,1,50,1,1,50,1,TRUE,TRUE
6941,treatment,2026-06-03,2,30,1,2,30,1,TRUE,TRUE
6942,control,2026-06-05,1,19,1,1,19,1,TRUE,TRUE
6943,treatment,2026-06-01,11,34.2,0.818,11,34.18181818181818,0.8181818181818182,TRUE,TRUE
6944,treatment,2026-06-03,1,33,0,1,33,0,TRUE,TRUE
6945,control,2026-06-05,1,14,0,1,14,0,TRUE,TRUE
6946,control,2026-06-01,0,NA,NA,0,NA,NA,FALSE,FALSE
6947,treatment,2026-06-03,6,30.8,0.667,6,30.833333333333332,0.6666666666666666,TRUE,TRUE
6948,control,2026-06-02,7,31.7,0.714,7,31.714285714285715,0.7142857142857143,TRUE,TRUE
6949,control,2026-06-04,15,43.9,0.8,14,43.92857142857143,0.7857142857142857,TRUE,TRUE
6950,control,2026-06-03,1,40,0,1,40,0,TRUE,TRUE
6951,treatment,2026-06-01,3,33.3,1,3,33.333333333333336,1,TRUE,TRUE
6952,control,2026-06-03,4,34.2,0.5,4,34.25,0.5,TRUE,TRUE
6953,treatment,2026-06-05,0,NA,NA,0,NA,NA,FALSE,FALSE
6954,treatment,2026-06-02,1,62,1,1,62,1,TRUE,TRUE
6955,control,2026-06-01,0,NA,NA,0,NA,NA,FALSE,FALSE
6956,control,2026-06-03,2,19,1,1,14,1,TRUE,TRUE
6957,treatment,2026-06-03,4,45.5,0.25,4,45.5,0.25,TRUE,TRUE
6958,control,2026-06-04,8,29.5,0.25,7,29.285714285714285,0.14285714285714285,TRUE,TRUE
6959,treatment,2026-06-04,3,35.3,0.333,3,35.333333333333336,0.3333333333333333,TRUE,TRUE
6960,treatment,2026-06-04,5,91.6,0.4,4,103.5,0.25,TRUE,TRUE
6961,control,2026-06-02,2,30.5,0.5,2,30.5,0.5,TRUE,TRUE
6962,treatment,2026-06-02,4,59.5,0.75,4,59.5,0.75,TRUE,TRUE
6963,treatment,2026-06-05,0,NA,NA,0,NA,NA,FALSE,FALSE
6964,control,2026-06-05,2,22.5,1,1,35,1,TRUE,TRUE
6965,treatment,2026-06-01,2,57,1,2,57,1,TRUE,TRUE
6966,treatment,2026-06-04,0,NA,NA,0,NA,NA,FALSE,FALSE
6967,control,2026-06-05,4,28.5,0.75,2,34,1,TRUE,TRUE
6968,treatment,2026-06-03,3,41.3,1,3,41.333333333333336,1,TRUE,TRUE
6969,control,2026-06-03,1,23,0,1,23,0,TRUE,TRUE
6970,control,2026-06-04,2,21,1,2,21,1,TRUE,TRUE
6971,control,2026-06-02,3,30,0.333,3,30,0.3333333333333333,TRUE,TRUE
6972,treatment,2026-06-02,6,105.2,0.833,6,105.16666666666667,0.8333333333333334,TRUE,TRUE
6973,control,2026-06-04,3,36,0.667,3,36,0.6666666666666666,TRUE,TRUE
6974,control,2026-06-02,0,NA,NA,0,NA,NA,FALSE,FALSE
6975,treatment,2026-06-02,5,32.8,0.8,5,32.8,0.8,TRUE,TRUE
6976,control,2026-06-02,1,39,1,1,39,1,TRUE,TRUE
6977,treatment,2026-06-01,2,20.5,1,2,20.5,1,TRUE,TRUE
6978,control,2026-06-05,2,29,0,2,29,0,TRUE,TRUE
6979,control,2026-06-05,1,43,0,1,43,0,TRUE,TRUE
6980,control,2026-06-02,6,29.5,1,6,29.5,1,TRUE,TRUE
6981,treatment,2026-06-02,6,48.3,0.833,6,48.333333333333336,0.8333333333333334,TRUE,TRUE
6982,control,2026-06-04,2,40,0.5,2,40,0.5,TRUE,TRUE
6983,treatment,2026-06-04,2,44.5,0,2,44.5,0,TRUE,TRUE
6984,treatment,2026-06-05,3,47.7,0.667,3,47.666666666666664,0.6666666666666666,TRUE,TRUE
6985,treatment,2026-06-02,6,53.3,0.833,5,48.6,0.8,TRUE,TRUE
6986,control,2026-06-04,1,21,1,1,21,1,TRUE,TRUE
6987,treatment,2026-06-01,4,50.5,0.25,4,50.5,0.25,TRUE,TRUE
6988,treatment,2026-06-03,6,43,0.833,6,43,0.8333333333333334,TRUE,TRUE
6989,control,2026-06-04,2,58.5,0.5,2,58.5,0.5,TRUE,TRUE
6990,treatment,2026-06-05,2,39.5,0.5,2,39.5,0.5,TRUE,TRUE
6991,control,2026-06-04,4,24.5,0.25,4,24.5,0.25,TRUE,TRUE
6992,treatment,2026-06-02,4,37.8,0.25,4,37.75,0.25,TRUE,TRUE
6993,treatment,2026-06-01,0,NA,NA,0,NA,NA,FALSE,FALSE
6994,treatment,2026-06-02,0,NA,NA,0,NA,NA,FALSE,FALSE
6995,control,2026-06-04,12,27.7,0.833,11,28.545454545454547,0.8181818181818182,TRUE,TRUE
6996,treatment,2026-06-01,4,51.2,0.75,4,51.25,0.75,TRUE,TRUE
6997,control,2026-06-04,2,44,1,2,44,1,TRUE,TRUE
6998,treatment,2026-06-01,3,56,0.667,3,56,0.6666666666666666,TRUE,TRUE
6999,control,2026-06-05,1,75,1,1,75,1,TRUE,TRUE
7000,treatment,2026-06-04,0,NA,NA,0,NA,NA,FALSE,FALSE
7001,treatment,2026-06-02,0,NA,NA,0,NA,NA,FALSE,FALSE
7002,treatment,2026-06-04,1,143,0,1,143,0,TRUE,TRUE
7003,treatment,2026-06-02,5,44.8,0.6,5,44.8,0.6,TRUE,TRUE
7004,control,2026-06-03,2,25,1,2,25,1,TRUE,TRUE
7005,control,2026-06-05,2,33,0.5,2,33,0.5,TRUE,TRUE
7006,treatment,2026-06-04,0,NA,NA,0,NA,NA,FALSE,FALSE
7007,treatment,2026-06-03,11,54.1,0.727,11,54.09090909090909,0.7272727272727273,TRUE,TRUE
7008,treatment,2026-06-05,1,29,0,1,29,0,TRUE,TRUE
7009,treatment,2026-06-03,3,36,0.667,3,36,0.6666666666666666,TRUE,TRUE
7010,treatment,2026-06-04,8,55.8,1,8,55.75,1,TRUE,TRUE
7011,control,2026-06-01,1,35,1,1,35,1,TRUE,TRUE
7012,treatment,2026-06-05,1,45,1,1,45,1,TRUE,TRUE
7013,treatment,2026-06-02,4,47.2,1,4,47.25,1,TRUE,TRUE
7014,treatment,2026-06-01,1,41,0,1,41,0,TRUE,TRUE
7015,control,2026-06-02,3,15.7,0,3,15.666666666666666,0,TRUE,TRUE
7016,treatment,2026-06-05,3,45.7,1,3,45.666666666666664,1,TRUE,TRUE
7017,treatment,2026-06-01,6,46.7,0.667,6,46.666666666666664,0.6666666666666666,TRUE,TRUE
7018,control,2026-06-02,1,15,1,1,15,1,TRUE,TRUE
7019,treatment,2026-06-01,1,122,1,1,122,1,TRUE,TRUE
7020,treatment,2026-06-01,3,51,1,3,51,1,TRUE,TRUE
7021,control,2026-06-02,2,34,1,2,34,1,TRUE,TRUE
7022,treatment,2026-06-02,0,NA,NA,0,NA,NA,FALSE,FALSE
7023,treatment,2026-06-03,2,44,0.5,2,44,0.5,TRUE,TRUE
7024,treatment,2026-06-01,3,62,0,3,62,0,TRUE,TRUE
7025,control,2026-06-02,2,24.5,0.5,2,24.5,0.5,TRUE,TRUE
7026,control,2026-06-02,3,28.7,1,3,28.666666666666668,1,TRUE,TRUE
7027,treatment,2026-06-04,9,35.8,0.889,7,33.57142857142857,0.8571428571428571,TRUE,TRUE
7028,treatment,2026-06-04,2,54.5,0.5,2,54.5,0.5,TRUE,TRUE
7029,treatment,2026-06-02,6,43.7,1,6,43.666666666666664,1,TRUE,TRUE
7030,treatment,2026-06-05,5,41.8,1,5,41.8,1,TRUE,TRUE
7031,treatment,2026-06-02,2,37.5,0.5,2,37.5,0.5,TRUE,TRUE
7032,treatment,2026-06-05,3,52,1,3,52,1,TRUE,TRUE
7033,treatment,2026-06-03,0,NA,NA,0,NA,NA,FALSE,FALSE
7034,control,2026-06-04,6,24.2,0.5,6,24.166666666666668,0.5,TRUE,TRUE
7035,control,2026-06-03,3,40,0.667,3,40,0.6666666666666666,TRUE,TRUE
7036,treatment,2026-06-05,5,53.8,0.8,5,53.8,0.8,TRUE,TRUE
7037,control,2026-06-01,9,28.2,0.444,9,28.22222222222222,0.4444444444444444,TRUE,TRUE
7038,control,2026-06-02,3,31,1,3,31,1,TRUE,TRUE
7039,control,2026-06-02,1,22,1,1,22,1,TRUE,TRUE
7040,treatment,2026-06-02,0,NA,NA,0,NA,NA,FALSE,FALSE
7041,control,2026-06-02,3,31.7,0.667,3,31.666666666666668,0.6666666666666666,TRUE,TRUE
7042,treatment,2026-06-02,2,87.5,1,2,87.5,1,TRUE,TRUE
7043,treatment,2026-06-01,1,114,0,1,114,0,TRUE,TRUE
7044,treatment,2026-06-05,2,39.5,0.5,2,39.5,0.5,TRUE,TRUE
7045,control,2026-06-04,3,21,0.333,2,20,0.5,TRUE,TRUE
7046,treatment,2026-06-01,0,NA,NA,0,NA,NA,FALSE,FALSE
7047,control,2026-06-04,6,23.2,0.833,6,23.166666666666668,0.8333333333333334,TRUE,TRUE
7048,treatment,2026-06-04,2,41,1,2,41,1,TRUE,TRUE
7049,control,2026-06-01,1,45,0,1,45,0,TRUE,TRUE
7050,control,2026-06-03,1,90,1,1,90,1,TRUE,TRUE
7051,treatment,2026-06-03,1,34,1,1,34,1,TRUE,TRUE
7052,control,2026-06-05,4,55.8,0.75,4,55.75,0.75,TRUE,TRUE
7053,treatment,2026-06-04,2,90,0.5,2,90,0.5,TRUE,TRUE
7054,treatment,2026-06-01,3,35.3,1,3,35.333333333333336,1,TRUE,TRUE
7055,treatment,2026-06-01,4,54,1,4,54,1,TRUE,TRUE
7056,control,2026-06-01,2,30.5,1,2,30.5,1,TRUE,TRUE
7057,control,2026-06-02,2,29,1,2,29,1,TRUE,TRUE
7058,control,2026-06-02,2,23,1,2,23,1,TRUE,TRUE
7059,control,2026-06-01,3,46.3,0.333,3,46.333333333333336,0.3333333333333333,TRUE,TRUE
7060,treatment,2026-06-04,7,36.3,0.714,7,36.285714285714285,0.7142857142857143,TRUE,TRUE
7061,treatment,2026-06-02,1,18,0,1,18,0,TRUE,TRUE
7062,control,2026-06-04,12,37.3,0.75,12,37.333333333333336,0.75,TRUE,TRUE
7063,treatment,2026-06-04,4,31.2,0.25,4,31.25,0.25,TRUE,TRUE
7064,control,2026-06-04,3,24,0.667,3,24,0.6666666666666666,TRUE,TRUE
7065,control,2026-06-05,1,26,1,1,26,1,TRUE,TRUE
7066,treatment,2026-06-05,0,NA,NA,0,NA,NA,FALSE,FALSE
7067,control,2026-06-01,3,24.3,0,3,24.333333333333332,0,TRUE,TRUE
7068,treatment,2026-06-01,4,34.5,0.5,4,34.5,0.5,TRUE,TRUE
7069,control,2026-06-01,6,33.8,0.5,6,33.833333333333336,0.5,TRUE,TRUE
7070,treatment,2026-06-04,2,47.5,0.5,2,47.5,0.5,TRUE,TRUE
7071,treatment,2026-06-04,3,46.7,1,2,52,1,TRUE,TRUE
7072,treatment,2026-06-04,3,36.3,0.667,2,33,0.5,TRUE,TRUE
7073,treatment,2026-06-05,3,44.3,1,2,45,1,TRUE,TRUE
7074,control,2026-06-02,1,88,1,1,88,1,TRUE,TRUE
7075,control,2026-06-02,0,NA,NA,0,NA,NA,FALSE,FALSE
7076,treatment,2026-06-03,0,NA,NA,0,NA,NA,FALSE,FALSE
7077,control,2026-06-02,2,24,1,2,24,1,TRUE,TRUE
7078,control,2026-06-04,2,56,1,2,56,1,TRUE,TRUE
7079,treatment,2026-06-04,2,47.5,0.5,2,47.5,0.5,TRUE,TRUE
7080,control,2026-06-03,0,NA,NA,0,NA,NA,FALSE,FALSE
7081,control,2026-06-03,5,17.8,0.6,4,18.75,0.5,TRUE,TRUE
7082,treatment,2026-06-02,3,36.3,1,3,36.333333333333336,1,TRUE,TRUE
7083,treatment,2026-06-03,2,46.5,1,2,46.5,1,TRUE,TRUE
7084,treatment,2026-06-01,1,56,1,1,56,1,TRUE,TRUE
7085,control,2026-06-01,2,28.5,0,2,28.5,0,TRUE,TRUE
7086,control,2026-06-04,1,31,1,1,31,1,TRUE,TRUE
7087,control,2026-06-05,1,33,1,1,33,1,TRUE,TRUE
7088,control,2026-06-05,4,30.8,0.5,4,30.75,0.5,TRUE,TRUE
7089,treatment,2026-06-04,0,NA,NA,0,NA,NA,FALSE,FALSE
7090,treatment,2026-06-01,4,72,0.5,4,72,0.5,TRUE,TRUE
7091,treatment,2026-06-02,1,48,0,1,48,0,TRUE,TRUE
7092,treatment,2026-06-02,1,24,0,1,24,0,TRUE,TRUE
7093,treatment,2026-06-03,5,56,0.8,5,56,0.8,TRUE,TRUE
7094,treatment,2026-06-03,0,NA,NA,0,NA,NA,FALSE,FALSE
7095,control,2026-06-01,3,46.3,0.333,3,46.333333333333336,0.3333333333333333,TRUE,TRUE
7096,treatment,2026-06-03,6,41.2,0.667,6,41.166666666666664,0.6666666666666666,TRUE,TRUE
7097,treatment,2026-06-05,1,35,0,1,35,0,TRUE,TRUE
7098,control,2026-06-05,8,28.2,0.375,8,28.25,0.375,TRUE,TRUE
7099,control,2026-06-01,0,NA,NA,0,NA,NA,FALSE,FALSE
7100,treatment,2026-06-04,5,34,0.8,5,34,0.8,TRUE,TRUE
7101,control,2026-06-03,4,38.2,1,4,38.25,1,TRUE,TRUE
7102,control,2026-06-03,1,11,1,1,11,1,TRUE,TRUE
7103,treatment,2026-06-05,2,49.5,1,2,49.5,1,TRUE,TRUE
7104,treatment,2026-06-01,2,51.5,1,2,51.5,1,TRUE,TRUE
7105,control,2026-06-03,3,22,0.667,2,23,0.5,TRUE,TRUE
7106,treatment,2026-06-05,2,35.5,0.5,2,35.5,0.5,TRUE,TRUE
7107,treatment,2026-06-03,0,NA,NA,0,NA,NA,FALSE,FALSE
7108,control,2026-06-04,1,38,0,1,38,0,TRUE,TRUE
7109,treatment,2026-06-02,0,NA,NA,0,NA,NA,FALSE,FALSE
7110,treatment,2026-06-02,1,28,1,1,28,1,TRUE,TRUE
7111,control,2026-06-02,4,35.2,0.5,4,35.25,0.5,TRUE,TRUE
7112,control,2026-06-03,12,35.9,0.667,12,35.916666666666664,0.6666666666666666,TRUE,TRUE
7113,control,2026-06-02,0,NA,NA,0,NA,NA,FALSE,FALSE
7114,control,2026-06-03,4,33.8,0.5,4,33.75,0.5,TRUE,TRUE
7115,control,2026-06-01,3,39,0.333,3,39,0.3333333333333333,TRUE,TRUE
7116,treatment,2026-06-01,3,36.7,0.667,3,36.666666666666664,0.6666666666666666,TRUE,TRUE
7117,control,2026-06-05,1,16,1,1,16,1,TRUE,TRUE
7118,control,2026-06-03,4,37.5,0.5,4,37.5,0.5,TRUE,TRUE
7119,control,2026-06-02,0,NA,NA,0,NA,NA,FALSE,FALSE
7120,treatment,2026-06-01,3,49,0.333,3,49,0.3333333333333333,TRUE,TRUE
7121,control,2026-06-03,11,36.9,0.727,10,37.4,0.7,TRUE,TRUE
7122,treatment,2026-06-03,2,58,0.5,2,58,0.5,TRUE,TRUE
7123,control,2026-06-01,2,18,0.5,2,18,0.5,TRUE,TRUE
7124,control,2026-06-02,8,36.1,0.875,8,36.125,0.875,TRUE,TRUE
7125,control,2026-06-05,0,NA,NA,0,NA,NA,FALSE,FALSE
7126,control,2026-06-01,1,23,1,1,23,1,TRUE,TRUE
7127,control,2026-06-03,2,27.5,1,1,21,1,TRUE,TRUE
7128,control,2026-06-03,4,31.5,0.75,4,31.5,0.75,TRUE,TRUE
7129,control,2026-06-01,4,32.5,0.75,4,32.5,0.75,TRUE,TRUE
7130,control,2026-06-01,0,NA,NA,0,NA,NA,FALSE,FALSE
7131,treatment,2026-06-02,11,41.6,0.818,11,41.63636363636363,0.8181818181818182,TRUE,TRUE
7132,control,2026-06-02,5,31.4,0.6,5,31.4,0.6,TRUE,TRUE
7133,treatment,2026-06-03,0,NA,NA,0,NA,NA,FALSE,FALSE
7134,treatment,2026-06-02,1,47,1,1,47,1,TRUE,TRUE
7135,control,2026-06-02,5,30.6,0.2,5,30.6,0.2,TRUE,TRUE
7136,treatment,2026-06-03,15,54.8,0.867,15,54.8,0.8666666666666667,TRUE,TRUE
7137,control,2026-06-03,3,35,1,2,39,1,TRUE,TRUE
7138,treatment,2026-06-02,1,28,1,1,28,1,TRUE,TRUE
7139,treatment,2026-06-04,4,40.5,0.75,4,40.5,0.75,TRUE,TRUE
7140,control,2026-06-02,1,19,1,1,19,1,TRUE,TRUE
7141,control,2026-06-03,3,31.3,0.333,3,31.333333333333332,0.3333333333333333,TRUE,TRUE
7142,control,2026-06-01,7,31.9,0.714,7,31.857142857142858,0.7142857142857143,TRUE,TRUE
7143,treatment,2026-06-02,4,54.2,0.75,4,54.25,0.75,TRUE,TRUE
7144,treatment,2026-06-01,0,NA,NA,0,NA,NA,FALSE,FALSE
7145,treatment,2026-06-05,2,59,0.5,1,70,0,TRUE,TRUE
7146,treatment,2026-06-05,4,45.2,0.75,4,45.25,0.75,TRUE,TRUE
7147,treatment,2026-06-01,5,42.2,0.6,5,42.2,0.6,TRUE,TRUE
7148,control,2026-06-01,3,26,0.333,3,26,0.3333333333333333,TRUE,TRUE
7149,control,2026-06-01,0,NA,NA,0,NA,NA,FALSE,FALSE
7150,treatment,2026-06-05,1,42,1,1,42,1,TRUE,TRUE
7151,control,2026-06-03,1,16,1,1,16,1,TRUE,TRUE
7152,control,2026-06-01,2,16.5,0.5,2,16.5,0.5,TRUE,TRUE
7153,treatment,2026-06-02,0,NA,NA,0,NA,NA,FALSE,FALSE
7154,control,2026-06-03,6,38.7,0.833,6,38.666666666666664,0.8333333333333334,TRUE,TRUE
7155,control,2026-06-01,2,21.5,0.5,2,21.5,0.5,TRUE,TRUE
7156,control,2026-06-03,2,61,0,2,61,0,TRUE,TRUE
7157,treatment,2026-06-03,2,51.5,1,2,51.5,1,TRUE,TRUE
7158,treatment,2026-06-05,8,48.8,0.75,8,48.75,0.75,TRUE,TRUE
7159,control,2026-06-04,3,32.7,1,3,32.666666666666664,1,TRUE,TRUE
7160,treatment,2026-06-05,7,52.9,0.429,7,52.857142857142854,0.42857142857142855,TRUE,TRUE
7161,control,2026-06-02,4,37.5,0.75,4,37.5,0.75,TRUE,TRUE
7162,treatment,2026-06-05,7,62.4,0.714,7,62.42857142857143,0.7142857142857143,TRUE,TRUE
7163,treatment,2026-06-03,1,45,1,1,45,1,TRUE,TRUE
7164,treatment,2026-06-05,1,105,0,1,105,0,TRUE,TRUE
7165,control,2026-06-05,5,29.2,0.8,4,30,1,TRUE,TRUE
7166,control,2026-06-05,4,34.5,1,4,34.5,1,TRUE,TRUE
7167,control,2026-06-03,1,26,1,1,26,1,TRUE,TRUE
7168,treatment,2026-06-02,6,37.5,0.833,6,37.5,0.8333333333333334,TRUE,TRUE
7169,control,2026-06-03,2,35.5,0.5,2,35.5,0.5,TRUE,TRUE
7170,treatment,2026-06-03,3,46.7,0.667,3,46.666666666666664,0.6666666666666666,TRUE,TRUE
7171,control,2026-06-01,2,33.5,0.5,2,33.5,0.5,TRUE,TRUE
7172,control,2026-06-01,0,NA,NA,0,NA,NA,FALSE,FALSE
7173,control,2026-06-05,2,36.5,0.5,2,36.5,0.5,TRUE,TRUE
7174,treatment,2026-06-01,0,NA,NA,0,NA,NA,FALSE,FALSE
7175,treatment,2026-06-01,1,44,1,1,44,1,TRUE,TRUE
7176,treatment,2026-06-05,9,60.8,0.778,9,60.77777777777778,0.7777777777777778,TRUE,TRUE
7177,treatment,2026-06-01,1,44,1,1,44,1,TRUE,TRUE
7178,control,2026-06-03,3,34.7,0.333,3,34.666666666666664,0.3333333333333333,TRUE,TRUE
7179,treatment,2026-06-03,1,41,1,1,41,1,TRUE,TRUE
7180,treatment,2026-06-05,6,58.5,1,5,64.2,1,TRUE,TRUE
7181,control,2026-06-04,7,26.3,0.857,6,27.833333333333332,0.8333333333333334,TRUE,TRUE
7182,control,2026-06-03,1,26,1,1,26,1,TRUE,TRUE
7183,treatment,2026-06-01,2,28,0.5,2,28,0.5,TRUE,TRUE
7184,control,2026-06-02,1,12,0,1,12,0,TRUE,TRUE
7185,treatment,2026-06-03,3,48.7,1,3,48.666666666666664,1,TRUE,TRUE
7186,treatment,2026-06-02,3,119.3,0.667,3,119.33333333333333,0.6666666666666666,TRUE,TRUE
7187,treatment,2026-06-04,3,66.7,0.333,3,66.66666666666667,0.3333333333333333,TRUE,TRUE
7188,control,2026-06-04,9,47.2,0.778,8,49,0.75,TRUE,TRUE
7189,control,2026-06-05,1,33,1,0,NA,NA,FALSE,TRUE
7190,control,2026-06-05,0,NA,NA,0,NA,NA,FALSE,FALSE
7191,treatment,2026-06-02,2,19,1,2,19,1,TRUE,TRUE
7192,control,2026-06-02,2,19.5,0,2,19.5,0,TRUE,TRUE
7193,treatment,2026-06-04,4,61.5,0.75,4,61.5,0.75,TRUE,TRUE
7194,treatment,2026-06-03,2,42,0.5,2,42,0.5,TRUE,TRUE
7195,treatment,2026-06-01,0,NA,NA,0,NA,NA,FALSE,FALSE
7196,treatment,2026-06-05,1,56,1,1,56,1,TRUE,TRUE
7197,treatment,2026-06-01,0,NA,NA,0,NA,NA,FALSE,FALSE
7198,control,2026-06-02,3,76,1,3,76,1,TRUE,TRUE
7199,control,2026-06-03,5,30.4,0.8,4,28.5,1,TRUE,TRUE
7200,treatment,2026-06-03,2,46,1,2,46,1,TRUE,TRUE
7201,treatment,2026-06-05,3,28.3,0,3,28.333333333333332,0,TRUE,TRUE
7202,control,2026-06-05,6,23.7,0.5,6,23.666666666666668,0.5,TRUE,TRUE
7203,treatment,2026-06-05,6,44.5,0.833,6,44.5,0.8333333333333334,TRUE,TRUE
7204,control,2026-06-05,2,25.5,1,2,25.5,1,TRUE,TRUE
7205,treatment,2026-06-04,2,34.5,0.5,2,34.5,0.5,TRUE,TRUE
7206,treatment,2026-06-02,1,69,1,1,69,1,TRUE,TRUE
7207,treatment,2026-06-02,0,NA,NA,0,NA,NA,FALSE,FALSE
7208,control,2026-06-04,4,33.8,0.5,4,33.75,0.5,TRUE,TRUE
7209,control,2026-06-02,4,21.8,0.5,4,21.75,0.5,TRUE,TRUE
7210,control,2026-06-03,1,55,1,1,55,1,TRUE,TRUE
7211,control,2026-06-03,4,25.5,1,4,25.5,1,TRUE,TRUE
7212,treatment,2026-06-04,0,NA,NA,0,NA,NA,FALSE,FALSE
7213,treatment,2026-06-03,2,38,1,2,38,1,TRUE,TRUE
7214,control,2026-06-03,5,21,0.6,4,24,0.75,TRUE,TRUE
7215,control,2026-06-01,3,32,0.333,3,32,0.3333333333333333,TRUE,TRUE
7216,treatment,2026-06-02,6,43.3,1,6,43.333333333333336,1,TRUE,TRUE
7217,control,2026-06-02,0,NA,NA,0,NA,NA,FALSE,FALSE
7218,treatment,2026-06-05,5,63,0.8,4,67,0.75,TRUE,TRUE
7219,treatment,2026-06-04,1,36,1,1,36,1,TRUE,TRUE
7220,treatment,2026-06-03,5,57.4,0.8,4,64.5,0.75,TRUE,TRUE
7221,treatment,2026-06-03,8,46.9,0.875,8,46.875,0.875,TRUE,TRUE
7222,treatment,2026-06-01,3,43.7,1,3,43.666666666666664,1,TRUE,TRUE
7223,control,2026-06-05,4,47.5,0.75,4,47.5,0.75,TRUE,TRUE
7224,control,2026-06-03,8,32,0.5,8,32,0.5,TRUE,TRUE
7225,control,2026-06-03,5,34.2,0.8,5,34.2,0.8,TRUE,TRUE
7226,control,2026-06-04,3,20,1,3,20,1,TRUE,TRUE
7227,control,2026-06-02,1,39,1,1,39,1,TRUE,TRUE
7228,control,2026-06-05,2,40,0.5,1,64,0,TRUE,TRUE
7229,control,2026-06-05,4,33,0.5,3,30.666666666666668,0.6666666666666666,TRUE,TRUE
7230,treatment,2026-06-01,3,38.3,1,3,38.333333333333336,1,TRUE,TRUE
7231,treatment,2026-06-04,2,53,1,2,53,1,TRUE,TRUE
7232,control,2026-06-03,6,45,0.667,5,39.4,0.8,TRUE,TRUE
7233,control,2026-06-03,4,51.5,0.5,3,61.333333333333336,0.3333333333333333,TRUE,TRUE
7234,treatment,2026-06-03,0,NA,NA,0,NA,NA,FALSE,FALSE
7235,treatment,2026-06-03,3,44.7,0.333,3,44.666666666666664,0.3333333333333333,TRUE,TRUE
7236,control,2026-06-02,7,33.7,0.429,7,33.714285714285715,0.42857142857142855,TRUE,TRUE
7237,treatment,2026-06-01,4,53,0.75,4,53,0.75,TRUE,TRUE
7238,control,2026-06-01,2,41.5,1,2,41.5,1,TRUE,TRUE
7239,control,2026-06-02,0,NA,NA,0,NA,NA,FALSE,FALSE
7240,control,2026-06-03,1,11,0,1,11,0,TRUE,TRUE
7241,control,2026-06-05,1,15,0,1,15,0,TRUE,TRUE
7242,control,2026-06-01,5,21,0.8,5,21,0.8,TRUE,TRUE
7243,treatment,2026-06-03,3,42,0.667,3,42,0.6666666666666666,TRUE,TRUE
7244,control,2026-06-01,6,24,0.667,6,24,0.6666666666666666,TRUE,TRUE
7245,control,2026-06-01,0,NA,NA,0,NA,NA,FALSE,FALSE
7246,treatment,2026-06-04,0,NA,NA,0,NA,NA,FALSE,FALSE
7247,control,2026-06-02,1,22,0,1,22,0,TRUE,TRUE
7248,treatment,2026-06-03,3,57,1,3,57,1,TRUE,TRUE
7249,control,2026-06-03,17,28.4,0.882,17,28.352941176470587,0.8823529411764706,TRUE,TRUE
7250,treatment,2026-06-04,1,16,0,1,16,0,TRUE,TRUE
7251,control,2026-06-01,1,34,0,1,34,0,TRUE,TRUE
7252,control,2026-06-03,5,52,0.6,5,52,0.6,TRUE,TRUE
7253,treatment,2026-06-01,1,56,1,1,56,1,TRUE,TRUE
7254,treatment,2026-06-01,1,37,1,1,37,1,TRUE,TRUE
7255,treatment,2026-06-02,7,45.3,1,7,45.285714285714285,1,TRUE,TRUE
7256,control,2026-06-02,1,18,1,1,18,1,TRUE,TRUE
7257,treatment,2026-06-04,2,38,0,2,38,0,TRUE,TRUE
7258,control,2026-06-03,2,27.5,1,2,27.5,1,TRUE,TRUE
7259,treatment,2026-06-02,1,27,1,1,27,1,TRUE,TRUE
7260,control,2026-06-04,4,38.2,1,3,41.666666666666664,1,TRUE,TRUE
7261,treatment,2026-06-02,3,74.3,1,3,74.33333333333333,1,TRUE,TRUE
7262,treatment,2026-06-04,2,23,0,2,23,0,TRUE,TRUE
7263,control,2026-06-04,2,33.5,0,2,33.5,0,TRUE,TRUE
7264,treatment,2026-06-03,3,38.3,0.333,3,38.333333333333336,0.3333333333333333,TRUE,TRUE
7265,control,2026-06-04,1,52,1,1,52,1,TRUE,TRUE
7266,treatment,2026-06-01,2,46.5,1,2,46.5,1,TRUE,TRUE
7267,treatment,2026-06-05,1,32,1,1,32,1,TRUE,TRUE
7268,control,2026-06-01,1,46,1,1,46,1,TRUE,TRUE
7269,treatment,2026-06-03,0,NA,NA,0,NA,NA,FALSE,FALSE
7270,control,2026-06-05,7,39.4,0.714,7,39.42857142857143,0.7142857142857143,TRUE,TRUE
7271,treatment,2026-06-05,5,34.6,0.8,5,34.6,0.8,TRUE,TRUE
7272,control,2026-06-02,1,13,1,1,13,1,TRUE,TRUE
7273,treatment,2026-06-04,6,40.2,1,6,40.166666666666664,1,TRUE,TRUE
7274,treatment,2026-06-01,0,NA,NA,0,NA,NA,FALSE,FALSE
7275,control,2026-06-03,3,41,0.667,3,41,0.6666666666666666,TRUE,TRUE
7276,control,2026-06-05,2,29,0,1,38,0,TRUE,TRUE
7277,treatment,2026-06-01,4,40,0.75,4,40,0.75,TRUE,TRUE
7278,control,2026-06-02,3,34.7,0.333,3,34.666666666666664,0.3333333333333333,TRUE,TRUE
7279,treatment,2026-06-04,6,49.2,0.667,5,52.6,0.6,TRUE,TRUE
7280,control,2026-06-02,3,15,0,3,15,0,TRUE,TRUE
7281,treatment,2026-06-04,1,71,0,1,71,0,TRUE,TRUE
7282,treatment,2026-06-01,3,53.3,0.667,3,53.333333333333336,0.6666666666666666,TRUE,TRUE
7283,control,2026-06-05,2,22.5,1,2,22.5,1,TRUE,TRUE
7284,control,2026-06-04,4,26,0.25,4,26,0.25,TRUE,TRUE
7285,treatment,2026-06-03,1,123,1,1,123,1,TRUE,TRUE
7286,treatment,2026-06-04,0,NA,NA,0,NA,NA,FALSE,FALSE
7287,control,2026-06-05,3,37.3,0.667,3,37.333333333333336,0.6666666666666666,TRUE,TRUE
7288,treatment,2026-06-01,2,33.5,0.5,2,33.5,0.5,TRUE,TRUE
7289,treatment,2026-06-03,4,34.5,0.75,4,34.5,0.75,TRUE,TRUE
7290,control,2026-06-05,4,41.5,0.75,3,32.666666666666664,1,TRUE,TRUE
7291,treatment,2026-06-02,0,NA,NA,0,NA,NA,FALSE,FALSE
7292,treatment,2026-06-02,2,22.5,1,2,22.5,1,TRUE,TRUE
7293,treatment,2026-06-05,2,65,1,2,65,1,TRUE,TRUE
7294,treatment,2026-06-01,4,58.8,0.5,4,58.75,0.5,TRUE,TRUE
7295,treatment,2026-06-02,0,NA,NA,0,NA,NA,FALSE,FALSE
7296,control,2026-06-02,0,NA,NA,0,NA,NA,FALSE,FALSE
7297,control,2026-06-01,10,32.5,0.6,10,32.5,0.6,TRUE,TRUE
7298,control,2026-06-01,1,42,1,1,42,1,TRUE,TRUE
7299,control,2026-06-03,6,44.2,0.667,6,44.166666666666664,0.6666666666666666,TRUE,TRUE
7300,treatment,2026-06-05,3,38.3,1,2,49,1,TRUE,TRUE
7301,control,2026-06-04,2,35,1,2,35,1,TRUE,TRUE
7302,control,2026-06-01,3,47,0.667,3,47,0.6666666666666666,TRUE,TRUE
7303,treatment,2026-06-02,9,37.8,0.667,9,37.77777777777778,0.6666666666666666,TRUE,TRUE
7304,control,2026-06-05,0,NA,NA,0,NA,NA,FALSE,FALSE
7305,control,2026-06-01,4,38.8,0.75,4,38.75,0.75,TRUE,TRUE
7306,treatment,2026-06-02,3,51.7,0.333,3,51.666666666666664,0.3333333333333333,TRUE,TRUE
7307,treatment,2026-06-01,0,NA,NA,0,NA,NA,FALSE,FALSE
7308,treatment,2026-06-02,1,19,0,1,19,0,TRUE,TRUE
7309,treatment,2026-06-02,3,43.3,0.333,3,43.333333333333336,0.3333333333333333,TRUE,TRUE
7310,control,2026-06-03,7,26.4,0.571,7,26.428571428571427,0.5714285714285714,TRUE,TRUE
7311,control,2026-06-05,4,38,0.75,3,27.333333333333332,0.6666666666666666,TRUE,TRUE
7312,treatment,2026-06-04,3,32.7,0.667,3,32.666666666666664,0.6666666666666666,TRUE,TRUE
7313,control,2026-06-01,1,20,1,1,20,1,TRUE,TRUE
7314,treatment,2026-06-04,2,47,1,2,47,1,TRUE,TRUE
7315,control,2026-06-04,4,40.5,1,4,40.5,1,TRUE,TRUE
7316,treatment,2026-06-02,4,40.8,1,4,40.75,1,TRUE,TRUE
7317,treatment,2026-06-04,4,36.2,0.75,4,36.25,0.75,TRUE,TRUE
7318,treatment,2026-06-04,1,22,1,1,22,1,TRUE,TRUE
7319,control,2026-06-03,1,68,0,1,68,0,TRUE,TRUE
7320,control,2026-06-01,1,17,0,1,17,0,TRUE,TRUE
7321,treatment,2026-06-01,7,45.9,0.857,7,45.857142857142854,0.8571428571428571,TRUE,TRUE
7322,treatment,2026-06-03,7,48,0.857,7,48,0.8571428571428571,TRUE,TRUE
7323,treatment,2026-06-04,1,31,1,1,31,1,TRUE,TRUE
7324,treatment,2026-06-05,2,57.5,1,1,80,1,TRUE,TRUE
7325,control,2026-06-02,2,36,0,2,36,0,TRUE,TRUE
7326,control,2026-06-01,4,33,0,4,33,0,TRUE,TRUE
7327,control,2026-06-02,3,24.3,1,3,24.333333333333332,1,TRUE,TRUE
7328,treatment,2026-06-04,1,59,0,1,59,0,TRUE,TRUE
7329,control,2026-06-05,1,15,1,1,15,1,TRUE,TRUE
7330,control,2026-06-04,4,22.2,0.75,4,22.25,0.75,TRUE,TRUE
7331,control,2026-06-05,0,NA,NA,0,NA,NA,FALSE,FALSE
7332,control,2026-06-01,8,50.4,1,8,50.375,1,TRUE,TRUE
7333,control,2026-06-04,3,33.3,1,3,33.333333333333336,1,TRUE,TRUE
7334,treatment,2026-06-02,3,39,0.333,3,39,0.3333333333333333,TRUE,TRUE
7335,control,2026-06-01,8,28.8,0.75,8,28.75,0.75,TRUE,TRUE
7336,treatment,2026-06-02,1,20,1,1,20,1,TRUE,TRUE
7337,control,2026-06-05,5,35,0.8,5,35,0.8,TRUE,TRUE
7338,treatment,2026-06-02,3,61.7,1,3,61.666666666666664,1,TRUE,TRUE
7339,treatment,2026-06-05,8,46.6,0.5,6,52.666666666666664,0.3333333333333333,TRUE,TRUE
7340,treatment,2026-06-02,2,55.5,1,2,55.5,1,TRUE,TRUE
7341,control,2026-06-04,2,29,1,2,29,1,TRUE,TRUE
7342,control,2026-06-02,2,22.5,1,2,22.5,1,TRUE,TRUE
7343,treatment,2026-06-05,1,58,1,1,58,1,TRUE,TRUE
7344,treatment,2026-06-01,3,43.7,1,3,43.666666666666664,1,TRUE,TRUE
7345,control,2026-06-05,1,52,1,1,52,1,TRUE,TRUE
7346,control,2026-06-04,1,19,1,1,19,1,TRUE,TRUE
7347,control,2026-06-05,1,56,1,1,56,1,TRUE,TRUE
7348,control,2026-06-02,1,19,1,1,19,1,TRUE,TRUE
7349,treatment,2026-06-04,3,49.7,0.667,3,49.666666666666664,0.6666666666666666,TRUE,TRUE
7350,control,2026-06-02,2,28.5,1,2,28.5,1,TRUE,TRUE
7351,control,2026-06-01,5,31.8,0.8,5,31.8,0.8,TRUE,TRUE
7352,control,2026-06-01,10,24.3,0.8,10,24.3,0.8,TRUE,TRUE
7353,control,2026-06-03,8,32.4,0.5,8,32.375,0.5,TRUE,TRUE
7354,control,2026-06-05,0,NA,NA,0,NA,NA,FALSE,FALSE
7355,control,2026-06-05,1,21,0,1,21,0,TRUE,TRUE
7356,treatment,2026-06-04,2,36,0.5,2,36,0.5,TRUE,TRUE
7357,treatment,2026-06-03,1,70,1,1,70,1,TRUE,TRUE
7358,treatment,2026-06-04,2,62.5,1,1,72,1,TRUE,TRUE
7359,treatment,2026-06-04,3,44.3,0.667,3,44.333333333333336,0.6666666666666666,TRUE,TRUE
7360,control,2026-06-05,3,40.7,0.667,3,40.666666666666664,0.6666666666666666,TRUE,TRUE
7361,control,2026-06-05,1,25,0,1,25,0,TRUE,TRUE
7362,treatment,2026-06-01,1,50,0,1,50,0,TRUE,TRUE
7363,control,2026-06-05,3,24,0.667,3,24,0.6666666666666666,TRUE,TRUE
7364,treatment,2026-06-02,1,27,0,1,27,0,TRUE,TRUE
7365,treatment,2026-06-01,2,51,1,2,51,1,TRUE,TRUE
7366,control,2026-06-04,2,34,0,1,26,0,TRUE,TRUE
7367,treatment,2026-06-03,8,42.9,0.625,8,42.875,0.625,TRUE,TRUE
7368,control,2026-06-05,2,22,0.5,2,22,0.5,TRUE,TRUE
7369,treatment,2026-06-05,3,60,1,3,60,1,TRUE,TRUE
7370,treatment,2026-06-05,2,19,1,1,19,1,TRUE,TRUE
7371,treatment,2026-06-02,2,44,1,2,44,1,TRUE,TRUE
7372,treatment,2026-06-05,0,NA,NA,0,NA,NA,FALSE,FALSE
7373,control,2026-06-01,5,42.6,0.4,5,42.6,0.4,TRUE,TRUE
7374,treatment,2026-06-03,4,37.2,0.75,4,37.25,0.75,TRUE,TRUE
7375,treatment,2026-06-01,13,38.8,0.769,13,38.76923076923077,0.7692307692307693,TRUE,TRUE
7376,treatment,2026-06-05,0,NA,NA,0,NA,NA,FALSE,FALSE
7377,control,2026-06-01,1,22,1,1,22,1,TRUE,TRUE
7378,control,2026-06-01,1,21,1,1,21,1,TRUE,TRUE
7379,control,2026-06-01,1,30,0,1,30,0,TRUE,TRUE
7380,treatment,2026-06-04,3,70.3,0.333,3,70.33333333333333,0.3333333333333333,TRUE,TRUE
7381,treatment,2026-06-04,0,NA,NA,0,NA,NA,FALSE,FALSE
7382,treatment,2026-06-04,5,36.2,0.4,5,36.2,0.4,TRUE,TRUE
7383,treatment,2026-06-03,2,32.5,1,2,32.5,1,TRUE,TRUE
7384,control,2026-06-05,2,29,0.5,2,29,0.5,TRUE,TRUE
7385,treatment,2026-06-01,8,36.9,0.75,8,36.875,0.75,TRUE,TRUE
7386,treatment,2026-06-05,2,39,1,2,39,1,TRUE,TRUE
7387,control,2026-06-02,1,18,1,1,18,1,TRUE,TRUE
7388,treatment,2026-06-02,2,57,1,2,57,1,TRUE,TRUE
7389,control,2026-06-03,2,25,1,2,25,1,TRUE,TRUE
7390,treatment,2026-06-04,4,45.5,1,4,45.5,1,TRUE,TRUE
7391,control,2026-06-05,2,46,0.5,2,46,0.5,TRUE,TRUE
7392,control,2026-06-04,1,71,0,1,71,0,TRUE,TRUE
7393,treatment,2026-06-03,2,61,0.5,2,61,0.5,TRUE,TRUE
7394,treatment,2026-06-03,5,55.2,0.4,4,53.5,0.5,TRUE,TRUE
7395,control,2026-06-05,4,59.2,0.75,3,46,0.6666666666666666,TRUE,TRUE
7396,treatment,2026-06-03,4,42.5,0.75,4,42.5,0.75,TRUE,TRUE
7397,treatment,2026-06-03,4,40.5,0.75,4,40.5,0.75,TRUE,TRUE
7398,treatment,2026-06-01,4,42.2,1,4,42.25,1,TRUE,TRUE
7399,control,2026-06-05,5,46.6,0.8,4,39.25,0.75,TRUE,TRUE
7400,control,2026-06-04,0,NA,NA,0,NA,NA,FALSE,FALSE
7401,treatment,2026-06-02,0,NA,NA,0,NA,NA,FALSE,FALSE
7402,control,2026-06-04,2,63.5,1,2,63.5,1,TRUE,TRUE
7403,treatment,2026-06-02,2,59.5,1,2,59.5,1,TRUE,TRUE
7404,treatment,2026-06-05,7,46.6,0.857,7,46.57142857142857,0.8571428571428571,TRUE,TRUE
7405,treatment,2026-06-02,2,46,0,2,46,0,TRUE,TRUE
7406,treatment,2026-06-01,13,54.1,1,13,54.07692307692308,1,TRUE,TRUE
7407,control,2026-06-02,2,27,0.5,2,27,0.5,TRUE,TRUE
7408,treatment,2026-06-05,3,78.7,1,2,82.5,1,TRUE,TRUE
7409,treatment,2026-06-03,2,58.5,0.5,2,58.5,0.5,TRUE,TRUE
7410,treatment,2026-06-05,15,43.9,0.6,14,41.5,0.5714285714285714,TRUE,TRUE
7411,control,2026-06-04,1,32,0,0,NA,NA,FALSE,TRUE
7412,control,2026-06-04,4,30.5,0.5,4,30.5,0.5,TRUE,TRUE
7413,control,2026-06-04,0,NA,NA,0,NA,NA,FALSE,FALSE
7414,treatment,2026-06-01,3,41.3,1,3,41.333333333333336,1,TRUE,TRUE
7415,control,2026-06-04,6,26.7,1,5,26.4,1,TRUE,TRUE
7416,treatment,2026-06-05,1,59,0,1,59,0,TRUE,TRUE
7417,treatment,2026-06-02,3,32,0.667,3,32,0.6666666666666666,TRUE,TRUE
7418,control,2026-06-05,4,30,1,4,30,1,TRUE,TRUE
7419,treatment,2026-06-01,8,53.1,0.875,8,53.125,0.875,TRUE,TRUE
7420,control,2026-06-05,0,NA,NA,0,NA,NA,FALSE,FALSE
7421,control,2026-06-03,6,30,0.833,5,29.2,0.8,TRUE,TRUE
7422,control,2026-06-01,2,21.5,1,2,21.5,1,TRUE,TRUE
7423,control,2026-06-04,2,56,1,2,56,1,TRUE,TRUE
7424,treatment,2026-06-02,2,68.5,1,2,68.5,1,TRUE,TRUE
7425,treatment,2026-06-01,8,37.6,0.875,8,37.625,0.875,TRUE,TRUE
7426,control,2026-06-02,2,53.5,0.5,2,53.5,0.5,TRUE,TRUE
7427,treatment,2026-06-04,3,37.7,1,3,37.666666666666664,1,TRUE,TRUE
7428,treatment,2026-06-03,1,23,0,1,23,0,TRUE,TRUE
7429,control,2026-06-02,3,38.7,0.333,3,38.666666666666664,0.3333333333333333,TRUE,TRUE
7430,control,2026-06-04,5,28.2,0.6,5,28.2,0.6,TRUE,TRUE
7431,control,2026-06-05,4,30.8,1,4,30.75,1,TRUE,TRUE
7432,control,2026-06-01,17,32.7,0.529,17,32.705882352941174,0.5294117647058824,TRUE,TRUE
7433,control,2026-06-04,2,38.5,0.5,2,38.5,0.5,TRUE,TRUE
7434,control,2026-06-03,4,29.5,0,4,29.5,0,TRUE,TRUE
7435,control,2026-06-02,6,31.3,0.667,6,31.333333333333332,0.6666666666666666,TRUE,TRUE
7436,treatment,2026-06-03,7,46.3,0.571,7,46.285714285714285,0.5714285714285714,TRUE,TRUE
7437,treatment,2026-06-05,3,55.7,1,3,55.666666666666664,1,TRUE,TRUE
7438,control,2026-06-05,1,41,1,1,41,1,TRUE,TRUE
7439,control,2026-06-05,5,29,0.8,5,29,0.8,TRUE,TRUE
7440,treatment,2026-06-05,4,52.8,0.5,3,63.666666666666664,0.3333333333333333,TRUE,TRUE
7441,control,2026-06-01,1,43,1,1,43,1,TRUE,TRUE
7442,treatment,2026-06-02,1,52,1,1,52,1,TRUE,TRUE
7443,treatment,2026-06-05,2,47.5,0.5,2,47.5,0.5,TRUE,TRUE
7444,control,2026-06-03,0,NA,NA,0,NA,NA,FALSE,FALSE
7445,control,2026-06-02,2,33,0,1,36,0,TRUE,TRUE
7446,treatment,2026-06-01,2,87,0.5,2,87,0.5,TRUE,TRUE
7447,treatment,2026-06-02,3,32.3,1,3,32.333333333333336,1,TRUE,TRUE
7448,treatment,2026-06-02,2,20.5,1,2,20.5,1,TRUE,TRUE
7449,control,2026-06-03,4,29,1,3,29,1,TRUE,TRUE
7450,treatment,2026-06-05,4,41.8,0.75,4,41.75,0.75,TRUE,TRUE
7451,control,2026-06-02,2,30.5,0.5,2,30.5,0.5,TRUE,TRUE
7452,control,2026-06-04,2,37.5,0.5,2,37.5,0.5,TRUE,TRUE
7453,treatment,2026-06-03,0,NA,NA,0,NA,NA,FALSE,FALSE
7454,control,2026-06-03,4,38.2,0.75,3,39,0.6666666666666666,TRUE,TRUE
7455,control,2026-06-02,5,24.4,0.4,5,24.4,0.4,TRUE,TRUE
7456,treatment,2026-06-04,1,36,1,1,36,1,TRUE,TRUE
7457,control,2026-06-02,6,27.3,0.5,6,27.333333333333332,0.5,TRUE,TRUE
7458,treatment,2026-06-05,0,NA,NA,0,NA,NA,FALSE,FALSE
7459,control,2026-06-05,1,20,1,1,20,1,TRUE,TRUE
7460,treatment,2026-06-04,10,35.6,0.7,10,35.6,0.7,TRUE,TRUE
7461,treatment,2026-06-03,5,53.2,0.6,5,53.2,0.6,TRUE,TRUE
7462,control,2026-06-03,3,15.7,0.667,3,15.666666666666666,0.6666666666666666,TRUE,TRUE
7463,treatment,2026-06-04,0,NA,NA,0,NA,NA,FALSE,FALSE
7464,treatment,2026-06-05,2,95.5,1,2,95.5,1,TRUE,TRUE
7465,control,2026-06-04,8,39.8,0.625,8,39.75,0.625,TRUE,TRUE
7466,treatment,2026-06-02,2,47,1,2,47,1,TRUE,TRUE
7467,control,2026-06-02,2,18.5,0,2,18.5,0,TRUE,TRUE
7468,treatment,2026-06-01,2,98.5,1,2,98.5,1,TRUE,TRUE
7469,control,2026-06-05,1,29,1,1,29,1,TRUE,TRUE
7470,control,2026-06-05,12,39.8,0.833,11,38.81818181818182,0.8181818181818182,TRUE,TRUE
7471,treatment,2026-06-01,1,52,0,1,52,0,TRUE,TRUE
7472,treatment,2026-06-04,3,52.3,0.667,3,52.333333333333336,0.6666666666666666,TRUE,TRUE
7473,treatment,2026-06-04,6,53.8,0.667,6,53.833333333333336,0.6666666666666666,TRUE,TRUE
7474,control,2026-06-05,1,30,1,1,30,1,TRUE,TRUE
7475,control,2026-06-02,0,NA,NA,0,NA,NA,FALSE,FALSE
7476,control,2026-06-05,4,27.5,1,3,28.333333333333332,1,TRUE,TRUE
7477,treatment,2026-06-05,1,50,1,1,50,1,TRUE,TRUE
7478,treatment,2026-06-03,2,20,1,2,20,1,TRUE,TRUE
7479,treatment,2026-06-04,4,32.2,0.25,4,32.25,0.25,TRUE,TRUE
7480,control,2026-06-05,7,28,0.429,5,32.2,0.6,TRUE,TRUE
7481,control,2026-06-02,3,55,1,3,55,1,TRUE,TRUE
7482,control,2026-06-05,5,27.2,1,5,27.2,1,TRUE,TRUE
7483,treatment,2026-06-01,0,NA,NA,0,NA,NA,FALSE,FALSE
7484,control,2026-06-03,2,29,1,2,29,1,TRUE,TRUE
7485,control,2026-06-01,2,28.5,1,2,28.5,1,TRUE,TRUE
7486,treatment,2026-06-02,3,33,1,3,33,1,TRUE,TRUE
7487,control,2026-06-04,1,17,0,1,17,0,TRUE,TRUE
7488,treatment,2026-06-03,0,NA,NA,0,NA,NA,FALSE,FALSE
7489,treatment,2026-06-03,8,58.4,1,8,58.375,1,TRUE,TRUE
7490,control,2026-06-05,3,24,0.667,2,28.5,0.5,TRUE,TRUE
7491,treatment,2026-06-01,0,NA,NA,0,NA,NA,FALSE,FALSE
7492,treatment,2026-06-05,5,40,1,5,40,1,TRUE,TRUE
7493,treatment,2026-06-01,2,27,0.5,2,27,0.5,TRUE,TRUE
7494,treatment,2026-06-03,1,85,1,1,85,1,TRUE,TRUE
7495,treatment,2026-06-02,3,41.3,0.333,3,41.333333333333336,0.3333333333333333,TRUE,TRUE
7496,control,2026-06-03,4,25.8,0.75,4,25.75,0.75,TRUE,TRUE
7497,control,2026-06-05,2,25,1,2,25,1,TRUE,TRUE
7498,control,2026-06-03,1,35,1,1,35,1,TRUE,TRUE
7499,control,2026-06-04,6,34.2,0.833,5,36.8,1,TRUE,TRUE
7500,control,2026-06-04,3,53.3,0.667,3,53.333333333333336,0.6666666666666666,TRUE,TRUE
7501,treatment,2026-06-04,9,39.9,0.667,8,40.5,0.625,TRUE,TRUE
7502,treatment,2026-06-04,0,NA,NA,0,NA,NA,FALSE,FALSE
7503,treatment,2026-06-03,5,47.2,0.8,5,47.2,0.8,TRUE,TRUE
7504,treatment,2026-06-03,1,43,0,1,43,0,TRUE,TRUE
7505,control,2026-06-05,7,37.6,0.714,6,38.833333333333336,0.8333333333333334,TRUE,TRUE
7506,control,2026-06-05,2,15.5,0.5,2,15.5,0.5,TRUE,TRUE
7507,control,2026-06-04,2,45.5,1,2,45.5,1,TRUE,TRUE
7508,control,2026-06-04,5,42,0.8,4,42.25,1,TRUE,TRUE
7509,treatment,2026-06-03,0,NA,NA,0,NA,NA,FALSE,FALSE
7510,control,2026-06-03,1,36,0,1,36,0,TRUE,TRUE
7511,treatment,2026-06-01,10,43.8,0.8,10,43.8,0.8,TRUE,TRUE
7512,control,2026-06-01,2,33.5,1,2,33.5,1,TRUE,TRUE
7513,control,2026-06-05,0,NA,NA,0,NA,NA,FALSE,FALSE
7514,treatment,2026-06-03,2,34.5,1,2,34.5,1,TRUE,TRUE
7515,treatment,2026-06-02,0,NA,NA,0,NA,NA,FALSE,FALSE
7516,treatment,2026-06-03,5,38.6,0.6,5,38.6,0.6,TRUE,TRUE
7517,treatment,2026-06-04,5,68.4,0.8,5,68.4,0.8,TRUE,TRUE
7518,treatment,2026-06-04,1,155,0,1,155,0,TRUE,TRUE
7519,treatment,2026-06-02,0,NA,NA,0,NA,NA,FALSE,FALSE
7520,treatment,2026-06-01,1,17,1,1,17,1,TRUE,TRUE
7521,control,2026-06-04,1,27,1,1,27,1,TRUE,TRUE
7522,control,2026-06-02,2,29,0.5,2,29,0.5,TRUE,TRUE
7523,treatment,2026-06-03,5,54.6,1,5,54.6,1,TRUE,TRUE
7524,treatment,2026-06-02,2,36,1,2,36,1,TRUE,TRUE
7525,treatment,2026-06-03,3,46.3,0.667,3,46.333333333333336,0.6666666666666666,TRUE,TRUE
7526,treatment,2026-06-02,1,41,0,1,41,0,TRUE,TRUE
7527,control,2026-06-05,2,47,0.5,1,68,1,TRUE,TRUE
7528,treatment,2026-06-04,0,NA,NA,0,NA,NA,FALSE,FALSE
7529,treatment,2026-06-05,1,33,1,1,33,1,TRUE,TRUE
7530,treatment,2026-06-04,3,49.3,1,3,49.333333333333336,1,TRUE,TRUE
7531,treatment,2026-06-05,0,NA,NA,0,NA,NA,FALSE,FALSE
7532,control,2026-06-01,5,41.2,1,5,41.2,1,TRUE,TRUE
7533,control,2026-06-04,0,NA,NA,0,NA,NA,FALSE,FALSE
7534,treatment,2026-06-02,8,40.5,0.875,8,40.5,0.875,TRUE,TRUE
7535,control,2026-06-04,4,31.2,0.75,4,31.25,0.75,TRUE,TRUE
7536,treatment,2026-06-05,1,26,1,1,26,1,TRUE,TRUE
7537,control,2026-06-04,0,NA,NA,0,NA,NA,FALSE,FALSE
7538,control,2026-06-02,6,35.5,0.667,6,35.5,0.6666666666666666,TRUE,TRUE
7539,treatment,2026-06-05,11,61.1,0.636,10,46.2,0.6,TRUE,TRUE
7540,treatment,2026-06-05,5,45.2,0.4,4,43.5,0.5,TRUE,TRUE
7541,treatment,2026-06-01,0,NA,NA,0,NA,NA,FALSE,FALSE
7542,control,2026-06-03,5,31,0.6,5,31,0.6,TRUE,TRUE
7543,treatment,2026-06-05,2,25.5,0.5,2,25.5,0.5,TRUE,TRUE
7544,control,2026-06-03,4,22,1,3,24.333333333333332,1,TRUE,TRUE
7545,control,2026-06-05,2,27,1,2,27,1,TRUE,TRUE
7546,treatment,2026-06-02,1,40,1,1,40,1,TRUE,TRUE
7547,treatment,2026-06-05,2,33.5,1,2,33.5,1,TRUE,TRUE
7548,treatment,2026-06-05,2,48.5,0,2,48.5,0,TRUE,TRUE
7549,treatment,2026-06-04,4,34.5,0.75,4,34.5,0.75,TRUE,TRUE
7550,treatment,2026-06-04,2,44,1,2,44,1,TRUE,TRUE
7551,treatment,2026-06-05,3,41.7,1,3,41.666666666666664,1,TRUE,TRUE
7552,treatment,2026-06-04,5,46.2,0.6,5,46.2,0.6,TRUE,TRUE
7553,control,2026-06-04,1,28,1,1,28,1,TRUE,TRUE
7554,control,2026-06-05,1,38,1,1,38,1,TRUE,TRUE
7555,control,2026-06-04,3,30.3,0.333,3,30.333333333333332,0.3333333333333333,TRUE,TRUE
7556,treatment,2026-06-04,2,37,0.5,2,37,0.5,TRUE,TRUE
7557,treatment,2026-06-05,2,40,0.5,2,40,0.5,TRUE,TRUE
7558,treatment,2026-06-05,2,49,1,2,49,1,TRUE,TRUE
7559,treatment,2026-06-02,7,52.1,0.571,7,52.142857142857146,0.5714285714285714,TRUE,TRUE
7560,treatment,2026-06-03,1,30,1,1,30,1,TRUE,TRUE
7561,treatment,2026-06-05,3,56,0.667,3,56,0.6666666666666666,TRUE,TRUE
7562,control,2026-06-02,3,52,0.667,3,52,0.6666666666666666,TRUE,TRUE
7563,treatment,2026-06-02,7,40.9,0.714,7,40.857142857142854,0.7142857142857143,TRUE,TRUE
7564,control,2026-06-05,0,NA,NA,0,NA,NA,FALSE,FALSE
7565,control,2026-06-05,4,19,1,4,19,1,TRUE,TRUE
7566,control,2026-06-05,1,29,1,1,29,1,TRUE,TRUE
7567,treatment,2026-06-04,1,19,0,1,19,0,TRUE,TRUE
7568,control,2026-06-04,1,14,0,1,14,0,TRUE,TRUE
7569,treatment,2026-06-01,1,50,1,1,50,1,TRUE,TRUE
7570,control,2026-06-01,3,44.3,1,3,44.333333333333336,1,TRUE,TRUE
7571,treatment,2026-06-05,2,69.5,0,2,69.5,0,TRUE,TRUE
7572,treatment,2026-06-04,8,65.1,0.75,8,65.125,0.75,TRUE,TRUE
7573,control,2026-06-05,1,65,0,1,65,0,TRUE,TRUE
7574,control,2026-06-05,0,NA,NA,0,NA,NA,FALSE,FALSE
7575,treatment,2026-06-05,3,49,1,3,49,1,TRUE,TRUE
7576,treatment,2026-06-04,0,NA,NA,0,NA,NA,FALSE,FALSE
7577,control,2026-06-05,7,34.1,0.571,7,34.142857142857146,0.5714285714285714,TRUE,TRUE
7578,treatment,2026-06-04,0,NA,NA,0,NA,NA,FALSE,FALSE
7579,control,2026-06-01,0,NA,NA,0,NA,NA,FALSE,FALSE
7580,control,2026-06-02,0,NA,NA,0,NA,NA,FALSE,FALSE
7581,control,2026-06-01,0,NA,NA,0,NA,NA,FALSE,FALSE
7582,treatment,2026-06-02,5,41.4,1,5,41.4,1,TRUE,TRUE
7583,control,2026-06-05,2,22,0,2,22,0,TRUE,TRUE
7584,control,2026-06-05,0,NA,NA,0,NA,NA,FALSE,FALSE
7585,control,2026-06-04,3,33.7,0.667,3,33.666666666666664,0.6666666666666666,TRUE,TRUE
7586,control,2026-06-02,0,NA,NA,0,NA,NA,FALSE,FALSE
7587,treatment,2026-06-04,3,44,0.667,3,44,0.6666666666666666,TRUE,TRUE
7588,treatment,2026-06-02,1,65,1,0,NA,NA,FALSE,TRUE
7589,control,2026-06-02,5,40.6,0.8,5,40.6,0.8,TRUE,TRUE
7590,control,2026-06-05,1,38,1,1,38,1,TRUE,TRUE
7591,control,2026-06-01,2,23,0.5,2,23,0.5,TRUE,TRUE
7592,control,2026-06-04,1,79,1,1,79,1,TRUE,TRUE
7593,treatment,2026-06-01,5,36.2,0.8,5,36.2,0.8,TRUE,TRUE
7594,control,2026-06-01,4,35.2,0.25,4,35.25,0.25,TRUE,TRUE
7595,treatment,2026-06-03,3,49.7,1,3,49.666666666666664,1,TRUE,TRUE
7596,control,2026-06-03,2,21,0.5,2,21,0.5,TRUE,TRUE
7597,control,2026-06-04,2,29,0,2,29,0,TRUE,TRUE
7598,treatment,2026-06-04,12,54.2,0.667,10,54.3,0.6,TRUE,TRUE
7599,control,2026-06-01,2,24,0.5,2,24,0.5,TRUE,TRUE
7600,treatment,2026-06-04,1,59,1,1,59,1,TRUE,TRUE
7601,control,2026-06-01,1,19,1,1,19,1,TRUE,TRUE
7602,control,2026-06-02,14,28.4,0.786,13,27.923076923076923,0.8461538461538461,TRUE,TRUE
7603,treatment,2026-06-04,1,112,1,1,112,1,TRUE,TRUE
7604,treatment,2026-06-03,4,39.2,1,4,39.25,1,TRUE,TRUE
7605,treatment,2026-06-02,6,37.5,0.833,6,37.5,0.8333333333333334,TRUE,TRUE
7606,treatment,2026-06-05,0,NA,NA,0,NA,NA,FALSE,FALSE
7607,treatment,2026-06-05,1,38,1,1,38,1,TRUE,TRUE
7608,treatment,2026-06-05,7,63.6,0.429,7,63.57142857142857,0.42857142857142855,TRUE,TRUE
7609,control,2026-06-04,2,49,0.5,2,49,0.5,TRUE,TRUE
7610,treatment,2026-06-04,1,41,0,1,41,0,TRUE,TRUE
7611,control,2026-06-04,2,27,1,0,NA,NA,FALSE,TRUE
7612,control,2026-06-03,3,22.3,0.667,3,22.333333333333332,0.6666666666666666,TRUE,TRUE
7613,treatment,2026-06-01,1,24,0,1,24,0,TRUE,TRUE
7614,treatment,2026-06-04,5,38.4,0.4,5,38.4,0.4,TRUE,TRUE
7615,treatment,2026-06-02,0,NA,NA,0,NA,NA,FALSE,FALSE
7616,control,2026-06-01,13,40.1,0.308,13,40.07692307692308,0.3076923076923077,TRUE,TRUE
7617,treatment,2026-06-02,1,26,1,1,26,1,TRUE,TRUE
7618,control,2026-06-03,7,43.1,1,7,43.142857142857146,1,TRUE,TRUE
7619,control,2026-06-04,3,28.7,0.333,3,28.666666666666668,0.3333333333333333,TRUE,TRUE
7620,treatment,2026-06-03,3,56.7,0.333,3,56.666666666666664,0.3333333333333333,TRUE,TRUE
7621,treatment,2026-06-05,12,53.5,0.917,12,53.5,0.9166666666666666,TRUE,TRUE
7622,control,2026-06-05,3,41.3,0.667,3,41.333333333333336,0.6666666666666666,TRUE,TRUE
7623,control,2026-06-01,1,13,0,1,13,0,TRUE,TRUE
7624,control,2026-06-03,2,12,0.5,1,16,0,TRUE,TRUE
7625,control,2026-06-04,0,NA,NA,0,NA,NA,FALSE,FALSE
7626,treatment,2026-06-04,5,36.6,0.8,5,36.6,0.8,TRUE,TRUE
7627,control,2026-06-02,6,29,0.5,6,29,0.5,TRUE,TRUE
7628,treatment,2026-06-01,1,54,1,1,54,1,TRUE,TRUE
7629,treatment,2026-06-01,4,51.2,0.5,4,51.25,0.5,TRUE,TRUE
7630,control,2026-06-04,0,NA,NA,0,NA,NA,FALSE,FALSE
7631,treatment,2026-06-03,2,40,0.5,2,40,0.5,TRUE,TRUE
7632,control,2026-06-01,7,30.6,0.714,7,30.571428571428573,0.7142857142857143,TRUE,TRUE
7633,control,2026-06-01,1,25,1,1,25,1,TRUE,TRUE
7634,control,2026-06-04,5,27.6,0.4,5,27.6,0.4,TRUE,TRUE
7635,control,2026-06-05,4,25.2,0.75,4,25.25,0.75,TRUE,TRUE
7636,control,2026-06-04,4,41,0.75,4,41,0.75,TRUE,TRUE
7637,treatment,2026-06-05,3,44.7,1,3,44.666666666666664,1,TRUE,TRUE
7638,control,2026-06-02,4,41.5,0.5,4,41.5,0.5,TRUE,TRUE
7639,treatment,2026-06-01,2,57,1,2,57,1,TRUE,TRUE
7640,treatment,2026-06-02,0,NA,NA,0,NA,NA,FALSE,FALSE
7641,control,2026-06-04,4,30.5,1,4,30.5,1,TRUE,TRUE
7642,control,2026-06-05,3,31,1,3,31,1,TRUE,TRUE
7643,control,2026-06-01,7,39.1,0.429,7,39.142857142857146,0.42857142857142855,TRUE,TRUE
7644,control,2026-06-03,1,18,1,1,18,1,TRUE,TRUE
7645,control,2026-06-04,2,33,1,2,33,1,TRUE,TRUE
7646,control,2026-06-01,3,32.3,0,3,32.333333333333336,0,TRUE,TRUE
7647,control,2026-06-04,2,40,0.5,2,40,0.5,TRUE,TRUE
7648,treatment,2026-06-02,7,54.3,0.857,7,54.285714285714285,0.8571428571428571,TRUE,TRUE
7649,treatment,2026-06-03,1,69,1,1,69,1,TRUE,TRUE
7650,treatment,2026-06-03,0,NA,NA,0,NA,NA,FALSE,FALSE
7651,control,2026-06-03,4,25,0.5,4,25,0.5,TRUE,TRUE
7652,control,2026-06-05,4,44.5,0.25,4,44.5,0.25,TRUE,TRUE
7653,control,2026-06-04,1,54,1,1,54,1,TRUE,TRUE
7654,treatment,2026-06-05,4,38,0.75,4,38,0.75,TRUE,TRUE
7655,control,2026-06-05,0,NA,NA,0,NA,NA,FALSE,FALSE
7656,treatment,2026-06-05,6,37.2,0.667,5,32.4,0.6,TRUE,TRUE
7657,treatment,2026-06-03,2,30,1,2,30,1,TRUE,TRUE
7658,treatment,2026-06-01,3,38.3,0.333,3,38.333333333333336,0.3333333333333333,TRUE,TRUE
7659,treatment,2026-06-01,2,32.5,0,2,32.5,0,TRUE,TRUE
7660,control,2026-06-05,0,NA,NA,0,NA,NA,FALSE,FALSE
7661,treatment,2026-06-02,1,130,1,1,130,1,TRUE,TRUE
7662,treatment,2026-06-03,1,60,1,1,60,1,TRUE,TRUE
7663,control,2026-06-05,8,36,0.875,8,36,0.875,TRUE,TRUE
7664,control,2026-06-01,4,21.8,0.5,4,21.75,0.5,TRUE,TRUE
7665,control,2026-06-02,2,28.5,1,2,28.5,1,TRUE,TRUE
7666,treatment,2026-06-03,1,43,1,1,43,1,TRUE,TRUE
7667,treatment,2026-06-05,0,NA,NA,0,NA,NA,FALSE,FALSE
7668,control,2026-06-03,3,23.7,0.667,3,23.666666666666668,0.6666666666666666,TRUE,TRUE
7669,treatment,2026-06-01,2,41.5,1,2,41.5,1,TRUE,TRUE
7670,treatment,2026-06-01,7,61.1,0.571,7,61.142857142857146,0.5714285714285714,TRUE,TRUE
7671,treatment,2026-06-05,2,96.5,1,2,96.5,1,TRUE,TRUE
7672,treatment,2026-06-04,0,NA,NA,0,NA,NA,FALSE,FALSE
7673,treatment,2026-06-04,5,60.6,0.8,5,60.6,0.8,TRUE,TRUE
7674,control,2026-06-01,0,NA,NA,0,NA,NA,FALSE,FALSE
7675,control,2026-06-05,2,17,1,2,17,1,TRUE,TRUE
7676,treatment,2026-06-05,3,26.7,0.667,3,26.666666666666668,0.6666666666666666,TRUE,TRUE
7677,treatment,2026-06-05,2,37,0.5,2,37,0.5,TRUE,TRUE
7678,control,2026-06-03,6,27.5,1,6,27.5,1,TRUE,TRUE
7679,treatment,2026-06-05,3,37.3,0.667,3,37.333333333333336,0.6666666666666666,TRUE,TRUE
7680,treatment,2026-06-05,4,30.8,0.75,4,30.75,0.75,TRUE,TRUE
7681,control,2026-06-01,4,34,0.5,4,34,0.5,TRUE,TRUE
7682,treatment,2026-06-03,4,47,0.5,4,47,0.5,TRUE,TRUE
7683,control,2026-06-01,7,25.9,1,7,25.857142857142858,1,TRUE,TRUE
7684,treatment,2026-06-02,3,70.7,1,3,70.66666666666667,1,TRUE,TRUE
7685,control,2026-06-03,2,32.5,0.5,2,32.5,0.5,TRUE,TRUE
7686,control,2026-06-03,3,50,0.333,3,50,0.3333333333333333,TRUE,TRUE
7687,treatment,2026-06-03,2,47,1,2,47,1,TRUE,TRUE
7688,control,2026-06-01,7,28.7,0.429,7,28.714285714285715,0.42857142857142855,TRUE,TRUE
7689,control,2026-06-03,5,30.4,0.6,5,30.4,0.6,TRUE,TRUE
7690,control,2026-06-01,5,31.4,0.8,5,31.4,0.8,TRUE,TRUE
7691,treatment,2026-06-01,3,33,0.667,3,33,0.6666666666666666,TRUE,TRUE
7692,treatment,2026-06-04,7,48.6,0.857,7,48.57142857142857,0.8571428571428571,TRUE,TRUE
7693,control,2026-06-03,3,41.7,0.667,3,41.666666666666664,0.6666666666666666,TRUE,TRUE
7694,treatment,2026-06-04,0,NA,NA,0,NA,NA,FALSE,FALSE
7695,treatment,2026-06-04,0,NA,NA,0,NA,NA,FALSE,FALSE
7696,treatment,2026-06-03,1,71,1,1,71,1,TRUE,TRUE
7697,control,2026-06-03,2,31,0.5,2,31,0.5,TRUE,TRUE
7698,treatment,2026-06-03,1,40,0,1,40,0,TRUE,TRUE
7699,control,2026-06-04,1,35,1,0,NA,NA,FALSE,TRUE
7700,control,2026-06-05,3,39.7,1,2,37.5,1,TRUE,TRUE
7701,treatment,2026-06-04,0,NA,NA,0,NA,NA,FALSE,FALSE
7702,treatment,2026-06-03,0,NA,NA,0,NA,NA,FALSE,FALSE
7703,control,2026-06-05,1,23,1,1,23,1,TRUE,TRUE
7704,control,2026-06-02,2,25.5,1,2,25.5,1,TRUE,TRUE
7705,control,2026-06-04,1,17,0,1,17,0,TRUE,TRUE
7706,treatment,2026-06-01,5,45,0.8,5,45,0.8,TRUE,TRUE
7707,control,2026-06-05,5,30.4,0.6,4,33.5,0.5,TRUE,TRUE
7708,treatment,2026-06-02,0,NA,NA,0,NA,NA,FALSE,FALSE
7709,control,2026-06-04,1,16,1,1,16,1,TRUE,TRUE
7710,treatment,2026-06-01,1,149,1,1,149,1,TRUE,TRUE
7711,control,2026-06-01,0,NA,NA,0,NA,NA,FALSE,FALSE
7712,treatment,2026-06-04,1,48,1,1,48,1,TRUE,TRUE
7713,treatment,2026-06-04,3,37.3,0,3,37.333333333333336,0,TRUE,TRUE
7714,control,2026-06-02,1,14,1,1,14,1,TRUE,TRUE
7715,control,2026-06-05,1,53,1,1,53,1,TRUE,TRUE
7716,control,2026-06-01,4,32.8,0.75,4,32.75,0.75,TRUE,TRUE
7717,treatment,2026-06-05,7,47.6,0.571,7,47.57142857142857,0.5714285714285714,TRUE,TRUE
7718,treatment,2026-06-02,5,52.8,0.6,5,52.8,0.6,TRUE,TRUE
7719,control,2026-06-02,1,33,0,1,33,0,TRUE,TRUE
7720,treatment,2026-06-01,0,NA,NA,0,NA,NA,FALSE,FALSE
7721,control,2026-06-05,4,28.5,0,2,23.5,0,TRUE,TRUE
7722,treatment,2026-06-03,1,98,0,1,98,0,TRUE,TRUE
7723,control,2026-06-02,4,31,0.75,4,31,0.75,TRUE,TRUE
7724,treatment,2026-06-02,1,211,1,1,211,1,TRUE,TRUE
7725,control,2026-06-01,4,34,1,4,34,1,TRUE,TRUE
7726,treatment,2026-06-01,0,NA,NA,0,NA,NA,FALSE,FALSE
7727,treatment,2026-06-05,14,53.4,0.857,12,55.083333333333336,0.8333333333333334,TRUE,TRUE
7728,control,2026-06-05,3,31.3,0.667,3,31.333333333333332,0.6666666666666666,TRUE,TRUE
7729,control,2026-06-01,1,26,1,1,26,1,TRUE,TRUE
7730,treatment,2026-06-03,1,57,1,1,57,1,TRUE,TRUE
7731,control,2026-06-01,4,50.2,1,4,50.25,1,TRUE,TRUE
7732,control,2026-06-02,6,36.8,0.5,6,36.833333333333336,0.5,TRUE,TRUE
7733,treatment,2026-06-03,2,24,1,2,24,1,TRUE,TRUE
7734,control,2026-06-03,3,25.3,0.667,3,25.333333333333332,0.6666666666666666,TRUE,TRUE
7735,treatment,2026-06-02,9,46.4,0.667,9,46.44444444444444,0.6666666666666666,TRUE,TRUE
7736,control,2026-06-01,1,35,1,1,35,1,TRUE,TRUE
7737,control,2026-06-04,2,41.5,0.5,2,41.5,0.5,TRUE,TRUE
7738,treatment,2026-06-05,0,NA,NA,0,NA,NA,FALSE,FALSE
7739,treatment,2026-06-03,3,35.3,1,3,35.333333333333336,1,TRUE,TRUE
7740,treatment,2026-06-03,0,NA,NA,0,NA,NA,FALSE,FALSE
7741,treatment,2026-06-01,0,NA,NA,0,NA,NA,FALSE,FALSE
7742,treatment,2026-06-05,7,41.9,0.571,6,41.333333333333336,0.5,TRUE,TRUE
7743,treatment,2026-06-05,0,NA,NA,0,NA,NA,FALSE,FALSE
7744,treatment,2026-06-04,8,39,0.625,6,36.833333333333336,0.5,TRUE,TRUE
7745,treatment,2026-06-04,12,45.5,0.75,11,47.63636363636363,0.8181818181818182,TRUE,TRUE
7746,control,2026-06-03,3,24,0.667,3,24,0.6666666666666666,TRUE,TRUE
7747,treatment,2026-06-02,1,30,0,1,30,0,TRUE,TRUE
7748,treatment,2026-06-02,1,59,1,1,59,1,TRUE,TRUE
7749,treatment,2026-06-01,6,37.7,0.667,6,37.666666666666664,0.6666666666666666,TRUE,TRUE
7750,treatment,2026-06-02,3,49.7,0.667,3,49.666666666666664,0.6666666666666666,TRUE,TRUE
7751,control,2026-06-03,4,30.8,1,4,30.75,1,TRUE,TRUE
7752,treatment,2026-06-01,2,31.5,0.5,2,31.5,0.5,TRUE,TRUE
7753,control,2026-06-02,2,33.5,0.5,2,33.5,0.5,TRUE,TRUE
7754,treatment,2026-06-04,4,55,1,4,55,1,TRUE,TRUE
7755,control,2026-06-03,3,20,0.667,3,20,0.6666666666666666,TRUE,TRUE
7756,treatment,2026-06-01,9,34.1,0.778,9,34.111111111111114,0.7777777777777778,TRUE,TRUE
7757,treatment,2026-06-04,3,40.3,0.667,3,40.333333333333336,0.6666666666666666,TRUE,TRUE
7758,control,2026-06-02,4,52.8,0.5,4,52.75,0.5,TRUE,TRUE
7759,control,2026-06-04,3,44,0.667,3,44,0.6666666666666666,TRUE,TRUE
7760,treatment,2026-06-01,1,33,1,1,33,1,TRUE,TRUE
7761,treatment,2026-06-03,2,108,1,2,108,1,TRUE,TRUE
7762,treatment,2026-06-03,2,68,1,2,68,1,TRUE,TRUE
7763,control,2026-06-04,8,40.5,0.875,8,40.5,0.875,TRUE,TRUE
7764,treatment,2026-06-04,6,52,0.667,6,52,0.6666666666666666,TRUE,TRUE
7765,treatment,2026-06-02,2,23.5,1,2,23.5,1,TRUE,TRUE
7766,control,2026-06-01,1,40,0,1,40,0,TRUE,TRUE
7767,control,2026-06-05,1,29,1,1,29,1,TRUE,TRUE
7768,control,2026-06-05,4,31.8,0,4,31.75,0,TRUE,TRUE
7769,treatment,2026-06-02,6,52.2,1,5,54.2,1,TRUE,TRUE
7770,treatment,2026-06-04,1,20,1,1,20,1,TRUE,TRUE
7771,treatment,2026-06-01,6,39,0.833,6,39,0.8333333333333334,TRUE,TRUE
7772,control,2026-06-02,2,31,1,2,31,1,TRUE,TRUE
7773,control,2026-06-01,4,27.5,0.5,4,27.5,0.5,TRUE,TRUE
7774,treatment,2026-06-01,3,41.7,0.667,3,41.666666666666664,0.6666666666666666,TRUE,TRUE
7775,treatment,2026-06-01,2,35.5,1,2,35.5,1,TRUE,TRUE
7776,treatment,2026-06-05,1,25,1,0,NA,NA,FALSE,TRUE
7777,control,2026-06-02,4,23,0.5,4,23,0.5,TRUE,TRUE
7778,control,2026-06-04,4,47.2,0.5,4,47.25,0.5,TRUE,TRUE
7779,treatment,2026-06-02,6,45.2,0.667,6,45.166666666666664,0.6666666666666666,TRUE,TRUE
7780,treatment,2026-06-03,1,13,1,1,13,1,TRUE,TRUE
7781,control,2026-06-05,2,30.5,0.5,2,30.5,0.5,TRUE,TRUE
7782,control,2026-06-03,1,21,1,1,21,1,TRUE,TRUE
7783,treatment,2026-06-01,3,43.7,1,3,43.666666666666664,1,TRUE,TRUE
7784,treatment,2026-06-04,1,64,0,1,64,0,TRUE,TRUE
7785,treatment,2026-06-02,3,48.3,1,3,48.333333333333336,1,TRUE,TRUE
7786,control,2026-06-05,5,25.4,0.6,5,25.4,0.6,TRUE,TRUE
7787,treatment,2026-06-05,1,46,0,1,46,0,TRUE,TRUE
7788,control,2026-06-05,2,39,1,2,39,1,TRUE,TRUE
7789,treatment,2026-06-01,5,64,1,5,64,1,TRUE,TRUE
7790,treatment,2026-06-05,0,NA,NA,0,NA,NA,FALSE,FALSE
7791,control,2026-06-03,2,12.5,0,2,12.5,0,TRUE,TRUE
7792,control,2026-06-03,9,26.7,0.667,9,26.666666666666668,0.6666666666666666,TRUE,TRUE
7793,treatment,2026-06-04,1,45,1,0,NA,NA,FALSE,TRUE
7794,control,2026-06-02,1,43,0,1,43,0,TRUE,TRUE
7795,control,2026-06-05,14,30.4,0.714,12,32.666666666666664,0.6666666666666666,TRUE,TRUE
7796,treatment,2026-06-03,2,27.5,1,2,27.5,1,TRUE,TRUE
7797,control,2026-06-03,2,46,1,2,46,1,TRUE,TRUE
7798,treatment,2026-06-05,1,24,1,1,24,1,TRUE,TRUE
7799,treatment,2026-06-03,5,41.2,1,4,45.75,1,TRUE,TRUE
7800,treatment,2026-06-04,1,45,1,1,45,1,TRUE,TRUE
7801,control,2026-06-04,9,28.7,0.667,9,28.666666666666668,0.6666666666666666,TRUE,TRUE
7802,control,2026-06-01,5,36.6,1,5,36.6,1,TRUE,TRUE
7803,treatment,2026-06-03,2,43.5,1,2,43.5,1,TRUE,TRUE
7804,treatment,2026-06-05,1,33,1,0,NA,NA,FALSE,TRUE
7805,treatment,2026-06-04,17,47.1,0.529,16,47.75,0.5,TRUE,TRUE
7806,treatment,2026-06-04,2,37.5,1,2,37.5,1,TRUE,TRUE
7807,control,2026-06-04,3,23.7,0.667,2,15,1,TRUE,TRUE
7808,treatment,2026-06-04,5,65.8,0.6,5,65.8,0.6,TRUE,TRUE
7809,control,2026-06-05,13,33.7,0.769,13,33.69230769230769,0.7692307692307693,TRUE,TRUE
7810,control,2026-06-02,4,20.8,0.75,4,20.75,0.75,TRUE,TRUE
7811,control,2026-06-01,3,36.7,0.333,3,36.666666666666664,0.3333333333333333,TRUE,TRUE
7812,control,2026-06-05,1,31,1,1,31,1,TRUE,TRUE
7813,treatment,2026-06-01,4,45.5,0.25,4,45.5,0.25,TRUE,TRUE
7814,control,2026-06-04,2,25.5,0.5,2,25.5,0.5,TRUE,TRUE
7815,treatment,2026-06-05,1,37,0,1,37,0,TRUE,TRUE
7816,treatment,2026-06-02,4,40.5,0.75,4,40.5,0.75,TRUE,TRUE
7817,treatment,2026-06-01,2,30,1,2,30,1,TRUE,TRUE
7818,control,2026-06-05,3,25,0.333,3,25,0.3333333333333333,TRUE,TRUE
7819,control,2026-06-03,10,44.6,0.8,10,44.6,0.8,TRUE,TRUE
7820,treatment,2026-06-05,8,47.5,0.625,7,49.857142857142854,0.5714285714285714,TRUE,TRUE
7821,treatment,2026-06-05,6,60.5,0.667,5,51.6,0.6,TRUE,TRUE
7822,treatment,2026-06-03,2,41,1,2,41,1,TRUE,TRUE
7823,control,2026-06-02,2,55,0.5,2,55,0.5,TRUE,TRUE
7824,control,2026-06-04,1,31,1,1,31,1,TRUE,TRUE
7825,control,2026-06-01,14,38.8,0.857,14,38.785714285714285,0.8571428571428571,TRUE,TRUE
7826,treatment,2026-06-05,8,44.2,0.75,8,44.25,0.75,TRUE,TRUE
7827,control,2026-06-03,0,NA,NA,0,NA,NA,FALSE,FALSE
7828,treatment,2026-06-05,4,40.5,1,3,46,1,TRUE,TRUE
7829,treatment,2026-06-01,1,45,1,1,45,1,TRUE,TRUE
7830,treatment,2026-06-04,7,68.4,0.571,7,68.42857142857143,0.5714285714285714,TRUE,TRUE
7831,control,2026-06-01,1,44,1,1,44,1,TRUE,TRUE
7832,treatment,2026-06-01,3,50.7,0.667,3,50.666666666666664,0.6666666666666666,TRUE,TRUE
7833,treatment,2026-06-01,8,45.9,0.75,8,45.875,0.75,TRUE,TRUE
7834,treatment,2026-06-02,4,53.5,0.5,4,53.5,0.5,TRUE,TRUE
7835,control,2026-06-04,4,26.8,1,4,26.75,1,TRUE,TRUE
7836,treatment,2026-06-04,0,NA,NA,0,NA,NA,FALSE,FALSE
7837,control,2026-06-01,1,33,1,1,33,1,TRUE,TRUE
7838,control,2026-06-04,5,26.6,0.6,5,26.6,0.6,TRUE,TRUE
7839,treatment,2026-06-01,1,26,1,1,26,1,TRUE,TRUE
7840,control,2026-06-01,10,30.9,0.6,10,30.9,0.6,TRUE,TRUE
7841,treatment,2026-06-01,2,83,0.5,2,83,0.5,TRUE,TRUE
7842,control,2026-06-05,3,31.7,1,3,31.666666666666668,1,TRUE,TRUE
7843,treatment,2026-06-03,1,24,1,1,24,1,TRUE,TRUE
7844,control,2026-06-03,6,45.5,0.667,5,50.8,0.6,TRUE,TRUE
7845,control,2026-06-01,3,37.7,0.333,3,37.666666666666664,0.3333333333333333,TRUE,TRUE
7846,treatment,2026-06-02,2,34.5,0.5,2,34.5,0.5,TRUE,TRUE
7847,control,2026-06-03,3,35.3,1,3,35.333333333333336,1,TRUE,TRUE
7848,control,2026-06-02,4,39.5,1,4,39.5,1,TRUE,TRUE
7849,treatment,2026-06-04,0,NA,NA,0,NA,NA,FALSE,FALSE
7850,control,2026-06-01,3,24,0.667,3,24,0.6666666666666666,TRUE,TRUE
7851,treatment,2026-06-04,3,40.7,0.333,3,40.666666666666664,0.3333333333333333,TRUE,TRUE
7852,treatment,2026-06-02,1,67,1,1,67,1,TRUE,TRUE
7853,treatment,2026-06-03,11,48.3,0.818,10,50.2,0.9,TRUE,TRUE
7854,treatment,2026-06-05,1,69,1,1,69,1,TRUE,TRUE
7855,treatment,2026-06-04,10,53.1,0.9,9,52.111111111111114,0.8888888888888888,TRUE,TRUE
7856,treatment,2026-06-03,2,78,1,2,78,1,TRUE,TRUE
7857,treatment,2026-06-05,7,60.3,0.714,6,62,0.6666666666666666,TRUE,TRUE
7858,control,2026-06-03,3,37,1,2,47.5,1,TRUE,TRUE
7859,treatment,2026-06-04,4,36.2,1,4,36.25,1,TRUE,TRUE
7860,treatment,2026-06-04,2,18.5,0.5,2,18.5,0.5,TRUE,TRUE
7861,treatment,2026-06-01,2,38.5,1,2,38.5,1,TRUE,TRUE
7862,treatment,2026-06-04,0,NA,NA,0,NA,NA,FALSE,FALSE
7863,treatment,2026-06-02,2,39,1,2,39,1,TRUE,TRUE
7864,control,2026-06-03,1,48,1,1,48,1,TRUE,TRUE
7865,treatment,2026-06-04,0,NA,NA,0,NA,NA,FALSE,FALSE
7866,treatment,2026-06-05,0,NA,NA,0,NA,NA,FALSE,FALSE
7867,treatment,2026-06-01,1,91,1,1,91,1,TRUE,TRUE
7868,control,2026-06-02,0,NA,NA,0,NA,NA,FALSE,FALSE
7869,control,2026-06-01,0,NA,NA,0,NA,NA,FALSE,FALSE
7870,control,2026-06-04,4,28,0.75,4,28,0.75,TRUE,TRUE
7871,treatment,2026-06-02,4,48.2,1,4,48.25,1,TRUE,TRUE
7872,treatment,2026-06-04,0,NA,NA,0,NA,NA,FALSE,FALSE
7873,treatment,2026-06-03,8,47,0.75,8,47,0.75,TRUE,TRUE
7874,control,2026-06-04,2,16.5,1,2,16.5,1,TRUE,TRUE
7875,control,2026-06-03,2,13,0.5,2,13,0.5,TRUE,TRUE
7876,treatment,2026-06-03,0,NA,NA,0,NA,NA,FALSE,FALSE
7877,treatment,2026-06-05,2,46.5,1,1,22,1,TRUE,TRUE
7878,treatment,2026-06-01,1,64,1,1,64,1,TRUE,TRUE
7879,control,2026-06-04,5,18.6,0.6,5,18.6,0.6,TRUE,TRUE
7880,control,2026-06-02,0,NA,NA,0,NA,NA,FALSE,FALSE
7881,treatment,2026-06-02,4,43.5,0.75,4,43.5,0.75,TRUE,TRUE
7882,treatment,2026-06-04,3,35.3,0.667,3,35.333333333333336,0.6666666666666666,TRUE,TRUE
7883,treatment,2026-06-04,4,36.8,0.75,4,36.75,0.75,TRUE,TRUE
7884,treatment,2026-06-04,1,26,1,1,26,1,TRUE,TRUE
7885,control,2026-06-03,0,NA,NA,0,NA,NA,FALSE,FALSE
7886,treatment,2026-06-01,3,34,0.667,3,34,0.6666666666666666,TRUE,TRUE
7887,treatment,2026-06-03,0,NA,NA,0,NA,NA,FALSE,FALSE
7888,control,2026-06-02,5,34.6,0.8,5,34.6,0.8,TRUE,TRUE
7889,control,2026-06-02,3,28.7,0.333,3,28.666666666666668,0.3333333333333333,TRUE,TRUE
7890,treatment,2026-06-01,4,64.8,1,4,64.75,1,TRUE,TRUE
7891,control,2026-06-03,3,34.7,1,3,34.666666666666664,1,TRUE,TRUE
7892,treatment,2026-06-02,2,33,1,2,33,1,TRUE,TRUE
7893,treatment,2026-06-02,0,NA,NA,0,NA,NA,FALSE,FALSE
7894,treatment,2026-06-04,0,NA,NA,0,NA,NA,FALSE,FALSE
7895,treatment,2026-06-05,2,35,0,2,35,0,TRUE,TRUE
7896,control,2026-06-01,6,21.5,0.333,6,21.5,0.3333333333333333,TRUE,TRUE
7897,control,2026-06-01,15,39.6,0.6,15,39.6,0.6,TRUE,TRUE
7898,treatment,2026-06-01,5,56.2,0.8,5,56.2,0.8,TRUE,TRUE
7899,treatment,2026-06-02,1,78,1,1,78,1,TRUE,TRUE
7900,control,2026-06-04,1,30,1,1,30,1,TRUE,TRUE
7901,control,2026-06-03,13,29.5,0.615,13,29.46153846153846,0.6153846153846154,TRUE,TRUE
7902,control,2026-06-02,0,NA,NA,0,NA,NA,FALSE,FALSE
7903,control,2026-06-05,6,31.5,0.833,6,31.5,0.8333333333333334,TRUE,TRUE
7904,treatment,2026-06-03,3,36,0.333,3,36,0.3333333333333333,TRUE,TRUE
7905,treatment,2026-06-02,6,66.8,1,6,66.83333333333333,1,TRUE,TRUE
7906,treatment,2026-06-03,0,NA,NA,0,NA,NA,FALSE,FALSE
7907,treatment,2026-06-05,2,36.5,0.5,2,36.5,0.5,TRUE,TRUE
7908,control,2026-06-03,2,30,0.5,2,30,0.5,TRUE,TRUE
7909,treatment,2026-06-04,2,93.5,1,2,93.5,1,TRUE,TRUE
7910,treatment,2026-06-05,0,NA,NA,0,NA,NA,FALSE,FALSE
7911,control,2026-06-04,7,31.1,0.857,7,31.142857142857142,0.8571428571428571,TRUE,TRUE
7912,control,2026-06-02,3,24.7,0.333,3,24.666666666666668,0.3333333333333333,TRUE,TRUE
7913,treatment,2026-06-03,1,30,1,1,30,1,TRUE,TRUE
7914,control,2026-06-05,1,55,1,1,55,1,TRUE,TRUE
7915,control,2026-06-04,2,21.5,0.5,2,21.5,0.5,TRUE,TRUE
7916,control,2026-06-03,2,27.5,0.5,2,27.5,0.5,TRUE,TRUE
7917,control,2026-06-03,1,12,0,1,12,0,TRUE,TRUE
7918,control,2026-06-05,4,27.5,0.5,4,27.5,0.5,TRUE,TRUE
7919,treatment,2026-06-05,4,67.2,1,4,67.25,1,TRUE,TRUE
7920,control,2026-06-03,0,NA,NA,0,NA,NA,FALSE,FALSE
7921,treatment,2026-06-01,7,67.6,0.571,7,67.57142857142857,0.5714285714285714,TRUE,TRUE
7922,treatment,2026-06-01,3,23.3,0.667,3,23.333333333333332,0.6666666666666666,TRUE,TRUE
7923,treatment,2026-06-04,2,23.5,1,2,23.5,1,TRUE,TRUE
7924,treatment,2026-06-01,6,60,1,6,60,1,TRUE,TRUE
7925,control,2026-06-01,4,39,0.25,4,39,0.25,TRUE,TRUE
7926,treatment,2026-06-02,1,52,1,1,52,1,TRUE,TRUE
7927,control,2026-06-05,5,31,0.6,4,28.75,0.75,TRUE,TRUE
7928,treatment,2026-06-05,7,41,0.143,7,41,0.14285714285714285,TRUE,TRUE
7929,treatment,2026-06-02,0,NA,NA,0,NA,NA,FALSE,FALSE
7930,treatment,2026-06-02,4,47.5,0.75,4,47.5,0.75,TRUE,TRUE
7931,control,2026-06-04,4,30,1,4,30,1,TRUE,TRUE
7932,control,2026-06-04,0,NA,NA,0,NA,NA,FALSE,FALSE
7933,control,2026-06-05,5,33.8,0.6,5,33.8,0.6,TRUE,TRUE
7934,treatment,2026-06-01,3,63,0.667,3,63,0.6666666666666666,TRUE,TRUE
7935,control,2026-06-01,7,31.3,0.857,7,31.285714285714285,0.8571428571428571,TRUE,TRUE
7936,control,2026-06-05,5,30,0.6,5,30,0.6,TRUE,TRUE
7937,treatment,2026-06-03,1,32,1,1,32,1,TRUE,TRUE
7938,treatment,2026-06-01,1,46,1,1,46,1,TRUE,TRUE
7939,control,2026-06-03,1,23,1,1,23,1,TRUE,TRUE
7940,control,2026-06-01,11,39.8,0.455,11,39.81818181818182,0.45454545454545453,TRUE,TRUE
7941,control,2026-06-02,2,25,0,2,25,0,TRUE,TRUE
7942,control,2026-06-05,5,36.6,0.2,4,37.25,0.25,TRUE,TRUE
7943,treatment,2026-06-05,6,45,0.833,6,45,0.8333333333333334,TRUE,TRUE
7944,control,2026-06-03,5,30.8,0.4,5,30.8,0.4,TRUE,TRUE
7945,treatment,2026-06-02,3,29.3,0.667,3,29.333333333333332,0.6666666666666666,TRUE,TRUE
7946,treatment,2026-06-05,5,25.8,0.2,5,25.8,0.2,TRUE,TRUE
7947,control,2026-06-02,2,30,1,2,30,1,TRUE,TRUE
7948,control,2026-06-01,8,31.4,0.625,8,31.375,0.625,TRUE,TRUE
7949,control,2026-06-03,2,22,0.5,2,22,0.5,TRUE,TRUE
7950,treatment,2026-06-04,0,NA,NA,0,NA,NA,FALSE,FALSE
7951,treatment,2026-06-05,1,35,1,1,35,1,TRUE,TRUE
7952,control,2026-06-05,0,NA,NA,0,NA,NA,FALSE,FALSE
7953,treatment,2026-06-02,1,53,0,1,53,0,TRUE,TRUE
7954,treatment,2026-06-02,3,53.3,0,3,53.333333333333336,0,TRUE,TRUE
7955,treatment,2026-06-01,3,62.3,1,3,62.333333333333336,1,TRUE,TRUE
7956,control,2026-06-01,4,36.2,0.5,4,36.25,0.5,TRUE,TRUE
7957,control,2026-06-03,0,NA,NA,0,NA,NA,FALSE,FALSE
7958,treatment,2026-06-02,4,46,1,4,46,1,TRUE,TRUE
7959,control,2026-06-05,1,36,1,1,36,1,TRUE,TRUE
7960,control,2026-06-04,2,23,0.5,2,23,0.5,TRUE,TRUE
7961,treatment,2026-06-03,1,117,1,1,117,1,TRUE,TRUE
7962,control,2026-06-05,7,37.6,0.429,6,39.666666666666664,0.5,TRUE,TRUE
7963,control,2026-06-05,2,34.5,0.5,2,34.5,0.5,TRUE,TRUE
7964,control,2026-06-04,10,24,0.5,9,24.88888888888889,0.5555555555555556,TRUE,TRUE
7965,control,2026-06-01,1,33,1,1,33,1,TRUE,TRUE
7966,treatment,2026-06-05,3,69.7,0.667,2,87.5,1,TRUE,TRUE
7967,treatment,2026-06-05,3,52,0.667,3,52,0.6666666666666666,TRUE,TRUE
7968,treatment,2026-06-02,0,NA,NA,0,NA,NA,FALSE,FALSE
7969,treatment,2026-06-04,5,47.2,0.8,4,52,0.75,TRUE,TRUE
7970,control,2026-06-03,7,45.7,0.429,6,46.5,0.5,TRUE,TRUE
7971,treatment,2026-06-04,1,66,1,1,66,1,TRUE,TRUE
7972,control,2026-06-01,4,42.5,0.75,4,42.5,0.75,TRUE,TRUE
7973,treatment,2026-06-03,3,38.3,0.667,3,38.333333333333336,0.6666666666666666,TRUE,TRUE
7974,control,2026-06-02,4,29.2,0.5,4,29.25,0.5,TRUE,TRUE
7975,control,2026-06-03,1,57,1,1,57,1,TRUE,TRUE
7976,control,2026-06-04,10,50.5,0.4,9,53.333333333333336,0.4444444444444444,TRUE,TRUE
7977,control,2026-06-02,2,49.5,1,2,49.5,1,TRUE,TRUE
7978,treatment,2026-06-01,1,16,1,1,16,1,TRUE,TRUE
7979,treatment,2026-06-03,6,48,0.833,6,48,0.8333333333333334,TRUE,TRUE
7980,treatment,2026-06-02,1,18,0,1,18,0,TRUE,TRUE
7981,treatment,2026-06-04,5,39.2,0.8,5,39.2,0.8,TRUE,TRUE
7982,treatment,2026-06-05,1,26,1,1,26,1,TRUE,TRUE
7983,control,2026-06-03,6,35.3,0.333,6,35.333333333333336,0.3333333333333333,TRUE,TRUE
7984,treatment,2026-06-03,4,36.2,0.75,4,36.25,0.75,TRUE,TRUE
7985,control,2026-06-02,1,44,1,1,44,1,TRUE,TRUE
7986,treatment,2026-06-02,2,90,0.5,2,90,0.5,TRUE,TRUE
7987,treatment,2026-06-05,1,55,1,0,NA,NA,FALSE,TRUE
7988,treatment,2026-06-05,8,55.6,0.875,8,55.625,0.875,TRUE,TRUE
7989,treatment,2026-06-02,1,66,1,1,66,1,TRUE,TRUE
7990,treatment,2026-06-03,0,NA,NA,0,NA,NA,FALSE,FALSE
7991,control,2026-06-03,3,34,1,3,34,1,TRUE,TRUE
7992,control,2026-06-05,1,60,1,1,60,1,TRUE,TRUE
7993,control,2026-06-03,10,40,0.8,10,40,0.8,TRUE,TRUE
7994,control,2026-06-02,0,NA,NA,0,NA,NA,FALSE,FALSE
7995,control,2026-06-04,1,63,1,1,63,1,TRUE,TRUE
7996,control,2026-06-04,5,30.2,0.6,5,30.2,0.6,TRUE,TRUE
7997,control,2026-06-03,1,68,1,1,68,1,TRUE,TRUE
7998,treatment,2026-06-03,6,50,1,6,50,1,TRUE,TRUE
7999,control,2026-06-05,1,15,0,1,15,0,TRUE,TRUE
8000,control,2026-06-03,1,21,0,1,21,0,TRUE,TRUE
8001,treatment,2026-06-02,0,NA,NA,0,NA,NA,FALSE,FALSE
8002,treatment,2026-06-04,12,49,1,10,52.4,1,TRUE,TRUE
8003,treatment,2026-06-02,3,43.3,0.667,3,43.333333333333336,0.6666666666666666,TRUE,TRUE
8004,control,2026-06-05,0,NA,NA,0,NA,NA,FALSE,FALSE
8005,control,2026-06-04,1,48,0,1,48,0,TRUE,TRUE
8006,treatment,2026-06-01,2,61.5,1,2,61.5,1,TRUE,TRUE
8007,treatment,2026-06-02,0,NA,NA,0,NA,NA,FALSE,FALSE
8008,treatment,2026-06-01,2,28.5,0.5,2,28.5,0.5,TRUE,TRUE
8009,control,2026-06-05,2,27,0,2,27,0,TRUE,TRUE
8010,treatment,2026-06-02,4,43,0.75,4,43,0.75,TRUE,TRUE
8011,treatment,2026-06-05,3,56,1,3,56,1,TRUE,TRUE
8012,control,2026-06-04,8,37,0.625,8,37,0.625,TRUE,TRUE
8013,treatment,2026-06-05,2,36,0.5,1,38,0,TRUE,TRUE
8014,control,2026-06-02,1,23,1,1,23,1,TRUE,TRUE
8015,treatment,2026-06-01,4,44.8,0.75,4,44.75,0.75,TRUE,TRUE
8016,treatment,2026-06-02,0,NA,NA,0,NA,NA,FALSE,FALSE
8017,control,2026-06-05,2,22,0,2,22,0,TRUE,TRUE
8018,treatment,2026-06-02,2,38.5,0.5,2,38.5,0.5,TRUE,TRUE
8019,treatment,2026-06-02,3,39.7,0.667,3,39.666666666666664,0.6666666666666666,TRUE,TRUE
8020,treatment,2026-06-03,3,55,0.333,3,55,0.3333333333333333,TRUE,TRUE
8021,control,2026-06-01,7,31.7,0.571,7,31.714285714285715,0.5714285714285714,TRUE,TRUE
8022,treatment,2026-06-01,5,51.4,0.6,5,51.4,0.6,TRUE,TRUE
8023,control,2026-06-05,1,36,0,1,36,0,TRUE,TRUE
8024,treatment,2026-06-02,2,39,1,2,39,1,TRUE,TRUE
8025,treatment,2026-06-03,1,22,1,1,22,1,TRUE,TRUE
8026,control,2026-06-03,8,29.1,0.75,8,29.125,0.75,TRUE,TRUE
8027,treatment,2026-06-05,4,34.8,0.25,4,34.75,0.25,TRUE,TRUE
8028,treatment,2026-06-05,3,38.7,1,2,43,1,TRUE,TRUE
8029,control,2026-06-05,4,18.2,0.75,4,18.25,0.75,TRUE,TRUE
8030,control,2026-06-03,0,NA,NA,0,NA,NA,FALSE,FALSE
8031,treatment,2026-06-02,4,47.5,0.25,4,47.5,0.25,TRUE,TRUE
8032,treatment,2026-06-04,1,49,1,1,49,1,TRUE,TRUE
8033,control,2026-06-04,0,NA,NA,0,NA,NA,FALSE,FALSE
8034,treatment,2026-06-02,2,41.5,1,2,41.5,1,TRUE,TRUE
8035,treatment,2026-06-05,4,39.5,1,4,39.5,1,TRUE,TRUE
8036,control,2026-06-01,1,34,0,1,34,0,TRUE,TRUE
8037,treatment,2026-06-02,1,117,1,1,117,1,TRUE,TRUE
8038,treatment,2026-06-02,9,38.6,0.667,9,38.55555555555556,0.6666666666666666,TRUE,TRUE
8039,control,2026-06-01,6,27.8,1,6,27.833333333333332,1,TRUE,TRUE
8040,treatment,2026-06-01,5,39.2,1,5,39.2,1,TRUE,TRUE
8041,treatment,2026-06-02,0,NA,NA,0,NA,NA,FALSE,FALSE
8042,control,2026-06-04,1,30,0,1,30,0,TRUE,TRUE
8043,control,2026-06-02,2,25.5,1,2,25.5,1,TRUE,TRUE
8044,control,2026-06-01,1,28,1,1,28,1,TRUE,TRUE
8045,control,2026-06-02,1,60,0,1,60,0,TRUE,TRUE
8046,control,2026-06-03,3,28.3,0.667,3,28.333333333333332,0.6666666666666666,TRUE,TRUE
8047,treatment,2026-06-04,2,34.5,0.5,2,34.5,0.5,TRUE,TRUE
8048,control,2026-06-03,6,34.5,1,6,34.5,1,TRUE,TRUE
8049,treatment,2026-06-05,5,45.4,0.8,5,45.4,0.8,TRUE,TRUE
8050,control,2026-06-03,1,34,1,1,34,1,TRUE,TRUE
8051,control,2026-06-01,5,40.4,0.8,5,40.4,0.8,TRUE,TRUE
8052,treatment,2026-06-01,1,19,1,1,19,1,TRUE,TRUE
8053,control,2026-06-03,12,33.2,0.75,12,33.166666666666664,0.75,TRUE,TRUE
8054,control,2026-06-05,1,57,0,1,57,0,TRUE,TRUE
8055,treatment,2026-06-03,7,56.4,0.714,7,56.42857142857143,0.7142857142857143,TRUE,TRUE
8056,treatment,2026-06-04,2,41.5,0.5,2,41.5,0.5,TRUE,TRUE
8057,control,2026-06-05,3,42.3,0.333,3,42.333333333333336,0.3333333333333333,TRUE,TRUE
8058,treatment,2026-06-05,8,41.5,0.875,8,41.5,0.875,TRUE,TRUE
8059,control,2026-06-04,1,39,0,1,39,0,TRUE,TRUE
8060,treatment,2026-06-01,1,38,1,1,38,1,TRUE,TRUE
8061,treatment,2026-06-03,2,35,1,2,35,1,TRUE,TRUE
8062,treatment,2026-06-02,2,61.5,0.5,1,95,1,TRUE,TRUE
8063,control,2026-06-01,2,14.5,1,2,14.5,1,TRUE,TRUE
8064,treatment,2026-06-04,0,NA,NA,0,NA,NA,FALSE,FALSE
8065,control,2026-06-04,5,40.6,0.8,5,40.6,0.8,TRUE,TRUE
8066,treatment,2026-06-02,16,47.1,0.625,16,47.125,0.625,TRUE,TRUE
8067,treatment,2026-06-05,2,60,1,1,40,1,TRUE,TRUE
8068,control,2026-06-02,5,33,0.2,4,36,0.25,TRUE,TRUE
8069,treatment,2026-06-04,3,62.3,1,3,62.333333333333336,1,TRUE,TRUE
8070,treatment,2026-06-01,2,66.5,0.5,2,66.5,0.5,TRUE,TRUE
8071,control,2026-06-02,2,34,0.5,2,34,0.5,TRUE,TRUE
8072,control,2026-06-05,2,31,0.5,2,31,0.5,TRUE,TRUE
8073,control,2026-06-01,1,28,0,1,28,0,TRUE,TRUE
8074,control,2026-06-04,0,NA,NA,0,NA,NA,FALSE,FALSE
8075,treatment,2026-06-02,9,45.7,0.556,9,45.666666666666664,0.5555555555555556,TRUE,TRUE
8076,treatment,2026-06-04,2,26,0.5,2,26,0.5,TRUE,TRUE
8077,treatment,2026-06-05,0,NA,NA,0,NA,NA,FALSE,FALSE
8078,treatment,2026-06-02,1,35,0,1,35,0,TRUE,TRUE
8079,treatment,2026-06-05,5,43,0.2,3,48,0.3333333333333333,TRUE,TRUE
8080,control,2026-06-02,4,19.8,0.75,4,19.75,0.75,TRUE,TRUE
8081,treatment,2026-06-04,0,NA,NA,0,NA,NA,FALSE,FALSE
8082,treatment,2026-06-04,0,NA,NA,0,NA,NA,FALSE,FALSE
8083,treatment,2026-06-04,3,63,1,3,63,1,TRUE,TRUE
8084,treatment,2026-06-04,2,59.5,1,2,59.5,1,TRUE,TRUE
8085,treatment,2026-06-02,2,54.5,1,2,54.5,1,TRUE,TRUE
8086,treatment,2026-06-02,8,56,0.875,8,56,0.875,TRUE,TRUE
8087,control,2026-06-01,1,19,0,1,19,0,TRUE,TRUE
8088,treatment,2026-06-01,5,41.4,0.6,5,41.4,0.6,TRUE,TRUE
8089,control,2026-06-02,6,25.3,0.333,6,25.333333333333332,0.3333333333333333,TRUE,TRUE
8090,treatment,2026-06-04,1,41,1,1,41,1,TRUE,TRUE
8091,control,2026-06-05,2,44.5,0.5,2,44.5,0.5,TRUE,TRUE
8092,control,2026-06-04,2,69.5,1,2,69.5,1,TRUE,TRUE
8093,control,2026-06-02,1,27,1,1,27,1,TRUE,TRUE
8094,treatment,2026-06-02,2,56.5,1,2,56.5,1,TRUE,TRUE
8095,control,2026-06-05,0,NA,NA,0,NA,NA,FALSE,FALSE
8096,treatment,2026-06-02,2,61.5,1,2,61.5,1,TRUE,TRUE
8097,control,2026-06-01,1,13,1,1,13,1,TRUE,TRUE
8098,control,2026-06-05,5,30.2,0.4,5,30.2,0.4,TRUE,TRUE
8099,treatment,2026-06-03,1,32,1,1,32,1,TRUE,TRUE
8100,control,2026-06-02,3,40.7,1,3,40.666666666666664,1,TRUE,TRUE
8101,treatment,2026-06-01,3,101,1,3,101,1,TRUE,TRUE
8102,control,2026-06-05,3,39.3,0.333,3,39.333333333333336,0.3333333333333333,TRUE,TRUE
8103,control,2026-06-03,1,21,1,1,21,1,TRUE,TRUE
8104,treatment,2026-06-03,2,73,0.5,2,73,0.5,TRUE,TRUE
8105,control,2026-06-03,1,26,0,1,26,0,TRUE,TRUE
8106,control,2026-06-02,1,29,0,0,NA,NA,FALSE,TRUE
8107,treatment,2026-06-03,9,51.2,0.667,9,51.22222222222222,0.6666666666666666,TRUE,TRUE
8108,treatment,2026-06-05,0,NA,NA,0,NA,NA,FALSE,FALSE
8109,treatment,2026-06-02,0,NA,NA,0,NA,NA,FALSE,FALSE
8110,control,2026-06-02,1,13,0,1,13,0,TRUE,TRUE
8111,control,2026-06-04,0,NA,NA,0,NA,NA,FALSE,FALSE
8112,treatment,2026-06-04,5,61.6,0.6,5,61.6,0.6,TRUE,TRUE
8113,control,2026-06-03,13,33.8,0.692,12,34.5,0.75,TRUE,TRUE
8114,control,2026-06-05,4,30.5,0.75,2,25,0.5,TRUE,TRUE
8115,control,2026-06-05,3,41.3,0.333,3,41.333333333333336,0.3333333333333333,TRUE,TRUE
8116,treatment,2026-06-05,6,40.5,0.833,5,41.2,0.8,TRUE,TRUE
8117,treatment,2026-06-05,0,NA,NA,0,NA,NA,FALSE,FALSE
8118,control,2026-06-04,1,42,1,1,42,1,TRUE,TRUE
8119,treatment,2026-06-03,3,65.3,0.333,3,65.33333333333333,0.3333333333333333,TRUE,TRUE
8120,treatment,2026-06-05,4,69.2,0.5,4,69.25,0.5,TRUE,TRUE
8121,treatment,2026-06-03,1,38,1,1,38,1,TRUE,TRUE
8122,control,2026-06-01,3,39.3,0.667,3,39.333333333333336,0.6666666666666666,TRUE,TRUE
8123,control,2026-06-01,5,28.4,0.8,5,28.4,0.8,TRUE,TRUE
8124,control,2026-06-05,3,29,0.667,3,29,0.6666666666666666,TRUE,TRUE
8125,treatment,2026-06-03,6,44,0.5,6,44,0.5,TRUE,TRUE
8126,control,2026-06-02,9,29.4,0.333,8,26.875,0.375,TRUE,TRUE
8127,treatment,2026-06-01,3,59,1,3,59,1,TRUE,TRUE
8128,control,2026-06-05,2,32,1,2,32,1,TRUE,TRUE
8129,treatment,2026-06-03,3,49.7,0.333,3,49.666666666666664,0.3333333333333333,TRUE,TRUE
8130,control,2026-06-03,2,26.5,1,1,21,1,TRUE,TRUE
8131,treatment,2026-06-02,0,NA,NA,0,NA,NA,FALSE,FALSE
8132,treatment,2026-06-03,4,34,0.5,4,34,0.5,TRUE,TRUE
8133,treatment,2026-06-02,10,39.9,0.8,10,39.9,0.8,TRUE,TRUE
8134,control,2026-06-02,5,24.2,0.8,4,21.5,0.75,TRUE,TRUE
8135,treatment,2026-06-02,2,31.5,1,2,31.5,1,TRUE,TRUE
8136,control,2026-06-02,1,22,1,1,22,1,TRUE,TRUE
8137,control,2026-06-05,1,20,1,1,20,1,TRUE,TRUE
8138,control,2026-06-04,18,45.8,0.722,18,45.77777777777778,0.7222222222222222,TRUE,TRUE
8139,treatment,2026-06-02,4,67,1,4,67,1,TRUE,TRUE
8140,treatment,2026-06-02,1,45,1,1,45,1,TRUE,TRUE
8141,treatment,2026-06-02,7,35.6,1,7,35.57142857142857,1,TRUE,TRUE
8142,control,2026-06-01,8,33.6,0.5,8,33.625,0.5,TRUE,TRUE
8143,treatment,2026-06-04,1,34,1,1,34,1,TRUE,TRUE
8144,control,2026-06-04,2,24,0,2,24,0,TRUE,TRUE
8145,control,2026-06-03,2,28,1,1,18,1,TRUE,TRUE
8146,control,2026-06-04,5,36.6,0.6,4,39.5,0.5,TRUE,TRUE
8147,control,2026-06-01,0,NA,NA,0,NA,NA,FALSE,FALSE
8148,treatment,2026-06-05,2,71,0.5,2,71,0.5,TRUE,TRUE
8149,treatment,2026-06-02,7,51.6,0.857,7,51.57142857142857,0.8571428571428571,TRUE,TRUE
8150,control,2026-06-03,2,27.5,1,2,27.5,1,TRUE,TRUE
8151,control,2026-06-04,2,38,0.5,2,38,0.5,TRUE,TRUE
8152,treatment,2026-06-04,3,41.7,0.667,3,41.666666666666664,0.6666666666666666,TRUE,TRUE
8153,treatment,2026-06-04,0,NA,NA,0,NA,NA,FALSE,FALSE
8154,treatment,2026-06-05,2,37,1,2,37,1,TRUE,TRUE
8155,control,2026-06-05,3,36,0.667,3,36,0.6666666666666666,TRUE,TRUE
8156,treatment,2026-06-04,2,24,1,1,34,1,TRUE,TRUE
8157,control,2026-06-05,7,39,0.857,7,39,0.8571428571428571,TRUE,TRUE
8158,control,2026-06-02,0,NA,NA,0,NA,NA,FALSE,FALSE
8159,control,2026-06-01,5,23.8,0.8,5,23.8,0.8,TRUE,TRUE
8160,control,2026-06-03,5,35.2,1,5,35.2,1,TRUE,TRUE
8161,treatment,2026-06-03,3,54.3,1,3,54.333333333333336,1,TRUE,TRUE
8162,control,2026-06-05,1,37,1,1,37,1,TRUE,TRUE
8163,treatment,2026-06-02,3,41.3,0.667,3,41.333333333333336,0.6666666666666666,TRUE,TRUE
8164,control,2026-06-01,7,29.3,0.714,7,29.285714285714285,0.7142857142857143,TRUE,TRUE
8165,control,2026-06-05,2,47.5,0.5,2,47.5,0.5,TRUE,TRUE
8166,control,2026-06-01,5,47.6,0.6,5,47.6,0.6,TRUE,TRUE
8167,treatment,2026-06-03,6,37.2,0.833,5,38.6,0.8,TRUE,TRUE
8168,control,2026-06-01,1,77,1,1,77,1,TRUE,TRUE
8169,control,2026-06-03,3,23,0.333,3,23,0.3333333333333333,TRUE,TRUE
8170,treatment,2026-06-01,5,35.6,0.4,5,35.6,0.4,TRUE,TRUE
8171,control,2026-06-04,2,44,1,2,44,1,TRUE,TRUE
8172,treatment,2026-06-03,3,35,1,3,35,1,TRUE,TRUE
8173,treatment,2026-06-01,1,37,0,1,37,0,TRUE,TRUE
8174,treatment,2026-06-03,11,55.4,0.727,10,55.8,0.8,TRUE,TRUE
8175,control,2026-06-04,4,23.5,0.75,4,23.5,0.75,TRUE,TRUE
8176,treatment,2026-06-02,3,42.3,0.667,3,42.333333333333336,0.6666666666666666,TRUE,TRUE
8177,control,2026-06-03,3,34,0.667,3,34,0.6666666666666666,TRUE,TRUE
8178,treatment,2026-06-03,4,46.8,0.5,4,46.75,0.5,TRUE,TRUE
8179,treatment,2026-06-04,3,34,0.667,3,34,0.6666666666666666,TRUE,TRUE
8180,control,2026-06-04,5,35.2,0.4,5,35.2,0.4,TRUE,TRUE
8181,control,2026-06-04,1,25,1,1,25,1,TRUE,TRUE
8182,treatment,2026-06-04,0,NA,NA,0,NA,NA,FALSE,FALSE
8183,control,2026-06-02,1,19,0,1,19,0,TRUE,TRUE
8184,control,2026-06-04,5,36,0.6,5,36,0.6,TRUE,TRUE
8185,control,2026-06-03,1,48,0,1,48,0,TRUE,TRUE
8186,treatment,2026-06-02,0,NA,NA,0,NA,NA,FALSE,FALSE
8187,treatment,2026-06-03,9,48.4,0.778,9,48.44444444444444,0.7777777777777778,TRUE,TRUE
8188,treatment,2026-06-04,0,NA,NA,0,NA,NA,FALSE,FALSE
8189,control,2026-06-03,0,NA,NA,0,NA,NA,FALSE,FALSE
8190,treatment,2026-06-03,0,NA,NA,0,NA,NA,FALSE,FALSE
8191,control,2026-06-01,0,NA,NA,0,NA,NA,FALSE,FALSE
8192,treatment,2026-06-01,0,NA,NA,0,NA,NA,FALSE,FALSE
8193,treatment,2026-06-04,5,46.6,0.4,5,46.6,0.4,TRUE,TRUE
8194,control,2026-06-02,0,NA,NA,0,NA,NA,FALSE,FALSE
8195,control,2026-06-01,1,28,1,1,28,1,TRUE,TRUE
8196,treatment,2026-06-02,6,47.5,1,6,47.5,1,TRUE,TRUE
8197,treatment,2026-06-03,4,68.2,0.5,4,68.25,0.5,TRUE,TRUE
8198,control,2026-06-05,0,NA,NA,0,NA,NA,FALSE,FALSE
8199,control,2026-06-03,2,38.5,1,2,38.5,1,TRUE,TRUE
8200,treatment,2026-06-05,4,49.8,0.75,4,49.75,0.75,TRUE,TRUE
8201,control,2026-06-02,1,36,1,1,36,1,TRUE,TRUE
8202,treatment,2026-06-04,1,56,1,1,56,1,TRUE,TRUE
8203,control,2026-06-01,3,43,1,3,43,1,TRUE,TRUE
8204,control,2026-06-03,5,37.4,0.8,5,37.4,0.8,TRUE,TRUE
8205,treatment,2026-06-04,4,54.8,1,4,54.75,1,TRUE,TRUE
8206,control,2026-06-05,3,41.7,0.333,3,41.666666666666664,0.3333333333333333,TRUE,TRUE
8207,control,2026-06-05,0,NA,NA,0,NA,NA,FALSE,FALSE
8208,control,2026-06-04,2,27.5,1,2,27.5,1,TRUE,TRUE
8209,treatment,2026-06-02,3,36.7,1,3,36.666666666666664,1,TRUE,TRUE
8210,control,2026-06-05,3,27.7,0.333,2,25,0.5,TRUE,TRUE
8211,treatment,2026-06-05,1,60,0,1,60,0,TRUE,TRUE
8212,control,2026-06-03,1,26,1,1,26,1,TRUE,TRUE
8213,control,2026-06-04,0,NA,NA,0,NA,NA,FALSE,FALSE
8214,control,2026-06-02,5,29,0.8,5,29,0.8,TRUE,TRUE
8215,control,2026-06-02,3,23,1,3,23,1,TRUE,TRUE
8216,control,2026-06-02,4,21.8,0.25,4,21.75,0.25,TRUE,TRUE
8217,treatment,2026-06-02,0,NA,NA,0,NA,NA,FALSE,FALSE
8218,treatment,2026-06-03,0,NA,NA,0,NA,NA,FALSE,FALSE
8219,control,2026-06-03,4,41.5,0.75,4,41.5,0.75,TRUE,TRUE
8220,treatment,2026-06-04,1,49,0,1,49,0,TRUE,TRUE
8221,control,2026-06-03,0,NA,NA,0,NA,NA,FALSE,FALSE
8222,control,2026-06-03,2,23.5,1,2,23.5,1,TRUE,TRUE
8223,treatment,2026-06-04,2,88,0.5,2,88,0.5,TRUE,TRUE
8224,treatment,2026-06-05,0,NA,NA,0,NA,NA,FALSE,FALSE
8225,treatment,2026-06-03,1,36,0,1,36,0,TRUE,TRUE
8226,treatment,2026-06-02,3,24,1,3,24,1,TRUE,TRUE
8227,treatment,2026-06-04,3,49.3,1,3,49.333333333333336,1,TRUE,TRUE
8228,control,2026-06-01,5,40,0.4,5,40,0.4,TRUE,TRUE
8229,treatment,2026-06-03,6,57,0.667,6,57,0.6666666666666666,TRUE,TRUE
8230,control,2026-06-02,3,22,0.667,2,23.5,1,TRUE,TRUE
8231,treatment,2026-06-04,2,63,1,2,63,1,TRUE,TRUE
8232,treatment,2026-06-02,4,36.5,1,4,36.5,1,TRUE,TRUE
8233,treatment,2026-06-04,3,37,0.333,3,37,0.3333333333333333,TRUE,TRUE
8234,treatment,2026-06-04,0,NA,NA,0,NA,NA,FALSE,FALSE
8235,treatment,2026-06-04,5,41.8,0.8,3,45.666666666666664,1,TRUE,TRUE
8236,control,2026-06-02,5,47,0.6,5,47,0.6,TRUE,TRUE
8237,control,2026-06-05,1,8,0,1,8,0,TRUE,TRUE
8238,treatment,2026-06-02,0,NA,NA,0,NA,NA,FALSE,FALSE
8239,control,2026-06-03,1,16,1,1,16,1,TRUE,TRUE
8240,treatment,2026-06-03,6,53.2,0.833,6,53.166666666666664,0.8333333333333334,TRUE,TRUE
8241,treatment,2026-06-01,5,65.2,0.8,5,65.2,0.8,TRUE,TRUE
8242,treatment,2026-06-04,5,33.6,0.4,5,33.6,0.4,TRUE,TRUE
8243,treatment,2026-06-03,0,NA,NA,0,NA,NA,FALSE,FALSE
8244,treatment,2026-06-01,4,40.5,0.5,4,40.5,0.5,TRUE,TRUE
8245,treatment,2026-06-04,2,19.5,1,2,19.5,1,TRUE,TRUE
8246,control,2026-06-01,2,25.5,0.5,2,25.5,0.5,TRUE,TRUE
8247,treatment,2026-06-02,1,74,1,1,74,1,TRUE,TRUE
8248,control,2026-06-02,4,29,0.75,4,29,0.75,TRUE,TRUE
8249,treatment,2026-06-02,3,40,1,3,40,1,TRUE,TRUE
8250,control,2026-06-04,0,NA,NA,0,NA,NA,FALSE,FALSE
8251,treatment,2026-06-03,4,50.8,0.25,4,50.75,0.25,TRUE,TRUE
8252,treatment,2026-06-03,4,41.5,0.75,4,41.5,0.75,TRUE,TRUE
8253,control,2026-06-04,5,28.6,1,5,28.6,1,TRUE,TRUE
8254,treatment,2026-06-01,6,54.7,0.833,6,54.666666666666664,0.8333333333333334,TRUE,TRUE
8255,treatment,2026-06-02,1,40,1,1,40,1,TRUE,TRUE
8256,treatment,2026-06-05,3,49.3,0.333,3,49.333333333333336,0.3333333333333333,TRUE,TRUE
8257,treatment,2026-06-01,5,54.4,1,5,54.4,1,TRUE,TRUE
8258,control,2026-06-03,5,28.2,0.8,5,28.2,0.8,TRUE,TRUE
8259,treatment,2026-06-01,1,34,0,1,34,0,TRUE,TRUE
8260,treatment,2026-06-03,1,39,0,1,39,0,TRUE,TRUE
8261,control,2026-06-03,1,37,1,1,37,1,TRUE,TRUE
8262,control,2026-06-04,1,16,0,1,16,0,TRUE,TRUE
8263,control,2026-06-03,0,NA,NA,0,NA,NA,FALSE,FALSE
8264,treatment,2026-06-04,2,57.5,0.5,1,47,0,TRUE,TRUE
8265,treatment,2026-06-03,2,22,1,2,22,1,TRUE,TRUE
8266,control,2026-06-02,6,34.8,0.833,6,34.833333333333336,0.8333333333333334,TRUE,TRUE
8267,treatment,2026-06-05,1,63,1,1,63,1,TRUE,TRUE
8268,control,2026-06-03,3,26.3,1,3,26.333333333333332,1,TRUE,TRUE
8269,control,2026-06-01,2,43.5,0.5,2,43.5,0.5,TRUE,TRUE
8270,control,2026-06-04,3,30.3,0.667,3,30.333333333333332,0.6666666666666666,TRUE,TRUE
8271,treatment,2026-06-05,6,46,0.667,6,46,0.6666666666666666,TRUE,TRUE
8272,treatment,2026-06-03,2,78,1,1,60,1,TRUE,TRUE
8273,treatment,2026-06-03,2,57,0.5,2,57,0.5,TRUE,TRUE
8274,control,2026-06-02,6,26.8,0.333,6,26.833333333333332,0.3333333333333333,TRUE,TRUE
8275,treatment,2026-06-03,5,65,0.6,5,65,0.6,TRUE,TRUE
8276,treatment,2026-06-05,3,36.3,1,3,36.333333333333336,1,TRUE,TRUE
8277,treatment,2026-06-02,0,NA,NA,0,NA,NA,FALSE,FALSE
8278,treatment,2026-06-01,2,39.5,1,2,39.5,1,TRUE,TRUE
8279,control,2026-06-01,2,22.5,1,2,22.5,1,TRUE,TRUE
8280,treatment,2026-06-02,7,45.1,0.714,7,45.142857142857146,0.7142857142857143,TRUE,TRUE
8281,treatment,2026-06-03,2,127.5,1,2,127.5,1,TRUE,TRUE
8282,control,2026-06-05,2,55,1,2,55,1,TRUE,TRUE
8283,treatment,2026-06-01,1,14,1,1,14,1,TRUE,TRUE
8284,control,2026-06-04,1,13,0,1,13,0,TRUE,TRUE
8285,treatment,2026-06-02,1,80,1,1,80,1,TRUE,TRUE
8286,control,2026-06-02,4,33.5,0.75,4,33.5,0.75,TRUE,TRUE
8287,treatment,2026-06-02,2,67.5,1,2,67.5,1,TRUE,TRUE
8288,control,2026-06-02,4,18.8,0.5,3,21.333333333333332,0.3333333333333333,TRUE,TRUE
8289,treatment,2026-06-04,4,33.5,1,4,33.5,1,TRUE,TRUE
8290,treatment,2026-06-01,1,39,1,1,39,1,TRUE,TRUE
8291,control,2026-06-04,0,NA,NA,0,NA,NA,FALSE,FALSE
8292,treatment,2026-06-02,6,42,0.5,5,43.4,0.6,TRUE,TRUE
8293,treatment,2026-06-01,4,70,1,4,70,1,TRUE,TRUE
8294,treatment,2026-06-03,5,29,1,5,29,1,TRUE,TRUE
8295,control,2026-06-03,2,18.5,0,2,18.5,0,TRUE,TRUE
8296,treatment,2026-06-03,7,59.6,0.714,7,59.57142857142857,0.7142857142857143,TRUE,TRUE
8297,control,2026-06-01,3,26,1,3,26,1,TRUE,TRUE
8298,control,2026-06-02,0,NA,NA,0,NA,NA,FALSE,FALSE
8299,control,2026-06-04,4,37,0.75,4,37,0.75,TRUE,TRUE
8300,control,2026-06-01,10,28.2,0.7,10,28.2,0.7,TRUE,TRUE
8301,treatment,2026-06-01,4,76.5,1,4,76.5,1,TRUE,TRUE
8302,treatment,2026-06-01,2,105,1,2,105,1,TRUE,TRUE
8303,treatment,2026-06-05,3,55.7,0.667,3,55.666666666666664,0.6666666666666666,TRUE,TRUE
8304,treatment,2026-06-03,2,50,1,2,50,1,TRUE,TRUE
8305,control,2026-06-04,3,30.7,0.333,3,30.666666666666668,0.3333333333333333,TRUE,TRUE
8306,control,2026-06-03,0,NA,NA,0,NA,NA,FALSE,FALSE
8307,control,2026-06-05,0,NA,NA,0,NA,NA,FALSE,FALSE
8308,treatment,2026-06-02,0,NA,NA,0,NA,NA,FALSE,FALSE
8309,control,2026-06-02,9,50.4,0.556,9,50.44444444444444,0.5555555555555556,TRUE,TRUE
8310,control,2026-06-05,2,47.5,0.5,2,47.5,0.5,TRUE,TRUE
8311,treatment,2026-06-05,4,48.8,0.25,4,48.75,0.25,TRUE,TRUE
8312,treatment,2026-06-05,2,44,0.5,2,44,0.5,TRUE,TRUE
8313,treatment,2026-06-02,4,34.5,1,4,34.5,1,TRUE,TRUE
8314,treatment,2026-06-01,0,NA,NA,0,NA,NA,FALSE,FALSE
8315,treatment,2026-06-04,1,38,1,1,38,1,TRUE,TRUE
8316,control,2026-06-05,1,42,1,1,42,1,TRUE,TRUE
8317,control,2026-06-01,4,38.2,1,4,38.25,1,TRUE,TRUE
8318,treatment,2026-06-05,12,56.9,0.667,11,54.72727272727273,0.6363636363636364,TRUE,TRUE
8319,control,2026-06-03,13,28.5,0.538,12,28.75,0.5833333333333334,TRUE,TRUE
8320,treatment,2026-06-02,3,38,0.667,3,38,0.6666666666666666,TRUE,TRUE
8321,control,2026-06-01,7,40.9,0.571,7,40.857142857142854,0.5714285714285714,TRUE,TRUE
8322,control,2026-06-05,1,21,0,1,21,0,TRUE,TRUE
8323,treatment,2026-06-02,2,45,0.5,2,45,0.5,TRUE,TRUE
8324,treatment,2026-06-01,1,35,1,1,35,1,TRUE,TRUE
8325,treatment,2026-06-02,10,46.1,0.8,9,46.111111111111114,0.8888888888888888,TRUE,TRUE
8326,control,2026-06-05,5,43.2,0.6,4,43.5,0.75,TRUE,TRUE
8327,treatment,2026-06-03,1,46,1,1,46,1,TRUE,TRUE
8328,control,2026-06-02,3,21.7,0.333,3,21.666666666666668,0.3333333333333333,TRUE,TRUE
8329,treatment,2026-06-03,1,35,1,1,35,1,TRUE,TRUE
8330,control,2026-06-05,1,18,1,1,18,1,TRUE,TRUE
8331,control,2026-06-05,5,31,1,4,32.75,1,TRUE,TRUE
8332,treatment,2026-06-05,4,37,0.75,3,41,0.6666666666666666,TRUE,TRUE
8333,control,2026-06-02,2,45,0.5,2,45,0.5,TRUE,TRUE
8334,treatment,2026-06-01,3,42.3,0.667,3,42.333333333333336,0.6666666666666666,TRUE,TRUE
8335,treatment,2026-06-05,1,48,1,1,48,1,TRUE,TRUE
8336,treatment,2026-06-01,0,NA,NA,0,NA,NA,FALSE,FALSE
8337,treatment,2026-06-02,0,NA,NA,0,NA,NA,FALSE,FALSE
8338,control,2026-06-02,3,43.3,0.667,3,43.333333333333336,0.6666666666666666,TRUE,TRUE
8339,control,2026-06-03,2,35.5,1,2,35.5,1,TRUE,TRUE
8340,treatment,2026-06-03,2,57.5,1,2,57.5,1,TRUE,TRUE
8341,treatment,2026-06-01,0,NA,NA,0,NA,NA,FALSE,FALSE
8342,treatment,2026-06-02,3,46.7,0.333,3,46.666666666666664,0.3333333333333333,TRUE,TRUE
8343,treatment,2026-06-05,9,46.2,0.667,9,46.22222222222222,0.6666666666666666,TRUE,TRUE
8344,treatment,2026-06-05,1,20,1,1,20,1,TRUE,TRUE
8345,control,2026-06-05,2,35,1,2,35,1,TRUE,TRUE
8346,control,2026-06-03,5,34,0.8,5,34,0.8,TRUE,TRUE
8347,control,2026-06-05,5,37.4,0.8,5,37.4,0.8,TRUE,TRUE
8348,treatment,2026-06-02,1,117,1,1,117,1,TRUE,TRUE
8349,control,2026-06-04,3,21,1,2,23.5,1,TRUE,TRUE
8350,control,2026-06-03,3,27.3,0.667,3,27.333333333333332,0.6666666666666666,TRUE,TRUE
8351,control,2026-06-04,1,17,0,1,17,0,TRUE,TRUE
8352,treatment,2026-06-05,4,37,1,3,43.333333333333336,1,TRUE,TRUE
8353,control,2026-06-02,7,25,0.571,7,25,0.5714285714285714,TRUE,TRUE
8354,control,2026-06-03,7,23.4,0.571,7,23.428571428571427,0.5714285714285714,TRUE,TRUE
8355,control,2026-06-04,1,38,1,1,38,1,TRUE,TRUE
8356,treatment,2026-06-03,0,NA,NA,0,NA,NA,FALSE,FALSE
8357,treatment,2026-06-05,0,NA,NA,0,NA,NA,FALSE,FALSE
8358,control,2026-06-02,1,38,1,1,38,1,TRUE,TRUE
8359,control,2026-06-01,0,NA,NA,0,NA,NA,FALSE,FALSE
8360,control,2026-06-02,0,NA,NA,0,NA,NA,FALSE,FALSE
8361,treatment,2026-06-02,3,33,0.333,3,33,0.3333333333333333,TRUE,TRUE
8362,control,2026-06-05,0,NA,NA,0,NA,NA,FALSE,FALSE
8363,control,2026-06-03,13,26.3,0.615,13,26.307692307692307,0.6153846153846154,TRUE,TRUE
8364,treatment,2026-06-05,2,91,1,1,37,1,TRUE,TRUE
8365,control,2026-06-03,5,32.2,0.6,4,34.75,0.5,TRUE,TRUE
8366,treatment,2026-06-02,10,52.3,0.9,10,52.3,0.9,TRUE,TRUE
8367,treatment,2026-06-02,1,14,1,1,14,1,TRUE,TRUE
8368,control,2026-06-01,6,40.8,0.833,6,40.833333333333336,0.8333333333333334,TRUE,TRUE
8369,treatment,2026-06-05,3,37.7,1,2,40,1,TRUE,TRUE
8370,treatment,2026-06-02,7,44.4,0.571,7,44.42857142857143,0.5714285714285714,TRUE,TRUE
8371,treatment,2026-06-03,3,59.7,1,3,59.666666666666664,1,TRUE,TRUE
8372,control,2026-06-03,2,40.5,1,2,40.5,1,TRUE,TRUE
8373,control,2026-06-02,0,NA,NA,0,NA,NA,FALSE,FALSE
8374,treatment,2026-06-02,0,NA,NA,0,NA,NA,FALSE,FALSE
8375,treatment,2026-06-02,1,24,1,1,24,1,TRUE,TRUE
8376,control,2026-06-05,2,20.5,0.5,1,24,1,TRUE,TRUE
8377,treatment,2026-06-03,2,22.5,1,2,22.5,1,TRUE,TRUE
8378,control,2026-06-01,1,48,1,1,48,1,TRUE,TRUE
8379,control,2026-06-01,0,NA,NA,0,NA,NA,FALSE,FALSE
8380,treatment,2026-06-03,2,34,0,2,34,0,TRUE,TRUE
8381,control,2026-06-03,2,50.5,1,2,50.5,1,TRUE,TRUE
8382,treatment,2026-06-05,0,NA,NA,0,NA,NA,FALSE,FALSE
8383,treatment,2026-06-01,4,25.8,0.5,4,25.75,0.5,TRUE,TRUE
8384,treatment,2026-06-01,2,65.5,1,2,65.5,1,TRUE,TRUE
8385,control,2026-06-01,8,26.8,0.875,8,26.75,0.875,TRUE,TRUE
8386,treatment,2026-06-01,3,34,1,3,34,1,TRUE,TRUE
8387,control,2026-06-05,2,27.5,1,2,27.5,1,TRUE,TRUE
8388,control,2026-06-03,6,27.3,0.5,6,27.333333333333332,0.5,TRUE,TRUE
8389,treatment,2026-06-01,6,45.5,0.667,6,45.5,0.6666666666666666,TRUE,TRUE
8390,control,2026-06-02,0,NA,NA,0,NA,NA,FALSE,FALSE
8391,treatment,2026-06-02,1,40,1,1,40,1,TRUE,TRUE
8392,control,2026-06-05,8,29.8,0.875,8,29.75,0.875,TRUE,TRUE
8393,control,2026-06-04,2,20.5,0.5,2,20.5,0.5,TRUE,TRUE
8394,treatment,2026-06-01,2,36.5,0.5,2,36.5,0.5,TRUE,TRUE
8395,control,2026-06-03,6,29.3,0.833,6,29.333333333333332,0.8333333333333334,TRUE,TRUE
8396,control,2026-06-04,5,38,0.2,5,38,0.2,TRUE,TRUE
8397,treatment,2026-06-01,2,33,1,2,33,1,TRUE,TRUE
8398,treatment,2026-06-03,2,37.5,0.5,2,37.5,0.5,TRUE,TRUE
8399,control,2026-06-01,1,25,1,1,25,1,TRUE,TRUE
8400,treatment,2026-06-02,0,NA,NA,0,NA,NA,FALSE,FALSE
8401,treatment,2026-06-05,6,45.3,0.667,6,45.333333333333336,0.6666666666666666,TRUE,TRUE
8402,control,2026-06-05,5,35,0.6,5,35,0.6,TRUE,TRUE
8403,treatment,2026-06-02,5,67.2,0.4,5,67.2,0.4,TRUE,TRUE
8404,control,2026-06-03,3,22.3,0.333,3,22.333333333333332,0.3333333333333333,TRUE,TRUE
8405,control,2026-06-05,17,31.2,0.765,16,30.625,0.75,TRUE,TRUE
8406,control,2026-06-01,2,22,0.5,2,22,0.5,TRUE,TRUE
8407,treatment,2026-06-04,0,NA,NA,0,NA,NA,FALSE,FALSE
8408,treatment,2026-06-05,0,NA,NA,0,NA,NA,FALSE,FALSE
8409,control,2026-06-05,0,NA,NA,0,NA,NA,FALSE,FALSE
8410,control,2026-06-04,3,20.7,0.667,3,20.666666666666668,0.6666666666666666,TRUE,TRUE
8411,control,2026-06-03,0,NA,NA,0,NA,NA,FALSE,FALSE
8412,treatment,2026-06-05,1,80,1,1,80,1,TRUE,TRUE
8413,treatment,2026-06-05,0,NA,NA,0,NA,NA,FALSE,FALSE
8414,control,2026-06-03,1,38,1,0,NA,NA,FALSE,TRUE
8415,control,2026-06-05,6,24.3,0.667,5,22.2,0.6,TRUE,TRUE
8416,control,2026-06-05,0,NA,NA,0,NA,NA,FALSE,FALSE
8417,treatment,2026-06-03,6,52.8,0.333,5,54.6,0.2,TRUE,TRUE
8418,control,2026-06-02,0,NA,NA,0,NA,NA,FALSE,FALSE
8419,treatment,2026-06-03,0,NA,NA,0,NA,NA,FALSE,FALSE
8420,treatment,2026-06-02,5,27.8,1,5,27.8,1,TRUE,TRUE
8421,treatment,2026-06-04,5,44.8,0.6,5,44.8,0.6,TRUE,TRUE
8422,control,2026-06-02,4,34,0.75,4,34,0.75,TRUE,TRUE
8423,control,2026-06-03,3,50,1,3,50,1,TRUE,TRUE
8424,treatment,2026-06-02,1,31,1,1,31,1,TRUE,TRUE
8425,treatment,2026-06-01,2,58.5,1,2,58.5,1,TRUE,TRUE
8426,control,2026-06-05,1,42,1,1,42,1,TRUE,TRUE
8427,control,2026-06-04,5,22.8,0.6,5,22.8,0.6,TRUE,TRUE
8428,treatment,2026-06-03,3,65.7,1,3,65.66666666666667,1,TRUE,TRUE
8429,control,2026-06-02,1,77,1,1,77,1,TRUE,TRUE
8430,control,2026-06-01,3,48.7,1,3,48.666666666666664,1,TRUE,TRUE
8431,control,2026-06-03,3,37.7,0.667,3,37.666666666666664,0.6666666666666666,TRUE,TRUE
8432,treatment,2026-06-04,3,58.7,0.667,3,58.666666666666664,0.6666666666666666,TRUE,TRUE
8433,control,2026-06-05,4,37.5,1,3,35,1,TRUE,TRUE
8434,treatment,2026-06-02,2,32,0.5,2,32,0.5,TRUE,TRUE
8435,treatment,2026-06-02,2,98.5,0.5,2,98.5,0.5,TRUE,TRUE
8436,control,2026-06-04,3,30.7,0.667,1,29,1,TRUE,TRUE
8437,control,2026-06-05,8,31.4,0.75,7,33.285714285714285,0.7142857142857143,TRUE,TRUE
8438,treatment,2026-06-02,1,46,1,1,46,1,TRUE,TRUE
8439,treatment,2026-06-05,4,47.5,0.5,4,47.5,0.5,TRUE,TRUE
8440,control,2026-06-03,6,34.2,0.667,6,34.166666666666664,0.6666666666666666,TRUE,TRUE
8441,control,2026-06-01,1,51,1,1,51,1,TRUE,TRUE
8442,control,2026-06-02,2,38,0.5,2,38,0.5,TRUE,TRUE
8443,control,2026-06-04,3,20.3,1,2,18.5,1,TRUE,TRUE
8444,treatment,2026-06-04,2,34,0.5,2,34,0.5,TRUE,TRUE
8445,treatment,2026-06-03,2,42,1,2,42,1,TRUE,TRUE
8446,control,2026-06-03,5,29.4,0.4,5,29.4,0.4,TRUE,TRUE
8447,treatment,2026-06-01,0,NA,NA,0,NA,NA,FALSE,FALSE
8448,treatment,2026-06-05,2,38.5,1,2,38.5,1,TRUE,TRUE
8449,control,2026-06-03,2,40.5,0.5,2,40.5,0.5,TRUE,TRUE
8450,control,2026-06-05,3,16.7,1,3,16.666666666666668,1,TRUE,TRUE
8451,treatment,2026-06-01,2,91.5,0.5,2,91.5,0.5,TRUE,TRUE
8452,control,2026-06-03,10,37.1,0.6,9,39.888888888888886,0.6666666666666666,TRUE,TRUE
8453,control,2026-06-03,5,35.6,0.6,5,35.6,0.6,TRUE,TRUE
8454,treatment,2026-06-01,6,37,0.833,6,37,0.8333333333333334,TRUE,TRUE
8455,treatment,2026-06-02,10,52.3,0.6,10,52.3,0.6,TRUE,TRUE
8456,control,2026-06-02,1,39,0,1,39,0,TRUE,TRUE
8457,treatment,2026-06-05,4,41.8,0.75,4,41.75,0.75,TRUE,TRUE
8458,control,2026-06-03,2,34.5,0,2,34.5,0,TRUE,TRUE
8459,control,2026-06-03,3,29.7,0.667,3,29.666666666666668,0.6666666666666666,TRUE,TRUE
8460,control,2026-06-04,6,41,0.833,6,41,0.8333333333333334,TRUE,TRUE
8461,control,2026-06-02,6,27.7,0.667,6,27.666666666666668,0.6666666666666666,TRUE,TRUE
8462,treatment,2026-06-02,1,18,0,1,18,0,TRUE,TRUE
8463,control,2026-06-04,5,27.4,0.2,5,27.4,0.2,TRUE,TRUE
8464,treatment,2026-06-02,3,28,1,3,28,1,TRUE,TRUE
8465,treatment,2026-06-03,0,NA,NA,0,NA,NA,FALSE,FALSE
8466,control,2026-06-03,3,29.3,0.667,3,29.333333333333332,0.6666666666666666,TRUE,TRUE
8467,treatment,2026-06-02,0,NA,NA,0,NA,NA,FALSE,FALSE
8468,control,2026-06-04,1,22,0,1,22,0,TRUE,TRUE
8469,treatment,2026-06-01,2,121,1,2,121,1,TRUE,TRUE
8470,treatment,2026-06-04,3,65.7,1,3,65.66666666666667,1,TRUE,TRUE
8471,treatment,2026-06-05,5,58.4,0.8,5,58.4,0.8,TRUE,TRUE
8472,treatment,2026-06-05,3,24.3,0.667,2,27,1,TRUE,TRUE
8473,control,2026-06-03,3,37.7,1,3,37.666666666666664,1,TRUE,TRUE
8474,treatment,2026-06-03,1,29,1,1,29,1,TRUE,TRUE
8475,treatment,2026-06-03,2,40,0,1,51,0,TRUE,TRUE
8476,control,2026-06-05,0,NA,NA,0,NA,NA,FALSE,FALSE
8477,treatment,2026-06-01,4,47.8,1,4,47.75,1,TRUE,TRUE
8478,treatment,2026-06-02,2,27.5,0.5,2,27.5,0.5,TRUE,TRUE
8479,control,2026-06-01,0,NA,NA,0,NA,NA,FALSE,FALSE
8480,treatment,2026-06-05,1,98,1,1,98,1,TRUE,TRUE
8481,control,2026-06-04,3,38,0.333,3,38,0.3333333333333333,TRUE,TRUE
8482,control,2026-06-04,3,26,0.667,3,26,0.6666666666666666,TRUE,TRUE
8483,control,2026-06-02,9,39.9,1,9,39.888888888888886,1,TRUE,TRUE
8484,control,2026-06-01,2,16.5,0.5,2,16.5,0.5,TRUE,TRUE
8485,control,2026-06-03,5,46.8,1,5,46.8,1,TRUE,TRUE
8486,control,2026-06-04,0,NA,NA,0,NA,NA,FALSE,FALSE
8487,treatment,2026-06-01,2,60.5,0.5,2,60.5,0.5,TRUE,TRUE
8488,treatment,2026-06-04,1,40,1,1,40,1,TRUE,TRUE
8489,treatment,2026-06-04,3,36,0.667,3,36,0.6666666666666666,TRUE,TRUE
8490,treatment,2026-06-04,3,39,1,3,39,1,TRUE,TRUE
8491,treatment,2026-06-02,1,49,1,1,49,1,TRUE,TRUE
8492,control,2026-06-05,9,31.6,0.556,9,31.555555555555557,0.5555555555555556,TRUE,TRUE
8493,control,2026-06-01,2,45.5,1,2,45.5,1,TRUE,TRUE
8494,treatment,2026-06-05,2,66.5,1,1,78,1,TRUE,TRUE
8495,treatment,2026-06-01,2,62.5,1,2,62.5,1,TRUE,TRUE
8496,control,2026-06-02,2,24,1,2,24,1,TRUE,TRUE
8497,control,2026-06-04,1,19,0,1,19,0,TRUE,TRUE
8498,control,2026-06-01,4,27,0.5,4,27,0.5,TRUE,TRUE
8499,control,2026-06-01,5,32.4,0.6,5,32.4,0.6,TRUE,TRUE
8500,treatment,2026-06-05,4,71.8,1,4,71.75,1,TRUE,TRUE
8501,control,2026-06-03,8,34,0.75,8,34,0.75,TRUE,TRUE
8502,control,2026-06-04,1,58,1,1,58,1,TRUE,TRUE
8503,treatment,2026-06-03,13,39.8,0.769,11,40.18181818181818,0.8181818181818182,TRUE,TRUE
8504,control,2026-06-02,3,40,0.667,3,40,0.6666666666666666,TRUE,TRUE
8505,treatment,2026-06-05,0,NA,NA,0,NA,NA,FALSE,FALSE
8506,control,2026-06-01,1,36,1,1,36,1,TRUE,TRUE
8507,treatment,2026-06-01,4,59.5,0.75,4,59.5,0.75,TRUE,TRUE
8508,control,2026-06-01,2,53,0.5,2,53,0.5,TRUE,TRUE
8509,treatment,2026-06-01,6,42.7,0.667,6,42.666666666666664,0.6666666666666666,TRUE,TRUE
8510,treatment,2026-06-03,4,43.2,1,4,43.25,1,TRUE,TRUE
8511,treatment,2026-06-02,2,42,0.5,2,42,0.5,TRUE,TRUE
8512,control,2026-06-05,2,30.5,0,2,30.5,0,TRUE,TRUE
8513,treatment,2026-06-05,4,54.2,0.75,4,54.25,0.75,TRUE,TRUE
8514,treatment,2026-06-01,4,38.5,0.5,4,38.5,0.5,TRUE,TRUE
8515,treatment,2026-06-02,3,80.3,1,3,80.33333333333333,1,TRUE,TRUE
8516,control,2026-06-03,0,NA,NA,0,NA,NA,FALSE,FALSE
8517,treatment,2026-06-03,5,45.4,0.8,5,45.4,0.8,TRUE,TRUE
8518,control,2026-06-04,1,34,1,1,34,1,TRUE,TRUE
8519,treatment,2026-06-03,1,75,0,1,75,0,TRUE,TRUE
8520,control,2026-06-03,8,35.2,0.75,8,35.25,0.75,TRUE,TRUE
8521,control,2026-06-02,2,33,0.5,2,33,0.5,TRUE,TRUE
8522,control,2026-06-03,1,15,0,1,15,0,TRUE,TRUE
8523,control,2026-06-04,0,NA,NA,0,NA,NA,FALSE,FALSE
8524,control,2026-06-05,9,28.6,0.889,9,28.555555555555557,0.8888888888888888,TRUE,TRUE
8525,control,2026-06-01,0,NA,NA,0,NA,NA,FALSE,FALSE
8526,treatment,2026-06-02,1,12,1,1,12,1,TRUE,TRUE
8527,control,2026-06-05,2,16.5,0.5,2,16.5,0.5,TRUE,TRUE
8528,control,2026-06-03,1,24,1,1,24,1,TRUE,TRUE
8529,control,2026-06-04,2,44.5,1,2,44.5,1,TRUE,TRUE
8530,treatment,2026-06-02,4,51,1,4,51,1,TRUE,TRUE
8531,treatment,2026-06-01,1,31,1,1,31,1,TRUE,TRUE
8532,control,2026-06-04,2,28,0.5,2,28,0.5,TRUE,TRUE
8533,treatment,2026-06-03,2,54,0.5,2,54,0.5,TRUE,TRUE
8534,treatment,2026-06-02,1,61,1,1,61,1,TRUE,TRUE
8535,treatment,2026-06-02,1,31,1,1,31,1,TRUE,TRUE
8536,control,2026-06-01,2,43.5,0.5,2,43.5,0.5,TRUE,TRUE
8537,treatment,2026-06-05,3,30.7,0.667,3,30.666666666666668,0.6666666666666666,TRUE,TRUE
8538,control,2026-06-01,3,45.3,0,3,45.333333333333336,0,TRUE,TRUE
8539,treatment,2026-06-05,4,51.8,0.75,3,53.666666666666664,1,TRUE,TRUE
8540,control,2026-06-02,8,38.4,0.75,8,38.375,0.75,TRUE,TRUE
8541,treatment,2026-06-04,5,37.6,0.8,5,37.6,0.8,TRUE,TRUE
8542,treatment,2026-06-04,3,29.3,1,2,23.5,1,TRUE,TRUE
8543,control,2026-06-04,5,38.8,0.4,5,38.8,0.4,TRUE,TRUE
8544,control,2026-06-02,1,13,0,1,13,0,TRUE,TRUE
8545,treatment,2026-06-03,3,81.3,0.667,3,81.33333333333333,0.6666666666666666,TRUE,TRUE
8546,control,2026-06-02,1,42,1,1,42,1,TRUE,TRUE
8547,control,2026-06-03,2,47,0,2,47,0,TRUE,TRUE
8548,treatment,2026-06-02,5,51.8,0.6,5,51.8,0.6,TRUE,TRUE
8549,treatment,2026-06-01,2,58.5,0.5,2,58.5,0.5,TRUE,TRUE
8550,treatment,2026-06-01,1,59,1,1,59,1,TRUE,TRUE
8551,treatment,2026-06-02,3,48.7,1,3,48.666666666666664,1,TRUE,TRUE
8552,control,2026-06-05,11,37.5,0.818,11,37.54545454545455,0.8181818181818182,TRUE,TRUE
8553,treatment,2026-06-02,12,44.8,0.583,12,44.75,0.5833333333333334,TRUE,TRUE
8554,control,2026-06-05,9,33.6,0.778,8,34.625,0.875,TRUE,TRUE
8555,treatment,2026-06-04,3,63,0.333,3,63,0.3333333333333333,TRUE,TRUE
8556,treatment,2026-06-03,2,42.5,0.5,2,42.5,0.5,TRUE,TRUE
8557,treatment,2026-06-01,4,40,0.5,4,40,0.5,TRUE,TRUE
8558,control,2026-06-01,9,34.6,0.778,9,34.55555555555556,0.7777777777777778,TRUE,TRUE
8559,control,2026-06-01,1,41,0,1,41,0,TRUE,TRUE
8560,control,2026-06-01,7,31.9,0.571,7,31.857142857142858,0.5714285714285714,TRUE,TRUE
8561,control,2026-06-04,2,30,1,2,30,1,TRUE,TRUE
8562,control,2026-06-01,3,28,1,3,28,1,TRUE,TRUE
8563,treatment,2026-06-05,4,39.8,0.75,4,39.75,0.75,TRUE,TRUE
8564,control,2026-06-03,2,29,0.5,2,29,0.5,TRUE,TRUE
8565,treatment,2026-06-05,2,27.5,0,2,27.5,0,TRUE,TRUE
8566,treatment,2026-06-01,1,19,0,1,19,0,TRUE,TRUE
8567,control,2026-06-01,3,31,1,3,31,1,TRUE,TRUE
8568,control,2026-06-05,1,18,1,1,18,1,TRUE,TRUE
8569,treatment,2026-06-05,4,36,1,4,36,1,TRUE,TRUE
8570,treatment,2026-06-02,3,40,0.667,3,40,0.6666666666666666,TRUE,TRUE
8571,treatment,2026-06-01,2,40.5,1,2,40.5,1,TRUE,TRUE
8572,control,2026-06-03,1,9,1,1,9,1,TRUE,TRUE
8573,treatment,2026-06-04,1,25,1,1,25,1,TRUE,TRUE
8574,treatment,2026-06-03,3,52,0.667,3,52,0.6666666666666666,TRUE,TRUE
8575,treatment,2026-06-03,5,56,0.8,5,56,0.8,TRUE,TRUE
8576,treatment,2026-06-03,3,66.3,0.667,3,66.33333333333333,0.6666666666666666,TRUE,TRUE
8577,treatment,2026-06-03,6,39.3,0.667,5,44.4,0.6,TRUE,TRUE
8578,treatment,2026-06-04,6,54.8,0.833,5,50.8,0.8,TRUE,TRUE
8579,control,2026-06-04,5,47.8,1,4,45.75,1,TRUE,TRUE
8580,control,2026-06-04,5,35.8,0.4,5,35.8,0.4,TRUE,TRUE
8581,control,2026-06-04,1,44,1,1,44,1,TRUE,TRUE
8582,treatment,2026-06-05,2,39.5,1,2,39.5,1,TRUE,TRUE
8583,control,2026-06-05,1,36,1,1,36,1,TRUE,TRUE
8584,treatment,2026-06-01,5,59.8,0.6,5,59.8,0.6,TRUE,TRUE
8585,control,2026-06-05,5,54.2,0.6,5,54.2,0.6,TRUE,TRUE
8586,control,2026-06-02,3,28.7,1,3,28.666666666666668,1,TRUE,TRUE
8587,control,2026-06-04,0,NA,NA,0,NA,NA,FALSE,FALSE
8588,control,2026-06-03,8,38.5,0.875,8,38.5,0.875,TRUE,TRUE
8589,control,2026-06-03,3,37.3,0.667,3,37.333333333333336,0.6666666666666666,TRUE,TRUE
8590,treatment,2026-06-03,6,66,0.833,6,66,0.8333333333333334,TRUE,TRUE
8591,control,2026-06-04,1,25,1,1,25,1,TRUE,TRUE
8592,control,2026-06-04,2,34,0.5,2,34,0.5,TRUE,TRUE
8593,treatment,2026-06-03,2,74.5,1,2,74.5,1,TRUE,TRUE
8594,control,2026-06-05,11,36.5,0.909,11,36.54545454545455,0.9090909090909091,TRUE,TRUE
8595,control,2026-06-04,1,19,0,1,19,0,TRUE,TRUE
8596,control,2026-06-04,1,33,0,1,33,0,TRUE,TRUE
8597,control,2026-06-04,3,28.3,1,3,28.333333333333332,1,TRUE,TRUE
8598,treatment,2026-06-04,4,35.2,1,4,35.25,1,TRUE,TRUE
8599,treatment,2026-06-01,1,51,1,1,51,1,TRUE,TRUE
8600,treatment,2026-06-05,5,48.4,0.8,4,55.25,0.75,TRUE,TRUE
8601,treatment,2026-06-02,0,NA,NA,0,NA,NA,FALSE,FALSE
8602,control,2026-06-02,3,24,0.667,3,24,0.6666666666666666,TRUE,TRUE
8603,treatment,2026-06-04,4,43.8,1,4,43.75,1,TRUE,TRUE
8604,control,2026-06-04,6,33,0.5,6,33,0.5,TRUE,TRUE
8605,control,2026-06-01,1,71,0,1,71,0,TRUE,TRUE
8606,treatment,2026-06-04,3,58.3,1,3,58.333333333333336,1,TRUE,TRUE
8607,treatment,2026-06-01,3,38.7,0.333,3,38.666666666666664,0.3333333333333333,TRUE,TRUE
8608,control,2026-06-03,2,18.5,1,2,18.5,1,TRUE,TRUE
8609,control,2026-06-05,2,16.5,0.5,2,16.5,0.5,TRUE,TRUE
8610,control,2026-06-02,3,25.3,1,3,25.333333333333332,1,TRUE,TRUE
8611,treatment,2026-06-03,2,45.5,0.5,2,45.5,0.5,TRUE,TRUE
8612,control,2026-06-04,4,19.5,0.75,4,19.5,0.75,TRUE,TRUE
8613,treatment,2026-06-05,2,98,0.5,2,98,0.5,TRUE,TRUE
8614,treatment,2026-06-03,1,85,0,1,85,0,TRUE,TRUE
8615,control,2026-06-01,4,22.2,1,4,22.25,1,TRUE,TRUE
8616,control,2026-06-03,6,22.7,0.667,6,22.666666666666668,0.6666666666666666,TRUE,TRUE
8617,control,2026-06-03,1,21,1,1,21,1,TRUE,TRUE
8618,treatment,2026-06-03,7,45.6,0.429,7,45.57142857142857,0.42857142857142855,TRUE,TRUE
8619,control,2026-06-02,2,63.5,1,2,63.5,1,TRUE,TRUE
8620,control,2026-06-05,3,60.3,0.667,3,60.333333333333336,0.6666666666666666,TRUE,TRUE
8621,control,2026-06-03,3,23.3,1,3,23.333333333333332,1,TRUE,TRUE
8622,treatment,2026-06-04,5,44,0.6,5,44,0.6,TRUE,TRUE
8623,control,2026-06-03,1,42,1,1,42,1,TRUE,TRUE
8624,control,2026-06-05,3,36,0.667,3,36,0.6666666666666666,TRUE,TRUE
8625,treatment,2026-06-05,6,63.3,0.667,6,63.333333333333336,0.6666666666666666,TRUE,TRUE
8626,treatment,2026-06-05,3,62.7,0.667,3,62.666666666666664,0.6666666666666666,TRUE,TRUE
8627,treatment,2026-06-03,2,50.5,1,2,50.5,1,TRUE,TRUE
8628,treatment,2026-06-02,1,16,1,1,16,1,TRUE,TRUE
8629,control,2026-06-03,4,38.2,0.75,3,41.333333333333336,0.6666666666666666,TRUE,TRUE
8630,control,2026-06-04,0,NA,NA,0,NA,NA,FALSE,FALSE
8631,control,2026-06-01,0,NA,NA,0,NA,NA,FALSE,FALSE
8632,control,2026-06-05,3,44.7,1,3,44.666666666666664,1,TRUE,TRUE
8633,control,2026-06-02,2,29.5,1,2,29.5,1,TRUE,TRUE
8634,control,2026-06-05,3,31,1,3,31,1,TRUE,TRUE
8635,control,2026-06-01,1,29,0,1,29,0,TRUE,TRUE
8636,treatment,2026-06-03,9,55,0.556,9,55,0.5555555555555556,TRUE,TRUE
8637,treatment,2026-06-02,1,65,1,1,65,1,TRUE,TRUE
8638,treatment,2026-06-01,10,36.2,0.8,10,36.2,0.8,TRUE,TRUE
8639,treatment,2026-06-01,3,44.7,1,3,44.666666666666664,1,TRUE,TRUE
8640,treatment,2026-06-04,3,51,0.667,3,51,0.6666666666666666,TRUE,TRUE
8641,control,2026-06-02,7,27.7,0.857,7,27.714285714285715,0.8571428571428571,TRUE,TRUE
8642,control,2026-06-03,2,29,0.5,1,25,0,TRUE,TRUE
8643,treatment,2026-06-02,2,38,0.5,2,38,0.5,TRUE,TRUE
8644,treatment,2026-06-04,3,45.3,0.667,3,45.333333333333336,0.6666666666666666,TRUE,TRUE
8645,control,2026-06-04,0,NA,NA,0,NA,NA,FALSE,FALSE
8646,control,2026-06-02,0,NA,NA,0,NA,NA,FALSE,FALSE
8647,treatment,2026-06-04,2,49.5,1,2,49.5,1,TRUE,TRUE
8648,treatment,2026-06-01,1,34,0,1,34,0,TRUE,TRUE
8649,treatment,2026-06-04,3,29.3,0.667,3,29.333333333333332,0.6666666666666666,TRUE,TRUE
8650,control,2026-06-03,4,18.2,1,4,18.25,1,TRUE,TRUE
8651,treatment,2026-06-01,0,NA,NA,0,NA,NA,FALSE,FALSE
8652,treatment,2026-06-01,2,40.5,1,2,40.5,1,TRUE,TRUE
8653,control,2026-06-05,2,41,1,2,41,1,TRUE,TRUE
8654,control,2026-06-03,7,26.3,0.429,7,26.285714285714285,0.42857142857142855,TRUE,TRUE
8655,treatment,2026-06-02,1,76,1,1,76,1,TRUE,TRUE
8656,control,2026-06-01,1,18,1,1,18,1,TRUE,TRUE
8657,control,2026-06-01,2,20.5,0.5,2,20.5,0.5,TRUE,TRUE
8658,control,2026-06-02,2,95,1,2,95,1,TRUE,TRUE
8659,treatment,2026-06-01,4,45.5,0.5,4,45.5,0.5,TRUE,TRUE
8660,treatment,2026-06-03,2,64.5,0.5,2,64.5,0.5,TRUE,TRUE
8661,treatment,2026-06-01,1,24,1,1,24,1,TRUE,TRUE
8662,treatment,2026-06-03,3,47.3,1,2,48,1,TRUE,TRUE
8663,treatment,2026-06-05,4,71.2,1,4,71.25,1,TRUE,TRUE
8664,treatment,2026-06-02,0,NA,NA,0,NA,NA,FALSE,FALSE
8665,control,2026-06-02,3,28.7,1,3,28.666666666666668,1,TRUE,TRUE
8666,control,2026-06-03,1,60,1,1,60,1,TRUE,TRUE
8667,control,2026-06-05,1,10,0,1,10,0,TRUE,TRUE
8668,control,2026-06-01,1,45,0,1,45,0,TRUE,TRUE
8669,control,2026-06-03,3,34.3,0.667,3,34.333333333333336,0.6666666666666666,TRUE,TRUE
8670,treatment,2026-06-04,3,87.7,0.667,3,87.66666666666667,0.6666666666666666,TRUE,TRUE
8671,treatment,2026-06-03,7,58.3,0.571,7,58.285714285714285,0.5714285714285714,TRUE,TRUE
8672,control,2026-06-02,1,16,1,1,16,1,TRUE,TRUE
8673,control,2026-06-02,2,22.5,1,2,22.5,1,TRUE,TRUE
8674,treatment,2026-06-02,0,NA,NA,0,NA,NA,FALSE,FALSE
8675,treatment,2026-06-03,2,55.5,1,2,55.5,1,TRUE,TRUE
8676,treatment,2026-06-03,2,51.5,1,2,51.5,1,TRUE,TRUE
8677,treatment,2026-06-02,6,33.7,0.667,6,33.666666666666664,0.6666666666666666,TRUE,TRUE
8678,treatment,2026-06-02,4,40,0.5,4,40,0.5,TRUE,TRUE
8679,control,2026-06-03,9,30.9,0.667,8,31.5,0.625,TRUE,TRUE
8680,control,2026-06-02,8,26.9,0.875,7,24.285714285714285,0.8571428571428571,TRUE,TRUE
8681,control,2026-06-02,1,25,1,1,25,1,TRUE,TRUE
8682,control,2026-06-05,2,37.5,1,2,37.5,1,TRUE,TRUE
8683,control,2026-06-01,1,28,1,1,28,1,TRUE,TRUE
8684,treatment,2026-06-04,3,35,1,3,35,1,TRUE,TRUE
8685,treatment,2026-06-03,2,43,0,2,43,0,TRUE,TRUE
8686,control,2026-06-04,3,27,0.667,3,27,0.6666666666666666,TRUE,TRUE
8687,treatment,2026-06-03,0,NA,NA,0,NA,NA,FALSE,FALSE
8688,control,2026-06-04,2,21,0,2,21,0,TRUE,TRUE
8689,control,2026-06-04,5,44.6,1,4,52.5,1,TRUE,TRUE
8690,treatment,2026-06-03,1,27,0,1,27,0,TRUE,TRUE
8691,control,2026-06-03,4,51.5,0.25,4,51.5,0.25,TRUE,TRUE
8692,control,2026-06-03,1,43,1,1,43,1,TRUE,TRUE
8693,treatment,2026-06-02,2,31.5,0.5,2,31.5,0.5,TRUE,TRUE
8694,control,2026-06-05,1,18,1,1,18,1,TRUE,TRUE
8695,control,2026-06-03,3,33.3,0.333,3,33.333333333333336,0.3333333333333333,TRUE,TRUE
8696,control,2026-06-05,10,41.4,1,10,41.4,1,TRUE,TRUE
8697,treatment,2026-06-04,0,NA,NA,0,NA,NA,FALSE,FALSE
8698,treatment,2026-06-03,2,40,0,2,40,0,TRUE,TRUE
8699,treatment,2026-06-05,3,45.7,0.667,3,45.666666666666664,0.6666666666666666,TRUE,TRUE
8700,control,2026-06-02,1,25,1,1,25,1,TRUE,TRUE
8701,treatment,2026-06-03,2,53.5,0.5,2,53.5,0.5,TRUE,TRUE
8702,control,2026-06-01,5,25.4,0.6,5,25.4,0.6,TRUE,TRUE
8703,control,2026-06-04,0,NA,NA,0,NA,NA,FALSE,FALSE
8704,control,2026-06-01,2,34.5,0.5,2,34.5,0.5,TRUE,TRUE
8705,treatment,2026-06-02,2,35,1,2,35,1,TRUE,TRUE
8706,control,2026-06-02,2,29.5,0.5,2,29.5,0.5,TRUE,TRUE
8707,treatment,2026-06-05,3,39.3,0.667,3,39.333333333333336,0.6666666666666666,TRUE,TRUE
8708,control,2026-06-01,3,19.3,0.667,3,19.333333333333332,0.6666666666666666,TRUE,TRUE
8709,control,2026-06-03,3,30.7,1,3,30.666666666666668,1,TRUE,TRUE
8710,control,2026-06-02,5,31,0.4,5,31,0.4,TRUE,TRUE
8711,control,2026-06-02,0,NA,NA,0,NA,NA,FALSE,FALSE
8712,treatment,2026-06-04,2,31,1,2,31,1,TRUE,TRUE
8713,control,2026-06-04,12,42.8,0.75,11,42.09090909090909,0.7272727272727273,TRUE,TRUE
8714,treatment,2026-06-05,1,67,0,1,67,0,TRUE,TRUE
8715,control,2026-06-04,2,61.5,0.5,1,80,1,TRUE,TRUE
8716,control,2026-06-02,7,27.4,0.571,6,28.166666666666668,0.6666666666666666,TRUE,TRUE
8717,treatment,2026-06-04,8,45.4,0.75,8,45.375,0.75,TRUE,TRUE
8718,control,2026-06-03,0,NA,NA,0,NA,NA,FALSE,FALSE
8719,control,2026-06-01,4,41,1,4,41,1,TRUE,TRUE
8720,treatment,2026-06-03,3,49.7,1,3,49.666666666666664,1,TRUE,TRUE
8721,treatment,2026-06-05,5,33.8,0.8,5,33.8,0.8,TRUE,TRUE
8722,control,2026-06-01,3,47.7,0.333,3,47.666666666666664,0.3333333333333333,TRUE,TRUE
8723,treatment,2026-06-03,1,76,1,1,76,1,TRUE,TRUE
8724,control,2026-06-05,1,84,1,1,84,1,TRUE,TRUE
8725,control,2026-06-02,1,29,0,1,29,0,TRUE,TRUE
8726,treatment,2026-06-04,2,62,1,2,62,1,TRUE,TRUE
8727,treatment,2026-06-04,2,25.5,0.5,2,25.5,0.5,TRUE,TRUE
8728,treatment,2026-06-03,1,33,1,1,33,1,TRUE,TRUE
8729,treatment,2026-06-01,2,39.5,0.5,2,39.5,0.5,TRUE,TRUE
8730,control,2026-06-04,5,35.2,0.8,5,35.2,0.8,TRUE,TRUE
8731,treatment,2026-06-04,6,31.7,0.5,6,31.666666666666668,0.5,TRUE,TRUE
8732,control,2026-06-01,3,22.3,0.667,3,22.333333333333332,0.6666666666666666,TRUE,TRUE
8733,treatment,2026-06-04,0,NA,NA,0,NA,NA,FALSE,FALSE
8734,treatment,2026-06-01,3,45.3,0.667,3,45.333333333333336,0.6666666666666666,TRUE,TRUE
8735,treatment,2026-06-01,7,45.7,1,7,45.714285714285715,1,TRUE,TRUE
8736,treatment,2026-06-04,2,65,1,2,65,1,TRUE,TRUE
8737,treatment,2026-06-05,1,41,0,1,41,0,TRUE,TRUE
8738,treatment,2026-06-03,3,63.3,1,3,63.333333333333336,1,TRUE,TRUE
8739,treatment,2026-06-02,12,43.1,0.75,12,43.083333333333336,0.75,TRUE,TRUE
8740,control,2026-06-04,2,28,0.5,2,28,0.5,TRUE,TRUE
8741,treatment,2026-06-05,1,51,1,1,51,1,TRUE,TRUE
8742,treatment,2026-06-05,3,33,0.667,3,33,0.6666666666666666,TRUE,TRUE
8743,treatment,2026-06-02,6,54.8,1,6,54.833333333333336,1,TRUE,TRUE
8744,control,2026-06-04,3,41.3,0.333,3,41.333333333333336,0.3333333333333333,TRUE,TRUE
8745,treatment,2026-06-01,2,43,1,2,43,1,TRUE,TRUE
8746,control,2026-06-03,4,30.8,1,4,30.75,1,TRUE,TRUE
8747,control,2026-06-01,1,26,0,1,26,0,TRUE,TRUE
8748,treatment,2026-06-05,4,75.5,1,4,75.5,1,TRUE,TRUE
8749,control,2026-06-02,2,17,0.5,2,17,0.5,TRUE,TRUE
8750,treatment,2026-06-03,2,62.5,1,2,62.5,1,TRUE,TRUE
8751,control,2026-06-05,1,43,1,1,43,1,TRUE,TRUE
8752,control,2026-06-02,7,31.3,0.857,7,31.285714285714285,0.8571428571428571,TRUE,TRUE
8753,control,2026-06-04,1,16,0,1,16,0,TRUE,TRUE
8754,control,2026-06-04,6,40.3,0.333,5,44,0.4,TRUE,TRUE
8755,treatment,2026-06-01,6,38.8,0.667,6,38.833333333333336,0.6666666666666666,TRUE,TRUE
8756,control,2026-06-01,3,33.7,0.667,3,33.666666666666664,0.6666666666666666,TRUE,TRUE
8757,treatment,2026-06-04,14,37.4,0.643,14,37.357142857142854,0.6428571428571429,TRUE,TRUE
8758,treatment,2026-06-03,6,48.8,0.667,6,48.833333333333336,0.6666666666666666,TRUE,TRUE
8759,control,2026-06-01,2,27,1,2,27,1,TRUE,TRUE
8760,treatment,2026-06-03,11,52.5,0.818,11,52.45454545454545,0.8181818181818182,TRUE,TRUE
8761,treatment,2026-06-03,2,28.5,0.5,2,28.5,0.5,TRUE,TRUE
8762,control,2026-06-05,6,25.7,1,6,25.666666666666668,1,TRUE,TRUE
8763,control,2026-06-03,1,29,1,1,29,1,TRUE,TRUE
8764,control,2026-06-03,1,23,1,1,23,1,TRUE,TRUE
8765,control,2026-06-03,9,24.1,0.222,9,24.11111111111111,0.2222222222222222,TRUE,TRUE
8766,control,2026-06-01,4,29.8,1,4,29.75,1,TRUE,TRUE
8767,treatment,2026-06-01,3,51.3,0.667,3,51.333333333333336,0.6666666666666666,TRUE,TRUE
8768,treatment,2026-06-02,2,43.5,0.5,2,43.5,0.5,TRUE,TRUE
8769,treatment,2026-06-01,3,42.7,1,3,42.666666666666664,1,TRUE,TRUE
8770,treatment,2026-06-01,2,102.5,0.5,2,102.5,0.5,TRUE,TRUE
8771,control,2026-06-02,4,41.5,0.5,4,41.5,0.5,TRUE,TRUE
8772,treatment,2026-06-04,2,66,1,2,66,1,TRUE,TRUE
8773,control,2026-06-04,6,47.7,1,6,47.666666666666664,1,TRUE,TRUE
8774,treatment,2026-06-04,5,62,0.6,5,62,0.6,TRUE,TRUE
8775,control,2026-06-02,4,50.8,0.25,4,50.75,0.25,TRUE,TRUE
8776,treatment,2026-06-02,2,56.5,1,2,56.5,1,TRUE,TRUE
8777,treatment,2026-06-01,9,45.4,0.889,9,45.44444444444444,0.8888888888888888,TRUE,TRUE
8778,treatment,2026-06-03,1,15,1,1,15,1,TRUE,TRUE
8779,treatment,2026-06-02,1,71,1,1,71,1,TRUE,TRUE
8780,treatment,2026-06-05,2,56.5,0.5,2,56.5,0.5,TRUE,TRUE
8781,treatment,2026-06-05,1,23,1,1,23,1,TRUE,TRUE
8782,control,2026-06-05,9,28.8,0.667,8,30.125,0.625,TRUE,TRUE
8783,treatment,2026-06-04,6,52.3,0.5,5,32,0.4,TRUE,TRUE
8784,treatment,2026-06-04,2,22.5,0,2,22.5,0,TRUE,TRUE
8785,control,2026-06-01,3,42,1,3,42,1,TRUE,TRUE
8786,treatment,2026-06-02,1,35,1,1,35,1,TRUE,TRUE
8787,control,2026-06-03,2,26,0,2,26,0,TRUE,TRUE
8788,control,2026-06-02,3,24.3,1,3,24.333333333333332,1,TRUE,TRUE
8789,control,2026-06-03,2,25,1,2,25,1,TRUE,TRUE
8790,treatment,2026-06-04,8,46.6,0.75,8,46.625,0.75,TRUE,TRUE
8791,control,2026-06-01,3,39.3,0.333,3,39.333333333333336,0.3333333333333333,TRUE,TRUE
8792,treatment,2026-06-03,2,60.5,1,2,60.5,1,TRUE,TRUE
8793,treatment,2026-06-05,3,29.3,0.667,1,47,1,TRUE,TRUE
8794,treatment,2026-06-05,5,61.8,0.8,4,60,0.75,TRUE,TRUE
8795,treatment,2026-06-05,0,NA,NA,0,NA,NA,FALSE,FALSE
8796,control,2026-06-01,0,NA,NA,0,NA,NA,FALSE,FALSE
8797,control,2026-06-05,9,27,0.333,9,27,0.3333333333333333,TRUE,TRUE
8798,control,2026-06-02,2,16.5,0.5,2,16.5,0.5,TRUE,TRUE
8799,control,2026-06-05,6,46,0.667,6,46,0.6666666666666666,TRUE,TRUE
8800,treatment,2026-06-04,0,NA,NA,0,NA,NA,FALSE,FALSE
8801,treatment,2026-06-04,3,54,1,2,40,1,TRUE,TRUE
8802,control,2026-06-05,3,35,0.333,3,35,0.3333333333333333,TRUE,TRUE
8803,control,2026-06-04,3,42.3,0.667,3,42.333333333333336,0.6666666666666666,TRUE,TRUE
8804,treatment,2026-06-04,3,46,0.667,3,46,0.6666666666666666,TRUE,TRUE
8805,control,2026-06-02,1,48,1,1,48,1,TRUE,TRUE
8806,treatment,2026-06-03,3,81.7,1,3,81.66666666666667,1,TRUE,TRUE
8807,treatment,2026-06-03,2,44,0.5,2,44,0.5,TRUE,TRUE
8808,treatment,2026-06-01,0,NA,NA,0,NA,NA,FALSE,FALSE
8809,control,2026-06-02,1,17,0,0,NA,NA,FALSE,TRUE
8810,treatment,2026-06-05,0,NA,NA,0,NA,NA,FALSE,FALSE
8811,treatment,2026-06-03,6,42.8,0.833,6,42.833333333333336,0.8333333333333334,TRUE,TRUE
8812,control,2026-06-02,1,78,1,1,78,1,TRUE,TRUE
8813,treatment,2026-06-01,0,NA,NA,0,NA,NA,FALSE,FALSE
8814,treatment,2026-06-04,2,24.5,0,2,24.5,0,TRUE,TRUE
8815,control,2026-06-03,4,32.5,1,4,32.5,1,TRUE,TRUE
8816,control,2026-06-04,4,25.5,0.5,4,25.5,0.5,TRUE,TRUE
8817,treatment,2026-06-02,9,47.7,0.778,9,47.666666666666664,0.7777777777777778,TRUE,TRUE
8818,control,2026-06-05,5,40.8,0.2,5,40.8,0.2,TRUE,TRUE
8819,control,2026-06-01,6,30.8,0.5,6,30.833333333333332,0.5,TRUE,TRUE
8820,treatment,2026-06-01,1,34,1,1,34,1,TRUE,TRUE
8821,control,2026-06-04,3,62,1,3,62,1,TRUE,TRUE
8822,control,2026-06-04,4,29.8,0.75,4,29.75,0.75,TRUE,TRUE
8823,treatment,2026-06-02,9,39.3,0.556,9,39.333333333333336,0.5555555555555556,TRUE,TRUE
8824,control,2026-06-01,0,NA,NA,0,NA,NA,FALSE,FALSE
8825,control,2026-06-03,5,35.6,1,5,35.6,1,TRUE,TRUE
8826,treatment,2026-06-04,2,30,0.5,2,30,0.5,TRUE,TRUE
8827,control,2026-06-04,4,30.8,0.75,3,32,0.6666666666666666,TRUE,TRUE
8828,treatment,2026-06-01,4,43.8,0.5,4,43.75,0.5,TRUE,TRUE
8829,control,2026-06-04,1,15,0,1,15,0,TRUE,TRUE
8830,treatment,2026-06-02,0,NA,NA,0,NA,NA,FALSE,FALSE
8831,treatment,2026-06-05,1,33,1,1,33,1,TRUE,TRUE
8832,treatment,2026-06-01,2,42.5,1,2,42.5,1,TRUE,TRUE
8833,control,2026-06-04,7,31,0.714,7,31,0.7142857142857143,TRUE,TRUE
8834,treatment,2026-06-01,2,43.5,1,2,43.5,1,TRUE,TRUE
8835,control,2026-06-03,3,27.7,0.667,3,27.666666666666668,0.6666666666666666,TRUE,TRUE
8836,treatment,2026-06-05,0,NA,NA,0,NA,NA,FALSE,FALSE
8837,control,2026-06-05,5,39.8,0.8,5,39.8,0.8,TRUE,TRUE
8838,control,2026-06-02,1,40,0,1,40,0,TRUE,TRUE
8839,treatment,2026-06-01,0,NA,NA,0,NA,NA,FALSE,FALSE
8840,control,2026-06-02,0,NA,NA,0,NA,NA,FALSE,FALSE
8841,control,2026-06-05,4,46.5,0.75,3,48.666666666666664,0.6666666666666666,TRUE,TRUE
8842,treatment,2026-06-02,5,46.2,0.8,5,46.2,0.8,TRUE,TRUE
8843,treatment,2026-06-02,2,56.5,1,2,56.5,1,TRUE,TRUE
8844,treatment,2026-06-04,3,43,0.667,3,43,0.6666666666666666,TRUE,TRUE
8845,treatment,2026-06-04,3,48.3,0,2,29.5,0,TRUE,TRUE
8846,treatment,2026-06-04,8,42,0.625,8,42,0.625,TRUE,TRUE
8847,control,2026-06-02,7,30.3,0.286,7,30.285714285714285,0.2857142857142857,TRUE,TRUE
8848,control,2026-06-03,1,10,0,1,10,0,TRUE,TRUE
8849,treatment,2026-06-05,4,59.8,0.5,4,59.75,0.5,TRUE,TRUE
8850,treatment,2026-06-01,2,94,1,2,94,1,TRUE,TRUE
8851,control,2026-06-05,0,NA,NA,0,NA,NA,FALSE,FALSE
8852,control,2026-06-05,1,20,0,1,20,0,TRUE,TRUE
8853,treatment,2026-06-02,4,41,0.5,4,41,0.5,TRUE,TRUE
8854,treatment,2026-06-04,2,36.5,0,2,36.5,0,TRUE,TRUE
8855,control,2026-06-05,3,34,1,3,34,1,TRUE,TRUE
8856,treatment,2026-06-04,9,51.9,0.889,8,47.625,1,TRUE,TRUE
8857,treatment,2026-06-04,4,36.2,0.75,3,39.333333333333336,1,TRUE,TRUE
8858,control,2026-06-05,3,28,0.667,3,28,0.6666666666666666,TRUE,TRUE
8859,treatment,2026-06-04,1,106,1,1,106,1,TRUE,TRUE
8860,control,2026-06-01,3,25.7,0.333,3,25.666666666666668,0.3333333333333333,TRUE,TRUE
8861,control,2026-06-03,0,NA,NA,0,NA,NA,FALSE,FALSE
8862,treatment,2026-06-01,0,NA,NA,0,NA,NA,FALSE,FALSE
8863,control,2026-06-04,1,38,1,1,38,1,TRUE,TRUE
8864,control,2026-06-02,2,26.5,0,2,26.5,0,TRUE,TRUE
8865,treatment,2026-06-05,10,43.2,0.8,9,45.333333333333336,0.7777777777777778,TRUE,TRUE
8866,control,2026-06-01,1,21,1,1,21,1,TRUE,TRUE
8867,treatment,2026-06-03,1,57,0,1,57,0,TRUE,TRUE
8868,treatment,2026-06-05,3,80,1,3,80,1,TRUE,TRUE
8869,control,2026-06-04,6,40.8,0.667,6,40.833333333333336,0.6666666666666666,TRUE,TRUE
8870,treatment,2026-06-05,0,NA,NA,0,NA,NA,FALSE,FALSE
8871,control,2026-06-03,8,33.5,0.75,6,30.166666666666668,0.6666666666666666,TRUE,TRUE
8872,control,2026-06-02,2,25.5,0.5,2,25.5,0.5,TRUE,TRUE
8873,control,2026-06-01,1,12,0,1,12,0,TRUE,TRUE
8874,control,2026-06-03,2,39.5,0.5,2,39.5,0.5,TRUE,TRUE
8875,control,2026-06-02,2,34,1,2,34,1,TRUE,TRUE
8876,control,2026-06-02,0,NA,NA,0,NA,NA,FALSE,FALSE
8877,control,2026-06-04,8,36.8,0.75,7,39.285714285714285,0.7142857142857143,TRUE,TRUE
8878,control,2026-06-05,1,9,0,1,9,0,TRUE,TRUE
8879,treatment,2026-06-03,0,NA,NA,0,NA,NA,FALSE,FALSE
8880,control,2026-06-04,5,33,0.8,5,33,0.8,TRUE,TRUE
8881,control,2026-06-02,5,30.2,0.8,5,30.2,0.8,TRUE,TRUE
8882,control,2026-06-02,3,27,0.667,3,27,0.6666666666666666,TRUE,TRUE
8883,treatment,2026-06-01,1,46,1,1,46,1,TRUE,TRUE
8884,treatment,2026-06-01,2,38,0.5,2,38,0.5,TRUE,TRUE
8885,control,2026-06-05,3,52.3,0.667,3,52.333333333333336,0.6666666666666666,TRUE,TRUE
8886,treatment,2026-06-04,2,30,0,1,14,0,TRUE,TRUE
8887,control,2026-06-02,2,55,0,1,58,0,TRUE,TRUE
8888,treatment,2026-06-03,4,48.2,0.75,4,48.25,0.75,TRUE,TRUE
8889,control,2026-06-01,3,27.7,1,3,27.666666666666668,1,TRUE,TRUE
8890,treatment,2026-06-03,2,82,1,2,82,1,TRUE,TRUE
8891,control,2026-06-04,0,NA,NA,0,NA,NA,FALSE,FALSE
8892,treatment,2026-06-02,1,31,0,1,31,0,TRUE,TRUE
8893,treatment,2026-06-05,0,NA,NA,0,NA,NA,FALSE,FALSE
8894,control,2026-06-04,4,28,0.5,4,28,0.5,TRUE,TRUE
8895,control,2026-06-01,8,34,0.75,8,34,0.75,TRUE,TRUE
8896,treatment,2026-06-02,1,37,1,1,37,1,TRUE,TRUE
8897,control,2026-06-05,6,21.7,0.167,5,23.2,0.2,TRUE,TRUE
8898,control,2026-06-03,1,13,0,1,13,0,TRUE,TRUE
8899,treatment,2026-06-01,2,77.5,1,2,77.5,1,TRUE,TRUE
8900,treatment,2026-06-01,0,NA,NA,0,NA,NA,FALSE,FALSE
8901,treatment,2026-06-03,1,47,1,1,47,1,TRUE,TRUE
8902,control,2026-06-04,3,27,0.667,2,27,0.5,TRUE,TRUE
8903,treatment,2026-06-05,2,41,1,2,41,1,TRUE,TRUE
8904,control,2026-06-01,2,31.5,1,2,31.5,1,TRUE,TRUE
8905,control,2026-06-02,2,17,1,2,17,1,TRUE,TRUE
8906,control,2026-06-05,1,21,1,1,21,1,TRUE,TRUE
8907,control,2026-06-03,4,36.2,0.75,4,36.25,0.75,TRUE,TRUE
8908,control,2026-06-05,2,42.5,0.5,2,42.5,0.5,TRUE,TRUE
8909,control,2026-06-04,5,27,0.2,5,27,0.2,TRUE,TRUE
8910,treatment,2026-06-04,2,108,1,1,83,1,TRUE,TRUE
8911,control,2026-06-02,7,27.7,0.714,6,27,0.6666666666666666,TRUE,TRUE
8912,control,2026-06-03,0,NA,NA,0,NA,NA,FALSE,FALSE
8913,treatment,2026-06-02,1,55,1,1,55,1,TRUE,TRUE
8914,control,2026-06-03,6,23.8,0.667,6,23.833333333333332,0.6666666666666666,TRUE,TRUE
8915,treatment,2026-06-05,10,47.7,0.5,9,49.333333333333336,0.5555555555555556,TRUE,TRUE
8916,treatment,2026-06-02,3,26,0.333,3,26,0.3333333333333333,TRUE,TRUE
8917,treatment,2026-06-02,2,71.5,0.5,2,71.5,0.5,TRUE,TRUE
8918,control,2026-06-05,10,35.9,0.7,9,37.22222222222222,0.6666666666666666,TRUE,TRUE
8919,control,2026-06-02,9,40.8,0.778,9,40.77777777777778,0.7777777777777778,TRUE,TRUE
8920,control,2026-06-02,8,34,0.75,8,34,0.75,TRUE,TRUE
8921,control,2026-06-05,8,34,0.625,8,34,0.625,TRUE,TRUE
8922,control,2026-06-03,0,NA,NA,0,NA,NA,FALSE,FALSE
8923,control,2026-06-05,4,53,0.75,4,53,0.75,TRUE,TRUE
8924,treatment,2026-06-05,1,32,0,0,NA,NA,FALSE,TRUE
8925,treatment,2026-06-03,1,49,1,1,49,1,TRUE,TRUE
8926,control,2026-06-04,1,46,1,1,46,1,TRUE,TRUE
8927,control,2026-06-05,2,56.5,0.5,1,97,1,TRUE,TRUE
8928,control,2026-06-04,3,32.3,0.667,3,32.333333333333336,0.6666666666666666,TRUE,TRUE
8929,treatment,2026-06-03,7,40,1,7,40,1,TRUE,TRUE
8930,control,2026-06-01,4,30.5,0.75,4,30.5,0.75,TRUE,TRUE
8931,treatment,2026-06-04,2,76,0.5,2,76,0.5,TRUE,TRUE
8932,control,2026-06-03,0,NA,NA,0,NA,NA,FALSE,FALSE
8933,treatment,2026-06-02,2,74.5,1,2,74.5,1,TRUE,TRUE
8934,treatment,2026-06-01,0,NA,NA,0,NA,NA,FALSE,FALSE
8935,control,2026-06-04,5,27,1,5,27,1,TRUE,TRUE
8936,treatment,2026-06-02,5,42,1,5,42,1,TRUE,TRUE
8937,control,2026-06-01,2,23,1,2,23,1,TRUE,TRUE
8938,treatment,2026-06-01,1,67,1,1,67,1,TRUE,TRUE
8939,control,2026-06-04,5,20.8,0.6,5,20.8,0.6,TRUE,TRUE
8940,control,2026-06-04,10,28.3,0.5,10,28.3,0.5,TRUE,TRUE
8941,treatment,2026-06-01,0,NA,NA,0,NA,NA,FALSE,FALSE
8942,control,2026-06-03,1,14,0,1,14,0,TRUE,TRUE
8943,control,2026-06-01,5,33.2,1,5,33.2,1,TRUE,TRUE
8944,control,2026-06-03,2,38,0.5,2,38,0.5,TRUE,TRUE
8945,treatment,2026-06-01,7,53.4,0.857,7,53.42857142857143,0.8571428571428571,TRUE,TRUE
8946,treatment,2026-06-03,3,56.7,0.667,2,60.5,0.5,TRUE,TRUE
8947,treatment,2026-06-03,0,NA,NA,0,NA,NA,FALSE,FALSE
8948,treatment,2026-06-02,0,NA,NA,0,NA,NA,FALSE,FALSE
8949,control,2026-06-05,10,33.9,0.7,10,33.9,0.7,TRUE,TRUE
8950,treatment,2026-06-03,3,22.7,0.667,3,22.666666666666668,0.6666666666666666,TRUE,TRUE
8951,control,2026-06-05,2,42,1,2,42,1,TRUE,TRUE
8952,treatment,2026-06-05,4,73.5,0.75,4,73.5,0.75,TRUE,TRUE
8953,treatment,2026-06-01,2,51.5,1,2,51.5,1,TRUE,TRUE
8954,control,2026-06-05,4,35.5,0.5,4,35.5,0.5,TRUE,TRUE
8955,treatment,2026-06-04,1,82,1,1,82,1,TRUE,TRUE
8956,control,2026-06-03,6,26,0.667,6,26,0.6666666666666666,TRUE,TRUE
8957,treatment,2026-06-02,6,39.3,0.667,6,39.333333333333336,0.6666666666666666,TRUE,TRUE
8958,control,2026-06-02,0,NA,NA,0,NA,NA,FALSE,FALSE
8959,treatment,2026-06-03,0,NA,NA,0,NA,NA,FALSE,FALSE
8960,control,2026-06-05,2,25.5,0.5,2,25.5,0.5,TRUE,TRUE
8961,control,2026-06-03,8,27,0.875,7,28,0.8571428571428571,TRUE,TRUE
8962,control,2026-06-04,0,NA,NA,0,NA,NA,FALSE,FALSE
8963,control,2026-06-04,0,NA,NA,0,NA,NA,FALSE,FALSE
8964,control,2026-06-05,6,43,1,6,43,1,TRUE,TRUE
8965,control,2026-06-05,4,25.5,0.75,4,25.5,0.75,TRUE,TRUE
8966,control,2026-06-05,7,35.7,0.857,5,31.2,1,TRUE,TRUE
8967,control,2026-06-05,0,NA,NA,0,NA,NA,FALSE,FALSE
8968,treatment,2026-06-04,5,49.2,0.6,5,49.2,0.6,TRUE,TRUE
8969,treatment,2026-06-03,8,46.4,0.5,8,46.375,0.5,TRUE,TRUE
8970,treatment,2026-06-02,4,46.5,0.75,4,46.5,0.75,TRUE,TRUE
8971,treatment,2026-06-03,1,11,1,1,11,1,TRUE,TRUE
8972,treatment,2026-06-04,1,66,1,1,66,1,TRUE,TRUE
8973,control,2026-06-01,2,29,0.5,2,29,0.5,TRUE,TRUE
8974,treatment,2026-06-05,0,NA,NA,0,NA,NA,FALSE,FALSE
8975,control,2026-06-05,2,26.5,1,1,26,1,TRUE,TRUE
8976,control,2026-06-05,0,NA,NA,0,NA,NA,FALSE,FALSE
8977,treatment,2026-06-05,1,100,1,1,100,1,TRUE,TRUE
8978,control,2026-06-02,0,NA,NA,0,NA,NA,FALSE,FALSE
8979,control,2026-06-03,3,39,0.333,3,39,0.3333333333333333,TRUE,TRUE
8980,treatment,2026-06-04,2,28.5,0.5,2,28.5,0.5,TRUE,TRUE
8981,control,2026-06-02,1,51,1,1,51,1,TRUE,TRUE
8982,control,2026-06-04,2,36,1,2,36,1,TRUE,TRUE
8983,treatment,2026-06-02,2,48,0.5,2,48,0.5,TRUE,TRUE
8984,control,2026-06-01,4,40,1,4,40,1,TRUE,TRUE
8985,treatment,2026-06-05,7,42.9,0.429,6,47.166666666666664,0.5,TRUE,TRUE
8986,control,2026-06-04,5,42.8,0.6,5,42.8,0.6,TRUE,TRUE
8987,treatment,2026-06-03,9,39,0.667,9,39,0.6666666666666666,TRUE,TRUE
8988,control,2026-06-03,1,28,0,1,28,0,TRUE,TRUE
8989,control,2026-06-03,8,38,0.875,8,38,0.875,TRUE,TRUE
8990,treatment,2026-06-03,2,66.5,0.5,2,66.5,0.5,TRUE,TRUE
8991,treatment,2026-06-04,3,49.7,1,3,49.666666666666664,1,TRUE,TRUE
8992,control,2026-06-03,1,17,0,1,17,0,TRUE,TRUE
8993,control,2026-06-02,6,41.7,0.833,6,41.666666666666664,0.8333333333333334,TRUE,TRUE
8994,control,2026-06-02,15,28.4,0.4,14,28.071428571428573,0.42857142857142855,TRUE,TRUE
8995,treatment,2026-06-04,2,53,0.5,2,53,0.5,TRUE,TRUE
8996,control,2026-06-01,1,13,0,1,13,0,TRUE,TRUE
8997,control,2026-06-05,5,38,1,5,38,1,TRUE,TRUE
8998,treatment,2026-06-03,1,56,1,1,56,1,TRUE,TRUE
8999,control,2026-06-02,9,29.1,0.778,9,29.11111111111111,0.7777777777777778,TRUE,TRUE
9000,control,2026-06-04,3,37,0.333,3,37,0.3333333333333333,TRUE,TRUE
9001,control,2026-06-03,1,31,1,1,31,1,TRUE,TRUE
9002,control,2026-06-02,5,22.4,0.4,5,22.4,0.4,TRUE,TRUE
9003,treatment,2026-06-05,2,27,0.5,2,27,0.5,TRUE,TRUE
9004,treatment,2026-06-03,2,89.5,1,2,89.5,1,TRUE,TRUE
9005,control,2026-06-05,4,40.2,0.5,4,40.25,0.5,TRUE,TRUE
9006,control,2026-06-04,4,38.8,0.75,4,38.75,0.75,TRUE,TRUE
9007,control,2026-06-03,3,30.3,0.667,3,30.333333333333332,0.6666666666666666,TRUE,TRUE
9008,control,2026-06-02,3,29.3,1,3,29.333333333333332,1,TRUE,TRUE
9009,control,2026-06-02,5,29.4,0.6,5,29.4,0.6,TRUE,TRUE
9010,control,2026-06-01,4,26.2,0.75,4,26.25,0.75,TRUE,TRUE
9011,control,2026-06-02,3,29.3,0.667,3,29.333333333333332,0.6666666666666666,TRUE,TRUE
9012,treatment,2026-06-05,7,72.7,0.857,6,78,0.8333333333333334,TRUE,TRUE
9013,treatment,2026-06-01,2,28,0.5,2,28,0.5,TRUE,TRUE
9014,treatment,2026-06-04,0,NA,NA,0,NA,NA,FALSE,FALSE
9015,control,2026-06-02,2,35.5,0.5,2,35.5,0.5,TRUE,TRUE
9016,control,2026-06-04,2,20.5,1,1,18,1,TRUE,TRUE
9017,control,2026-06-04,3,39.7,0.667,2,36,0.5,TRUE,TRUE
9018,treatment,2026-06-03,2,32,0.5,2,32,0.5,TRUE,TRUE
9019,control,2026-06-04,4,36.8,0.5,4,36.75,0.5,TRUE,TRUE
9020,treatment,2026-06-05,4,52.8,0.5,4,52.75,0.5,TRUE,TRUE
9021,treatment,2026-06-02,3,39.3,1,2,35.5,1,TRUE,TRUE
9022,treatment,2026-06-05,1,21,1,1,21,1,TRUE,TRUE
9023,control,2026-06-04,1,49,1,1,49,1,TRUE,TRUE
9024,control,2026-06-01,6,37.2,0.5,6,37.166666666666664,0.5,TRUE,TRUE
9025,control,2026-06-03,1,24,1,1,24,1,TRUE,TRUE
9026,control,2026-06-01,1,29,1,1,29,1,TRUE,TRUE
9027,treatment,2026-06-04,3,51.7,0.667,3,51.666666666666664,0.6666666666666666,TRUE,TRUE
9028,treatment,2026-06-04,2,32.5,1,2,32.5,1,TRUE,TRUE
9029,control,2026-06-04,1,22,1,1,22,1,TRUE,TRUE
9030,control,2026-06-05,4,75.8,0.5,4,75.75,0.5,TRUE,TRUE
9031,treatment,2026-06-05,6,38.7,0.833,6,38.666666666666664,0.8333333333333334,TRUE,TRUE
9032,treatment,2026-06-01,1,39,1,1,39,1,TRUE,TRUE
9033,treatment,2026-06-05,4,48.2,1,4,48.25,1,TRUE,TRUE
9034,treatment,2026-06-01,0,NA,NA,0,NA,NA,FALSE,FALSE
9035,control,2026-06-04,0,NA,NA,0,NA,NA,FALSE,FALSE
9036,treatment,2026-06-01,9,47.2,0.556,9,47.22222222222222,0.5555555555555556,TRUE,TRUE
9037,control,2026-06-04,2,35,1,1,35,1,TRUE,TRUE
9038,control,2026-06-04,0,NA,NA,0,NA,NA,FALSE,FALSE
9039,treatment,2026-06-05,2,36.5,0.5,2,36.5,0.5,TRUE,TRUE
9040,control,2026-06-01,1,30,1,1,30,1,TRUE,TRUE
9041,treatment,2026-06-03,2,62,1,2,62,1,TRUE,TRUE
9042,treatment,2026-06-02,3,35,1,3,35,1,TRUE,TRUE
9043,treatment,2026-06-03,2,46,1,2,46,1,TRUE,TRUE
9044,treatment,2026-06-01,3,68,1,3,68,1,TRUE,TRUE
9045,control,2026-06-03,0,NA,NA,0,NA,NA,FALSE,FALSE
9046,treatment,2026-06-05,3,63.7,0.333,3,63.666666666666664,0.3333333333333333,TRUE,TRUE
9047,treatment,2026-06-02,5,78.6,1,5,78.6,1,TRUE,TRUE
9048,control,2026-06-04,3,41.7,0.333,3,41.666666666666664,0.3333333333333333,TRUE,TRUE
9049,control,2026-06-03,1,45,1,1,45,1,TRUE,TRUE
9050,treatment,2026-06-01,1,89,0,1,89,0,TRUE,TRUE
9051,control,2026-06-01,2,32.5,0,2,32.5,0,TRUE,TRUE
9052,treatment,2026-06-01,1,49,1,1,49,1,TRUE,TRUE
9053,control,2026-06-03,4,42.8,1,4,42.75,1,TRUE,TRUE
9054,control,2026-06-04,3,23,1,3,23,1,TRUE,TRUE
9055,control,2026-06-03,11,40.3,0.818,11,40.27272727272727,0.8181818181818182,TRUE,TRUE
9056,control,2026-06-01,3,46,0.667,3,46,0.6666666666666666,TRUE,TRUE
9057,treatment,2026-06-03,7,45.1,0.714,7,45.142857142857146,0.7142857142857143,TRUE,TRUE
9058,treatment,2026-06-05,6,32.5,0.333,6,32.5,0.3333333333333333,TRUE,TRUE
9059,treatment,2026-06-03,3,64,0.667,3,64,0.6666666666666666,TRUE,TRUE
9060,treatment,2026-06-05,3,28.3,0.667,3,28.333333333333332,0.6666666666666666,TRUE,TRUE
9061,control,2026-06-04,0,NA,NA,0,NA,NA,FALSE,FALSE
9062,control,2026-06-05,1,60,1,1,60,1,TRUE,TRUE
9063,treatment,2026-06-03,4,48.8,1,4,48.75,1,TRUE,TRUE
9064,control,2026-06-03,4,29,1,4,29,1,TRUE,TRUE
9065,control,2026-06-03,1,42,0,1,42,0,TRUE,TRUE
9066,control,2026-06-02,10,39.3,0.9,10,39.3,0.9,TRUE,TRUE
9067,control,2026-06-04,6,35.7,0.833,6,35.666666666666664,0.8333333333333334,TRUE,TRUE
9068,control,2026-06-03,2,26,0,2,26,0,TRUE,TRUE
9069,treatment,2026-06-03,6,34.7,0.833,6,34.666666666666664,0.8333333333333334,TRUE,TRUE
9070,treatment,2026-06-02,0,NA,NA,0,NA,NA,FALSE,FALSE
9071,control,2026-06-01,1,34,1,1,34,1,TRUE,TRUE
9072,control,2026-06-03,7,37,0.429,7,37,0.42857142857142855,TRUE,TRUE
9073,control,2026-06-01,1,25,1,1,25,1,TRUE,TRUE
9074,treatment,2026-06-03,4,34,0.75,4,34,0.75,TRUE,TRUE
9075,control,2026-06-05,1,34,1,1,34,1,TRUE,TRUE
9076,control,2026-06-02,0,NA,NA,0,NA,NA,FALSE,FALSE
9077,control,2026-06-02,17,34.2,0.706,17,34.1764705882353,0.7058823529411765,TRUE,TRUE
9078,control,2026-06-04,12,34,0.75,12,34,0.75,TRUE,TRUE
9079,control,2026-06-04,3,20.3,0,3,20.333333333333332,0,TRUE,TRUE
9080,treatment,2026-06-05,13,47.8,0.462,13,47.76923076923077,0.46153846153846156,TRUE,TRUE
9081,control,2026-06-01,5,25,0.8,5,25,0.8,TRUE,TRUE
9082,treatment,2026-06-04,2,40.5,0.5,2,40.5,0.5,TRUE,TRUE
9083,control,2026-06-01,2,39,0,2,39,0,TRUE,TRUE
9084,treatment,2026-06-03,2,120.5,0.5,2,120.5,0.5,TRUE,TRUE
9085,control,2026-06-03,13,29.4,0.923,13,29.384615384615383,0.9230769230769231,TRUE,TRUE
9086,treatment,2026-06-04,3,36.7,1,3,36.666666666666664,1,TRUE,TRUE
9087,treatment,2026-06-04,3,42.7,0,3,42.666666666666664,0,TRUE,TRUE
9088,treatment,2026-06-02,3,40,0.667,3,40,0.6666666666666666,TRUE,TRUE
9089,control,2026-06-02,5,32.6,0.4,5,32.6,0.4,TRUE,TRUE
9090,control,2026-06-02,4,34.2,0.5,4,34.25,0.5,TRUE,TRUE
9091,control,2026-06-04,1,14,1,1,14,1,TRUE,TRUE
9092,treatment,2026-06-02,1,47,1,1,47,1,TRUE,TRUE
9093,treatment,2026-06-05,2,48,1,2,48,1,TRUE,TRUE
9094,treatment,2026-06-04,6,48.5,0.667,5,44.6,0.6,TRUE,TRUE
9095,control,2026-06-05,1,48,1,1,48,1,TRUE,TRUE
9096,control,2026-06-01,1,38,1,1,38,1,TRUE,TRUE
9097,control,2026-06-05,3,41.3,0.667,3,41.333333333333336,0.6666666666666666,TRUE,TRUE
9098,control,2026-06-04,3,49,0.667,2,58.5,0.5,TRUE,TRUE
9099,treatment,2026-06-01,3,45.3,1,3,45.333333333333336,1,TRUE,TRUE
9100,control,2026-06-01,2,36.5,1,2,36.5,1,TRUE,TRUE
9101,treatment,2026-06-02,12,47.3,0.667,12,47.333333333333336,0.6666666666666666,TRUE,TRUE
9102,treatment,2026-06-02,4,54.8,0.5,4,54.75,0.5,TRUE,TRUE
9103,treatment,2026-06-04,3,57.7,0.667,3,57.666666666666664,0.6666666666666666,TRUE,TRUE
9104,treatment,2026-06-02,3,49.3,0.333,3,49.333333333333336,0.3333333333333333,TRUE,TRUE
9105,treatment,2026-06-01,6,43.8,0.667,6,43.833333333333336,0.6666666666666666,TRUE,TRUE
9106,treatment,2026-06-04,2,37,1,2,37,1,TRUE,TRUE
9107,control,2026-06-05,2,47.5,0.5,2,47.5,0.5,TRUE,TRUE
9108,treatment,2026-06-04,2,59.5,1,2,59.5,1,TRUE,TRUE
9109,control,2026-06-05,4,47.2,0.5,4,47.25,0.5,TRUE,TRUE
9110,treatment,2026-06-03,1,64,0,1,64,0,TRUE,TRUE
9111,control,2026-06-02,2,46,0.5,2,46,0.5,TRUE,TRUE
9112,control,2026-06-03,1,33,0,1,33,0,TRUE,TRUE
9113,treatment,2026-06-05,3,51.3,0.333,3,51.333333333333336,0.3333333333333333,TRUE,TRUE
9114,control,2026-06-01,1,14,1,1,14,1,TRUE,TRUE
9115,treatment,2026-06-02,0,NA,NA,0,NA,NA,FALSE,FALSE
9116,control,2026-06-02,1,62,0,1,62,0,TRUE,TRUE
9117,control,2026-06-03,3,29.7,1,3,29.666666666666668,1,TRUE,TRUE
9118,control,2026-06-01,4,39.8,1,4,39.75,1,TRUE,TRUE
9119,treatment,2026-06-01,3,49,0.667,3,49,0.6666666666666666,TRUE,TRUE
9120,control,2026-06-05,5,30.8,0.8,5,30.8,0.8,TRUE,TRUE
9121,control,2026-06-03,8,35.1,0.75,8,35.125,0.75,TRUE,TRUE
9122,control,2026-06-05,0,NA,NA,0,NA,NA,FALSE,FALSE
9123,treatment,2026-06-02,0,NA,NA,0,NA,NA,FALSE,FALSE
9124,control,2026-06-05,0,NA,NA,0,NA,NA,FALSE,FALSE
9125,treatment,2026-06-02,3,27.3,0.333,3,27.333333333333332,0.3333333333333333,TRUE,TRUE
9126,control,2026-06-05,2,23.5,1,2,23.5,1,TRUE,TRUE
9127,treatment,2026-06-01,4,26,0,4,26,0,TRUE,TRUE
9128,treatment,2026-06-05,1,34,0,1,34,0,TRUE,TRUE
9129,control,2026-06-02,4,22.5,1,3,22.666666666666668,1,TRUE,TRUE
9130,treatment,2026-06-04,2,118,0.5,2,118,0.5,TRUE,TRUE
9131,control,2026-06-03,2,63.5,1,1,73,1,TRUE,TRUE
9132,control,2026-06-03,3,34,0.333,3,34,0.3333333333333333,TRUE,TRUE
9133,control,2026-06-01,4,29.8,0.75,4,29.75,0.75,TRUE,TRUE
9134,control,2026-06-04,1,34,0,0,NA,NA,FALSE,TRUE
9135,control,2026-06-01,1,35,0,1,35,0,TRUE,TRUE
9136,control,2026-06-05,2,28,0.5,2,28,0.5,TRUE,TRUE
9137,control,2026-06-02,2,22,0,2,22,0,TRUE,TRUE
9138,control,2026-06-05,7,29.3,0.714,6,30.333333333333332,0.6666666666666666,TRUE,TRUE
9139,treatment,2026-06-02,6,60.5,0.667,6,60.5,0.6666666666666666,TRUE,TRUE
9140,treatment,2026-06-05,2,61.5,1,2,61.5,1,TRUE,TRUE
9141,control,2026-06-02,0,NA,NA,0,NA,NA,FALSE,FALSE
9142,treatment,2026-06-05,8,35,0.5,7,34.285714285714285,0.42857142857142855,TRUE,TRUE
9143,control,2026-06-02,4,29.5,0.5,4,29.5,0.5,TRUE,TRUE
9144,treatment,2026-06-01,3,37.7,0.333,3,37.666666666666664,0.3333333333333333,TRUE,TRUE
9145,treatment,2026-06-01,3,49,0.333,3,49,0.3333333333333333,TRUE,TRUE
9146,control,2026-06-02,1,39,1,1,39,1,TRUE,TRUE
9147,treatment,2026-06-04,4,33.8,0.75,4,33.75,0.75,TRUE,TRUE
9148,treatment,2026-06-04,4,58.2,0.25,3,68.66666666666667,0.3333333333333333,TRUE,TRUE
9149,control,2026-06-04,1,24,0,0,NA,NA,FALSE,TRUE
9150,treatment,2026-06-02,1,34,0,1,34,0,TRUE,TRUE
9151,treatment,2026-06-01,4,42.2,0.5,4,42.25,0.5,TRUE,TRUE
9152,treatment,2026-06-05,0,NA,NA,0,NA,NA,FALSE,FALSE
9153,treatment,2026-06-03,4,45.8,0.75,4,45.75,0.75,TRUE,TRUE
9154,treatment,2026-06-02,4,66,0.25,4,66,0.25,TRUE,TRUE
9155,treatment,2026-06-01,1,38,1,1,38,1,TRUE,TRUE
9156,control,2026-06-05,7,32.4,0.571,6,30.5,0.5,TRUE,TRUE
9157,treatment,2026-06-03,0,NA,NA,0,NA,NA,FALSE,FALSE
9158,control,2026-06-05,1,24,1,1,24,1,TRUE,TRUE
9159,treatment,2026-06-02,2,56.5,1,2,56.5,1,TRUE,TRUE
9160,treatment,2026-06-03,6,52.2,0.833,5,56.6,0.8,TRUE,TRUE
9161,treatment,2026-06-02,4,66.2,1,4,66.25,1,TRUE,TRUE
9162,control,2026-06-03,3,26,0.333,3,26,0.3333333333333333,TRUE,TRUE
9163,control,2026-06-02,3,37.7,1,3,37.666666666666664,1,TRUE,TRUE
9164,treatment,2026-06-02,0,NA,NA,0,NA,NA,FALSE,FALSE
9165,treatment,2026-06-01,5,40.6,0.6,5,40.6,0.6,TRUE,TRUE
9166,treatment,2026-06-05,6,55.3,0.667,6,55.333333333333336,0.6666666666666666,TRUE,TRUE
9167,treatment,2026-06-02,4,32.2,0.5,4,32.25,0.5,TRUE,TRUE
9168,treatment,2026-06-05,11,58.6,0.909,11,58.63636363636363,0.9090909090909091,TRUE,TRUE
9169,control,2026-06-01,2,31.5,1,2,31.5,1,TRUE,TRUE
9170,treatment,2026-06-01,5,48,1,5,48,1,TRUE,TRUE
9171,treatment,2026-06-05,4,38.8,0.75,4,38.75,0.75,TRUE,TRUE
9172,treatment,2026-06-05,2,23,0.5,2,23,0.5,TRUE,TRUE
9173,control,2026-06-01,1,25,1,1,25,1,TRUE,TRUE
9174,treatment,2026-06-03,5,46.8,0.8,5,46.8,0.8,TRUE,TRUE
9175,treatment,2026-06-01,3,31,0.667,3,31,0.6666666666666666,TRUE,TRUE
9176,treatment,2026-06-02,1,79,0,1,79,0,TRUE,TRUE
9177,treatment,2026-06-03,6,65.2,0.833,6,65.16666666666667,0.8333333333333334,TRUE,TRUE
9178,control,2026-06-01,4,40.5,0.5,4,40.5,0.5,TRUE,TRUE
9179,control,2026-06-04,2,33,0.5,2,33,0.5,TRUE,TRUE
9180,control,2026-06-04,4,31.8,1,4,31.75,1,TRUE,TRUE
9181,control,2026-06-01,4,40.5,0.5,4,40.5,0.5,TRUE,TRUE
9182,treatment,2026-06-04,0,NA,NA,0,NA,NA,FALSE,FALSE
9183,control,2026-06-02,2,17.5,0,2,17.5,0,TRUE,TRUE
9184,treatment,2026-06-05,2,70.5,0.5,2,70.5,0.5,TRUE,TRUE
9185,control,2026-06-02,0,NA,NA,0,NA,NA,FALSE,FALSE
9186,control,2026-06-02,2,23.5,0.5,2,23.5,0.5,TRUE,TRUE
9187,treatment,2026-06-02,1,25,1,1,25,1,TRUE,TRUE
9188,control,2026-06-01,1,23,0,1,23,0,TRUE,TRUE
9189,control,2026-06-02,1,33,1,1,33,1,TRUE,TRUE
9190,treatment,2026-06-02,2,47.5,1,2,47.5,1,TRUE,TRUE
9191,control,2026-06-04,0,NA,NA,0,NA,NA,FALSE,FALSE
9192,treatment,2026-06-05,6,34.3,0.833,6,34.333333333333336,0.8333333333333334,TRUE,TRUE
9193,treatment,2026-06-05,0,NA,NA,0,NA,NA,FALSE,FALSE
9194,control,2026-06-02,1,26,0,1,26,0,TRUE,TRUE
9195,treatment,2026-06-05,0,NA,NA,0,NA,NA,FALSE,FALSE
9196,treatment,2026-06-01,3,44.7,0.667,3,44.666666666666664,0.6666666666666666,TRUE,TRUE
9197,control,2026-06-05,8,38.4,0.5,8,38.375,0.5,TRUE,TRUE
9198,treatment,2026-06-05,1,46,1,1,46,1,TRUE,TRUE
9199,control,2026-06-03,3,19.3,0.333,3,19.333333333333332,0.3333333333333333,TRUE,TRUE
9200,treatment,2026-06-04,6,48.7,0.833,6,48.666666666666664,0.8333333333333334,TRUE,TRUE
9201,treatment,2026-06-03,5,73,0.8,5,73,0.8,TRUE,TRUE
9202,treatment,2026-06-01,3,55.3,1,3,55.333333333333336,1,TRUE,TRUE
9203,treatment,2026-06-04,3,64,1,3,64,1,TRUE,TRUE
9204,treatment,2026-06-01,4,40.2,0.75,4,40.25,0.75,TRUE,TRUE
9205,treatment,2026-06-01,4,61.8,0.75,4,61.75,0.75,TRUE,TRUE
9206,treatment,2026-06-05,3,41.7,0.333,3,41.666666666666664,0.3333333333333333,TRUE,TRUE
9207,treatment,2026-06-02,1,46,1,1,46,1,TRUE,TRUE
9208,treatment,2026-06-05,0,NA,NA,0,NA,NA,FALSE,FALSE
9209,treatment,2026-06-05,0,NA,NA,0,NA,NA,FALSE,FALSE
9210,treatment,2026-06-05,3,20,0.667,3,20,0.6666666666666666,TRUE,TRUE
9211,control,2026-06-04,2,26,0.5,2,26,0.5,TRUE,TRUE
9212,control,2026-06-05,5,28.4,0.6,5,28.4,0.6,TRUE,TRUE
9213,treatment,2026-06-01,11,46.5,0.636,11,46.45454545454545,0.6363636363636364,TRUE,TRUE
9214,treatment,2026-06-01,2,56.5,1,2,56.5,1,TRUE,TRUE
9215,treatment,2026-06-05,1,20,0,1,20,0,TRUE,TRUE
9216,control,2026-06-03,1,22,0,1,22,0,TRUE,TRUE
9217,treatment,2026-06-02,3,50,0.667,2,41,1,TRUE,TRUE
9218,treatment,2026-06-01,1,51,1,1,51,1,TRUE,TRUE
9219,treatment,2026-06-04,3,40.3,0.667,3,40.333333333333336,0.6666666666666666,TRUE,TRUE
9220,treatment,2026-06-01,0,NA,NA,0,NA,NA,FALSE,FALSE
9221,control,2026-06-05,1,49,1,1,49,1,TRUE,TRUE
9222,treatment,2026-06-04,2,19.5,0.5,2,19.5,0.5,TRUE,TRUE
9223,treatment,2026-06-03,1,54,1,1,54,1,TRUE,TRUE
9224,treatment,2026-06-05,1,43,1,1,43,1,TRUE,TRUE
9225,treatment,2026-06-04,0,NA,NA,0,NA,NA,FALSE,FALSE
9226,control,2026-06-04,3,17.7,0.667,2,15,0.5,TRUE,TRUE
9227,treatment,2026-06-05,0,NA,NA,0,NA,NA,FALSE,FALSE
9228,control,2026-06-03,2,30,1,2,30,1,TRUE,TRUE
9229,control,2026-06-03,4,27.5,0.75,4,27.5,0.75,TRUE,TRUE
9230,treatment,2026-06-04,8,65.5,0.875,8,65.5,0.875,TRUE,TRUE
9231,treatment,2026-06-01,1,70,1,1,70,1,TRUE,TRUE
9232,treatment,2026-06-04,4,46.5,0.5,4,46.5,0.5,TRUE,TRUE
9233,control,2026-06-02,2,44,0.5,2,44,0.5,TRUE,TRUE
9234,treatment,2026-06-04,1,41,1,1,41,1,TRUE,TRUE
9235,treatment,2026-06-02,4,31.2,0.25,4,31.25,0.25,TRUE,TRUE
9236,treatment,2026-06-03,2,48.5,1,2,48.5,1,TRUE,TRUE
9237,treatment,2026-06-03,1,63,0,1,63,0,TRUE,TRUE
9238,treatment,2026-06-03,3,44,0.667,3,44,0.6666666666666666,TRUE,TRUE
9239,treatment,2026-06-03,7,39.9,0.714,7,39.857142857142854,0.7142857142857143,TRUE,TRUE
9240,treatment,2026-06-03,10,49.1,0.8,10,49.1,0.8,TRUE,TRUE
9241,control,2026-06-03,3,19.7,0.667,3,19.666666666666668,0.6666666666666666,TRUE,TRUE
9242,control,2026-06-02,3,22,1,3,22,1,TRUE,TRUE
9243,control,2026-06-05,0,NA,NA,0,NA,NA,FALSE,FALSE
9244,control,2026-06-03,0,NA,NA,0,NA,NA,FALSE,FALSE
9245,control,2026-06-03,5,25.2,0.6,5,25.2,0.6,TRUE,TRUE
9246,control,2026-06-02,6,27.3,0.667,5,26.6,0.8,TRUE,TRUE
9247,control,2026-06-03,2,21,0.5,2,21,0.5,TRUE,TRUE
9248,treatment,2026-06-02,11,46.7,0.364,10,50.2,0.4,TRUE,TRUE
9249,control,2026-06-05,2,38,1,2,38,1,TRUE,TRUE
9250,control,2026-06-04,7,36.1,0.857,7,36.142857142857146,0.8571428571428571,TRUE,TRUE
9251,control,2026-06-02,0,NA,NA,0,NA,NA,FALSE,FALSE
9252,treatment,2026-06-01,14,38.8,0.571,14,38.785714285714285,0.5714285714285714,TRUE,TRUE
9253,control,2026-06-03,1,19,1,1,19,1,TRUE,TRUE
9254,treatment,2026-06-02,5,62,0.8,5,62,0.8,TRUE,TRUE
9255,treatment,2026-06-04,1,52,1,1,52,1,TRUE,TRUE
9256,treatment,2026-06-04,2,64.5,1,2,64.5,1,TRUE,TRUE
9257,treatment,2026-06-04,2,70,0.5,2,70,0.5,TRUE,TRUE
9258,treatment,2026-06-02,1,39,1,1,39,1,TRUE,TRUE
9259,treatment,2026-06-01,2,28,0,2,28,0,TRUE,TRUE
9260,treatment,2026-06-01,10,47.8,1,10,47.8,1,TRUE,TRUE
9261,treatment,2026-06-03,1,24,1,1,24,1,TRUE,TRUE
9262,control,2026-06-01,3,24,1,3,24,1,TRUE,TRUE
9263,control,2026-06-04,8,38.8,0.625,7,39.142857142857146,0.5714285714285714,TRUE,TRUE
9264,treatment,2026-06-04,2,38.5,0.5,1,23,0,TRUE,TRUE
9265,control,2026-06-02,7,28.1,0.429,7,28.142857142857142,0.42857142857142855,TRUE,TRUE
9266,treatment,2026-06-05,2,85,1,1,30,1,TRUE,TRUE
9267,treatment,2026-06-03,1,58,1,1,58,1,TRUE,TRUE
9268,treatment,2026-06-05,4,41.5,1,4,41.5,1,TRUE,TRUE
9269,control,2026-06-03,1,42,0,1,42,0,TRUE,TRUE
9270,control,2026-06-03,6,29.2,0.833,6,29.166666666666668,0.8333333333333334,TRUE,TRUE
9271,control,2026-06-03,1,20,0,1,20,0,TRUE,TRUE
9272,treatment,2026-06-02,1,29,1,1,29,1,TRUE,TRUE
9273,treatment,2026-06-03,1,23,0,1,23,0,TRUE,TRUE
9274,treatment,2026-06-03,1,31,0,1,31,0,TRUE,TRUE
9275,treatment,2026-06-04,4,46,0.75,4,46,0.75,TRUE,TRUE
9276,treatment,2026-06-04,2,30,0.5,2,30,0.5,TRUE,TRUE
9277,control,2026-06-04,0,NA,NA,0,NA,NA,FALSE,FALSE
9278,control,2026-06-05,2,66.5,0.5,1,98,1,TRUE,TRUE
9279,treatment,2026-06-03,5,31.2,0.6,5,31.2,0.6,TRUE,TRUE
9280,treatment,2026-06-05,3,66,0,3,66,0,TRUE,TRUE
9281,treatment,2026-06-03,4,56,0.5,4,56,0.5,TRUE,TRUE
9282,treatment,2026-06-01,3,38.3,1,3,38.333333333333336,1,TRUE,TRUE
9283,control,2026-06-03,3,27.3,0.667,3,27.333333333333332,0.6666666666666666,TRUE,TRUE
9284,control,2026-06-01,0,NA,NA,0,NA,NA,FALSE,FALSE
9285,control,2026-06-05,3,31.3,0.667,2,38.5,0.5,TRUE,TRUE
9286,treatment,2026-06-01,1,28,1,1,28,1,TRUE,TRUE
9287,control,2026-06-03,0,NA,NA,0,NA,NA,FALSE,FALSE
9288,treatment,2026-06-02,8,41,0.75,8,41,0.75,TRUE,TRUE
9289,treatment,2026-06-05,1,46,1,1,46,1,TRUE,TRUE
9290,control,2026-06-04,0,NA,NA,0,NA,NA,FALSE,FALSE
9291,treatment,2026-06-05,5,65.8,0.8,5,65.8,0.8,TRUE,TRUE
9292,treatment,2026-06-02,14,37.9,0.429,14,37.92857142857143,0.42857142857142855,TRUE,TRUE
9293,treatment,2026-06-04,1,64,1,1,64,1,TRUE,TRUE
9294,control,2026-06-05,0,NA,NA,0,NA,NA,FALSE,FALSE
9295,control,2026-06-04,0,NA,NA,0,NA,NA,FALSE,FALSE
9296,control,2026-06-04,1,30,0,1,30,0,TRUE,TRUE
9297,treatment,2026-06-03,4,55,0.75,4,55,0.75,TRUE,TRUE
9298,treatment,2026-06-04,3,56.7,1,3,56.666666666666664,1,TRUE,TRUE
9299,treatment,2026-06-01,1,48,1,1,48,1,TRUE,TRUE
9300,treatment,2026-06-04,7,39.9,0.857,7,39.857142857142854,0.8571428571428571,TRUE,TRUE
9301,control,2026-06-03,8,30.6,0.625,8,30.625,0.625,TRUE,TRUE
9302,control,2026-06-04,2,41,0.5,2,41,0.5,TRUE,TRUE
9303,treatment,2026-06-05,0,NA,NA,0,NA,NA,FALSE,FALSE
9304,control,2026-06-03,2,33.5,1,2,33.5,1,TRUE,TRUE
9305,treatment,2026-06-01,1,33,1,1,33,1,TRUE,TRUE
9306,control,2026-06-04,1,18,1,1,18,1,TRUE,TRUE
9307,treatment,2026-06-04,3,39.7,1,3,39.666666666666664,1,TRUE,TRUE
9308,treatment,2026-06-01,5,37.4,0.4,5,37.4,0.4,TRUE,TRUE
9309,treatment,2026-06-03,1,20,1,1,20,1,TRUE,TRUE
9310,treatment,2026-06-04,2,51.5,1,2,51.5,1,TRUE,TRUE
9311,control,2026-06-03,1,30,1,1,30,1,TRUE,TRUE
9312,control,2026-06-04,5,28.4,0.8,5,28.4,0.8,TRUE,TRUE
9313,treatment,2026-06-05,1,62,1,1,62,1,TRUE,TRUE
9314,control,2026-06-03,4,60.2,0.25,4,60.25,0.25,TRUE,TRUE
9315,treatment,2026-06-04,3,39.3,0.667,3,39.333333333333336,0.6666666666666666,TRUE,TRUE
9316,treatment,2026-06-01,0,NA,NA,0,NA,NA,FALSE,FALSE
9317,treatment,2026-06-05,2,65,0.5,2,65,0.5,TRUE,TRUE
9318,treatment,2026-06-03,1,36,1,1,36,1,TRUE,TRUE
9319,treatment,2026-06-02,14,50.4,0.643,14,50.357142857142854,0.6428571428571429,TRUE,TRUE
9320,control,2026-06-03,7,31.6,0.857,7,31.571428571428573,0.8571428571428571,TRUE,TRUE
9321,control,2026-06-01,3,30.3,1,3,30.333333333333332,1,TRUE,TRUE
9322,treatment,2026-06-04,2,60,0.5,2,60,0.5,TRUE,TRUE
9323,treatment,2026-06-03,3,51,0.333,3,51,0.3333333333333333,TRUE,TRUE
9324,control,2026-06-01,2,35,0.5,2,35,0.5,TRUE,TRUE
9325,control,2026-06-01,1,32,1,1,32,1,TRUE,TRUE
9326,treatment,2026-06-04,3,43,0.667,3,43,0.6666666666666666,TRUE,TRUE
9327,control,2026-06-01,4,21,0.25,4,21,0.25,TRUE,TRUE
9328,control,2026-06-05,1,31,0,1,31,0,TRUE,TRUE
9329,control,2026-06-04,2,31,0.5,0,NA,NA,FALSE,TRUE
9330,control,2026-06-04,2,61.5,1,1,85,1,TRUE,TRUE
9331,treatment,2026-06-03,0,NA,NA,0,NA,NA,FALSE,FALSE
9332,control,2026-06-05,1,23,1,1,23,1,TRUE,TRUE
9333,treatment,2026-06-03,2,38.5,0.5,2,38.5,0.5,TRUE,TRUE
9334,treatment,2026-06-01,2,53,1,2,53,1,TRUE,TRUE
9335,treatment,2026-06-01,2,37.5,1,2,37.5,1,TRUE,TRUE
9336,control,2026-06-02,4,32.8,0.75,4,32.75,0.75,TRUE,TRUE
9337,treatment,2026-06-03,2,44.5,1,2,44.5,1,TRUE,TRUE
9338,control,2026-06-04,6,36.3,0.5,6,36.333333333333336,0.5,TRUE,TRUE
9339,treatment,2026-06-05,4,46,0.75,4,46,0.75,TRUE,TRUE
9340,control,2026-06-03,5,21.2,0.8,5,21.2,0.8,TRUE,TRUE
9341,control,2026-06-04,1,41,0,1,41,0,TRUE,TRUE
9342,control,2026-06-03,2,27,0.5,2,27,0.5,TRUE,TRUE
9343,treatment,2026-06-05,3,57.7,1,3,57.666666666666664,1,TRUE,TRUE
9344,control,2026-06-03,4,30.2,0.75,4,30.25,0.75,TRUE,TRUE
9345,treatment,2026-06-04,5,61.4,0.8,5,61.4,0.8,TRUE,TRUE
9346,treatment,2026-06-03,2,42,0.5,2,42,0.5,TRUE,TRUE
9347,control,2026-06-05,0,NA,NA,0,NA,NA,FALSE,FALSE
9348,treatment,2026-06-03,1,26,1,1,26,1,TRUE,TRUE
9349,control,2026-06-02,4,27.5,0.25,4,27.5,0.25,TRUE,TRUE
9350,control,2026-06-03,3,28.3,0.667,3,28.333333333333332,0.6666666666666666,TRUE,TRUE
9351,control,2026-06-03,1,35,1,1,35,1,TRUE,TRUE
9352,treatment,2026-06-02,4,53.5,1,4,53.5,1,TRUE,TRUE
9353,treatment,2026-06-04,9,36.7,0.556,9,36.666666666666664,0.5555555555555556,TRUE,TRUE
9354,control,2026-06-01,1,22,0,1,22,0,TRUE,TRUE
9355,treatment,2026-06-05,4,65.5,0.75,4,65.5,0.75,TRUE,TRUE
9356,control,2026-06-05,12,26,0.417,11,27.272727272727273,0.45454545454545453,TRUE,TRUE
9357,control,2026-06-04,2,43,1,2,43,1,TRUE,TRUE
9358,control,2026-06-03,4,33.8,0.75,4,33.75,0.75,TRUE,TRUE
9359,control,2026-06-05,4,22.5,0.25,4,22.5,0.25,TRUE,TRUE
9360,treatment,2026-06-02,5,58.4,0.6,5,58.4,0.6,TRUE,TRUE
9361,treatment,2026-06-02,1,25,1,1,25,1,TRUE,TRUE
9362,control,2026-06-02,2,36.5,1,2,36.5,1,TRUE,TRUE
9363,treatment,2026-06-03,2,72,1,2,72,1,TRUE,TRUE
9364,control,2026-06-03,0,NA,NA,0,NA,NA,FALSE,FALSE
9365,control,2026-06-03,1,40,1,1,40,1,TRUE,TRUE
9366,treatment,2026-06-05,5,60,0.8,5,60,0.8,TRUE,TRUE
9367,treatment,2026-06-05,1,24,0,1,24,0,TRUE,TRUE
9368,control,2026-06-04,6,34.8,0.833,6,34.833333333333336,0.8333333333333334,TRUE,TRUE
9369,treatment,2026-06-05,5,69,0.8,5,69,0.8,TRUE,TRUE
9370,control,2026-06-04,3,25.7,1,3,25.666666666666668,1,TRUE,TRUE
9371,treatment,2026-06-03,3,39.3,0.667,2,27.5,0.5,TRUE,TRUE
9372,treatment,2026-06-04,2,24.5,0.5,2,24.5,0.5,TRUE,TRUE
9373,treatment,2026-06-03,2,32.5,0,2,32.5,0,TRUE,TRUE
9374,control,2026-06-04,1,62,1,1,62,1,TRUE,TRUE
9375,control,2026-06-01,3,34.3,1,3,34.333333333333336,1,TRUE,TRUE
9376,control,2026-06-05,1,6,0,1,6,0,TRUE,TRUE
9377,treatment,2026-06-02,1,62,1,1,62,1,TRUE,TRUE
9378,treatment,2026-06-01,5,49.2,1,5,49.2,1,TRUE,TRUE
9379,treatment,2026-06-01,5,54.2,0.8,5,54.2,0.8,TRUE,TRUE
9380,treatment,2026-06-03,6,34.2,0.833,6,34.166666666666664,0.8333333333333334,TRUE,TRUE
9381,control,2026-06-02,1,12,1,1,12,1,TRUE,TRUE
9382,treatment,2026-06-05,3,71,0.667,2,85,0.5,TRUE,TRUE
9383,control,2026-06-05,2,27,1,2,27,1,TRUE,TRUE
9384,control,2026-06-02,8,23.6,0.625,8,23.625,0.625,TRUE,TRUE
9385,treatment,2026-06-01,1,46,0,1,46,0,TRUE,TRUE
9386,control,2026-06-05,2,30,1,2,30,1,TRUE,TRUE
9387,control,2026-06-05,1,42,1,1,42,1,TRUE,TRUE
9388,treatment,2026-06-04,1,22,0,1,22,0,TRUE,TRUE
9389,control,2026-06-02,0,NA,NA,0,NA,NA,FALSE,FALSE
9390,control,2026-06-01,5,29.2,0.6,5,29.2,0.6,TRUE,TRUE
9391,treatment,2026-06-01,0,NA,NA,0,NA,NA,FALSE,FALSE
9392,control,2026-06-01,0,NA,NA,0,NA,NA,FALSE,FALSE
9393,control,2026-06-03,2,21.5,1,2,21.5,1,TRUE,TRUE
9394,control,2026-06-03,0,NA,NA,0,NA,NA,FALSE,FALSE
9395,treatment,2026-06-04,1,40,1,1,40,1,TRUE,TRUE
9396,control,2026-06-05,6,36,0.333,5,36,0.2,TRUE,TRUE
9397,control,2026-06-04,3,44.3,0.667,2,58,1,TRUE,TRUE
9398,control,2026-06-05,3,47.7,0.333,2,46.5,0,TRUE,TRUE
9399,treatment,2026-06-01,2,47,1,2,47,1,TRUE,TRUE
9400,control,2026-06-02,2,23.5,0.5,2,23.5,0.5,TRUE,TRUE
9401,control,2026-06-05,3,23.3,1,3,23.333333333333332,1,TRUE,TRUE
9402,treatment,2026-06-01,4,53,0.75,4,53,0.75,TRUE,TRUE
9403,treatment,2026-06-01,2,41,1,2,41,1,TRUE,TRUE
9404,treatment,2026-06-04,3,33.7,0.667,2,36,1,TRUE,TRUE
9405,control,2026-06-01,6,26.7,1,6,26.666666666666668,1,TRUE,TRUE
9406,control,2026-06-02,4,37.8,0.75,4,37.75,0.75,TRUE,TRUE
9407,treatment,2026-06-01,4,39.8,1,4,39.75,1,TRUE,TRUE
9408,control,2026-06-03,4,26.5,0.75,3,31,0.6666666666666666,TRUE,TRUE
9409,control,2026-06-01,1,29,1,1,29,1,TRUE,TRUE
9410,treatment,2026-06-02,3,44.7,1,3,44.666666666666664,1,TRUE,TRUE
9411,control,2026-06-03,6,30.5,0.5,6,30.5,0.5,TRUE,TRUE
9412,treatment,2026-06-03,1,28,1,1,28,1,TRUE,TRUE
9413,treatment,2026-06-01,3,57.3,0.333,3,57.333333333333336,0.3333333333333333,TRUE,TRUE
9414,treatment,2026-06-05,2,52,0.5,2,52,0.5,TRUE,TRUE
9415,control,2026-06-01,7,46.9,0.714,7,46.857142857142854,0.7142857142857143,TRUE,TRUE
9416,control,2026-06-05,2,28.5,0.5,2,28.5,0.5,TRUE,TRUE
9417,treatment,2026-06-01,0,NA,NA,0,NA,NA,FALSE,FALSE
9418,treatment,2026-06-03,1,19,0,1,19,0,TRUE,TRUE
9419,control,2026-06-04,1,27,1,1,27,1,TRUE,TRUE
9420,control,2026-06-02,1,36,1,1,36,1,TRUE,TRUE
9421,control,2026-06-01,4,30.5,0.75,4,30.5,0.75,TRUE,TRUE
9422,control,2026-06-01,3,15.3,0.333,3,15.333333333333334,0.3333333333333333,TRUE,TRUE
9423,control,2026-06-01,0,NA,NA,0,NA,NA,FALSE,FALSE
9424,control,2026-06-03,5,47.6,0.6,5,47.6,0.6,TRUE,TRUE
9425,treatment,2026-06-01,2,30.5,1,2,30.5,1,TRUE,TRUE
9426,treatment,2026-06-04,5,39,0.2,5,39,0.2,TRUE,TRUE
9427,treatment,2026-06-04,1,43,0,1,43,0,TRUE,TRUE
9428,treatment,2026-06-04,0,NA,NA,0,NA,NA,FALSE,FALSE
9429,control,2026-06-02,2,46.5,1,2,46.5,1,TRUE,TRUE
9430,treatment,2026-06-03,4,37.2,1,4,37.25,1,TRUE,TRUE
9431,control,2026-06-01,3,27,0.667,3,27,0.6666666666666666,TRUE,TRUE
9432,control,2026-06-01,5,29.6,0.6,5,29.6,0.6,TRUE,TRUE
9433,control,2026-06-01,2,49,1,2,49,1,TRUE,TRUE
9434,control,2026-06-03,9,27.3,0.556,9,27.333333333333332,0.5555555555555556,TRUE,TRUE
9435,control,2026-06-01,6,45.5,0.833,6,45.5,0.8333333333333334,TRUE,TRUE
9436,control,2026-06-02,3,30.3,0.333,3,30.333333333333332,0.3333333333333333,TRUE,TRUE
9437,control,2026-06-04,13,26.6,0.538,12,25.416666666666668,0.5833333333333334,TRUE,TRUE
9438,treatment,2026-06-01,2,28.5,0.5,2,28.5,0.5,TRUE,TRUE
9439,control,2026-06-01,3,46,1,3,46,1,TRUE,TRUE
9440,control,2026-06-04,6,42,1,5,38,1,TRUE,TRUE
9441,control,2026-06-04,3,29.3,1,3,29.333333333333332,1,TRUE,TRUE
9442,control,2026-06-04,3,19.7,1,3,19.666666666666668,1,TRUE,TRUE
9443,treatment,2026-06-01,2,37.5,1,2,37.5,1,TRUE,TRUE
9444,control,2026-06-03,2,28,1,1,23,1,TRUE,TRUE
9445,control,2026-06-02,3,18,0.667,3,18,0.6666666666666666,TRUE,TRUE
9446,treatment,2026-06-05,2,59.5,0,2,59.5,0,TRUE,TRUE
9447,treatment,2026-06-03,4,40,1,4,40,1,TRUE,TRUE
9448,treatment,2026-06-04,0,NA,NA,0,NA,NA,FALSE,FALSE
9449,treatment,2026-06-03,4,42,1,4,42,1,TRUE,TRUE
9450,treatment,2026-06-03,8,35.6,0.5,8,35.625,0.5,TRUE,TRUE
9451,control,2026-06-01,2,15,0.5,2,15,0.5,TRUE,TRUE
9452,control,2026-06-05,1,24,1,1,24,1,TRUE,TRUE
9453,treatment,2026-06-02,2,42.5,1,2,42.5,1,TRUE,TRUE
9454,treatment,2026-06-01,6,42.3,0.667,6,42.333333333333336,0.6666666666666666,TRUE,TRUE
9455,control,2026-06-04,5,47.6,0.6,5,47.6,0.6,TRUE,TRUE
9456,control,2026-06-05,3,28,1,3,28,1,TRUE,TRUE
9457,control,2026-06-04,6,20.3,0.833,6,20.333333333333332,0.8333333333333334,TRUE,TRUE
9458,control,2026-06-04,3,61.7,1,3,61.666666666666664,1,TRUE,TRUE
9459,treatment,2026-06-03,6,50.3,0.833,5,44.6,0.8,TRUE,TRUE
9460,control,2026-06-02,2,33,1,2,33,1,TRUE,TRUE
9461,control,2026-06-05,6,36.5,0.833,6,36.5,0.8333333333333334,TRUE,TRUE
9462,control,2026-06-04,0,NA,NA,0,NA,NA,FALSE,FALSE
9463,treatment,2026-06-05,2,36,0.5,2,36,0.5,TRUE,TRUE
9464,treatment,2026-06-04,2,54,1,2,54,1,TRUE,TRUE
9465,control,2026-06-02,1,43,1,1,43,1,TRUE,TRUE
9466,treatment,2026-06-04,2,61.5,0.5,1,24,1,TRUE,TRUE
9467,treatment,2026-06-01,2,59.5,0.5,2,59.5,0.5,TRUE,TRUE
9468,treatment,2026-06-01,0,NA,NA,0,NA,NA,FALSE,FALSE
9469,control,2026-06-05,3,26.7,0.333,3,26.666666666666668,0.3333333333333333,TRUE,TRUE
9470,treatment,2026-06-02,1,41,1,1,41,1,TRUE,TRUE
9471,treatment,2026-06-03,6,58,0.5,5,57.6,0.6,TRUE,TRUE
9472,control,2026-06-05,1,47,1,1,47,1,TRUE,TRUE
9473,control,2026-06-05,16,46,0.75,15,47,0.8,TRUE,TRUE
9474,treatment,2026-06-04,4,55,0.75,4,55,0.75,TRUE,TRUE
9475,control,2026-06-02,1,14,1,1,14,1,TRUE,TRUE
9476,treatment,2026-06-03,4,55.5,0.75,4,55.5,0.75,TRUE,TRUE
9477,control,2026-06-02,2,25.5,0.5,2,25.5,0.5,TRUE,TRUE
9478,treatment,2026-06-03,1,24,1,1,24,1,TRUE,TRUE
9479,treatment,2026-06-05,0,NA,NA,0,NA,NA,FALSE,FALSE
9480,treatment,2026-06-03,7,41.4,0.714,7,41.42857142857143,0.7142857142857143,TRUE,TRUE
9481,treatment,2026-06-01,9,39.7,0.556,9,39.666666666666664,0.5555555555555556,TRUE,TRUE
9482,control,2026-06-01,0,NA,NA,0,NA,NA,FALSE,FALSE
9483,control,2026-06-02,2,40,0.5,2,40,0.5,TRUE,TRUE
9484,control,2026-06-01,4,25,0.5,4,25,0.5,TRUE,TRUE
9485,control,2026-06-05,2,18,0.5,2,18,0.5,TRUE,TRUE
9486,treatment,2026-06-05,4,55.8,0.75,4,55.75,0.75,TRUE,TRUE
9487,treatment,2026-06-02,1,43,1,1,43,1,TRUE,TRUE
9488,treatment,2026-06-02,7,40,0.714,7,40,0.7142857142857143,TRUE,TRUE
9489,control,2026-06-05,3,22,1,3,22,1,TRUE,TRUE
9490,treatment,2026-06-05,6,40.8,0.667,6,40.833333333333336,0.6666666666666666,TRUE,TRUE
9491,treatment,2026-06-05,4,55.2,1,4,55.25,1,TRUE,TRUE
9492,treatment,2026-06-02,9,54.8,0.778,9,54.77777777777778,0.7777777777777778,TRUE,TRUE
9493,control,2026-06-01,3,28.7,0.667,3,28.666666666666668,0.6666666666666666,TRUE,TRUE
9494,treatment,2026-06-03,0,NA,NA,0,NA,NA,FALSE,FALSE
9495,control,2026-06-01,0,NA,NA,0,NA,NA,FALSE,FALSE
9496,treatment,2026-06-03,4,31.8,0.5,4,31.75,0.5,TRUE,TRUE
9497,treatment,2026-06-03,1,63,1,1,63,1,TRUE,TRUE
9498,treatment,2026-06-04,9,41.1,0.556,8,39.75,0.5,TRUE,TRUE
9499,control,2026-06-01,6,34.2,0.5,6,34.166666666666664,0.5,TRUE,TRUE
9500,treatment,2026-06-04,1,44,1,1,44,1,TRUE,TRUE
9501,treatment,2026-06-03,2,43.5,0.5,2,43.5,0.5,TRUE,TRUE
9502,control,2026-06-05,2,33,0.5,1,28,0,TRUE,TRUE
9503,treatment,2026-06-02,6,44.7,0.5,6,44.666666666666664,0.5,TRUE,TRUE
9504,control,2026-06-03,3,37,0.667,3,37,0.6666666666666666,TRUE,TRUE
9505,control,2026-06-01,0,NA,NA,0,NA,NA,FALSE,FALSE
9506,treatment,2026-06-03,5,44,0.4,5,44,0.4,TRUE,TRUE
9507,treatment,2026-06-03,5,46.4,0.2,5,46.4,0.2,TRUE,TRUE
9508,control,2026-06-01,5,34,0.4,5,34,0.4,TRUE,TRUE
9509,treatment,2026-06-02,2,53.5,0,2,53.5,0,TRUE,TRUE
9510,treatment,2026-06-04,3,79,0.667,3,79,0.6666666666666666,TRUE,TRUE
9511,control,2026-06-03,1,31,1,1,31,1,TRUE,TRUE
9512,treatment,2026-06-01,1,15,0,1,15,0,TRUE,TRUE
9513,treatment,2026-06-01,4,78.2,1,4,78.25,1,TRUE,TRUE
9514,treatment,2026-06-04,1,33,1,1,33,1,TRUE,TRUE
9515,control,2026-06-02,2,27.5,1,2,27.5,1,TRUE,TRUE
9516,control,2026-06-02,5,51.8,0.8,5,51.8,0.8,TRUE,TRUE
9517,treatment,2026-06-02,2,32.5,1,2,32.5,1,TRUE,TRUE
9518,control,2026-06-01,8,25.8,0.625,8,25.75,0.625,TRUE,TRUE
9519,treatment,2026-06-04,13,59.5,0.538,12,62.25,0.5833333333333334,TRUE,TRUE
9520,treatment,2026-06-02,0,NA,NA,0,NA,NA,FALSE,FALSE
9521,treatment,2026-06-05,3,42.7,0.667,3,42.666666666666664,0.6666666666666666,TRUE,TRUE
9522,control,2026-06-05,2,38,0.5,2,38,0.5,TRUE,TRUE
9523,control,2026-06-01,3,24.3,1,3,24.333333333333332,1,TRUE,TRUE
9524,control,2026-06-03,3,43,0.667,3,43,0.6666666666666666,TRUE,TRUE
9525,treatment,2026-06-04,1,39,1,1,39,1,TRUE,TRUE
9526,control,2026-06-04,2,34,0,2,34,0,TRUE,TRUE
9527,treatment,2026-06-04,2,34.5,0.5,2,34.5,0.5,TRUE,TRUE
9528,control,2026-06-04,6,36.2,0.833,6,36.166666666666664,0.8333333333333334,TRUE,TRUE
9529,control,2026-06-03,2,25,0.5,2,25,0.5,TRUE,TRUE
9530,control,2026-06-04,2,23,0,1,29,0,TRUE,TRUE
9531,control,2026-06-02,5,33.2,0.8,5,33.2,0.8,TRUE,TRUE
9532,treatment,2026-06-04,3,78.7,0.667,3,78.66666666666667,0.6666666666666666,TRUE,TRUE
9533,control,2026-06-04,5,37.2,0.8,5,37.2,0.8,TRUE,TRUE
9534,control,2026-06-01,2,34,1,2,34,1,TRUE,TRUE
9535,treatment,2026-06-04,2,44.5,1,2,44.5,1,TRUE,TRUE
9536,treatment,2026-06-05,0,NA,NA,0,NA,NA,FALSE,FALSE
9537,control,2026-06-01,0,NA,NA,0,NA,NA,FALSE,FALSE
9538,treatment,2026-06-02,8,58.8,0.75,7,62.142857142857146,0.8571428571428571,TRUE,TRUE
9539,control,2026-06-01,2,38,1,2,38,1,TRUE,TRUE
9540,treatment,2026-06-03,5,66.8,0.6,5,66.8,0.6,TRUE,TRUE
9541,control,2026-06-03,10,32.7,0.5,9,33.77777777777778,0.5555555555555556,TRUE,TRUE
9542,control,2026-06-03,4,27.8,0.5,3,31,0.3333333333333333,TRUE,TRUE
9543,treatment,2026-06-02,1,74,1,0,NA,NA,FALSE,TRUE
9544,treatment,2026-06-04,5,50,0.8,3,52,1,TRUE,TRUE
9545,treatment,2026-06-02,0,NA,NA,0,NA,NA,FALSE,FALSE
9546,control,2026-06-01,2,32,0.5,2,32,0.5,TRUE,TRUE
9547,treatment,2026-06-03,5,48,0.8,4,48.5,0.75,TRUE,TRUE
9548,treatment,2026-06-03,2,49,1,2,49,1,TRUE,TRUE
9549,control,2026-06-02,5,38.6,0.6,5,38.6,0.6,TRUE,TRUE
9550,treatment,2026-06-04,1,121,1,1,121,1,TRUE,TRUE
9551,treatment,2026-06-01,2,45.5,1,2,45.5,1,TRUE,TRUE
9552,treatment,2026-06-04,4,48,0.5,4,48,0.5,TRUE,TRUE
9553,control,2026-06-03,10,34.1,0.8,9,32.77777777777778,0.8888888888888888,TRUE,TRUE
9554,treatment,2026-06-03,7,47,0.571,7,47,0.5714285714285714,TRUE,TRUE
9555,control,2026-06-03,11,30.3,0.727,11,30.272727272727273,0.7272727272727273,TRUE,TRUE
9556,control,2026-06-03,1,120,1,1,120,1,TRUE,TRUE
9557,treatment,2026-06-03,1,41,0,1,41,0,TRUE,TRUE
9558,treatment,2026-06-03,3,64.3,0.667,3,64.33333333333333,0.6666666666666666,TRUE,TRUE
9559,control,2026-06-01,3,34.7,0.667,3,34.666666666666664,0.6666666666666666,TRUE,TRUE
9560,control,2026-06-05,5,31.8,0.6,5,31.8,0.6,TRUE,TRUE
9561,control,2026-06-02,4,33.8,0.75,4,33.75,0.75,TRUE,TRUE
9562,control,2026-06-03,1,32,0,1,32,0,TRUE,TRUE
9563,treatment,2026-06-01,3,24.7,0.333,3,24.666666666666668,0.3333333333333333,TRUE,TRUE
9564,treatment,2026-06-03,2,43,0.5,2,43,0.5,TRUE,TRUE
9565,treatment,2026-06-01,6,32.2,1,6,32.166666666666664,1,TRUE,TRUE
9566,treatment,2026-06-04,3,33.7,1,3,33.666666666666664,1,TRUE,TRUE
9567,treatment,2026-06-04,5,39.2,0.8,5,39.2,0.8,TRUE,TRUE
9568,treatment,2026-06-05,2,45,1,2,45,1,TRUE,TRUE
9569,control,2026-06-05,3,32.3,1,3,32.333333333333336,1,TRUE,TRUE
9570,treatment,2026-06-04,5,48.8,0.4,5,48.8,0.4,TRUE,TRUE
9571,control,2026-06-02,1,48,1,1,48,1,TRUE,TRUE
9572,control,2026-06-01,4,48.8,1,4,48.75,1,TRUE,TRUE
9573,control,2026-06-03,6,29.7,0.833,6,29.666666666666668,0.8333333333333334,TRUE,TRUE
9574,control,2026-06-04,11,39.8,0.455,10,38,0.5,TRUE,TRUE
9575,control,2026-06-05,5,37,0.4,5,37,0.4,TRUE,TRUE
9576,control,2026-06-02,1,49,1,1,49,1,TRUE,TRUE
9577,control,2026-06-01,2,17,1,2,17,1,TRUE,TRUE
9578,control,2026-06-01,1,70,1,1,70,1,TRUE,TRUE
9579,control,2026-06-02,2,40.5,0.5,2,40.5,0.5,TRUE,TRUE
9580,control,2026-06-02,1,55,1,1,55,1,TRUE,TRUE
9581,control,2026-06-03,6,28.2,0.5,6,28.166666666666668,0.5,TRUE,TRUE
9582,control,2026-06-05,2,32.5,0.5,2,32.5,0.5,TRUE,TRUE
9583,treatment,2026-06-05,6,36.5,0.667,6,36.5,0.6666666666666666,TRUE,TRUE
9584,control,2026-06-02,3,54,0.667,2,41,0.5,TRUE,TRUE
9585,control,2026-06-01,6,24.7,0.833,6,24.666666666666668,0.8333333333333334,TRUE,TRUE
9586,treatment,2026-06-04,4,64.5,0.5,4,64.5,0.5,TRUE,TRUE
9587,treatment,2026-06-05,6,36,0.5,4,36.25,0.5,TRUE,TRUE
9588,control,2026-06-01,2,24,0,2,24,0,TRUE,TRUE
9589,control,2026-06-01,6,26.5,1,6,26.5,1,TRUE,TRUE
9590,control,2026-06-04,7,27,0.286,7,27,0.2857142857142857,TRUE,TRUE
9591,treatment,2026-06-01,2,79.5,1,2,79.5,1,TRUE,TRUE
9592,control,2026-06-04,0,NA,NA,0,NA,NA,FALSE,FALSE
9593,treatment,2026-06-02,3,38.7,0.667,3,38.666666666666664,0.6666666666666666,TRUE,TRUE
9594,treatment,2026-06-05,5,61.8,1,5,61.8,1,TRUE,TRUE
9595,treatment,2026-06-03,2,47.5,0,2,47.5,0,TRUE,TRUE
9596,treatment,2026-06-04,0,NA,NA,0,NA,NA,FALSE,FALSE
9597,treatment,2026-06-04,2,31,1,2,31,1,TRUE,TRUE
9598,control,2026-06-01,1,27,0,1,27,0,TRUE,TRUE
9599,control,2026-06-04,0,NA,NA,0,NA,NA,FALSE,FALSE
9600,treatment,2026-06-03,5,42.6,1,5,42.6,1,TRUE,TRUE
9601,control,2026-06-05,7,38.9,0.714,6,34,0.8333333333333334,TRUE,TRUE
9602,treatment,2026-06-05,4,59,0.25,4,59,0.25,TRUE,TRUE
9603,treatment,2026-06-02,8,39.1,0.75,8,39.125,0.75,TRUE,TRUE
9604,treatment,2026-06-01,5,60.8,1,5,60.8,1,TRUE,TRUE
9605,control,2026-06-05,6,35.2,0.5,6,35.166666666666664,0.5,TRUE,TRUE
9606,control,2026-06-02,8,38.4,0.625,8,38.375,0.625,TRUE,TRUE
9607,treatment,2026-06-02,2,20,1,2,20,1,TRUE,TRUE
9608,treatment,2026-06-04,7,42.4,0.857,7,42.42857142857143,0.8571428571428571,TRUE,TRUE
9609,treatment,2026-06-03,2,28,0.5,2,28,0.5,TRUE,TRUE
9610,treatment,2026-06-01,13,58.2,0.538,13,58.15384615384615,0.5384615384615384,TRUE,TRUE
9611,control,2026-06-03,0,NA,NA,0,NA,NA,FALSE,FALSE
9612,control,2026-06-01,10,27.7,0.5,10,27.7,0.5,TRUE,TRUE
9613,treatment,2026-06-02,6,38,0.667,6,38,0.6666666666666666,TRUE,TRUE
9614,control,2026-06-03,0,NA,NA,0,NA,NA,FALSE,FALSE
9615,treatment,2026-06-02,2,46.5,1,1,68,1,TRUE,TRUE
9616,control,2026-06-03,0,NA,NA,0,NA,NA,FALSE,FALSE
9617,treatment,2026-06-01,3,40.3,0.667,3,40.333333333333336,0.6666666666666666,TRUE,TRUE
9618,treatment,2026-06-02,3,39,1,3,39,1,TRUE,TRUE
9619,control,2026-06-04,3,26.3,1,3,26.333333333333332,1,TRUE,TRUE
9620,control,2026-06-05,3,46.3,0.667,3,46.333333333333336,0.6666666666666666,TRUE,TRUE
9621,control,2026-06-05,3,37.3,0.667,3,37.333333333333336,0.6666666666666666,TRUE,TRUE
9622,treatment,2026-06-02,7,51.3,0.714,7,51.285714285714285,0.7142857142857143,TRUE,TRUE
9623,treatment,2026-06-01,5,50.6,0.6,5,50.6,0.6,TRUE,TRUE
9624,treatment,2026-06-01,0,NA,NA,0,NA,NA,FALSE,FALSE
9625,treatment,2026-06-01,2,43,0.5,2,43,0.5,TRUE,TRUE
9626,control,2026-06-02,2,39.5,0.5,2,39.5,0.5,TRUE,TRUE
9627,treatment,2026-06-02,3,33.7,1,3,33.666666666666664,1,TRUE,TRUE
9628,treatment,2026-06-04,1,29,1,1,29,1,TRUE,TRUE
9629,control,2026-06-04,3,86,0.667,2,83,0.5,TRUE,TRUE
9630,control,2026-06-03,7,34,0.714,7,34,0.7142857142857143,TRUE,TRUE
9631,control,2026-06-05,3,38,0.667,3,38,0.6666666666666666,TRUE,TRUE
9632,treatment,2026-06-04,10,39.2,0.8,10,39.2,0.8,TRUE,TRUE
9633,treatment,2026-06-04,0,NA,NA,0,NA,NA,FALSE,FALSE
9634,treatment,2026-06-04,8,51.1,0.625,7,51.142857142857146,0.5714285714285714,TRUE,TRUE
9635,control,2026-06-01,4,27,0.75,4,27,0.75,TRUE,TRUE
9636,control,2026-06-03,8,36.9,0.75,8,36.875,0.75,TRUE,TRUE
9637,treatment,2026-06-01,1,63,1,1,63,1,TRUE,TRUE
9638,treatment,2026-06-01,7,36.3,1,7,36.285714285714285,1,TRUE,TRUE
9639,treatment,2026-06-03,5,54.4,0.8,5,54.4,0.8,TRUE,TRUE
9640,control,2026-06-02,3,15.3,0.667,3,15.333333333333334,0.6666666666666666,TRUE,TRUE
9641,control,2026-06-05,4,35.8,0.5,4,35.75,0.5,TRUE,TRUE
9642,treatment,2026-06-03,1,57,1,1,57,1,TRUE,TRUE
9643,control,2026-06-01,4,24,0.75,4,24,0.75,TRUE,TRUE
9644,control,2026-06-05,2,37,0.5,2,37,0.5,TRUE,TRUE
9645,control,2026-06-05,4,28,0.75,4,28,0.75,TRUE,TRUE
9646,control,2026-06-04,4,26.2,0.75,4,26.25,0.75,TRUE,TRUE
9647,treatment,2026-06-05,13,44.2,0.692,12,44.083333333333336,0.6666666666666666,TRUE,TRUE
9648,treatment,2026-06-05,5,69,0.8,4,64,0.75,TRUE,TRUE
9649,control,2026-06-04,0,NA,NA,0,NA,NA,FALSE,FALSE
9650,treatment,2026-06-01,1,26,1,1,26,1,TRUE,TRUE
9651,control,2026-06-04,3,32,1,3,32,1,TRUE,TRUE
9652,treatment,2026-06-05,8,46,0.75,8,46,0.75,TRUE,TRUE
9653,control,2026-06-03,1,22,0,1,22,0,TRUE,TRUE
9654,treatment,2026-06-05,12,53.5,0.75,12,53.5,0.75,TRUE,TRUE
9655,control,2026-06-05,1,28,1,1,28,1,TRUE,TRUE
9656,control,2026-06-01,1,41,1,1,41,1,TRUE,TRUE
9657,treatment,2026-06-03,2,38,1,2,38,1,TRUE,TRUE
9658,treatment,2026-06-02,0,NA,NA,0,NA,NA,FALSE,FALSE
9659,control,2026-06-05,4,36.5,1,3,39.666666666666664,1,TRUE,TRUE
9660,treatment,2026-06-02,4,39.5,0.5,4,39.5,0.5,TRUE,TRUE
9661,treatment,2026-06-04,0,NA,NA,0,NA,NA,FALSE,FALSE
9662,control,2026-06-04,2,22.5,0.5,2,22.5,0.5,TRUE,TRUE
9663,treatment,2026-06-04,2,51.5,1,1,23,1,TRUE,TRUE
9664,treatment,2026-06-04,7,45.1,0.571,6,33.833333333333336,0.5,TRUE,TRUE
9665,control,2026-06-04,0,NA,NA,0,NA,NA,FALSE,FALSE
9666,treatment,2026-06-01,11,52.4,0.455,11,52.36363636363637,0.45454545454545453,TRUE,TRUE
9667,treatment,2026-06-02,2,70,1,2,70,1,TRUE,TRUE
9668,treatment,2026-06-03,0,NA,NA,0,NA,NA,FALSE,FALSE
9669,treatment,2026-06-01,2,41,0.5,2,41,0.5,TRUE,TRUE
9670,control,2026-06-02,1,46,1,1,46,1,TRUE,TRUE
9671,control,2026-06-02,0,NA,NA,0,NA,NA,FALSE,FALSE
9672,treatment,2026-06-03,0,NA,NA,0,NA,NA,FALSE,FALSE
9673,treatment,2026-06-02,0,NA,NA,0,NA,NA,FALSE,FALSE
9674,control,2026-06-04,4,24,1,4,24,1,TRUE,TRUE
9675,treatment,2026-06-02,0,NA,NA,0,NA,NA,FALSE,FALSE
9676,control,2026-06-01,4,31.5,1,4,31.5,1,TRUE,TRUE
9677,treatment,2026-06-01,10,56.9,0.8,10,56.9,0.8,TRUE,TRUE
9678,treatment,2026-06-04,1,74,1,1,74,1,TRUE,TRUE
9679,control,2026-06-03,9,23.7,0.444,9,23.666666666666668,0.4444444444444444,TRUE,TRUE
9680,control,2026-06-04,4,47.5,1,4,47.5,1,TRUE,TRUE
9681,treatment,2026-06-01,4,32.5,0.75,4,32.5,0.75,TRUE,TRUE
9682,control,2026-06-03,2,36,1,2,36,1,TRUE,TRUE
9683,treatment,2026-06-01,0,NA,NA,0,NA,NA,FALSE,FALSE
9684,treatment,2026-06-02,1,37,1,1,37,1,TRUE,TRUE
9685,treatment,2026-06-03,3,42,0.667,3,42,0.6666666666666666,TRUE,TRUE
9686,treatment,2026-06-03,0,NA,NA,0,NA,NA,FALSE,FALSE
9687,control,2026-06-02,5,32.6,0.4,5,32.6,0.4,TRUE,TRUE
9688,control,2026-06-04,3,71.3,1,3,71.33333333333333,1,TRUE,TRUE
9689,treatment,2026-06-02,4,69.2,0.25,4,69.25,0.25,TRUE,TRUE
9690,control,2026-06-02,4,43.8,0.5,4,43.75,0.5,TRUE,TRUE
9691,control,2026-06-02,7,24.3,0.429,7,24.285714285714285,0.42857142857142855,TRUE,TRUE
9692,treatment,2026-06-02,3,38,1,3,38,1,TRUE,TRUE
9693,treatment,2026-06-02,2,37.5,0.5,2,37.5,0.5,TRUE,TRUE
9694,control,2026-06-01,2,79.5,0.5,2,79.5,0.5,TRUE,TRUE
9695,control,2026-06-03,3,37.7,0.333,3,37.666666666666664,0.3333333333333333,TRUE,TRUE
9696,control,2026-06-01,10,36.5,0.9,10,36.5,0.9,TRUE,TRUE
9697,control,2026-06-03,0,NA,NA,0,NA,NA,FALSE,FALSE
9698,treatment,2026-06-01,2,30.5,1,2,30.5,1,TRUE,TRUE
9699,treatment,2026-06-03,6,63,0.667,6,63,0.6666666666666666,TRUE,TRUE
9700,control,2026-06-05,2,21.5,0.5,2,21.5,0.5,TRUE,TRUE
9701,treatment,2026-06-01,2,62,0.5,2,62,0.5,TRUE,TRUE
9702,treatment,2026-06-05,8,64.9,0.75,8,64.875,0.75,TRUE,TRUE
9703,control,2026-06-01,1,15,1,1,15,1,TRUE,TRUE
9704,treatment,2026-06-01,0,NA,NA,0,NA,NA,FALSE,FALSE
9705,treatment,2026-06-03,3,44,0.667,3,44,0.6666666666666666,TRUE,TRUE
9706,control,2026-06-01,2,65,0.5,2,65,0.5,TRUE,TRUE
9707,control,2026-06-02,3,30.3,1,3,30.333333333333332,1,TRUE,TRUE
9708,control,2026-06-04,2,36,0.5,2,36,0.5,TRUE,TRUE
9709,control,2026-06-03,6,32,0.833,5,30.8,0.8,TRUE,TRUE
9710,control,2026-06-04,8,38.6,0.75,8,38.625,0.75,TRUE,TRUE
9711,treatment,2026-06-03,1,57,1,1,57,1,TRUE,TRUE
9712,control,2026-06-01,2,27.5,0.5,2,27.5,0.5,TRUE,TRUE
9713,control,2026-06-03,2,49.5,1,2,49.5,1,TRUE,TRUE
9714,control,2026-06-05,1,16,0,1,16,0,TRUE,TRUE
9715,treatment,2026-06-04,0,NA,NA,0,NA,NA,FALSE,FALSE
9716,treatment,2026-06-05,0,NA,NA,0,NA,NA,FALSE,FALSE
9717,treatment,2026-06-04,2,37,0,2,37,0,TRUE,TRUE
9718,treatment,2026-06-04,5,50,0.6,5,50,0.6,TRUE,TRUE
9719,control,2026-06-05,1,21,1,1,21,1,TRUE,TRUE
9720,control,2026-06-04,4,39.5,0.75,4,39.5,0.75,TRUE,TRUE
9721,treatment,2026-06-03,2,35,1,2,35,1,TRUE,TRUE
9722,control,2026-06-04,4,64.2,0.5,4,64.25,0.5,TRUE,TRUE
9723,control,2026-06-04,5,39.2,0.6,4,34.75,0.5,TRUE,TRUE
9724,control,2026-06-01,9,48.6,0.778,9,48.55555555555556,0.7777777777777778,TRUE,TRUE
9725,treatment,2026-06-01,3,77,1,3,77,1,TRUE,TRUE
9726,treatment,2026-06-01,1,38,0,1,38,0,TRUE,TRUE
9727,control,2026-06-02,3,23.3,0.333,3,23.333333333333332,0.3333333333333333,TRUE,TRUE
9728,treatment,2026-06-02,2,45.5,0.5,2,45.5,0.5,TRUE,TRUE
9729,control,2026-06-04,1,20,0,1,20,0,TRUE,TRUE
9730,control,2026-06-01,0,NA,NA,0,NA,NA,FALSE,FALSE
9731,treatment,2026-06-02,4,61,0.5,3,69,0.6666666666666666,TRUE,TRUE
9732,control,2026-06-01,5,25.2,1,5,25.2,1,TRUE,TRUE
9733,treatment,2026-06-04,4,41.5,0.25,4,41.5,0.25,TRUE,TRUE
9734,treatment,2026-06-05,2,82,0,2,82,0,TRUE,TRUE
9735,treatment,2026-06-04,3,55,0,3,55,0,TRUE,TRUE
9736,control,2026-06-05,5,49.8,1,5,49.8,1,TRUE,TRUE
9737,control,2026-06-03,2,32,1,2,32,1,TRUE,TRUE
9738,treatment,2026-06-03,2,24,0.5,2,24,0.5,TRUE,TRUE
9739,treatment,2026-06-02,1,41,0,1,41,0,TRUE,TRUE
9740,treatment,2026-06-03,4,52.2,0.75,4,52.25,0.75,TRUE,TRUE
9741,treatment,2026-06-03,0,NA,NA,0,NA,NA,FALSE,FALSE
9742,treatment,2026-06-03,1,34,1,1,34,1,TRUE,TRUE
9743,treatment,2026-06-01,1,43,1,1,43,1,TRUE,TRUE
9744,control,2026-06-04,5,37.2,0.6,5,37.2,0.6,TRUE,TRUE
9745,control,2026-06-02,10,41.3,0.8,10,41.3,0.8,TRUE,TRUE
9746,control,2026-06-02,1,28,0,1,28,0,TRUE,TRUE
9747,treatment,2026-06-03,5,29.8,0.2,5,29.8,0.2,TRUE,TRUE
9748,treatment,2026-06-02,4,26.8,1,4,26.75,1,TRUE,TRUE
9749,control,2026-06-03,1,44,0,0,NA,NA,FALSE,TRUE
9750,control,2026-06-01,2,20,0,2,20,0,TRUE,TRUE
9751,treatment,2026-06-05,2,46.5,1,2,46.5,1,TRUE,TRUE
9752,treatment,2026-06-03,3,63.7,1,3,63.666666666666664,1,TRUE,TRUE
9753,control,2026-06-03,3,22.3,1,3,22.333333333333332,1,TRUE,TRUE
9754,control,2026-06-05,4,31.2,0.75,4,31.25,0.75,TRUE,TRUE
9755,control,2026-06-02,2,38.5,0.5,2,38.5,0.5,TRUE,TRUE
9756,control,2026-06-04,13,35.5,0.385,13,35.53846153846154,0.38461538461538464,TRUE,TRUE
9757,control,2026-06-01,0,NA,NA,0,NA,NA,FALSE,FALSE
9758,control,2026-06-02,3,49,0.667,3,49,0.6666666666666666,TRUE,TRUE
9759,control,2026-06-04,1,32,1,1,32,1,TRUE,TRUE
9760,control,2026-06-05,3,26.7,0.667,3,26.666666666666668,0.6666666666666666,TRUE,TRUE
9761,treatment,2026-06-02,8,48.4,0.625,8,48.375,0.625,TRUE,TRUE
9762,treatment,2026-06-03,3,27,0.667,3,27,0.6666666666666666,TRUE,TRUE
9763,treatment,2026-06-01,0,NA,NA,0,NA,NA,FALSE,FALSE
9764,control,2026-06-01,7,39,0.714,7,39,0.7142857142857143,TRUE,TRUE
9765,treatment,2026-06-03,5,45.8,0.8,5,45.8,0.8,TRUE,TRUE
9766,control,2026-06-01,5,37.6,0.6,5,37.6,0.6,TRUE,TRUE
9767,control,2026-06-01,6,35.3,0.833,6,35.333333333333336,0.8333333333333334,TRUE,TRUE
9768,treatment,2026-06-03,4,37.5,1,4,37.5,1,TRUE,TRUE
9769,treatment,2026-06-02,8,50.5,0.875,8,50.5,0.875,TRUE,TRUE
9770,control,2026-06-04,1,29,1,1,29,1,TRUE,TRUE
9771,control,2026-06-04,2,36,0.5,2,36,0.5,TRUE,TRUE
9772,treatment,2026-06-02,0,NA,NA,0,NA,NA,FALSE,FALSE
9773,control,2026-06-01,2,15.5,0.5,2,15.5,0.5,TRUE,TRUE
9774,treatment,2026-06-02,3,41.3,1,3,41.333333333333336,1,TRUE,TRUE
9775,treatment,2026-06-04,4,42.8,1,4,42.75,1,TRUE,TRUE
9776,treatment,2026-06-02,1,85,0,1,85,0,TRUE,TRUE
9777,treatment,2026-06-02,3,50.7,0.667,2,57,0.5,TRUE,TRUE
9778,treatment,2026-06-01,1,48,1,1,48,1,TRUE,TRUE
9779,treatment,2026-06-05,1,37,1,1,37,1,TRUE,TRUE
9780,control,2026-06-04,2,22,1,2,22,1,TRUE,TRUE
9781,control,2026-06-05,2,48.5,1,2,48.5,1,TRUE,TRUE
9782,control,2026-06-01,14,33.5,0.643,14,33.5,0.6428571428571429,TRUE,TRUE
9783,treatment,2026-06-05,1,81,0,1,81,0,TRUE,TRUE
9784,control,2026-06-01,9,29.4,0.444,9,29.444444444444443,0.4444444444444444,TRUE,TRUE
9785,treatment,2026-06-02,1,157,1,1,157,1,TRUE,TRUE
9786,treatment,2026-06-05,2,44.5,0.5,2,44.5,0.5,TRUE,TRUE
9787,treatment,2026-06-05,3,43.7,0.667,2,44,0.5,TRUE,TRUE
9788,control,2026-06-01,1,32,1,1,32,1,TRUE,TRUE
9789,treatment,2026-06-01,6,43.3,1,6,43.333333333333336,1,TRUE,TRUE
9790,control,2026-06-05,1,72,0,1,72,0,TRUE,TRUE
9791,treatment,2026-06-05,3,35,0.667,3,35,0.6666666666666666,TRUE,TRUE
9792,treatment,2026-06-03,6,49.8,0.5,6,49.833333333333336,0.5,TRUE,TRUE
9793,treatment,2026-06-04,5,53.8,1,5,53.8,1,TRUE,TRUE
9794,treatment,2026-06-04,4,38.8,0.75,3,40.666666666666664,0.6666666666666666,TRUE,TRUE
9795,control,2026-06-01,1,58,1,1,58,1,TRUE,TRUE
9796,treatment,2026-06-02,1,127,1,1,127,1,TRUE,TRUE
9797,control,2026-06-01,2,18,0.5,2,18,0.5,TRUE,TRUE
9798,treatment,2026-06-03,2,34,0,2,34,0,TRUE,TRUE
9799,control,2026-06-03,2,38,0,2,38,0,TRUE,TRUE
9800,treatment,2026-06-05,4,39.5,0.75,4,39.5,0.75,TRUE,TRUE
9801,control,2026-06-01,4,44.8,0.5,4,44.75,0.5,TRUE,TRUE
9802,control,2026-06-03,1,53,1,1,53,1,TRUE,TRUE
9803,control,2026-06-02,3,34.3,1,3,34.333333333333336,1,TRUE,TRUE
9804,treatment,2026-06-02,1,18,0,1,18,0,TRUE,TRUE
9805,treatment,2026-06-05,2,29,1,2,29,1,TRUE,TRUE
9806,treatment,2026-06-01,2,76.5,0.5,2,76.5,0.5,TRUE,TRUE
9807,treatment,2026-06-04,1,98,0,1,98,0,TRUE,TRUE
9808,control,2026-06-04,1,24,0,1,24,0,TRUE,TRUE
9809,treatment,2026-06-04,0,NA,NA,0,NA,NA,FALSE,FALSE
9810,control,2026-06-01,0,NA,NA,0,NA,NA,FALSE,FALSE
9811,control,2026-06-02,1,16,1,1,16,1,TRUE,TRUE
9812,treatment,2026-06-04,1,36,1,1,36,1,TRUE,TRUE
9813,treatment,2026-06-03,2,24.5,1,2,24.5,1,TRUE,TRUE
9814,treatment,2026-06-02,3,38.7,1,3,38.666666666666664,1,TRUE,TRUE
9815,control,2026-06-03,6,28.8,0.167,6,28.833333333333332,0.16666666666666666,TRUE,TRUE
9816,treatment,2026-06-05,4,42,0.75,4,42,0.75,TRUE,TRUE
9817,control,2026-06-04,1,21,1,1,21,1,TRUE,TRUE
9818,treatment,2026-06-03,3,30.7,0.667,3,30.666666666666668,0.6666666666666666,TRUE,TRUE
9819,control,2026-06-04,3,26,0.667,3,26,0.6666666666666666,TRUE,TRUE
9820,treatment,2026-06-01,0,NA,NA,0,NA,NA,FALSE,FALSE
9821,treatment,2026-06-02,6,70.7,0.333,6,70.66666666666667,0.3333333333333333,TRUE,TRUE
9822,control,2026-06-03,0,NA,NA,0,NA,NA,FALSE,FALSE
9823,control,2026-06-05,6,31.2,0.667,4,27.5,0.5,TRUE,TRUE
9824,control,2026-06-03,4,47.2,0.5,4,47.25,0.5,TRUE,TRUE
9825,treatment,2026-06-02,1,68,1,1,68,1,TRUE,TRUE
9826,treatment,2026-06-03,7,49.3,0.857,7,49.285714285714285,0.8571428571428571,TRUE,TRUE
9827,control,2026-06-02,5,41.2,0.4,5,41.2,0.4,TRUE,TRUE
9828,treatment,2026-06-03,0,NA,NA,0,NA,NA,FALSE,FALSE
9829,treatment,2026-06-02,0,NA,NA,0,NA,NA,FALSE,FALSE
9830,treatment,2026-06-04,8,50.4,0.875,7,52.285714285714285,0.8571428571428571,TRUE,TRUE
9831,treatment,2026-06-02,13,53.7,0.385,13,53.69230769230769,0.38461538461538464,TRUE,TRUE
9832,treatment,2026-06-03,5,60,0.8,5,60,0.8,TRUE,TRUE
9833,treatment,2026-06-03,2,36,1,2,36,1,TRUE,TRUE
9834,control,2026-06-04,3,30.7,0,3,30.666666666666668,0,TRUE,TRUE
9835,treatment,2026-06-01,8,48.1,0.75,8,48.125,0.75,TRUE,TRUE
9836,control,2026-06-04,4,21.5,0.5,4,21.5,0.5,TRUE,TRUE
9837,treatment,2026-06-03,6,37.5,1,6,37.5,1,TRUE,TRUE
9838,control,2026-06-05,1,24,1,1,24,1,TRUE,TRUE
9839,treatment,2026-06-02,1,15,0,1,15,0,TRUE,TRUE
9840,treatment,2026-06-02,4,62.2,0.5,4,62.25,0.5,TRUE,TRUE
9841,treatment,2026-06-01,0,NA,NA,0,NA,NA,FALSE,FALSE
9842,control,2026-06-03,3,30.7,0.333,3,30.666666666666668,0.3333333333333333,TRUE,TRUE
9843,treatment,2026-06-05,2,66,0.5,2,66,0.5,TRUE,TRUE
9844,control,2026-06-03,4,23.5,0.75,4,23.5,0.75,TRUE,TRUE
9845,control,2026-06-03,1,37,0,1,37,0,TRUE,TRUE
9846,control,2026-06-05,6,38.2,0.667,6,38.166666666666664,0.6666666666666666,TRUE,TRUE
9847,control,2026-06-05,2,26,0.5,2,26,0.5,TRUE,TRUE
9848,treatment,2026-06-02,3,89,1,3,89,1,TRUE,TRUE
9849,treatment,2026-06-01,1,67,0,1,67,0,TRUE,TRUE
9850,treatment,2026-06-02,2,32.5,1,2,32.5,1,TRUE,TRUE
9851,control,2026-06-04,5,23.6,0.4,5,23.6,0.4,TRUE,TRUE
9852,control,2026-06-02,0,NA,NA,0,NA,NA,FALSE,FALSE
9853,treatment,2026-06-03,0,NA,NA,0,NA,NA,FALSE,FALSE
9854,control,2026-06-05,1,38,1,1,38,1,TRUE,TRUE
9855,treatment,2026-06-02,3,39,1,3,39,1,TRUE,TRUE
9856,control,2026-06-01,0,NA,NA,0,NA,NA,FALSE,FALSE
9857,treatment,2026-06-03,1,49,1,1,49,1,TRUE,TRUE
9858,treatment,2026-06-03,6,49,0.667,6,49,0.6666666666666666,TRUE,TRUE
9859,treatment,2026-06-05,0,NA,NA,0,NA,NA,FALSE,FALSE
9860,treatment,2026-06-01,2,92.5,1,2,92.5,1,TRUE,TRUE
9861,treatment,2026-06-04,5,54.4,0.8,5,54.4,0.8,TRUE,TRUE
9862,control,2026-06-01,2,20,1,2,20,1,TRUE,TRUE
9863,treatment,2026-06-04,1,30,1,1,30,1,TRUE,TRUE
9864,treatment,2026-06-03,0,NA,NA,0,NA,NA,FALSE,FALSE
9865,control,2026-06-01,0,NA,NA,0,NA,NA,FALSE,FALSE
9866,treatment,2026-06-02,9,41.8,0.889,9,41.77777777777778,0.8888888888888888,TRUE,TRUE
9867,treatment,2026-06-03,2,84.5,1,2,84.5,1,TRUE,TRUE
9868,treatment,2026-06-04,4,44,1,4,44,1,TRUE,TRUE
9869,control,2026-06-01,0,NA,NA,0,NA,NA,FALSE,FALSE
9870,treatment,2026-06-05,1,25,1,1,25,1,TRUE,TRUE
9871,treatment,2026-06-03,3,64,1,2,38,1,TRUE,TRUE
9872,control,2026-06-04,1,17,0,1,17,0,TRUE,TRUE
9873,control,2026-06-03,3,32,0.667,3,32,0.6666666666666666,TRUE,TRUE
9874,control,2026-06-01,1,16,1,1,16,1,TRUE,TRUE
9875,treatment,2026-06-03,1,29,0,1,29,0,TRUE,TRUE
9876,treatment,2026-06-02,5,37,1,5,37,1,TRUE,TRUE
9877,treatment,2026-06-01,0,NA,NA,0,NA,NA,FALSE,FALSE
9878,treatment,2026-06-02,3,29,1,3,29,1,TRUE,TRUE
9879,treatment,2026-06-03,5,27.2,0.4,5,27.2,0.4,TRUE,TRUE
9880,treatment,2026-06-05,2,50,1,2,50,1,TRUE,TRUE
9881,control,2026-06-02,4,35.2,0.75,4,35.25,0.75,TRUE,TRUE
9882,control,2026-06-04,4,33.8,0.25,3,35,0.3333333333333333,TRUE,TRUE
9883,treatment,2026-06-01,3,58.7,0.667,3,58.666666666666664,0.6666666666666666,TRUE,TRUE
9884,treatment,2026-06-02,4,53.5,1,4,53.5,1,TRUE,TRUE
9885,treatment,2026-06-01,5,48,0.4,5,48,0.4,TRUE,TRUE
9886,control,2026-06-04,0,NA,NA,0,NA,NA,FALSE,FALSE
9887,control,2026-06-01,2,16,0.5,2,16,0.5,TRUE,TRUE
9888,control,2026-06-04,3,34.3,1,3,34.333333333333336,1,TRUE,TRUE
9889,control,2026-06-05,9,31.9,0.222,8,34,0.25,TRUE,TRUE
9890,treatment,2026-06-02,2,62,1,2,62,1,TRUE,TRUE
9891,control,2026-06-03,5,30,0.2,5,30,0.2,TRUE,TRUE
9892,control,2026-06-01,3,29,0.333,3,29,0.3333333333333333,TRUE,TRUE
9893,treatment,2026-06-01,5,38.2,0.6,5,38.2,0.6,TRUE,TRUE
9894,treatment,2026-06-04,2,46,0.5,2,46,0.5,TRUE,TRUE
9895,treatment,2026-06-02,8,45.6,0.75,8,45.625,0.75,TRUE,TRUE
9896,treatment,2026-06-01,0,NA,NA,0,NA,NA,FALSE,FALSE
9897,treatment,2026-06-04,6,37,0.667,6,37,0.6666666666666666,TRUE,TRUE
9898,treatment,2026-06-03,1,26,1,1,26,1,TRUE,TRUE
9899,treatment,2026-06-04,0,NA,NA,0,NA,NA,FALSE,FALSE
9900,treatment,2026-06-01,3,50.7,1,3,50.666666666666664,1,TRUE,TRUE
9901,control,2026-06-01,1,13,0,1,13,0,TRUE,TRUE
9902,treatment,2026-06-05,3,51.7,1,3,51.666666666666664,1,TRUE,TRUE
9903,control,2026-06-05,2,90.5,1,2,90.5,1,TRUE,TRUE
9904,control,2026-06-03,1,19,1,1,19,1,TRUE,TRUE
9905,treatment,2026-06-04,2,27.5,1,2,27.5,1,TRUE,TRUE
9906,control,2026-06-02,5,65,1,5,65,1,TRUE,TRUE
9907,control,2026-06-03,4,34.8,0.75,4,34.75,0.75,TRUE,TRUE
9908,treatment,2026-06-01,4,36.8,1,4,36.75,1,TRUE,TRUE
9909,control,2026-06-01,2,45,0.5,2,45,0.5,TRUE,TRUE
9910,control,2026-06-03,3,29,0.667,3,29,0.6666666666666666,TRUE,TRUE
9911,treatment,2026-06-01,0,NA,NA,0,NA,NA,FALSE,FALSE
9912,treatment,2026-06-03,5,51,0.8,5,51,0.8,TRUE,TRUE
9913,treatment,2026-06-03,1,28,1,1,28,1,TRUE,TRUE
9914,treatment,2026-06-02,3,43.3,0.333,3,43.333333333333336,0.3333333333333333,TRUE,TRUE
9915,control,2026-06-02,0,NA,NA,0,NA,NA,FALSE,FALSE
9916,treatment,2026-06-03,0,NA,NA,0,NA,NA,FALSE,FALSE
9917,treatment,2026-06-01,9,45.1,0.667,9,45.111111111111114,0.6666666666666666,TRUE,TRUE
9918,control,2026-06-02,2,48.5,1,2,48.5,1,TRUE,TRUE
9919,treatment,2026-06-02,5,37.4,0.6,5,37.4,0.6,TRUE,TRUE
9920,control,2026-06-05,10,48.2,0.9,10,48.2,0.9,TRUE,TRUE
9921,treatment,2026-06-04,2,40.5,0.5,2,40.5,0.5,TRUE,TRUE
9922,treatment,2026-06-03,5,43.2,0.8,5,43.2,0.8,TRUE,TRUE
9923,treatment,2026-06-02,4,52,0.25,4,52,0.25,TRUE,TRUE
9924,treatment,2026-06-02,2,33.5,1,2,33.5,1,TRUE,TRUE
9925,treatment,2026-06-01,0,NA,NA,0,NA,NA,FALSE,FALSE
9926,treatment,2026-06-05,0,NA,NA,0,NA,NA,FALSE,FALSE
9927,control,2026-06-01,2,47.5,1,2,47.5,1,TRUE,TRUE
9928,treatment,2026-06-03,7,48,0.857,7,48,0.8571428571428571,TRUE,TRUE
9929,treatment,2026-06-01,0,NA,NA,0,NA,NA,FALSE,FALSE
9930,treatment,2026-06-05,3,40,0.667,3,40,0.6666666666666666,TRUE,TRUE
9931,treatment,2026-06-01,4,33.8,0.25,4,33.75,0.25,TRUE,TRUE
9932,treatment,2026-06-05,4,36.2,0.75,4,36.25,0.75,TRUE,TRUE
9933,treatment,2026-06-03,2,52.5,1,2,52.5,1,TRUE,TRUE
9934,treatment,2026-06-05,2,47.5,1,2,47.5,1,TRUE,TRUE
9935,control,2026-06-05,2,32.5,1,2,32.5,1,TRUE,TRUE
9936,control,2026-06-01,3,33.3,1,3,33.333333333333336,1,TRUE,TRUE
9937,control,2026-06-02,1,24,1,1,24,1,TRUE,TRUE
9938,control,2026-06-01,0,NA,NA,0,NA,NA,FALSE,FALSE
9939,control,2026-06-04,2,25.5,0.5,2,25.5,0.5,TRUE,TRUE
9940,control,2026-06-04,0,NA,NA,0,NA,NA,FALSE,FALSE
9941,control,2026-06-03,0,NA,NA,0,NA,NA,FALSE,FALSE
9942,treatment,2026-06-05,3,42.7,0.333,2,38.5,0.5,TRUE,TRUE
9943,treatment,2026-06-05,1,52,0,1,52,0,TRUE,TRUE
9944,control,2026-06-04,0,NA,NA,0,NA,NA,FALSE,FALSE
9945,control,2026-06-01,3,39.7,1,3,39.666666666666664,1,TRUE,TRUE
9946,control,2026-06-02,3,37,1,3,37,1,TRUE,TRUE
9947,control,2026-06-01,2,36,0.5,2,36,0.5,TRUE,TRUE
9948,control,2026-06-02,5,45.4,0.8,5,45.4,0.8,TRUE,TRUE
9949,treatment,2026-06-03,4,47.8,0.5,4,47.75,0.5,TRUE,TRUE
9950,treatment,2026-06-01,0,NA,NA,0,NA,NA,FALSE,FALSE
9951,treatment,2026-06-01,7,45.4,0.857,7,45.42857142857143,0.8571428571428571,TRUE,TRUE
9952,treatment,2026-06-02,8,37.1,0.625,8,37.125,0.625,TRUE,TRUE
9953,treatment,2026-06-01,6,51.3,1,6,51.333333333333336,1,TRUE,TRUE
9954,control,2026-06-02,6,43.2,0.833,6,43.166666666666664,0.8333333333333334,TRUE,TRUE
9955,control,2026-06-04,1,15,0,1,15,0,TRUE,TRUE
9956,treatment,2026-06-02,5,48,1,5,48,1,TRUE,TRUE
9957,treatment,2026-06-05,9,43.1,0.889,7,45.42857142857143,0.8571428571428571,TRUE,TRUE
9958,control,2026-06-04,1,13,0,1,13,0,TRUE,TRUE
9959,control,2026-06-03,4,42.8,0.75,3,41.333333333333336,0.6666666666666666,TRUE,TRUE
9960,treatment,2026-06-05,10,40.8,0.8,10,40.8,0.8,TRUE,TRUE
9961,treatment,2026-06-02,3,56.3,0.667,3,56.333333333333336,0.6666666666666666,TRUE,TRUE
9962,control,2026-06-02,1,21,0,1,21,0,TRUE,TRUE
9963,treatment,2026-06-03,6,48,0.5,6,48,0.5,TRUE,TRUE
9964,control,2026-06-04,1,56,1,1,56,1,TRUE,TRUE
9965,control,2026-06-01,4,29.2,0.5,4,29.25,0.5,TRUE,TRUE
9966,treatment,2026-06-03,2,40,0.5,2,40,0.5,TRUE,TRUE
9967,treatment,2026-06-04,11,54.1,0.818,11,54.09090909090909,0.8181818181818182,TRUE,TRUE
9968,control,2026-06-01,2,35.5,1,2,35.5,1,TRUE,TRUE
9969,control,2026-06-03,3,35,0.667,3,35,0.6666666666666666,TRUE,TRUE
9970,control,2026-06-03,4,25.5,0.25,4,25.5,0.25,TRUE,TRUE
9971,treatment,2026-06-03,2,56.5,1,2,56.5,1,TRUE,TRUE
9972,treatment,2026-06-04,6,47.5,0.833,6,47.5,0.8333333333333334,TRUE,TRUE
9973,control,2026-06-02,1,63,1,1,63,1,TRUE,TRUE
9974,treatment,2026-06-04,4,65,0.75,4,65,0.75,TRUE,TRUE
9975,treatment,2026-06-04,2,25,1,2,25,1,TRUE,TRUE
9976,control,2026-06-01,5,24.6,0.8,5,24.6,0.8,TRUE,TRUE
9977,treatment,2026-06-04,5,60.6,0.2,5,60.6,0.2,TRUE,TRUE
9978,treatment,2026-06-04,2,38.5,1,2,38.5,1,TRUE,TRUE
9979,treatment,2026-06-02,3,67.3,1,3,67.33333333333333,1,TRUE,TRUE
9980,control,2026-06-03,8,26.1,0.625,8,26.125,0.625,TRUE,TRUE
9981,control,2026-06-04,2,25,1,2,25,1,TRUE,TRUE
9982,treatment,2026-06-04,2,45.5,1,2,45.5,1,TRUE,TRUE
9983,treatment,2026-06-05,1,31,0,1,31,0,TRUE,TRUE
9984,control,2026-06-04,3,29,0.667,3,29,0.6666666666666666,TRUE,TRUE
9985,treatment,2026-06-01,2,39.5,1,2,39.5,1,TRUE,TRUE
9986,control,2026-06-02,1,72,0,1,72,0,TRUE,TRUE
9987,control,2026-06-02,2,51,0.5,2,51,0.5,TRUE,TRUE
9988,control,2026-06-05,0,NA,NA,0,NA,NA,FALSE,FALSE
9989,control,2026-06-04,3,44.3,0.667,3,44.333333333333336,0.6666666666666666,TRUE,TRUE
9990,treatment,2026-06-03,5,89.6,0.8,4,91.75,0.75,TRUE,TRUE
9991,control,2026-06-01,1,46,1,1,46,1,TRUE,TRUE
9992,treatment,2026-06-04,2,43.5,1,2,43.5,1,TRUE,TRUE
9993,control,2026-06-01,0,NA,NA,0,NA,NA,FALSE,FALSE
9994,control,2026-06-03,3,26,0.333,3,26,0.3333333333333333,TRUE,TRUE
9995,treatment,2026-06-01,1,68,1,1,68,1,TRUE,TRUE
9996,treatment,2026-06-03,2,29.5,0.5,2,29.5,0.5,TRUE,TRUE
9997,treatment,2026-06-02,1,69,0,0,NA,NA,FALSE,TRUE
9998,control,2026-06-02,2,39.5,0,2,39.5,0,TRUE,TRUE
9999,control,2026-06-03,4,33.2,0.75,4,33.25,0.75,TRUE,TRUE
10000,treatment,2026-06-02,2,38.5,1,2,38.5,1,TRUE,TRUE
10001,treatment,2026-06-05,6,61.5,0.667,6,61.5,0.6666666666666666,TRUE,TRUE
10002,treatment,2026-06-04,7,46.9,0.571,7,46.857142857142854,0.5714285714285714,TRUE,TRUE
10003,control,2026-06-05,0,NA,NA,0,NA,NA,FALSE,FALSE
10004,treatment,2026-06-04,6,58.8,0.5,6,58.833333333333336,0.5,TRUE,TRUE
10005,treatment,2026-06-03,1,39,1,1,39,1,TRUE,TRUE
10006,control,2026-06-04,7,34.1,0.429,7,34.142857142857146,0.42857142857142855,TRUE,TRUE
10007,control,2026-06-01,8,46.6,0.75,8,46.625,0.75,TRUE,TRUE
10008,treatment,2026-06-04,1,36,1,1,36,1,TRUE,TRUE
10009,treatment,2026-06-05,1,75,0,1,75,0,TRUE,TRUE
10010,treatment,2026-06-04,1,24,1,1,24,1,TRUE,TRUE
10011,control,2026-06-05,0,NA,NA,0,NA,NA,FALSE,FALSE
10012,control,2026-06-01,1,17,0,1,17,0,TRUE,TRUE
10013,treatment,2026-06-04,3,62.7,1,3,62.666666666666664,1,TRUE,TRUE
10014,control,2026-06-02,3,35,0.333,3,35,0.3333333333333333,TRUE,TRUE
10015,control,2026-06-03,15,27.3,0.733,15,27.333333333333332,0.7333333333333333,TRUE,TRUE
10016,control,2026-06-03,2,19.5,0.5,2,19.5,0.5,TRUE,TRUE
10017,control,2026-06-02,1,23,0,1,23,0,TRUE,TRUE
10018,control,2026-06-01,2,35.5,0.5,2,35.5,0.5,TRUE,TRUE
10019,control,2026-06-02,1,41,1,1,41,1,TRUE,TRUE
10020,control,2026-06-02,5,28,0.4,5,28,0.4,TRUE,TRUE
10021,control,2026-06-05,1,20,1,1,20,1,TRUE,TRUE
10022,control,2026-06-04,0,NA,NA,0,NA,NA,FALSE,FALSE
10023,treatment,2026-06-01,3,21.7,1,3,21.666666666666668,1,TRUE,TRUE
10024,treatment,2026-06-05,3,50.3,1,3,50.333333333333336,1,TRUE,TRUE
10025,control,2026-06-02,6,37.7,0.667,6,37.666666666666664,0.6666666666666666,TRUE,TRUE
10026,treatment,2026-06-02,4,32.5,1,3,24.333333333333332,1,TRUE,TRUE
10027,treatment,2026-06-05,4,38.5,1,3,43,1,TRUE,TRUE
10028,control,2026-06-02,0,NA,NA,0,NA,NA,FALSE,FALSE
10029,control,2026-06-02,6,30,0.333,6,30,0.3333333333333333,TRUE,TRUE
10030,treatment,2026-06-02,1,110,1,1,110,1,TRUE,TRUE
10031,control,2026-06-05,0,NA,NA,0,NA,NA,FALSE,FALSE
10032,treatment,2026-06-01,8,34,0.75,8,34,0.75,TRUE,TRUE
10033,control,2026-06-01,5,24.6,0.8,5,24.6,0.8,TRUE,TRUE
10034,control,2026-06-02,8,25.9,0.5,8,25.875,0.5,TRUE,TRUE
10035,treatment,2026-06-05,6,54.3,0.833,5,50.8,0.8,TRUE,TRUE
10036,treatment,2026-06-05,1,12,0,1,12,0,TRUE,TRUE
10037,control,2026-06-02,3,31.7,1,3,31.666666666666668,1,TRUE,TRUE
10038,control,2026-06-05,1,50,0,1,50,0,TRUE,TRUE
10039,treatment,2026-06-02,1,28,1,1,28,1,TRUE,TRUE
10040,treatment,2026-06-05,2,56.5,1,2,56.5,1,TRUE,TRUE
10041,treatment,2026-06-01,2,18.5,1,2,18.5,1,TRUE,TRUE
10042,control,2026-06-04,6,28.5,0.833,6,28.5,0.8333333333333334,TRUE,TRUE
10043,treatment,2026-06-05,3,55.3,0.667,3,55.333333333333336,0.6666666666666666,TRUE,TRUE
10044,control,2026-06-02,1,27,1,1,27,1,TRUE,TRUE
10045,treatment,2026-06-04,1,39,0,1,39,0,TRUE,TRUE
10046,control,2026-06-02,4,32.8,0.25,4,32.75,0.25,TRUE,TRUE
10047,treatment,2026-06-03,10,60.7,0.6,10,60.7,0.6,TRUE,TRUE
10048,treatment,2026-06-02,3,33.3,1,3,33.333333333333336,1,TRUE,TRUE
10049,treatment,2026-06-04,1,61,1,1,61,1,TRUE,TRUE
10050,control,2026-06-01,0,NA,NA,0,NA,NA,FALSE,FALSE
10051,control,2026-06-05,4,50.2,0.5,4,50.25,0.5,TRUE,TRUE
10052,control,2026-06-02,2,36,0.5,2,36,0.5,TRUE,TRUE
10053,control,2026-06-01,0,NA,NA,0,NA,NA,FALSE,FALSE
10054,control,2026-06-02,2,26,0,2,26,0,TRUE,TRUE
10055,treatment,2026-06-03,1,21,1,1,21,1,TRUE,TRUE
10056,control,2026-06-01,1,32,1,1,32,1,TRUE,TRUE
10057,treatment,2026-06-01,2,60,0.5,2,60,0.5,TRUE,TRUE
10058,control,2026-06-02,4,37.5,1,4,37.5,1,TRUE,TRUE
10059,control,2026-06-01,1,22,0,1,22,0,TRUE,TRUE
10060,control,2026-06-03,1,21,0,1,21,0,TRUE,TRUE
10061,treatment,2026-06-02,0,NA,NA,0,NA,NA,FALSE,FALSE
10062,treatment,2026-06-05,6,44.7,0.5,6,44.666666666666664,0.5,TRUE,TRUE
10063,control,2026-06-02,1,46,1,0,NA,NA,FALSE,TRUE
10064,control,2026-06-04,3,49,0.667,3,49,0.6666666666666666,TRUE,TRUE
10065,control,2026-06-04,3,44,1,3,44,1,TRUE,TRUE
10066,control,2026-06-03,2,40,0.5,2,40,0.5,TRUE,TRUE
10067,treatment,2026-06-05,2,58.5,1,2,58.5,1,TRUE,TRUE
10068,treatment,2026-06-01,3,39.3,0.333,3,39.333333333333336,0.3333333333333333,TRUE,TRUE
10069,control,2026-06-02,0,NA,NA,0,NA,NA,FALSE,FALSE
10070,control,2026-06-02,4,29.2,0.75,4,29.25,0.75,TRUE,TRUE
10071,control,2026-06-02,0,NA,NA,0,NA,NA,FALSE,FALSE
10072,treatment,2026-06-01,1,24,0,1,24,0,TRUE,TRUE
10073,control,2026-06-03,2,35.5,0.5,2,35.5,0.5,TRUE,TRUE
10074,control,2026-06-02,0,NA,NA,0,NA,NA,FALSE,FALSE
10075,control,2026-06-03,5,26.4,1,5,26.4,1,TRUE,TRUE
10076,control,2026-06-05,5,27.8,1,3,24.333333333333332,1,TRUE,TRUE
10077,control,2026-06-03,1,48,1,1,48,1,TRUE,TRUE
10078,control,2026-06-05,1,18,1,1,18,1,TRUE,TRUE
10079,control,2026-06-02,5,24.8,0.8,5,24.8,0.8,TRUE,TRUE
10080,treatment,2026-06-01,1,34,0,1,34,0,TRUE,TRUE
10081,control,2026-06-04,1,33,1,1,33,1,TRUE,TRUE
10082,control,2026-06-03,10,37.6,0.8,10,37.6,0.8,TRUE,TRUE
10083,control,2026-06-03,5,43.6,1,5,43.6,1,TRUE,TRUE
10084,treatment,2026-06-05,1,35,1,1,35,1,TRUE,TRUE
10085,treatment,2026-06-01,4,55.8,1,4,55.75,1,TRUE,TRUE
10086,treatment,2026-06-03,6,70.5,1,6,70.5,1,TRUE,TRUE
10087,treatment,2026-06-05,1,46,1,1,46,1,TRUE,TRUE
10088,control,2026-06-03,0,NA,NA,0,NA,NA,FALSE,FALSE
10089,control,2026-06-02,2,27.5,1,1,34,1,TRUE,TRUE
10090,treatment,2026-06-03,8,42.8,0.625,7,40.285714285714285,0.7142857142857143,TRUE,TRUE
10091,treatment,2026-06-01,7,35.1,0.714,7,35.142857142857146,0.7142857142857143,TRUE,TRUE
10092,treatment,2026-06-05,10,42,0.7,10,42,0.7,TRUE,TRUE
10093,treatment,2026-06-01,4,49.8,0.75,4,49.75,0.75,TRUE,TRUE
10094,control,2026-06-03,3,46.7,0.333,3,46.666666666666664,0.3333333333333333,TRUE,TRUE
10095,treatment,2026-06-04,5,52.2,0.6,5,52.2,0.6,TRUE,TRUE
10096,control,2026-06-01,2,48.5,1,2,48.5,1,TRUE,TRUE
10097,control,2026-06-03,2,40,1,2,40,1,TRUE,TRUE
10098,control,2026-06-04,1,31,0,1,31,0,TRUE,TRUE
10099,control,2026-06-05,2,21,0,2,21,0,TRUE,TRUE
10100,control,2026-06-03,3,18.7,1,2,20.5,1,TRUE,TRUE
10101,control,2026-06-01,8,43.1,0.875,8,43.125,0.875,TRUE,TRUE
10102,control,2026-06-05,2,26,0.5,2,26,0.5,TRUE,TRUE
10103,treatment,2026-06-01,2,61.5,1,2,61.5,1,TRUE,TRUE
10104,control,2026-06-05,0,NA,NA,0,NA,NA,FALSE,FALSE
10105,control,2026-06-01,2,19.5,1,2,19.5,1,TRUE,TRUE
10106,treatment,2026-06-02,3,41,0.333,3,41,0.3333333333333333,TRUE,TRUE
10107,control,2026-06-01,4,51.2,1,4,51.25,1,TRUE,TRUE
10108,treatment,2026-06-05,4,64.2,0.5,4,64.25,0.5,TRUE,TRUE
10109,control,2026-06-01,3,31.3,0.667,3,31.333333333333332,0.6666666666666666,TRUE,TRUE
10110,control,2026-06-03,5,33,0.6,5,33,0.6,TRUE,TRUE
10111,treatment,2026-06-04,5,46.8,0.8,5,46.8,0.8,TRUE,TRUE
10112,control,2026-06-04,2,22.5,0.5,2,22.5,0.5,TRUE,TRUE
10113,treatment,2026-06-05,1,38,1,1,38,1,TRUE,TRUE
10114,treatment,2026-06-02,6,31.7,0.833,6,31.666666666666668,0.8333333333333334,TRUE,TRUE
10115,treatment,2026-06-04,5,44.8,0.6,5,44.8,0.6,TRUE,TRUE
10116,control,2026-06-02,5,40.8,1,5,40.8,1,TRUE,TRUE
10117,treatment,2026-06-05,5,41.6,0.6,5,41.6,0.6,TRUE,TRUE
10118,control,2026-06-05,13,29.1,0.769,12,28.833333333333332,0.75,TRUE,TRUE
10119,treatment,2026-06-04,2,39.5,0.5,2,39.5,0.5,TRUE,TRUE
10120,control,2026-06-04,3,51,0,3,51,0,TRUE,TRUE
10121,control,2026-06-01,9,34.2,0.778,9,34.22222222222222,0.7777777777777778,TRUE,TRUE
10122,control,2026-06-02,16,34.9,0.812,16,34.875,0.8125,TRUE,TRUE
10123,control,2026-06-04,3,35,0.333,3,35,0.3333333333333333,TRUE,TRUE
10124,treatment,2026-06-02,7,53.1,0.429,6,53.833333333333336,0.3333333333333333,TRUE,TRUE
10125,control,2026-06-05,2,27,1,2,27,1,TRUE,TRUE
10126,control,2026-06-03,0,NA,NA,0,NA,NA,FALSE,FALSE
10127,treatment,2026-06-05,2,48.5,1,2,48.5,1,TRUE,TRUE
10128,treatment,2026-06-01,3,45.7,0.667,3,45.666666666666664,0.6666666666666666,TRUE,TRUE
10129,treatment,2026-06-04,2,49.5,0.5,2,49.5,0.5,TRUE,TRUE
10130,control,2026-06-05,3,20,0.333,3,20,0.3333333333333333,TRUE,TRUE
10131,control,2026-06-04,3,39.3,1,3,39.333333333333336,1,TRUE,TRUE
10132,treatment,2026-06-03,3,80,0.667,3,80,0.6666666666666666,TRUE,TRUE
10133,treatment,2026-06-01,7,47.6,0.857,7,47.57142857142857,0.8571428571428571,TRUE,TRUE
10134,treatment,2026-06-02,3,49,1,3,49,1,TRUE,TRUE
10135,treatment,2026-06-05,2,64,0,2,64,0,TRUE,TRUE
10136,treatment,2026-06-01,0,NA,NA,0,NA,NA,FALSE,FALSE
10137,control,2026-06-05,1,12,1,1,12,1,TRUE,TRUE
10138,treatment,2026-06-03,0,NA,NA,0,NA,NA,FALSE,FALSE
10139,treatment,2026-06-01,1,80,0,1,80,0,TRUE,TRUE
10140,control,2026-06-02,2,44.5,0.5,1,62,1,TRUE,TRUE
10141,control,2026-06-01,2,22.5,0.5,2,22.5,0.5,TRUE,TRUE
10142,control,2026-06-04,5,33,0.4,3,31.333333333333332,0.3333333333333333,TRUE,TRUE
10143,control,2026-06-02,0,NA,NA,0,NA,NA,FALSE,FALSE
10144,control,2026-06-05,0,NA,NA,0,NA,NA,FALSE,FALSE
10145,treatment,2026-06-02,4,32.5,1,4,32.5,1,TRUE,TRUE
10146,treatment,2026-06-05,0,NA,NA,0,NA,NA,FALSE,FALSE
10147,control,2026-06-01,5,48.6,0.8,5,48.6,0.8,TRUE,TRUE
10148,control,2026-06-04,1,76,1,1,76,1,TRUE,TRUE
10149,treatment,2026-06-04,0,NA,NA,0,NA,NA,FALSE,FALSE
10150,treatment,2026-06-03,5,38.4,0.6,5,38.4,0.6,TRUE,TRUE
10151,control,2026-06-04,3,52.3,1,3,52.333333333333336,1,TRUE,TRUE
10152,control,2026-06-02,1,18,1,1,18,1,TRUE,TRUE
10153,control,2026-06-01,1,23,1,1,23,1,TRUE,TRUE
10154,treatment,2026-06-05,4,35,0.75,4,35,0.75,TRUE,TRUE
10155,control,2026-06-04,5,30.6,0.8,5,30.6,0.8,TRUE,TRUE
10156,treatment,2026-06-04,2,60.5,1,2,60.5,1,TRUE,TRUE
10157,control,2026-06-01,5,38.8,0.6,5,38.8,0.6,TRUE,TRUE
10158,control,2026-06-01,3,31.3,0.667,3,31.333333333333332,0.6666666666666666,TRUE,TRUE
10159,treatment,2026-06-01,1,30,1,1,30,1,TRUE,TRUE
10160,control,2026-06-03,5,38.6,1,4,40.25,1,TRUE,TRUE
10161,control,2026-06-02,1,36,0,1,36,0,TRUE,TRUE
10162,control,2026-06-04,3,18.3,0.333,3,18.333333333333332,0.3333333333333333,TRUE,TRUE
10163,treatment,2026-06-03,3,31,0.333,2,34,0.5,TRUE,TRUE
10164,control,2026-06-02,5,46,1,4,38.5,1,TRUE,TRUE
10165,control,2026-06-03,3,31,0.333,3,31,0.3333333333333333,TRUE,TRUE
10166,treatment,2026-06-01,4,33,1,4,33,1,TRUE,TRUE
10167,control,2026-06-03,1,34,1,1,34,1,TRUE,TRUE
10168,treatment,2026-06-03,0,NA,NA,0,NA,NA,FALSE,FALSE
10169,control,2026-06-02,10,25.6,0.8,9,26.444444444444443,0.7777777777777778,TRUE,TRUE
10170,treatment,2026-06-01,11,66.5,0.909,11,66.45454545454545,0.9090909090909091,TRUE,TRUE
10171,control,2026-06-04,2,41,0.5,2,41,0.5,TRUE,TRUE
10172,treatment,2026-06-05,0,NA,NA,0,NA,NA,FALSE,FALSE
10173,treatment,2026-06-04,5,52,0.6,5,52,0.6,TRUE,TRUE
10174,treatment,2026-06-01,1,52,1,1,52,1,TRUE,TRUE
10175,treatment,2026-06-03,1,41,1,1,41,1,TRUE,TRUE
10176,control,2026-06-01,0,NA,NA,0,NA,NA,FALSE,FALSE
10177,treatment,2026-06-02,6,31.8,1,6,31.833333333333332,1,TRUE,TRUE
10178,control,2026-06-02,1,78,1,1,78,1,TRUE,TRUE
10179,treatment,2026-06-04,2,41.5,0.5,2,41.5,0.5,TRUE,TRUE
10180,treatment,2026-06-03,0,NA,NA,0,NA,NA,FALSE,FALSE
10181,treatment,2026-06-04,4,45,1,4,45,1,TRUE,TRUE
10182,control,2026-06-02,2,35,1,2,35,1,TRUE,TRUE
10183,treatment,2026-06-04,9,76.3,0.889,8,77,0.875,TRUE,TRUE
10184,control,2026-06-03,3,24,0.667,2,31,1,TRUE,TRUE
10185,control,2026-06-01,6,30.5,0.833,6,30.5,0.8333333333333334,TRUE,TRUE
10186,treatment,2026-06-04,1,37,1,1,37,1,TRUE,TRUE
10187,control,2026-06-01,1,29,0,1,29,0,TRUE,TRUE
10188,control,2026-06-02,2,65,1,2,65,1,TRUE,TRUE
10189,control,2026-06-04,3,29.7,0.667,3,29.666666666666668,0.6666666666666666,TRUE,TRUE
10190,control,2026-06-01,7,28,0.429,7,28,0.42857142857142855,TRUE,TRUE
10191,control,2026-06-03,4,33.2,0.75,4,33.25,0.75,TRUE,TRUE
10192,treatment,2026-06-02,1,51,1,1,51,1,TRUE,TRUE
10193,control,2026-06-03,1,38,0,1,38,0,TRUE,TRUE
10194,control,2026-06-02,2,38,0,2,38,0,TRUE,TRUE
10195,treatment,2026-06-02,1,41,1,1,41,1,TRUE,TRUE
10196,treatment,2026-06-04,1,20,0,1,20,0,TRUE,TRUE
10197,control,2026-06-01,2,33,1,2,33,1,TRUE,TRUE
10198,treatment,2026-06-05,3,47.3,0.667,2,39,0.5,TRUE,TRUE
10199,control,2026-06-03,7,25,0.429,7,25,0.42857142857142855,TRUE,TRUE
10200,treatment,2026-06-01,1,27,0,1,27,0,TRUE,TRUE
10201,treatment,2026-06-03,3,40.7,1,3,40.666666666666664,1,TRUE,TRUE
10202,treatment,2026-06-01,3,63,1,3,63,1,TRUE,TRUE
10203,treatment,2026-06-05,4,47.2,0.5,4,47.25,0.5,TRUE,TRUE
10204,control,2026-06-05,2,35.5,1,2,35.5,1,TRUE,TRUE
10205,treatment,2026-06-01,3,54.3,1,3,54.333333333333336,1,TRUE,TRUE
10206,treatment,2026-06-04,1,51,1,1,51,1,TRUE,TRUE
10207,treatment,2026-06-02,4,51,0.5,4,51,0.5,TRUE,TRUE
10208,control,2026-06-05,0,NA,NA,0,NA,NA,FALSE,FALSE
10209,treatment,2026-06-05,3,63.3,0.333,3,63.333333333333336,0.3333333333333333,TRUE,TRUE
10210,treatment,2026-06-02,6,53.3,0.833,6,53.333333333333336,0.8333333333333334,TRUE,TRUE
10211,treatment,2026-06-05,4,40.8,0.75,4,40.75,0.75,TRUE,TRUE
10212,control,2026-06-05,0,NA,NA,0,NA,NA,FALSE,FALSE
10213,control,2026-06-02,5,33.6,1,5,33.6,1,TRUE,TRUE
10214,treatment,2026-06-05,3,21.7,0.667,3,21.666666666666668,0.6666666666666666,TRUE,TRUE
10215,treatment,2026-06-02,0,NA,NA,0,NA,NA,FALSE,FALSE
10216,treatment,2026-06-02,1,114,1,1,114,1,TRUE,TRUE
10217,treatment,2026-06-04,2,22,0,2,22,0,TRUE,TRUE
10218,control,2026-06-04,1,52,1,1,52,1,TRUE,TRUE
10219,control,2026-06-01,3,30.7,1,3,30.666666666666668,1,TRUE,TRUE
10220,treatment,2026-06-03,0,NA,NA,0,NA,NA,FALSE,FALSE
10221,control,2026-06-01,2,20.5,1,2,20.5,1,TRUE,TRUE
10222,control,2026-06-02,1,53,1,1,53,1,TRUE,TRUE
10223,treatment,2026-06-04,4,63.5,0.5,4,63.5,0.5,TRUE,TRUE
10224,treatment,2026-06-01,1,77,1,1,77,1,TRUE,TRUE
10225,control,2026-06-04,6,37.8,0.5,6,37.833333333333336,0.5,TRUE,TRUE
10226,treatment,2026-06-01,3,39.7,1,3,39.666666666666664,1,TRUE,TRUE
10227,control,2026-06-02,5,26.4,0.8,5,26.4,0.8,TRUE,TRUE
10228,treatment,2026-06-04,1,73,1,1,73,1,TRUE,TRUE
10229,treatment,2026-06-05,5,40.4,0.6,5,40.4,0.6,TRUE,TRUE
10230,control,2026-06-04,5,26.4,1,5,26.4,1,TRUE,TRUE
10231,control,2026-06-04,4,30,0.75,4,30,0.75,TRUE,TRUE
10232,treatment,2026-06-05,3,31.7,1,2,32.5,1,TRUE,TRUE
10233,control,2026-06-04,1,58,0,1,58,0,TRUE,TRUE
10234,treatment,2026-06-04,2,68.5,0.5,2,68.5,0.5,TRUE,TRUE
10235,control,2026-06-02,2,42,1,2,42,1,TRUE,TRUE
10236,treatment,2026-06-02,0,NA,NA,0,NA,NA,FALSE,FALSE
10237,control,2026-06-03,4,27,0.75,4,27,0.75,TRUE,TRUE
10238,treatment,2026-06-05,4,65.8,1,4,65.75,1,TRUE,TRUE
10239,treatment,2026-06-03,2,43,0.5,1,62,1,TRUE,TRUE
10240,treatment,2026-06-02,5,49,0.2,5,49,0.2,TRUE,TRUE
10241,control,2026-06-01,0,NA,NA,0,NA,NA,FALSE,FALSE
10242,control,2026-06-02,4,24.5,0.75,4,24.5,0.75,TRUE,TRUE
10243,treatment,2026-06-05,0,NA,NA,0,NA,NA,FALSE,FALSE
10244,treatment,2026-06-02,2,38.5,0.5,2,38.5,0.5,TRUE,TRUE
10245,treatment,2026-06-04,1,13,0,1,13,0,TRUE,TRUE
10246,treatment,2026-06-02,4,44,0.5,4,44,0.5,TRUE,TRUE
10247,control,2026-06-02,4,33,0.5,4,33,0.5,TRUE,TRUE
10248,treatment,2026-06-02,0,NA,NA,0,NA,NA,FALSE,FALSE
10249,control,2026-06-02,2,36,1,2,36,1,TRUE,TRUE
10250,treatment,2026-06-01,12,38.3,0.667,12,38.333333333333336,0.6666666666666666,TRUE,TRUE
10251,treatment,2026-06-02,4,71,0.5,4,71,0.5,TRUE,TRUE
10252,treatment,2026-06-04,4,63.8,0.75,4,63.75,0.75,TRUE,TRUE
10253,control,2026-06-04,1,34,0,1,34,0,TRUE,TRUE
10254,treatment,2026-06-04,1,48,1,1,48,1,TRUE,TRUE
10255,control,2026-06-03,5,44.6,0.8,4,46.5,0.75,TRUE,TRUE
10256,control,2026-06-05,3,36.3,0.667,3,36.333333333333336,0.6666666666666666,TRUE,TRUE
10257,control,2026-06-01,1,34,1,1,34,1,TRUE,TRUE
10258,treatment,2026-06-02,0,NA,NA,0,NA,NA,FALSE,FALSE
10259,control,2026-06-03,1,27,0,1,27,0,TRUE,TRUE
10260,treatment,2026-06-03,4,48.5,1,4,48.5,1,TRUE,TRUE
10261,control,2026-06-05,1,23,0,1,23,0,TRUE,TRUE
10262,treatment,2026-06-02,7,41.6,0.857,7,41.57142857142857,0.8571428571428571,TRUE,TRUE
10263,treatment,2026-06-05,0,NA,NA,0,NA,NA,FALSE,FALSE
10264,control,2026-06-04,1,53,1,1,53,1,TRUE,TRUE
10265,treatment,2026-06-04,1,52,1,1,52,1,TRUE,TRUE
10266,control,2026-06-04,1,17,1,1,17,1,TRUE,TRUE
10267,control,2026-06-05,0,NA,NA,0,NA,NA,FALSE,FALSE
10268,treatment,2026-06-03,1,70,0,1,70,0,TRUE,TRUE
10269,control,2026-06-02,6,25.2,0.667,6,25.166666666666668,0.6666666666666666,TRUE,TRUE
10270,control,2026-06-03,10,38.4,0.7,9,35.888888888888886,0.6666666666666666,TRUE,TRUE
10271,treatment,2026-06-04,2,50.5,0.5,2,50.5,0.5,TRUE,TRUE
10272,treatment,2026-06-04,2,80,0.5,2,80,0.5,TRUE,TRUE
10273,control,2026-06-02,7,34.7,0.857,7,34.714285714285715,0.8571428571428571,TRUE,TRUE
10274,treatment,2026-06-03,3,38.7,1,3,38.666666666666664,1,TRUE,TRUE
10275,treatment,2026-06-05,6,48.2,0.833,4,50,0.75,TRUE,TRUE
10276,control,2026-06-04,4,37.8,1,4,37.75,1,TRUE,TRUE
10277,treatment,2026-06-02,3,52.3,1,3,52.333333333333336,1,TRUE,TRUE
10278,treatment,2026-06-03,5,54.4,0.8,5,54.4,0.8,TRUE,TRUE
10279,treatment,2026-06-03,0,NA,NA,0,NA,NA,FALSE,FALSE
10280,control,2026-06-03,0,NA,NA,0,NA,NA,FALSE,FALSE
10281,control,2026-06-03,6,29.7,0.5,6,29.666666666666668,0.5,TRUE,TRUE
10282,control,2026-06-01,2,66.5,0,2,66.5,0,TRUE,TRUE
10283,treatment,2026-06-01,11,43.8,0.727,11,43.81818181818182,0.7272727272727273,TRUE,TRUE
10284,treatment,2026-06-04,2,37,1,2,37,1,TRUE,TRUE
10285,treatment,2026-06-04,1,25,1,1,25,1,TRUE,TRUE
10286,treatment,2026-06-05,3,45.3,1,2,42,1,TRUE,TRUE
10287,treatment,2026-06-03,7,57.6,0.429,7,57.57142857142857,0.42857142857142855,TRUE,TRUE
10288,treatment,2026-06-05,3,68,0.667,3,68,0.6666666666666666,TRUE,TRUE
10289,control,2026-06-01,1,6,1,1,6,1,TRUE,TRUE
10290,control,2026-06-02,0,NA,NA,0,NA,NA,FALSE,FALSE
10291,control,2026-06-01,2,46.5,1,2,46.5,1,TRUE,TRUE
10292,treatment,2026-06-03,14,49.7,0.857,14,49.714285714285715,0.8571428571428571,TRUE,TRUE
10293,control,2026-06-04,4,34.8,1,4,34.75,1,TRUE,TRUE
10294,control,2026-06-05,1,19,1,1,19,1,TRUE,TRUE
10295,treatment,2026-06-01,12,52.3,0.75,12,52.333333333333336,0.75,TRUE,TRUE
10296,control,2026-06-04,20,27.8,0.6,19,28.210526315789473,0.5789473684210527,TRUE,TRUE
10297,control,2026-06-01,1,37,1,1,37,1,TRUE,TRUE
10298,control,2026-06-04,0,NA,NA,0,NA,NA,FALSE,FALSE
10299,control,2026-06-03,3,30.3,1,3,30.333333333333332,1,TRUE,TRUE
10300,treatment,2026-06-01,1,19,0,1,19,0,TRUE,TRUE
10301,treatment,2026-06-05,3,44,0.667,2,40.5,0.5,TRUE,TRUE
10302,treatment,2026-06-03,2,57,1,2,57,1,TRUE,TRUE
10303,control,2026-06-03,4,19,0.75,4,19,0.75,TRUE,TRUE
10304,treatment,2026-06-04,3,56.7,0.667,2,60,0.5,TRUE,TRUE
10305,treatment,2026-06-03,2,51,1,2,51,1,TRUE,TRUE
10306,treatment,2026-06-01,6,52.2,0.833,6,52.166666666666664,0.8333333333333334,TRUE,TRUE
10307,treatment,2026-06-05,5,32.4,0.4,4,32.75,0.5,TRUE,TRUE
10308,treatment,2026-06-01,0,NA,NA,0,NA,NA,FALSE,FALSE
10309,treatment,2026-06-02,1,72,1,1,72,1,TRUE,TRUE
10310,treatment,2026-06-04,3,28,0.667,3,28,0.6666666666666666,TRUE,TRUE
10311,control,2026-06-04,2,25.5,0.5,2,25.5,0.5,TRUE,TRUE
10312,control,2026-06-02,1,54,1,1,54,1,TRUE,TRUE
10313,control,2026-06-02,1,35,1,1,35,1,TRUE,TRUE
10314,treatment,2026-06-03,4,49.8,0.5,4,49.75,0.5,TRUE,TRUE
10315,control,2026-06-01,0,NA,NA,0,NA,NA,FALSE,FALSE
10316,control,2026-06-01,5,31.4,0.6,5,31.4,0.6,TRUE,TRUE
10317,treatment,2026-06-05,3,48.7,1,2,59.5,1,TRUE,TRUE
10318,treatment,2026-06-04,3,53,1,3,53,1,TRUE,TRUE
10319,control,2026-06-04,3,25.7,1,3,25.666666666666668,1,TRUE,TRUE
10320,control,2026-06-02,4,40.8,0.5,4,40.75,0.5,TRUE,TRUE
10321,treatment,2026-06-03,0,NA,NA,0,NA,NA,FALSE,FALSE
10322,control,2026-06-02,6,36,0.667,6,36,0.6666666666666666,TRUE,TRUE
10323,control,2026-06-02,5,24.6,0.2,5,24.6,0.2,TRUE,TRUE
10324,control,2026-06-05,4,45.8,0.75,4,45.75,0.75,TRUE,TRUE
10325,treatment,2026-06-01,4,86.5,0.75,4,86.5,0.75,TRUE,TRUE
10326,treatment,2026-06-03,3,43,0.667,3,43,0.6666666666666666,TRUE,TRUE
10327,treatment,2026-06-05,9,57.9,0.556,8,50.375,0.5,TRUE,TRUE
10328,control,2026-06-05,0,NA,NA,0,NA,NA,FALSE,FALSE
10329,control,2026-06-05,1,28,0,1,28,0,TRUE,TRUE
10330,control,2026-06-02,4,46,1,4,46,1,TRUE,TRUE
10331,control,2026-06-01,1,30,1,1,30,1,TRUE,TRUE
10332,treatment,2026-06-05,0,NA,NA,0,NA,NA,FALSE,FALSE
10333,treatment,2026-06-02,5,41.8,0.8,5,41.8,0.8,TRUE,TRUE
10334,control,2026-06-02,1,15,1,1,15,1,TRUE,TRUE
10335,treatment,2026-06-05,1,44,1,1,44,1,TRUE,TRUE
10336,treatment,2026-06-03,10,40,0.6,10,40,0.6,TRUE,TRUE
10337,treatment,2026-06-01,5,46.4,0.4,5,46.4,0.4,TRUE,TRUE
10338,treatment,2026-06-05,3,91,1,3,91,1,TRUE,TRUE
10339,control,2026-06-04,1,37,1,1,37,1,TRUE,TRUE
10340,control,2026-06-04,5,35.2,0.8,5,35.2,0.8,TRUE,TRUE
10341,treatment,2026-06-05,6,45.5,0.5,4,40.5,0.5,TRUE,TRUE
10342,treatment,2026-06-01,0,NA,NA,0,NA,NA,FALSE,FALSE
10343,treatment,2026-06-02,3,32.7,0.333,3,32.666666666666664,0.3333333333333333,TRUE,TRUE
10344,control,2026-06-01,2,34,1,2,34,1,TRUE,TRUE
10345,control,2026-06-05,11,30.8,0.636,9,30.11111111111111,0.7777777777777778,TRUE,TRUE
10346,control,2026-06-04,0,NA,NA,0,NA,NA,FALSE,FALSE
10347,treatment,2026-06-01,5,47,0.4,5,47,0.4,TRUE,TRUE
10348,control,2026-06-02,8,34.4,0.5,8,34.375,0.5,TRUE,TRUE
10349,control,2026-06-01,1,39,1,1,39,1,TRUE,TRUE
10350,control,2026-06-01,2,21.5,0.5,2,21.5,0.5,TRUE,TRUE
10351,treatment,2026-06-02,0,NA,NA,0,NA,NA,FALSE,FALSE
10352,treatment,2026-06-04,1,67,1,1,67,1,TRUE,TRUE
10353,treatment,2026-06-02,3,33.7,1,3,33.666666666666664,1,TRUE,TRUE
10354,treatment,2026-06-01,7,39.9,0.857,7,39.857142857142854,0.8571428571428571,TRUE,TRUE
10355,control,2026-06-02,3,30.3,0.667,3,30.333333333333332,0.6666666666666666,TRUE,TRUE
10356,control,2026-06-05,0,NA,NA,0,NA,NA,FALSE,FALSE
10357,treatment,2026-06-01,5,55.2,0.6,5,55.2,0.6,TRUE,TRUE
10358,treatment,2026-06-05,1,15,0,1,15,0,TRUE,TRUE
10359,treatment,2026-06-01,7,49.1,0.714,7,49.142857142857146,0.7142857142857143,TRUE,TRUE
10360,control,2026-06-04,6,34.3,1,6,34.333333333333336,1,TRUE,TRUE
10361,control,2026-06-03,2,20.5,0.5,2,20.5,0.5,TRUE,TRUE
10362,treatment,2026-06-02,2,22.5,1,2,22.5,1,TRUE,TRUE
10363,treatment,2026-06-02,2,45,1,2,45,1,TRUE,TRUE
10364,treatment,2026-06-05,1,122,1,1,122,1,TRUE,TRUE
10365,treatment,2026-06-02,7,56.6,0.286,7,56.57142857142857,0.2857142857142857,TRUE,TRUE
10366,treatment,2026-06-01,2,119,0.5,2,119,0.5,TRUE,TRUE
10367,treatment,2026-06-03,1,34,1,1,34,1,TRUE,TRUE
10368,treatment,2026-06-03,3,35.3,0.333,3,35.333333333333336,0.3333333333333333,TRUE,TRUE
10369,treatment,2026-06-02,1,66,1,1,66,1,TRUE,TRUE
10370,treatment,2026-06-01,1,44,1,1,44,1,TRUE,TRUE
10371,treatment,2026-06-03,3,54.7,1,3,54.666666666666664,1,TRUE,TRUE
10372,control,2026-06-02,12,34.6,0.667,11,33.63636363636363,0.6363636363636364,TRUE,TRUE
10373,treatment,2026-06-02,2,36.5,1,2,36.5,1,TRUE,TRUE
10374,treatment,2026-06-01,1,40,0,1,40,0,TRUE,TRUE
10375,control,2026-06-03,2,31,1,2,31,1,TRUE,TRUE
10376,control,2026-06-01,7,25.3,0.714,7,25.285714285714285,0.7142857142857143,TRUE,TRUE
10377,control,2026-06-02,0,NA,NA,0,NA,NA,FALSE,FALSE
10378,treatment,2026-06-02,7,43.7,0.429,7,43.714285714285715,0.42857142857142855,TRUE,TRUE
10379,treatment,2026-06-04,3,44.7,1,3,44.666666666666664,1,TRUE,TRUE
10380,control,2026-06-01,10,29.4,0.7,10,29.4,0.7,TRUE,TRUE
10381,control,2026-06-02,3,42,0.667,3,42,0.6666666666666666,TRUE,TRUE
10382,treatment,2026-06-03,4,42.2,1,4,42.25,1,TRUE,TRUE
10383,treatment,2026-06-03,10,59.5,0.4,10,59.5,0.4,TRUE,TRUE
10384,control,2026-06-01,2,23,0.5,2,23,0.5,TRUE,TRUE
10385,treatment,2026-06-04,3,26.3,0.333,3,26.333333333333332,0.3333333333333333,TRUE,TRUE
10386,treatment,2026-06-02,4,44.8,0.25,4,44.75,0.25,TRUE,TRUE
10387,treatment,2026-06-01,1,18,1,1,18,1,TRUE,TRUE
10388,treatment,2026-06-02,0,NA,NA,0,NA,NA,FALSE,FALSE
10389,control,2026-06-05,6,32.3,0.833,6,32.333333333333336,0.8333333333333334,TRUE,TRUE
10390,control,2026-06-02,0,NA,NA,0,NA,NA,FALSE,FALSE
10391,treatment,2026-06-01,4,32.2,0.75,4,32.25,0.75,TRUE,TRUE
10392,control,2026-06-01,6,26,0.833,6,26,0.8333333333333334,TRUE,TRUE
10393,control,2026-06-01,4,40,1,4,40,1,TRUE,TRUE
10394,treatment,2026-06-01,6,37.5,0.5,6,37.5,0.5,TRUE,TRUE
10395,treatment,2026-06-05,2,25.5,0.5,2,25.5,0.5,TRUE,TRUE
10396,control,2026-06-01,4,37.2,0.75,4,37.25,0.75,TRUE,TRUE
10397,control,2026-06-04,3,25.3,0.667,2,28,1,TRUE,TRUE
10398,control,2026-06-04,6,54.8,0.667,5,54.2,0.6,TRUE,TRUE
10399,control,2026-06-04,1,12,1,1,12,1,TRUE,TRUE
10400,control,2026-06-03,4,26.8,0.75,4,26.75,0.75,TRUE,TRUE
10401,control,2026-06-03,0,NA,NA,0,NA,NA,FALSE,FALSE
10402,control,2026-06-02,6,41.3,0.833,6,41.333333333333336,0.8333333333333334,TRUE,TRUE
10403,control,2026-06-01,1,20,0,1,20,0,TRUE,TRUE
10404,control,2026-06-03,1,23,0,1,23,0,TRUE,TRUE
10405,treatment,2026-06-05,1,43,1,1,43,1,TRUE,TRUE
10406,treatment,2026-06-02,6,44.5,1,6,44.5,1,TRUE,TRUE
10407,control,2026-06-04,2,46,1,2,46,1,TRUE,TRUE
10408,control,2026-06-02,2,23,0.5,2,23,0.5,TRUE,TRUE
10409,treatment,2026-06-01,0,NA,NA,0,NA,NA,FALSE,FALSE
10410,control,2026-06-01,1,18,1,1,18,1,TRUE,TRUE
10411,treatment,2026-06-04,2,52,0.5,2,52,0.5,TRUE,TRUE
10412,treatment,2026-06-05,2,28.5,1,2,28.5,1,TRUE,TRUE
10413,treatment,2026-06-04,0,NA,NA,0,NA,NA,FALSE,FALSE
10414,control,2026-06-05,1,168,1,1,168,1,TRUE,TRUE
10415,control,2026-06-04,1,44,1,1,44,1,TRUE,TRUE
10416,control,2026-06-02,5,28.4,1,5,28.4,1,TRUE,TRUE
10417,control,2026-06-04,1,45,0,1,45,0,TRUE,TRUE
10418,control,2026-06-01,3,30,1,3,30,1,TRUE,TRUE
10419,treatment,2026-06-02,1,34,1,1,34,1,TRUE,TRUE
10420,control,2026-06-01,2,25,0.5,2,25,0.5,TRUE,TRUE
10421,treatment,2026-06-02,3,50,1,3,50,1,TRUE,TRUE
10422,treatment,2026-06-02,1,25,1,1,25,1,TRUE,TRUE
10423,control,2026-06-01,2,72.5,1,2,72.5,1,TRUE,TRUE
10424,control,2026-06-04,2,29.5,1,2,29.5,1,TRUE,TRUE
10425,control,2026-06-03,8,31.4,0.375,8,31.375,0.375,TRUE,TRUE
10426,treatment,2026-06-03,3,54,0.667,3,54,0.6666666666666666,TRUE,TRUE
10427,control,2026-06-04,1,34,0,1,34,0,TRUE,TRUE
10428,treatment,2026-06-04,0,NA,NA,0,NA,NA,FALSE,FALSE
10429,control,2026-06-04,0,NA,NA,0,NA,NA,FALSE,FALSE
10430,control,2026-06-02,3,36.7,1,3,36.666666666666664,1,TRUE,TRUE
10431,treatment,2026-06-02,0,NA,NA,0,NA,NA,FALSE,FALSE
10432,treatment,2026-06-03,1,85,1,1,85,1,TRUE,TRUE
10433,control,2026-06-03,2,25,0.5,2,25,0.5,TRUE,TRUE
10434,treatment,2026-06-01,4,51,0.5,4,51,0.5,TRUE,TRUE
10435,treatment,2026-06-03,2,54.5,1,2,54.5,1,TRUE,TRUE
10436,control,2026-06-05,3,25.7,0.667,3,25.666666666666668,0.6666666666666666,TRUE,TRUE
10437,control,2026-06-03,2,31.5,0,2,31.5,0,TRUE,TRUE
10438,treatment,2026-06-03,3,42.3,0.667,3,42.333333333333336,0.6666666666666666,TRUE,TRUE
10439,treatment,2026-06-05,1,39,0,1,39,0,TRUE,TRUE
10440,control,2026-06-02,7,33.3,0.714,6,32.5,0.6666666666666666,TRUE,TRUE
10441,treatment,2026-06-04,2,81,1,2,81,1,TRUE,TRUE
10442,control,2026-06-03,2,24.5,1,2,24.5,1,TRUE,TRUE
10443,control,2026-06-03,3,17,1,3,17,1,TRUE,TRUE
10444,control,2026-06-05,2,39.5,0.5,2,39.5,0.5,TRUE,TRUE
10445,control,2026-06-02,4,35.5,0.75,4,35.5,0.75,TRUE,TRUE
10446,treatment,2026-06-04,5,56.6,0.4,5,56.6,0.4,TRUE,TRUE
10447,treatment,2026-06-04,1,131,0,1,131,0,TRUE,TRUE
10448,control,2026-06-01,2,41.5,1,2,41.5,1,TRUE,TRUE
10449,treatment,2026-06-03,3,48,0.333,3,48,0.3333333333333333,TRUE,TRUE
10450,treatment,2026-06-03,5,34.2,0.8,5,34.2,0.8,TRUE,TRUE
10451,treatment,2026-06-03,1,41,1,1,41,1,TRUE,TRUE
10452,treatment,2026-06-05,0,NA,NA,0,NA,NA,FALSE,FALSE
10453,treatment,2026-06-03,1,51,1,1,51,1,TRUE,TRUE
10454,control,2026-06-01,1,17,1,1,17,1,TRUE,TRUE
10455,control,2026-06-03,2,42.5,1,2,42.5,1,TRUE,TRUE
10456,control,2026-06-03,5,33.8,0.8,5,33.8,0.8,TRUE,TRUE
10457,treatment,2026-06-01,9,60.8,0.889,9,60.77777777777778,0.8888888888888888,TRUE,TRUE
10458,treatment,2026-06-05,2,33.5,0,1,18,0,TRUE,TRUE
10459,control,2026-06-02,2,47,1,2,47,1,TRUE,TRUE
10460,control,2026-06-03,3,24.3,0,3,24.333333333333332,0,TRUE,TRUE
10461,control,2026-06-04,2,31,0.5,1,22,0,TRUE,TRUE
10462,control,2026-06-02,3,25.3,0.667,3,25.333333333333332,0.6666666666666666,TRUE,TRUE
10463,treatment,2026-06-02,5,44,0.4,4,33.5,0.25,TRUE,TRUE
10464,control,2026-06-05,7,36.6,0.571,6,27.833333333333332,0.5,TRUE,TRUE
10465,treatment,2026-06-01,5,53,0.6,5,53,0.6,TRUE,TRUE
10466,treatment,2026-06-05,5,48.6,1,5,48.6,1,TRUE,TRUE
10467,treatment,2026-06-02,3,42.3,1,3,42.333333333333336,1,TRUE,TRUE
10468,treatment,2026-06-03,4,51,1,4,51,1,TRUE,TRUE
10469,treatment,2026-06-02,7,48.6,0.857,7,48.57142857142857,0.8571428571428571,TRUE,TRUE
10470,treatment,2026-06-02,4,27.2,0.75,4,27.25,0.75,TRUE,TRUE
10471,treatment,2026-06-04,2,50,0.5,1,39,1,TRUE,TRUE
10472,control,2026-06-01,5,45.8,0.4,5,45.8,0.4,TRUE,TRUE
10473,treatment,2026-06-01,8,49.5,0.75,8,49.5,0.75,TRUE,TRUE
10474,treatment,2026-06-03,4,28,0.75,4,28,0.75,TRUE,TRUE
10475,control,2026-06-02,10,38.8,0.8,10,38.8,0.8,TRUE,TRUE
10476,control,2026-06-01,2,22.5,1,2,22.5,1,TRUE,TRUE
10477,treatment,2026-06-04,1,39,1,1,39,1,TRUE,TRUE
10478,treatment,2026-06-03,2,66,0.5,2,66,0.5,TRUE,TRUE
10479,treatment,2026-06-02,0,NA,NA,0,NA,NA,FALSE,FALSE
10480,control,2026-06-04,10,30,0.8,10,30,0.8,TRUE,TRUE
10481,treatment,2026-06-02,0,NA,NA,0,NA,NA,FALSE,FALSE
10482,treatment,2026-06-01,0,NA,NA,0,NA,NA,FALSE,FALSE
10483,control,2026-06-04,3,34.3,1,3,34.333333333333336,1,TRUE,TRUE
10484,treatment,2026-06-01,2,52,1,2,52,1,TRUE,TRUE
10485,control,2026-06-04,0,NA,NA,0,NA,NA,FALSE,FALSE
10486,treatment,2026-06-02,1,38,0,1,38,0,TRUE,TRUE
10487,control,2026-06-03,3,24,0.667,3,24,0.6666666666666666,TRUE,TRUE
10488,treatment,2026-06-04,4,82.8,0.5,4,82.75,0.5,TRUE,TRUE
10489,treatment,2026-06-01,2,40,0.5,2,40,0.5,TRUE,TRUE
10490,control,2026-06-04,3,16.3,0,3,16.333333333333332,0,TRUE,TRUE
10491,control,2026-06-03,3,25.7,1,3,25.666666666666668,1,TRUE,TRUE
10492,control,2026-06-03,0,NA,NA,0,NA,NA,FALSE,FALSE
10493,control,2026-06-01,11,34.5,1,11,34.45454545454545,1,TRUE,TRUE
10494,treatment,2026-06-02,4,55.5,1,3,64.66666666666667,1,TRUE,TRUE
10495,treatment,2026-06-05,0,NA,NA,0,NA,NA,FALSE,FALSE
10496,control,2026-06-01,4,29.8,1,4,29.75,1,TRUE,TRUE
10497,control,2026-06-03,1,49,1,1,49,1,TRUE,TRUE
10498,treatment,2026-06-02,8,35.2,1,8,35.25,1,TRUE,TRUE
10499,control,2026-06-03,2,30.5,0.5,2,30.5,0.5,TRUE,TRUE
10500,treatment,2026-06-05,1,31,0,1,31,0,TRUE,TRUE
10501,treatment,2026-06-04,3,30.7,0.333,3,30.666666666666668,0.3333333333333333,TRUE,TRUE
10502,treatment,2026-06-03,2,42.5,0.5,2,42.5,0.5,TRUE,TRUE
10503,control,2026-06-04,8,35.6,0.875,6,38,1,TRUE,TRUE
10504,treatment,2026-06-01,3,22.7,0.667,3,22.666666666666668,0.6666666666666666,TRUE,TRUE
10505,control,2026-06-05,2,37.5,0.5,2,37.5,0.5,TRUE,TRUE
10506,treatment,2026-06-01,3,21,0.333,3,21,0.3333333333333333,TRUE,TRUE
10507,control,2026-06-04,1,23,1,1,23,1,TRUE,TRUE
10508,treatment,2026-06-02,2,104.5,1,2,104.5,1,TRUE,TRUE
10509,treatment,2026-06-01,0,NA,NA,0,NA,NA,FALSE,FALSE
10510,control,2026-06-02,3,32,1,3,32,1,TRUE,TRUE
10511,control,2026-06-03,5,22.6,1,3,21.666666666666668,1,TRUE,TRUE
10512,treatment,2026-06-02,2,21.5,0.5,2,21.5,0.5,TRUE,TRUE
10513,control,2026-06-05,3,20,0.667,2,24,0.5,TRUE,TRUE
10514,treatment,2026-06-05,0,NA,NA,0,NA,NA,FALSE,FALSE
10515,control,2026-06-03,0,NA,NA,0,NA,NA,FALSE,FALSE
10516,treatment,2026-06-01,1,30,1,1,30,1,TRUE,TRUE
10517,treatment,2026-06-02,6,52.2,1,6,52.166666666666664,1,TRUE,TRUE
10518,control,2026-06-05,4,30.2,0.5,4,30.25,0.5,TRUE,TRUE
10519,treatment,2026-06-02,3,56.3,0.667,3,56.333333333333336,0.6666666666666666,TRUE,TRUE
10520,treatment,2026-06-03,4,40.5,1,4,40.5,1,TRUE,TRUE
10521,control,2026-06-03,3,50,0.667,2,52.5,0.5,TRUE,TRUE
10522,control,2026-06-04,2,47,0.5,2,47,0.5,TRUE,TRUE
10523,treatment,2026-06-01,2,47,0,2,47,0,TRUE,TRUE
10524,control,2026-06-03,5,35,0.8,5,35,0.8,TRUE,TRUE
10525,treatment,2026-06-01,1,60,1,1,60,1,TRUE,TRUE
10526,treatment,2026-06-02,7,38.3,0.714,7,38.285714285714285,0.7142857142857143,TRUE,TRUE
10527,control,2026-06-05,7,30.1,0.571,6,29.666666666666668,0.5,TRUE,TRUE
10528,control,2026-06-03,2,35.5,0,2,35.5,0,TRUE,TRUE
10529,control,2026-06-02,3,19.3,0.667,3,19.333333333333332,0.6666666666666666,TRUE,TRUE
10530,control,2026-06-03,1,11,0,1,11,0,TRUE,TRUE
10531,treatment,2026-06-05,9,57.3,0.778,9,57.333333333333336,0.7777777777777778,TRUE,TRUE
10532,control,2026-06-01,1,13,0,1,13,0,TRUE,TRUE
10533,control,2026-06-01,2,45.5,0,2,45.5,0,TRUE,TRUE
10534,control,2026-06-05,1,28,0,1,28,0,TRUE,TRUE
10535,treatment,2026-06-01,0,NA,NA,0,NA,NA,FALSE,FALSE
10536,control,2026-06-01,2,26,0.5,2,26,0.5,TRUE,TRUE
10537,treatment,2026-06-05,5,82,0.8,5,82,0.8,TRUE,TRUE
10538,control,2026-06-04,3,24.7,1,3,24.666666666666668,1,TRUE,TRUE
10539,control,2026-06-01,2,16,1,2,16,1,TRUE,TRUE
10540,control,2026-06-05,8,43.6,0.625,6,51.833333333333336,0.6666666666666666,TRUE,TRUE
10541,control,2026-06-03,1,30,0,1,30,0,TRUE,TRUE
10542,treatment,2026-06-04,1,20,0,1,20,0,TRUE,TRUE
10543,treatment,2026-06-04,4,42.2,0.5,4,42.25,0.5,TRUE,TRUE
10544,control,2026-06-03,0,NA,NA,0,NA,NA,FALSE,FALSE
10545,treatment,2026-06-03,1,28,0,1,28,0,TRUE,TRUE
10546,control,2026-06-04,4,35.2,0.75,4,35.25,0.75,TRUE,TRUE
10547,control,2026-06-02,4,24.5,0.5,4,24.5,0.5,TRUE,TRUE
10548,control,2026-06-01,2,28,0.5,2,28,0.5,TRUE,TRUE
10549,treatment,2026-06-04,3,34.3,0.333,3,34.333333333333336,0.3333333333333333,TRUE,TRUE
10550,control,2026-06-04,7,30.9,0.429,7,30.857142857142858,0.42857142857142855,TRUE,TRUE
10551,treatment,2026-06-05,5,57,1,5,57,1,TRUE,TRUE
10552,control,2026-06-05,1,13,0,1,13,0,TRUE,TRUE
10553,control,2026-06-01,0,NA,NA,0,NA,NA,FALSE,FALSE
10554,control,2026-06-01,4,29.8,1,4,29.75,1,TRUE,TRUE
10555,control,2026-06-04,2,26,1,2,26,1,TRUE,TRUE
10556,control,2026-06-03,2,17,0,2,17,0,TRUE,TRUE
10557,control,2026-06-03,8,41.9,0.75,7,44.714285714285715,0.7142857142857143,TRUE,TRUE
10558,treatment,2026-06-05,2,57,1,2,57,1,TRUE,TRUE
10559,control,2026-06-04,0,NA,NA,0,NA,NA,FALSE,FALSE
10560,control,2026-06-02,0,NA,NA,0,NA,NA,FALSE,FALSE
10561,control,2026-06-02,2,24.5,0.5,2,24.5,0.5,TRUE,TRUE
10562,control,2026-06-03,7,39.3,0.714,6,41.166666666666664,0.8333333333333334,TRUE,TRUE
10563,treatment,2026-06-05,0,NA,NA,0,NA,NA,FALSE,FALSE
10564,treatment,2026-06-01,0,NA,NA,0,NA,NA,FALSE,FALSE
10565,control,2026-06-05,0,NA,NA,0,NA,NA,FALSE,FALSE
10566,control,2026-06-01,1,56,0,1,56,0,TRUE,TRUE
10567,treatment,2026-06-05,1,32,1,0,NA,NA,FALSE,TRUE
10568,control,2026-06-02,3,25.3,0.333,3,25.333333333333332,0.3333333333333333,TRUE,TRUE
10569,control,2026-06-01,1,18,0,1,18,0,TRUE,TRUE
10570,treatment,2026-06-03,1,40,0,1,40,0,TRUE,TRUE
10571,treatment,2026-06-04,0,NA,NA,0,NA,NA,FALSE,FALSE
10572,treatment,2026-06-03,3,35,0.667,3,35,0.6666666666666666,TRUE,TRUE
10573,control,2026-06-05,11,28.4,0.636,9,28.555555555555557,0.6666666666666666,TRUE,TRUE
10574,treatment,2026-06-02,3,36.7,0.667,3,36.666666666666664,0.6666666666666666,TRUE,TRUE
10575,treatment,2026-06-05,1,55,0,1,55,0,TRUE,TRUE
10576,treatment,2026-06-04,3,69.7,0.667,3,69.66666666666667,0.6666666666666666,TRUE,TRUE
10577,treatment,2026-06-03,5,30.8,0.6,5,30.8,0.6,TRUE,TRUE
10578,treatment,2026-06-03,4,62.2,0.75,4,62.25,0.75,TRUE,TRUE
10579,treatment,2026-06-04,7,54.3,0.714,7,54.285714285714285,0.7142857142857143,TRUE,TRUE
10580,treatment,2026-06-02,0,NA,NA,0,NA,NA,FALSE,FALSE
10581,control,2026-06-02,9,28.7,0.667,9,28.666666666666668,0.6666666666666666,TRUE,TRUE
10582,treatment,2026-06-04,0,NA,NA,0,NA,NA,FALSE,FALSE
10583,treatment,2026-06-01,0,NA,NA,0,NA,NA,FALSE,FALSE
10584,control,2026-06-04,6,28,0.833,6,28,0.8333333333333334,TRUE,TRUE
10585,control,2026-06-02,3,38.3,0.667,3,38.333333333333336,0.6666666666666666,TRUE,TRUE
10586,treatment,2026-06-02,1,63,1,1,63,1,TRUE,TRUE
10587,control,2026-06-04,1,64,1,1,64,1,TRUE,TRUE
10588,control,2026-06-02,1,45,1,1,45,1,TRUE,TRUE
10589,treatment,2026-06-02,6,39.2,0.833,5,43.6,1,TRUE,TRUE
10590,treatment,2026-06-04,4,41.5,0.75,4,41.5,0.75,TRUE,TRUE
10591,control,2026-06-03,1,20,1,1,20,1,TRUE,TRUE
10592,treatment,2026-06-01,2,30.5,1,2,30.5,1,TRUE,TRUE
10593,treatment,2026-06-02,2,44,1,2,44,1,TRUE,TRUE
10594,control,2026-06-04,2,21,1,2,21,1,TRUE,TRUE
10595,control,2026-06-02,4,40.8,0.5,4,40.75,0.5,TRUE,TRUE
10596,treatment,2026-06-02,13,54.5,0.846,13,54.46153846153846,0.8461538461538461,TRUE,TRUE
10597,treatment,2026-06-01,2,41,1,2,41,1,TRUE,TRUE
10598,treatment,2026-06-03,1,41,0,1,41,0,TRUE,TRUE
10599,control,2026-06-02,6,26.5,0.333,6,26.5,0.3333333333333333,TRUE,TRUE
10600,treatment,2026-06-01,6,58.5,0.833,6,58.5,0.8333333333333334,TRUE,TRUE
10601,treatment,2026-06-01,2,45,0.5,2,45,0.5,TRUE,TRUE
10602,control,2026-06-01,2,34,1,2,34,1,TRUE,TRUE
10603,treatment,2026-06-03,2,36,1,2,36,1,TRUE,TRUE
10604,treatment,2026-06-05,1,79,0,1,79,0,TRUE,TRUE
10605,treatment,2026-06-05,1,63,1,0,NA,NA,FALSE,TRUE
10606,treatment,2026-06-01,1,69,0,1,69,0,TRUE,TRUE
10607,control,2026-06-03,2,38,0.5,1,37,1,TRUE,TRUE
10608,treatment,2026-06-04,3,38.7,0.667,3,38.666666666666664,0.6666666666666666,TRUE,TRUE
10609,control,2026-06-04,1,33,1,1,33,1,TRUE,TRUE
10610,control,2026-06-02,5,31.8,0.6,5,31.8,0.6,TRUE,TRUE
10611,control,2026-06-01,3,49,0.667,3,49,0.6666666666666666,TRUE,TRUE
10612,control,2026-06-03,1,14,1,1,14,1,TRUE,TRUE
10613,treatment,2026-06-02,1,53,1,1,53,1,TRUE,TRUE
10614,treatment,2026-06-04,5,29.6,0.8,3,29.333333333333332,1,TRUE,TRUE
10615,treatment,2026-06-02,2,52.5,0,2,52.5,0,TRUE,TRUE
10616,treatment,2026-06-03,2,43.5,1,2,43.5,1,TRUE,TRUE
10617,control,2026-06-03,2,43.5,1,2,43.5,1,TRUE,TRUE
10618,treatment,2026-06-05,0,NA,NA,0,NA,NA,FALSE,FALSE
10619,treatment,2026-06-01,10,47.7,0.6,10,47.7,0.6,TRUE,TRUE
10620,treatment,2026-06-02,4,52.8,0.75,4,52.75,0.75,TRUE,TRUE
10621,treatment,2026-06-05,2,34.5,1,2,34.5,1,TRUE,TRUE
10622,control,2026-06-04,1,32,1,1,32,1,TRUE,TRUE
10623,treatment,2026-06-04,0,NA,NA,0,NA,NA,FALSE,FALSE
10624,control,2026-06-01,4,37,0.5,4,37,0.5,TRUE,TRUE
10625,treatment,2026-06-01,1,57,1,1,57,1,TRUE,TRUE
10626,treatment,2026-06-04,0,NA,NA,0,NA,NA,FALSE,FALSE
10627,treatment,2026-06-01,2,40,0.5,2,40,0.5,TRUE,TRUE
10628,control,2026-06-05,0,NA,NA,0,NA,NA,FALSE,FALSE
10629,treatment,2026-06-01,7,46.4,0.714,7,46.42857142857143,0.7142857142857143,TRUE,TRUE
10630,control,2026-06-04,3,16.7,1,3,16.666666666666668,1,TRUE,TRUE
10631,treatment,2026-06-04,6,43.5,0.5,6,43.5,0.5,TRUE,TRUE
10632,control,2026-06-04,1,14,0,1,14,0,TRUE,TRUE
10633,control,2026-06-03,1,66,0,1,66,0,TRUE,TRUE
10634,control,2026-06-02,2,44.5,0.5,2,44.5,0.5,TRUE,TRUE
10635,control,2026-06-01,9,37.4,0.778,9,37.44444444444444,0.7777777777777778,TRUE,TRUE
10636,treatment,2026-06-03,3,50,0.667,3,50,0.6666666666666666,TRUE,TRUE
10637,control,2026-06-03,5,24.6,0.8,5,24.6,0.8,TRUE,TRUE
10638,control,2026-06-02,1,35,1,1,35,1,TRUE,TRUE
10639,control,2026-06-03,6,35.7,0.5,5,36.6,0.6,TRUE,TRUE
10640,treatment,2026-06-01,2,40,0.5,2,40,0.5,TRUE,TRUE
10641,treatment,2026-06-04,0,NA,NA,0,NA,NA,FALSE,FALSE
10642,treatment,2026-06-03,16,46.3,0.812,15,46.06666666666667,0.8,TRUE,TRUE
10643,control,2026-06-03,2,29.5,0.5,2,29.5,0.5,TRUE,TRUE
10644,treatment,2026-06-05,5,47.8,0.8,5,47.8,0.8,TRUE,TRUE
10645,control,2026-06-01,4,27,0.5,4,27,0.5,TRUE,TRUE
10646,control,2026-06-01,2,27,1,2,27,1,TRUE,TRUE
10647,control,2026-06-01,0,NA,NA,0,NA,NA,FALSE,FALSE
10648,control,2026-06-05,2,55,1,1,39,1,TRUE,TRUE
10649,treatment,2026-06-01,2,52,0.5,2,52,0.5,TRUE,TRUE
10650,control,2026-06-03,0,NA,NA,0,NA,NA,FALSE,FALSE
10651,control,2026-06-01,1,79,1,1,79,1,TRUE,TRUE
10652,treatment,2026-06-05,0,NA,NA,0,NA,NA,FALSE,FALSE
10653,treatment,2026-06-02,7,60.6,0.571,7,60.57142857142857,0.5714285714285714,TRUE,TRUE
10654,treatment,2026-06-04,1,59,1,1,59,1,TRUE,TRUE
10655,treatment,2026-06-05,5,36.4,0.8,5,36.4,0.8,TRUE,TRUE
10656,treatment,2026-06-05,3,63,1,3,63,1,TRUE,TRUE
10657,control,2026-06-02,3,23.7,1,3,23.666666666666668,1,TRUE,TRUE
10658,treatment,2026-06-05,5,43,0.4,4,47,0.25,TRUE,TRUE
10659,control,2026-06-02,4,59,0.75,4,59,0.75,TRUE,TRUE
10660,treatment,2026-06-02,2,99,1,2,99,1,TRUE,TRUE
10661,treatment,2026-06-03,2,32.5,0.5,2,32.5,0.5,TRUE,TRUE
10662,control,2026-06-05,0,NA,NA,0,NA,NA,FALSE,FALSE
10663,treatment,2026-06-04,1,69,1,1,69,1,TRUE,TRUE
10664,control,2026-06-03,1,12,1,1,12,1,TRUE,TRUE
10665,control,2026-06-05,1,47,1,1,47,1,TRUE,TRUE
10666,control,2026-06-03,2,52,0.5,2,52,0.5,TRUE,TRUE
10667,control,2026-06-04,1,9,1,1,9,1,TRUE,TRUE
10668,control,2026-06-02,6,28.7,0.833,6,28.666666666666668,0.8333333333333334,TRUE,TRUE
10669,control,2026-06-01,4,46,0.25,4,46,0.25,TRUE,TRUE
10670,treatment,2026-06-01,1,72,1,1,72,1,TRUE,TRUE
10671,control,2026-06-03,1,32,1,1,32,1,TRUE,TRUE
10672,treatment,2026-06-03,3,36,0.667,3,36,0.6666666666666666,TRUE,TRUE
10673,control,2026-06-02,3,28.3,1,3,28.333333333333332,1,TRUE,TRUE
10674,control,2026-06-02,3,35.7,1,3,35.666666666666664,1,TRUE,TRUE
10675,treatment,2026-06-03,3,61,1,2,41.5,1,TRUE,TRUE
10676,control,2026-06-03,0,NA,NA,0,NA,NA,FALSE,FALSE
10677,treatment,2026-06-01,4,48.5,1,4,48.5,1,TRUE,TRUE
10678,control,2026-06-05,4,40.8,0.75,4,40.75,0.75,TRUE,TRUE
10679,control,2026-06-02,6,28.8,0.5,6,28.833333333333332,0.5,TRUE,TRUE
10680,treatment,2026-06-03,3,59.3,0.333,3,59.333333333333336,0.3333333333333333,TRUE,TRUE
10681,treatment,2026-06-01,1,18,0,1,18,0,TRUE,TRUE
10682,control,2026-06-01,5,49.8,0.4,5,49.8,0.4,TRUE,TRUE
10683,control,2026-06-02,3,50.7,1,3,50.666666666666664,1,TRUE,TRUE
10684,control,2026-06-05,1,45,0,1,45,0,TRUE,TRUE
10685,treatment,2026-06-05,0,NA,NA,0,NA,NA,FALSE,FALSE
10686,control,2026-06-03,9,27.1,0.778,9,27.11111111111111,0.7777777777777778,TRUE,TRUE
10687,treatment,2026-06-02,2,93,1,2,93,1,TRUE,TRUE
10688,treatment,2026-06-02,1,20,1,1,20,1,TRUE,TRUE
10689,control,2026-06-02,1,48,1,1,48,1,TRUE,TRUE
10690,control,2026-06-05,3,51,1,3,51,1,TRUE,TRUE
10691,treatment,2026-06-01,1,38,1,1,38,1,TRUE,TRUE
10692,treatment,2026-06-01,8,49.9,0.75,8,49.875,0.75,TRUE,TRUE
10693,treatment,2026-06-05,2,30,0.5,2,30,0.5,TRUE,TRUE
10694,treatment,2026-06-02,2,25,0.5,2,25,0.5,TRUE,TRUE
10695,control,2026-06-03,3,37.3,0,3,37.333333333333336,0,TRUE,TRUE
10696,treatment,2026-06-05,1,75,1,1,75,1,TRUE,TRUE
10697,control,2026-06-02,3,34.3,0.667,3,34.333333333333336,0.6666666666666666,TRUE,TRUE
10698,treatment,2026-06-03,4,39.2,0.75,4,39.25,0.75,TRUE,TRUE
10699,treatment,2026-06-01,9,45.7,0.889,9,45.666666666666664,0.8888888888888888,TRUE,TRUE
10700,control,2026-06-05,2,58.5,1,2,58.5,1,TRUE,TRUE
10701,control,2026-06-04,2,38.5,0.5,2,38.5,0.5,TRUE,TRUE
10702,control,2026-06-01,3,29,0.333,3,29,0.3333333333333333,TRUE,TRUE
10703,control,2026-06-05,2,25,0,1,22,0,TRUE,TRUE
10704,treatment,2026-06-05,2,48.5,1,2,48.5,1,TRUE,TRUE
10705,treatment,2026-06-02,2,43.5,1,2,43.5,1,TRUE,TRUE
10706,treatment,2026-06-04,5,71,0.6,5,71,0.6,TRUE,TRUE
10707,control,2026-06-05,3,47.7,0.333,3,47.666666666666664,0.3333333333333333,TRUE,TRUE
10708,treatment,2026-06-02,1,25,0,1,25,0,TRUE,TRUE
10709,treatment,2026-06-02,2,37,1,2,37,1,TRUE,TRUE
10710,treatment,2026-06-02,1,70,1,1,70,1,TRUE,TRUE
10711,control,2026-06-05,0,NA,NA,0,NA,NA,FALSE,FALSE
10712,treatment,2026-06-05,2,57,0.5,2,57,0.5,TRUE,TRUE
10713,control,2026-06-03,2,21,0,2,21,0,TRUE,TRUE
10714,treatment,2026-06-02,8,41.6,0.75,8,41.625,0.75,TRUE,TRUE
10715,control,2026-06-03,2,45,0.5,2,45,0.5,TRUE,TRUE
10716,control,2026-06-03,4,38,0.5,4,38,0.5,TRUE,TRUE
10717,treatment,2026-06-03,6,57.2,0.833,6,57.166666666666664,0.8333333333333334,TRUE,TRUE
10718,control,2026-06-02,10,32.8,0.7,10,32.8,0.7,TRUE,TRUE
10719,treatment,2026-06-02,0,NA,NA,0,NA,NA,FALSE,FALSE
10720,treatment,2026-06-05,3,68.7,0.667,3,68.66666666666667,0.6666666666666666,TRUE,TRUE
10721,control,2026-06-05,1,11,1,1,11,1,TRUE,TRUE
10722,treatment,2026-06-02,0,NA,NA,0,NA,NA,FALSE,FALSE
10723,control,2026-06-01,2,30,1,2,30,1,TRUE,TRUE
10724,treatment,2026-06-03,6,46.5,1,6,46.5,1,TRUE,TRUE
10725,treatment,2026-06-01,8,55.9,0.5,8,55.875,0.5,TRUE,TRUE
10726,control,2026-06-05,1,38,1,1,38,1,TRUE,TRUE
10727,treatment,2026-06-01,3,67.7,1,3,67.66666666666667,1,TRUE,TRUE
10728,treatment,2026-06-04,6,59.8,1,6,59.833333333333336,1,TRUE,TRUE
10729,treatment,2026-06-05,4,40.8,1,4,40.75,1,TRUE,TRUE
10730,treatment,2026-06-02,2,51,0.5,2,51,0.5,TRUE,TRUE
10731,control,2026-06-02,0,NA,NA,0,NA,NA,FALSE,FALSE
10732,treatment,2026-06-04,0,NA,NA,0,NA,NA,FALSE,FALSE
10733,treatment,2026-06-04,0,NA,NA,0,NA,NA,FALSE,FALSE
10734,treatment,2026-06-03,1,44,1,1,44,1,TRUE,TRUE
10735,control,2026-06-02,3,56,0.667,3,56,0.6666666666666666,TRUE,TRUE
10736,treatment,2026-06-05,0,NA,NA,0,NA,NA,FALSE,FALSE
10737,control,2026-06-03,2,33.5,0.5,2,33.5,0.5,TRUE,TRUE
10738,control,2026-06-03,2,42.5,0.5,2,42.5,0.5,TRUE,TRUE
10739,treatment,2026-06-02,1,50,1,1,50,1,TRUE,TRUE
10740,treatment,2026-06-02,3,53,0,3,53,0,TRUE,TRUE
10741,control,2026-06-05,1,48,1,1,48,1,TRUE,TRUE
10742,control,2026-06-04,12,32.6,0.583,12,32.583333333333336,0.5833333333333334,TRUE,TRUE
10743,control,2026-06-03,3,38.3,1,3,38.333333333333336,1,TRUE,TRUE
10744,control,2026-06-03,13,34.1,0.846,13,34.07692307692308,0.8461538461538461,TRUE,TRUE
10745,treatment,2026-06-01,2,31.5,1,2,31.5,1,TRUE,TRUE
10746,treatment,2026-06-05,4,77.5,0.5,4,77.5,0.5,TRUE,TRUE
10747,control,2026-06-01,4,26.5,0.5,4,26.5,0.5,TRUE,TRUE
10748,control,2026-06-03,3,32.3,0.667,3,32.333333333333336,0.6666666666666666,TRUE,TRUE
10749,treatment,2026-06-04,1,29,1,1,29,1,TRUE,TRUE
10750,treatment,2026-06-01,1,43,1,1,43,1,TRUE,TRUE
10751,treatment,2026-06-03,8,40.9,0.625,8,40.875,0.625,TRUE,TRUE
10752,control,2026-06-03,3,37.3,1,3,37.333333333333336,1,TRUE,TRUE
10753,control,2026-06-04,6,39,0.833,6,39,0.8333333333333334,TRUE,TRUE
10754,control,2026-06-03,1,28,1,1,28,1,TRUE,TRUE
10755,treatment,2026-06-04,8,41.2,0.75,8,41.25,0.75,TRUE,TRUE
10756,treatment,2026-06-04,2,41.5,1,2,41.5,1,TRUE,TRUE
10757,control,2026-06-05,1,25,1,1,25,1,TRUE,TRUE
10758,control,2026-06-03,6,33.5,0.5,6,33.5,0.5,TRUE,TRUE
10759,treatment,2026-06-04,2,43,1,2,43,1,TRUE,TRUE
10760,control,2026-06-04,0,NA,NA,0,NA,NA,FALSE,FALSE
10761,treatment,2026-06-02,2,83,0.5,2,83,0.5,TRUE,TRUE
10762,treatment,2026-06-02,4,37.8,0.75,4,37.75,0.75,TRUE,TRUE
10763,control,2026-06-04,2,26,0,2,26,0,TRUE,TRUE
10764,treatment,2026-06-02,10,46.7,0.8,10,46.7,0.8,TRUE,TRUE
10765,control,2026-06-05,4,48,0.75,4,48,0.75,TRUE,TRUE
10766,control,2026-06-03,9,27.3,0.556,9,27.333333333333332,0.5555555555555556,TRUE,TRUE
10767,treatment,2026-06-04,0,NA,NA,0,NA,NA,FALSE,FALSE
10768,control,2026-06-04,2,34,0.5,2,34,0.5,TRUE,TRUE
10769,control,2026-06-03,2,24,1,2,24,1,TRUE,TRUE
10770,control,2026-06-02,1,33,0,1,33,0,TRUE,TRUE
10771,control,2026-06-02,2,44,1,2,44,1,TRUE,TRUE
10772,treatment,2026-06-03,0,NA,NA,0,NA,NA,FALSE,FALSE
10773,treatment,2026-06-01,2,44.5,0,2,44.5,0,TRUE,TRUE
10774,control,2026-06-05,0,NA,NA,0,NA,NA,FALSE,FALSE
10775,treatment,2026-06-04,0,NA,NA,0,NA,NA,FALSE,FALSE
10776,treatment,2026-06-03,0,NA,NA,0,NA,NA,FALSE,FALSE
10777,treatment,2026-06-05,8,37.5,0.625,7,39.57142857142857,0.7142857142857143,TRUE,TRUE
10778,treatment,2026-06-02,7,43.7,0.857,7,43.714285714285715,0.8571428571428571,TRUE,TRUE
10779,control,2026-06-04,0,NA,NA,0,NA,NA,FALSE,FALSE
10780,control,2026-06-03,4,41,0.5,4,41,0.5,TRUE,TRUE
10781,treatment,2026-06-04,9,42.9,0.556,9,42.888888888888886,0.5555555555555556,TRUE,TRUE
10782,treatment,2026-06-04,5,40.8,1,5,40.8,1,TRUE,TRUE
10783,treatment,2026-06-04,0,NA,NA,0,NA,NA,FALSE,FALSE
10784,treatment,2026-06-04,2,34.5,0.5,1,31,1,TRUE,TRUE
10785,treatment,2026-06-01,2,50,1,2,50,1,TRUE,TRUE
10786,control,2026-06-03,4,31,1,4,31,1,TRUE,TRUE
10787,control,2026-06-04,2,49.5,0,2,49.5,0,TRUE,TRUE
10788,control,2026-06-05,2,25.5,0,2,25.5,0,TRUE,TRUE
10789,control,2026-06-02,0,NA,NA,0,NA,NA,FALSE,FALSE
10790,control,2026-06-04,2,34.5,1,2,34.5,1,TRUE,TRUE
10791,control,2026-06-03,0,NA,NA,0,NA,NA,FALSE,FALSE
10792,treatment,2026-06-02,8,45.9,0.75,8,45.875,0.75,TRUE,TRUE
10793,treatment,2026-06-03,1,38,0,1,38,0,TRUE,TRUE
10794,treatment,2026-06-01,3,38.3,0.667,3,38.333333333333336,0.6666666666666666,TRUE,TRUE
10795,treatment,2026-06-01,7,65,0.857,7,65,0.8571428571428571,TRUE,TRUE
10796,control,2026-06-01,4,32.8,1,4,32.75,1,TRUE,TRUE
10797,treatment,2026-06-03,5,74.4,1,4,62,1,TRUE,TRUE
10798,treatment,2026-06-03,3,37.7,1,3,37.666666666666664,1,TRUE,TRUE
10799,control,2026-06-05,2,54,1,2,54,1,TRUE,TRUE
10800,treatment,2026-06-01,3,56.3,1,3,56.333333333333336,1,TRUE,TRUE
10801,treatment,2026-06-04,9,50.2,0.667,9,50.22222222222222,0.6666666666666666,TRUE,TRUE
10802,treatment,2026-06-03,3,52,0.333,3,52,0.3333333333333333,TRUE,TRUE
10803,treatment,2026-06-04,4,60.2,1,4,60.25,1,TRUE,TRUE
10804,treatment,2026-06-03,2,36.5,0.5,2,36.5,0.5,TRUE,TRUE
10805,control,2026-06-03,10,41.2,0.5,10,41.2,0.5,TRUE,TRUE
10806,control,2026-06-05,0,NA,NA,0,NA,NA,FALSE,FALSE
10807,treatment,2026-06-02,1,21,0,1,21,0,TRUE,TRUE
10808,treatment,2026-06-04,3,44,0.667,3,44,0.6666666666666666,TRUE,TRUE
10809,treatment,2026-06-01,3,38.7,0.333,3,38.666666666666664,0.3333333333333333,TRUE,TRUE
10810,treatment,2026-06-04,1,53,1,1,53,1,TRUE,TRUE
10811,treatment,2026-06-03,4,50.8,0.5,3,57.333333333333336,0.6666666666666666,TRUE,TRUE
10812,control,2026-06-03,1,21,1,1,21,1,TRUE,TRUE
10813,control,2026-06-03,4,33.2,1,4,33.25,1,TRUE,TRUE
10814,treatment,2026-06-01,1,154,1,1,154,1,TRUE,TRUE
10815,control,2026-06-03,3,26.7,1,3,26.666666666666668,1,TRUE,TRUE
10816,treatment,2026-06-03,4,68.8,0.25,4,68.75,0.25,TRUE,TRUE
10817,treatment,2026-06-01,1,16,1,1,16,1,TRUE,TRUE
10818,control,2026-06-03,1,18,0,1,18,0,TRUE,TRUE
10819,control,2026-06-01,0,NA,NA,0,NA,NA,FALSE,FALSE
10820,control,2026-06-03,6,37.5,0.667,6,37.5,0.6666666666666666,TRUE,TRUE
10821,treatment,2026-06-03,3,76.7,0.667,3,76.66666666666667,0.6666666666666666,TRUE,TRUE
10822,control,2026-06-05,3,33,0.667,2,39,0.5,TRUE,TRUE
10823,control,2026-06-03,3,23.7,1,3,23.666666666666668,1,TRUE,TRUE
10824,control,2026-06-04,0,NA,NA,0,NA,NA,FALSE,FALSE
10825,treatment,2026-06-01,3,57.3,0.667,3,57.333333333333336,0.6666666666666666,TRUE,TRUE
10826,treatment,2026-06-03,1,38,0,1,38,0,TRUE,TRUE
10827,treatment,2026-06-01,0,NA,NA,0,NA,NA,FALSE,FALSE
10828,control,2026-06-04,5,36.4,0.6,4,31.25,0.5,TRUE,TRUE
10829,treatment,2026-06-02,0,NA,NA,0,NA,NA,FALSE,FALSE
10830,treatment,2026-06-01,5,37.4,1,5,37.4,1,TRUE,TRUE
10831,control,2026-06-02,0,NA,NA,0,NA,NA,FALSE,FALSE
10832,control,2026-06-01,3,26.7,0.667,3,26.666666666666668,0.6666666666666666,TRUE,TRUE
10833,control,2026-06-01,3,26.3,0,3,26.333333333333332,0,TRUE,TRUE
10834,treatment,2026-06-05,4,48.8,1,4,48.75,1,TRUE,TRUE
10835,treatment,2026-06-05,0,NA,NA,0,NA,NA,FALSE,FALSE
10836,treatment,2026-06-02,1,29,0,1,29,0,TRUE,TRUE
10837,treatment,2026-06-03,3,32.7,0.667,3,32.666666666666664,0.6666666666666666,TRUE,TRUE
10838,control,2026-06-02,10,31,0.6,10,31,0.6,TRUE,TRUE
10839,control,2026-06-03,2,19,1,2,19,1,TRUE,TRUE
10840,treatment,2026-06-05,2,43.5,1,1,52,1,TRUE,TRUE
10841,control,2026-06-01,1,27,1,1,27,1,TRUE,TRUE
10842,treatment,2026-06-02,2,43.5,1,2,43.5,1,TRUE,TRUE
10843,treatment,2026-06-04,4,46.5,1,4,46.5,1,TRUE,TRUE
10844,treatment,2026-06-05,1,62,0,1,62,0,TRUE,TRUE
10845,control,2026-06-04,1,72,1,1,72,1,TRUE,TRUE
10846,treatment,2026-06-05,4,34.5,0.75,3,32.333333333333336,0.6666666666666666,TRUE,TRUE
10847,control,2026-06-02,1,29,1,1,29,1,TRUE,TRUE
10848,treatment,2026-06-04,8,49.8,0.5,8,49.75,0.5,TRUE,TRUE
10849,treatment,2026-06-03,2,61,0.5,2,61,0.5,TRUE,TRUE
10850,treatment,2026-06-02,6,51.7,0.5,5,54,0.4,TRUE,TRUE
10851,control,2026-06-01,7,30.4,0.857,7,30.428571428571427,0.8571428571428571,TRUE,TRUE
10852,control,2026-06-02,1,54,1,1,54,1,TRUE,TRUE
10853,control,2026-06-02,0,NA,NA,0,NA,NA,FALSE,FALSE
10854,control,2026-06-03,7,31.4,0.429,6,31.666666666666668,0.5,TRUE,TRUE
10855,treatment,2026-06-03,4,45,0.75,4,45,0.75,TRUE,TRUE
10856,treatment,2026-06-04,2,39,0.5,2,39,0.5,TRUE,TRUE
10857,treatment,2026-06-04,3,29.3,0.333,3,29.333333333333332,0.3333333333333333,TRUE,TRUE
10858,treatment,2026-06-04,3,56.7,1,3,56.666666666666664,1,TRUE,TRUE
10859,control,2026-06-02,3,25.7,0.333,3,25.666666666666668,0.3333333333333333,TRUE,TRUE
10860,treatment,2026-06-03,5,27.6,0.8,5,27.6,0.8,TRUE,TRUE
10861,control,2026-06-04,1,101,0,1,101,0,TRUE,TRUE
10862,treatment,2026-06-03,16,48.8,0.688,16,48.8125,0.6875,TRUE,TRUE
10863,control,2026-06-04,7,35,0.571,6,35,0.5,TRUE,TRUE
10864,treatment,2026-06-02,6,51.7,0.833,6,51.666666666666664,0.8333333333333334,TRUE,TRUE
10865,treatment,2026-06-05,0,NA,NA,0,NA,NA,FALSE,FALSE
10866,treatment,2026-06-01,2,99,1,2,99,1,TRUE,TRUE
10867,treatment,2026-06-02,4,50.5,0.75,4,50.5,0.75,TRUE,TRUE
10868,control,2026-06-01,5,37.4,0.6,5,37.4,0.6,TRUE,TRUE
10869,control,2026-06-02,3,41,1,3,41,1,TRUE,TRUE
10870,control,2026-06-01,3,25,1,3,25,1,TRUE,TRUE
10871,treatment,2026-06-01,2,29,1,2,29,1,TRUE,TRUE
10872,control,2026-06-02,0,NA,NA,0,NA,NA,FALSE,FALSE
10873,treatment,2026-06-04,2,77.5,0.5,2,77.5,0.5,TRUE,TRUE
10874,control,2026-06-05,1,29,0,1,29,0,TRUE,TRUE
10875,control,2026-06-02,2,43,1,2,43,1,TRUE,TRUE
10876,control,2026-06-03,4,33.2,1,4,33.25,1,TRUE,TRUE
10877,treatment,2026-06-02,2,27,1,2,27,1,TRUE,TRUE
10878,treatment,2026-06-03,4,40,0.25,4,40,0.25,TRUE,TRUE
10879,treatment,2026-06-02,3,49,1,3,49,1,TRUE,TRUE
10880,treatment,2026-06-03,2,45.5,1,2,45.5,1,TRUE,TRUE
10881,control,2026-06-04,5,36.2,0.6,5,36.2,0.6,TRUE,TRUE
10882,treatment,2026-06-05,0,NA,NA,0,NA,NA,FALSE,FALSE
10883,treatment,2026-06-03,5,47.8,0.6,5,47.8,0.6,TRUE,TRUE
10884,treatment,2026-06-04,1,25,0,1,25,0,TRUE,TRUE
10885,treatment,2026-06-02,9,34.3,0.778,9,34.333333333333336,0.7777777777777778,TRUE,TRUE
10886,control,2026-06-01,9,39.9,0.556,9,39.888888888888886,0.5555555555555556,TRUE,TRUE
10887,control,2026-06-03,0,NA,NA,0,NA,NA,FALSE,FALSE
10888,treatment,2026-06-04,2,26,0,2,26,0,TRUE,TRUE
10889,control,2026-06-03,2,12,1,2,12,1,TRUE,TRUE
10890,control,2026-06-03,3,26.3,1,3,26.333333333333332,1,TRUE,TRUE
10891,control,2026-06-04,3,27.3,1,3,27.333333333333332,1,TRUE,TRUE
10892,treatment,2026-06-01,1,26,0,1,26,0,TRUE,TRUE
10893,treatment,2026-06-03,2,70,1,2,70,1,TRUE,TRUE
10894,treatment,2026-06-05,2,30.5,0.5,2,30.5,0.5,TRUE,TRUE
10895,treatment,2026-06-03,2,32,1,2,32,1,TRUE,TRUE
10896,treatment,2026-06-04,0,NA,NA,0,NA,NA,FALSE,FALSE
10897,control,2026-06-05,2,15.5,0,2,15.5,0,TRUE,TRUE
10898,control,2026-06-01,3,55,0.667,3,55,0.6666666666666666,TRUE,TRUE
10899,control,2026-06-03,2,31,0.5,1,54,1,TRUE,TRUE
10900,treatment,2026-06-05,0,NA,NA,0,NA,NA,FALSE,FALSE
10901,control,2026-06-03,4,27.2,0.5,4,27.25,0.5,TRUE,TRUE
10902,treatment,2026-06-01,11,39.7,0.727,11,39.72727272727273,0.7272727272727273,TRUE,TRUE
10903,control,2026-06-05,0,NA,NA,0,NA,NA,FALSE,FALSE
10904,control,2026-06-03,3,26,1,3,26,1,TRUE,TRUE
10905,control,2026-06-03,1,26,0,1,26,0,TRUE,TRUE
10906,treatment,2026-06-04,1,41,1,1,41,1,TRUE,TRUE
10907,control,2026-06-02,3,42.3,0.667,3,42.333333333333336,0.6666666666666666,TRUE,TRUE
10908,control,2026-06-05,5,39.8,0.8,4,41.75,1,TRUE,TRUE
10909,treatment,2026-06-05,3,61.7,0.333,3,61.666666666666664,0.3333333333333333,TRUE,TRUE
10910,control,2026-06-02,0,NA,NA,0,NA,NA,FALSE,FALSE
10911,treatment,2026-06-04,0,NA,NA,0,NA,NA,FALSE,FALSE
10912,control,2026-06-05,2,39.5,0.5,2,39.5,0.5,TRUE,TRUE
10913,control,2026-06-01,3,28.3,0.667,3,28.333333333333332,0.6666666666666666,TRUE,TRUE
10914,control,2026-06-04,3,28.7,0.667,3,28.666666666666668,0.6666666666666666,TRUE,TRUE
10915,control,2026-06-03,9,33.8,0.556,9,33.77777777777778,0.5555555555555556,TRUE,TRUE
10916,treatment,2026-06-01,5,50.2,0.8,5,50.2,0.8,TRUE,TRUE
10917,treatment,2026-06-01,2,48,1,2,48,1,TRUE,TRUE
10918,control,2026-06-03,0,NA,NA,0,NA,NA,FALSE,FALSE
10919,treatment,2026-06-03,0,NA,NA,0,NA,NA,FALSE,FALSE
10920,treatment,2026-06-01,0,NA,NA,0,NA,NA,FALSE,FALSE
10921,treatment,2026-06-03,0,NA,NA,0,NA,NA,FALSE,FALSE
10922,control,2026-06-03,5,29.8,0.8,4,24.75,0.75,TRUE,TRUE
10923,treatment,2026-06-05,2,45.5,1,2,45.5,1,TRUE,TRUE
10924,control,2026-06-03,1,40,1,1,40,1,TRUE,TRUE
10925,treatment,2026-06-02,3,34.7,0.667,3,34.666666666666664,0.6666666666666666,TRUE,TRUE
10926,control,2026-06-01,1,37,0,1,37,0,TRUE,TRUE
10927,treatment,2026-06-02,4,29,1,4,29,1,TRUE,TRUE
10928,control,2026-06-02,3,55.3,0.667,3,55.333333333333336,0.6666666666666666,TRUE,TRUE
10929,treatment,2026-06-04,3,85,1,2,51.5,1,TRUE,TRUE
10930,treatment,2026-06-04,2,39.5,1,2,39.5,1,TRUE,TRUE
10931,control,2026-06-02,7,30.1,0.571,7,30.142857142857142,0.5714285714285714,TRUE,TRUE
10932,treatment,2026-06-05,3,45.3,0.667,3,45.333333333333336,0.6666666666666666,TRUE,TRUE
10933,treatment,2026-06-04,1,68,1,1,68,1,TRUE,TRUE
10934,control,2026-06-02,1,9,1,1,9,1,TRUE,TRUE
10935,control,2026-06-04,1,45,1,1,45,1,TRUE,TRUE
10936,treatment,2026-06-03,5,46.2,0.6,5,46.2,0.6,TRUE,TRUE
10937,treatment,2026-06-03,1,32,0,1,32,0,TRUE,TRUE
10938,treatment,2026-06-04,1,18,1,1,18,1,TRUE,TRUE
10939,control,2026-06-05,1,50,1,1,50,1,TRUE,TRUE
10940,control,2026-06-01,3,31,0,3,31,0,TRUE,TRUE
10941,control,2026-06-05,10,31.5,0.8,8,33.125,0.75,TRUE,TRUE
10942,treatment,2026-06-01,2,86,1,2,86,1,TRUE,TRUE
10943,control,2026-06-04,3,37.3,0.667,3,37.333333333333336,0.6666666666666666,TRUE,TRUE
10944,control,2026-06-05,2,25.5,0,2,25.5,0,TRUE,TRUE
10945,treatment,2026-06-05,1,38,1,1,38,1,TRUE,TRUE
10946,treatment,2026-06-03,1,17,1,1,17,1,TRUE,TRUE
10947,control,2026-06-03,3,27.7,0.333,3,27.666666666666668,0.3333333333333333,TRUE,TRUE
10948,control,2026-06-02,10,37.5,0.5,10,37.5,0.5,TRUE,TRUE
10949,treatment,2026-06-05,5,32.8,0.8,4,36.5,0.75,TRUE,TRUE
10950,treatment,2026-06-05,3,44.3,0.333,3,44.333333333333336,0.3333333333333333,TRUE,TRUE
10951,treatment,2026-06-03,5,41.2,1,5,41.2,1,TRUE,TRUE
10952,control,2026-06-02,8,23.6,0.375,8,23.625,0.375,TRUE,TRUE
10953,control,2026-06-02,4,32.8,0.75,4,32.75,0.75,TRUE,TRUE
10954,treatment,2026-06-04,3,61.3,0.667,3,61.333333333333336,0.6666666666666666,TRUE,TRUE
10955,control,2026-06-02,2,34,1,2,34,1,TRUE,TRUE
10956,treatment,2026-06-04,5,42.2,0.8,4,33.5,0.75,TRUE,TRUE
10957,control,2026-06-04,0,NA,NA,0,NA,NA,FALSE,FALSE
10958,treatment,2026-06-05,3,44.3,1,3,44.333333333333336,1,TRUE,TRUE
10959,control,2026-06-04,6,35.5,0.667,6,35.5,0.6666666666666666,TRUE,TRUE
10960,control,2026-06-02,0,NA,NA,0,NA,NA,FALSE,FALSE
10961,control,2026-06-04,4,35.2,0.5,4,35.25,0.5,TRUE,TRUE
10962,treatment,2026-06-01,1,49,1,1,49,1,TRUE,TRUE
10963,treatment,2026-06-03,1,38,0,1,38,0,TRUE,TRUE
10964,treatment,2026-06-04,3,33.3,0.667,3,33.333333333333336,0.6666666666666666,TRUE,TRUE
10965,treatment,2026-06-05,1,137,1,1,137,1,TRUE,TRUE
10966,control,2026-06-03,3,35.3,0.667,2,42.5,0.5,TRUE,TRUE
10967,control,2026-06-05,2,44,0,1,16,0,TRUE,TRUE
10968,control,2026-06-01,1,42,0,1,42,0,TRUE,TRUE
10969,treatment,2026-06-01,0,NA,NA,0,NA,NA,FALSE,FALSE
10970,control,2026-06-03,3,23.7,0,3,23.666666666666668,0,TRUE,TRUE
10971,control,2026-06-03,4,29,0.25,4,29,0.25,TRUE,TRUE
10972,treatment,2026-06-01,1,39,1,1,39,1,TRUE,TRUE
10973,treatment,2026-06-05,3,34,0.667,2,30.5,1,TRUE,TRUE
10974,control,2026-06-03,2,48.5,0.5,2,48.5,0.5,TRUE,TRUE
10975,control,2026-06-03,1,29,1,1,29,1,TRUE,TRUE
10976,control,2026-06-01,5,30,0.2,5,30,0.2,TRUE,TRUE
10977,control,2026-06-03,3,48.7,0.667,3,48.666666666666664,0.6666666666666666,TRUE,TRUE
10978,treatment,2026-06-04,1,32,0,1,32,0,TRUE,TRUE
10979,treatment,2026-06-04,2,46,1,2,46,1,TRUE,TRUE
10980,treatment,2026-06-04,1,24,1,1,24,1,TRUE,TRUE
10981,treatment,2026-06-02,4,21.5,1,4,21.5,1,TRUE,TRUE
10982,treatment,2026-06-02,4,21.2,0.75,4,21.25,0.75,TRUE,TRUE
10983,treatment,2026-06-05,11,46.2,0.727,10,44.4,0.7,TRUE,TRUE
10984,control,2026-06-05,9,28.8,0.556,9,28.77777777777778,0.5555555555555556,TRUE,TRUE
10985,control,2026-06-02,4,26.8,0.75,4,26.75,0.75,TRUE,TRUE
10986,treatment,2026-06-04,4,33.8,0.75,3,33.333333333333336,0.6666666666666666,TRUE,TRUE
10987,control,2026-06-05,6,32.5,0.833,6,32.5,0.8333333333333334,TRUE,TRUE
10988,control,2026-06-03,3,21.7,1,3,21.666666666666668,1,TRUE,TRUE
10989,treatment,2026-06-01,3,49.7,0.333,3,49.666666666666664,0.3333333333333333,TRUE,TRUE
10990,treatment,2026-06-01,5,29.6,0.6,5,29.6,0.6,TRUE,TRUE
10991,treatment,2026-06-03,4,29,0.75,4,29,0.75,TRUE,TRUE
10992,control,2026-06-03,11,38.8,0.455,11,38.81818181818182,0.45454545454545453,TRUE,TRUE
10993,treatment,2026-06-02,3,53,0.667,3,53,0.6666666666666666,TRUE,TRUE
10994,treatment,2026-06-03,3,25.7,0.667,3,25.666666666666668,0.6666666666666666,TRUE,TRUE
10995,control,2026-06-01,2,29.5,0.5,2,29.5,0.5,TRUE,TRUE
10996,control,2026-06-05,0,NA,NA,0,NA,NA,FALSE,FALSE
10997,control,2026-06-04,3,62.3,0.667,3,62.333333333333336,0.6666666666666666,TRUE,TRUE
10998,treatment,2026-06-04,0,NA,NA,0,NA,NA,FALSE,FALSE
10999,treatment,2026-06-01,7,73.6,1,7,73.57142857142857,1,TRUE,TRUE
11000,treatment,2026-06-05,2,31.5,0,1,33,0,TRUE,TRUE
11001,control,2026-06-02,6,31.7,0.833,6,31.666666666666668,0.8333333333333334,TRUE,TRUE
11002,treatment,2026-06-02,2,55,1,2,55,1,TRUE,TRUE
11003,treatment,2026-06-02,2,53.5,0.5,2,53.5,0.5,TRUE,TRUE
11004,control,2026-06-03,1,14,0,1,14,0,TRUE,TRUE
11005,treatment,2026-06-04,12,48.5,0.833,12,48.5,0.8333333333333334,TRUE,TRUE
11006,treatment,2026-06-04,2,25.5,0.5,2,25.5,0.5,TRUE,TRUE
11007,control,2026-06-03,2,30,0.5,2,30,0.5,TRUE,TRUE
11008,treatment,2026-06-04,1,75,1,1,75,1,TRUE,TRUE
11009,control,2026-06-02,0,NA,NA,0,NA,NA,FALSE,FALSE
11010,control,2026-06-05,2,56.5,0.5,2,56.5,0.5,TRUE,TRUE
11011,control,2026-06-04,1,20,0,1,20,0,TRUE,TRUE
11012,treatment,2026-06-04,3,46,0.667,3,46,0.6666666666666666,TRUE,TRUE
11013,control,2026-06-03,1,24,1,1,24,1,TRUE,TRUE
11014,treatment,2026-06-03,2,46,1,2,46,1,TRUE,TRUE
11015,control,2026-06-02,1,17,0,1,17,0,TRUE,TRUE
11016,treatment,2026-06-03,4,38.2,1,4,38.25,1,TRUE,TRUE
11017,treatment,2026-06-05,3,57.3,1,3,57.333333333333336,1,TRUE,TRUE
11018,control,2026-06-04,1,10,1,1,10,1,TRUE,TRUE
11019,treatment,2026-06-05,6,52.3,1,6,52.333333333333336,1,TRUE,TRUE
11020,treatment,2026-06-03,2,47.5,1,2,47.5,1,TRUE,TRUE
11021,treatment,2026-06-02,5,48.6,0.8,5,48.6,0.8,TRUE,TRUE
11022,treatment,2026-06-04,4,66.5,0.75,3,72.33333333333333,0.6666666666666666,TRUE,TRUE
11023,treatment,2026-06-02,4,32.5,0.5,4,32.5,0.5,TRUE,TRUE
11024,control,2026-06-03,4,24.2,0.5,4,24.25,0.5,TRUE,TRUE
11025,treatment,2026-06-04,0,NA,NA,0,NA,NA,FALSE,FALSE
11026,treatment,2026-06-05,4,57.5,0.5,4,57.5,0.5,TRUE,TRUE
11027,control,2026-06-04,1,72,1,1,72,1,TRUE,TRUE
11028,treatment,2026-06-02,8,42.5,0.875,8,42.5,0.875,TRUE,TRUE
11029,treatment,2026-06-05,3,39.7,1,3,39.666666666666664,1,TRUE,TRUE
11030,treatment,2026-06-03,0,NA,NA,0,NA,NA,FALSE,FALSE
11031,control,2026-06-01,3,39.7,0.667,3,39.666666666666664,0.6666666666666666,TRUE,TRUE
11032,control,2026-06-05,3,30,0.667,3,30,0.6666666666666666,TRUE,TRUE
11033,treatment,2026-06-02,2,70.5,1,2,70.5,1,TRUE,TRUE
11034,treatment,2026-06-03,1,44,0,1,44,0,TRUE,TRUE
11035,control,2026-06-02,0,NA,NA,0,NA,NA,FALSE,FALSE
11036,treatment,2026-06-01,0,NA,NA,0,NA,NA,FALSE,FALSE
11037,control,2026-06-02,2,22.5,1,1,16,1,TRUE,TRUE
11038,control,2026-06-05,7,23.7,1,5,24,1,TRUE,TRUE
11039,control,2026-06-02,2,19.5,0,2,19.5,0,TRUE,TRUE
11040,treatment,2026-06-02,2,28.5,1,2,28.5,1,TRUE,TRUE
11041,treatment,2026-06-04,3,38,0.333,3,38,0.3333333333333333,TRUE,TRUE
11042,control,2026-06-04,6,26.5,0.5,5,26.6,0.6,TRUE,TRUE
11043,treatment,2026-06-01,5,33.8,0.8,5,33.8,0.8,TRUE,TRUE
11044,treatment,2026-06-04,4,51,0.75,4,51,0.75,TRUE,TRUE
11045,treatment,2026-06-03,1,97,0,1,97,0,TRUE,TRUE
11046,treatment,2026-06-02,12,47.3,0.75,12,47.333333333333336,0.75,TRUE,TRUE
11047,control,2026-06-03,12,32.3,0.667,12,32.333333333333336,0.6666666666666666,TRUE,TRUE
11048,control,2026-06-05,1,10,0,1,10,0,TRUE,TRUE
11049,treatment,2026-06-04,3,71.7,0.333,3,71.66666666666667,0.3333333333333333,TRUE,TRUE
11050,control,2026-06-02,5,29.6,0.6,5,29.6,0.6,TRUE,TRUE
11051,treatment,2026-06-02,8,62.8,0.875,8,62.75,0.875,TRUE,TRUE
11052,treatment,2026-06-02,5,53.8,1,5,53.8,1,TRUE,TRUE
11053,treatment,2026-06-04,10,44.3,0.9,10,44.3,0.9,TRUE,TRUE
11054,control,2026-06-01,6,29.7,0.5,6,29.666666666666668,0.5,TRUE,TRUE
11055,control,2026-06-05,2,23,1,2,23,1,TRUE,TRUE
11056,control,2026-06-01,2,36.5,0.5,2,36.5,0.5,TRUE,TRUE
11057,treatment,2026-06-02,3,65,0.667,3,65,0.6666666666666666,TRUE,TRUE
11058,control,2026-06-03,1,29,1,1,29,1,TRUE,TRUE
11059,control,2026-06-01,1,63,1,1,63,1,TRUE,TRUE
11060,control,2026-06-02,6,23,0.5,6,23,0.5,TRUE,TRUE
11061,control,2026-06-03,3,44.7,1,3,44.666666666666664,1,TRUE,TRUE
11062,treatment,2026-06-04,2,47.5,1,2,47.5,1,TRUE,TRUE
11063,control,2026-06-02,0,NA,NA,0,NA,NA,FALSE,FALSE
11064,control,2026-06-04,4,31.8,0.5,4,31.75,0.5,TRUE,TRUE
11065,treatment,2026-06-05,1,34,1,0,NA,NA,FALSE,TRUE
11066,treatment,2026-06-05,2,75.5,1,1,52,1,TRUE,TRUE
11067,control,2026-06-05,2,43,0.5,2,43,0.5,TRUE,TRUE
11068,treatment,2026-06-03,6,38.8,0.667,6,38.833333333333336,0.6666666666666666,TRUE,TRUE
11069,control,2026-06-04,2,21.5,0.5,2,21.5,0.5,TRUE,TRUE
11070,control,2026-06-03,0,NA,NA,0,NA,NA,FALSE,FALSE
11071,treatment,2026-06-02,1,48,0,1,48,0,TRUE,TRUE
11072,control,2026-06-01,2,12.5,0.5,2,12.5,0.5,TRUE,TRUE
11073,treatment,2026-06-02,6,44.2,0.667,5,37.2,0.6,TRUE,TRUE
11074,control,2026-06-02,4,44.8,0.25,4,44.75,0.25,TRUE,TRUE
11075,treatment,2026-06-05,1,13,0,1,13,0,TRUE,TRUE
11076,treatment,2026-06-01,7,48,0.571,7,48,0.5714285714285714,TRUE,TRUE
11077,treatment,2026-06-03,0,NA,NA,0,NA,NA,FALSE,FALSE
11078,control,2026-06-04,0,NA,NA,0,NA,NA,FALSE,FALSE
11079,control,2026-06-03,3,47.7,1,3,47.666666666666664,1,TRUE,TRUE
11080,control,2026-06-04,1,29,0,1,29,0,TRUE,TRUE
11081,treatment,2026-06-03,2,45,1,2,45,1,TRUE,TRUE
11082,treatment,2026-06-03,4,31.5,0.25,3,32.666666666666664,0.3333333333333333,TRUE,TRUE
11083,treatment,2026-06-05,3,46.3,1,3,46.333333333333336,1,TRUE,TRUE
11084,treatment,2026-06-03,6,55.3,0.833,6,55.333333333333336,0.8333333333333334,TRUE,TRUE
11085,treatment,2026-06-04,0,NA,NA,0,NA,NA,FALSE,FALSE
11086,control,2026-06-03,4,27.5,0,3,33.333333333333336,0,TRUE,TRUE
11087,treatment,2026-06-05,2,22.5,0.5,2,22.5,0.5,TRUE,TRUE
11088,treatment,2026-06-01,2,32,0.5,2,32,0.5,TRUE,TRUE
11089,treatment,2026-06-04,1,54,1,1,54,1,TRUE,TRUE
11090,control,2026-06-01,3,28.3,0.333,3,28.333333333333332,0.3333333333333333,TRUE,TRUE
11091,control,2026-06-03,2,26,0.5,2,26,0.5,TRUE,TRUE
11092,control,2026-06-05,5,26.8,0.4,5,26.8,0.4,TRUE,TRUE
11093,control,2026-06-03,0,NA,NA,0,NA,NA,FALSE,FALSE
11094,treatment,2026-06-03,1,93,1,1,93,1,TRUE,TRUE
11095,treatment,2026-06-01,7,70.1,0.714,7,70.14285714285714,0.7142857142857143,TRUE,TRUE
11096,treatment,2026-06-04,3,29.7,0.667,3,29.666666666666668,0.6666666666666666,TRUE,TRUE
11097,control,2026-06-03,8,35,0.75,7,34,0.7142857142857143,TRUE,TRUE
11098,control,2026-06-03,0,NA,NA,0,NA,NA,FALSE,FALSE
11099,control,2026-06-01,4,36.5,0.75,4,36.5,0.75,TRUE,TRUE
11100,treatment,2026-06-04,3,41.7,0.333,3,41.666666666666664,0.3333333333333333,TRUE,TRUE
11101,treatment,2026-06-04,6,36.7,0.833,6,36.666666666666664,0.8333333333333334,TRUE,TRUE
11102,treatment,2026-06-05,3,37.3,0.667,3,37.333333333333336,0.6666666666666666,TRUE,TRUE
11103,treatment,2026-06-02,4,42.5,1,4,42.5,1,TRUE,TRUE
11104,control,2026-06-05,1,20,0,1,20,0,TRUE,TRUE
11105,control,2026-06-02,9,38.9,0.778,9,38.888888888888886,0.7777777777777778,TRUE,TRUE
11106,control,2026-06-04,3,28.3,1,3,28.333333333333332,1,TRUE,TRUE
11107,treatment,2026-06-01,1,76,1,1,76,1,TRUE,TRUE
11108,control,2026-06-01,0,NA,NA,0,NA,NA,FALSE,FALSE
11109,treatment,2026-06-05,0,NA,NA,0,NA,NA,FALSE,FALSE
11110,treatment,2026-06-03,2,50,0.5,2,50,0.5,TRUE,TRUE
11111,control,2026-06-03,0,NA,NA,0,NA,NA,FALSE,FALSE
11112,control,2026-06-04,1,15,0,1,15,0,TRUE,TRUE
11113,treatment,2026-06-05,2,30.5,0,0,NA,NA,FALSE,TRUE
11114,treatment,2026-06-01,1,90,1,1,90,1,TRUE,TRUE
11115,treatment,2026-06-05,0,NA,NA,0,NA,NA,FALSE,FALSE
11116,control,2026-06-02,7,27.6,0.714,6,25.833333333333332,0.6666666666666666,TRUE,TRUE
11117,treatment,2026-06-04,5,56.4,0.2,5,56.4,0.2,TRUE,TRUE
11118,control,2026-06-03,6,39.8,0.5,5,36.8,0.6,TRUE,TRUE
11119,control,2026-06-02,3,19.3,0.333,3,19.333333333333332,0.3333333333333333,TRUE,TRUE
11120,treatment,2026-06-01,3,59,1,3,59,1,TRUE,TRUE
11121,treatment,2026-06-01,17,49.6,0.471,17,49.64705882352941,0.47058823529411764,TRUE,TRUE
11122,treatment,2026-06-02,9,53.4,1,9,53.44444444444444,1,TRUE,TRUE
11123,treatment,2026-06-01,1,71,1,1,71,1,TRUE,TRUE
11124,control,2026-06-05,0,NA,NA,0,NA,NA,FALSE,FALSE
11125,treatment,2026-06-01,3,54.7,0.333,3,54.666666666666664,0.3333333333333333,TRUE,TRUE
11126,treatment,2026-06-03,0,NA,NA,0,NA,NA,FALSE,FALSE
11127,treatment,2026-06-01,3,51,1,3,51,1,TRUE,TRUE
11128,control,2026-06-04,3,25,0.667,3,25,0.6666666666666666,TRUE,TRUE
11129,control,2026-06-05,3,40.3,1,2,45,1,TRUE,TRUE
11130,treatment,2026-06-02,6,67,0.833,6,67,0.8333333333333334,TRUE,TRUE
11131,control,2026-06-04,1,19,0,1,19,0,TRUE,TRUE
11132,control,2026-06-05,1,45,1,1,45,1,TRUE,TRUE
11133,treatment,2026-06-03,0,NA,NA,0,NA,NA,FALSE,FALSE
11134,control,2026-06-03,2,26,0.5,2,26,0.5,TRUE,TRUE
11135,control,2026-06-05,3,49,1,3,49,1,TRUE,TRUE
11136,treatment,2026-06-01,1,48,0,1,48,0,TRUE,TRUE
11137,control,2026-06-02,2,44,0.5,2,44,0.5,TRUE,TRUE
11138,treatment,2026-06-02,1,49,1,1,49,1,TRUE,TRUE
11139,treatment,2026-06-04,3,35.7,0.667,3,35.666666666666664,0.6666666666666666,TRUE,TRUE
11140,treatment,2026-06-01,3,41.3,0.667,3,41.333333333333336,0.6666666666666666,TRUE,TRUE
11141,treatment,2026-06-05,5,69.8,0.4,5,69.8,0.4,TRUE,TRUE
11142,treatment,2026-06-01,5,50.8,0.6,5,50.8,0.6,TRUE,TRUE
11143,treatment,2026-06-05,10,47.6,0.9,9,45.888888888888886,1,TRUE,TRUE
11144,control,2026-06-05,0,NA,NA,0,NA,NA,FALSE,FALSE
11145,treatment,2026-06-03,3,54,1,3,54,1,TRUE,TRUE
11146,treatment,2026-06-05,9,47,0.667,8,46.875,0.625,TRUE,TRUE
11147,control,2026-06-04,8,27.4,0.5,8,27.375,0.5,TRUE,TRUE
11148,treatment,2026-06-04,0,NA,NA,0,NA,NA,FALSE,FALSE
11149,treatment,2026-06-04,7,38,0.571,6,41.833333333333336,0.6666666666666666,TRUE,TRUE
11150,treatment,2026-06-05,3,64.7,1,2,80.5,1,TRUE,TRUE
11151,control,2026-06-02,2,51.5,0.5,2,51.5,0.5,TRUE,TRUE
11152,treatment,2026-06-04,2,49.5,1,2,49.5,1,TRUE,TRUE
11153,control,2026-06-03,4,23.2,0.75,4,23.25,0.75,TRUE,TRUE
11154,control,2026-06-02,2,36.5,0.5,2,36.5,0.5,TRUE,TRUE
11155,control,2026-06-03,5,31.8,0.8,5,31.8,0.8,TRUE,TRUE
11156,treatment,2026-06-05,5,74.6,1,4,87.25,1,TRUE,TRUE
11157,control,2026-06-04,1,58,0,0,NA,NA,FALSE,TRUE
11158,control,2026-06-03,4,37,0.75,4,37,0.75,TRUE,TRUE
11159,treatment,2026-06-03,2,44.5,1,2,44.5,1,TRUE,TRUE
11160,treatment,2026-06-01,3,43.3,0.333,3,43.333333333333336,0.3333333333333333,TRUE,TRUE
11161,control,2026-06-04,0,NA,NA,0,NA,NA,FALSE,FALSE
11162,control,2026-06-04,1,57,1,0,NA,NA,FALSE,TRUE
11163,control,2026-06-01,5,50,1,5,50,1,TRUE,TRUE
11164,control,2026-06-03,7,31.7,0.429,7,31.714285714285715,0.42857142857142855,TRUE,TRUE
11165,control,2026-06-03,1,31,1,1,31,1,TRUE,TRUE
11166,treatment,2026-06-05,18,49.4,0.778,18,49.44444444444444,0.7777777777777778,TRUE,TRUE
11167,treatment,2026-06-03,4,51,1,4,51,1,TRUE,TRUE
11168,treatment,2026-06-02,5,40.2,0.8,5,40.2,0.8,TRUE,TRUE
11169,control,2026-06-05,4,36.5,0.75,4,36.5,0.75,TRUE,TRUE
11170,treatment,2026-06-04,1,11,0,1,11,0,TRUE,TRUE
11171,control,2026-06-04,2,39,0.5,2,39,0.5,TRUE,TRUE
11172,treatment,2026-06-05,2,48,0,2,48,0,TRUE,TRUE
11173,control,2026-06-01,4,34.2,1,4,34.25,1,TRUE,TRUE
11174,control,2026-06-03,0,NA,NA,0,NA,NA,FALSE,FALSE
11175,control,2026-06-03,3,31.3,0.333,3,31.333333333333332,0.3333333333333333,TRUE,TRUE
11176,control,2026-06-02,5,30.4,0.4,5,30.4,0.4,TRUE,TRUE
11177,treatment,2026-06-01,3,38.3,1,3,38.333333333333336,1,TRUE,TRUE
11178,control,2026-06-02,12,39.9,0.833,11,41.72727272727273,0.8181818181818182,TRUE,TRUE
11179,control,2026-06-04,2,27,0.5,2,27,0.5,TRUE,TRUE
11180,control,2026-06-04,5,29,0.6,4,29.5,0.75,TRUE,TRUE
11181,treatment,2026-06-02,2,35,0.5,2,35,0.5,TRUE,TRUE
11182,treatment,2026-06-03,0,NA,NA,0,NA,NA,FALSE,FALSE
11183,control,2026-06-02,1,37,1,0,NA,NA,FALSE,TRUE
11184,control,2026-06-02,6,27,0.5,6,27,0.5,TRUE,TRUE
11185,control,2026-06-02,1,38,1,1,38,1,TRUE,TRUE
11186,control,2026-06-04,0,NA,NA,0,NA,NA,FALSE,FALSE
11187,control,2026-06-03,12,26.9,0.583,12,26.916666666666668,0.5833333333333334,TRUE,TRUE
11188,control,2026-06-02,3,22.3,0.333,3,22.333333333333332,0.3333333333333333,TRUE,TRUE
11189,control,2026-06-01,2,33,1,2,33,1,TRUE,TRUE
11190,treatment,2026-06-02,0,NA,NA,0,NA,NA,FALSE,FALSE
11191,treatment,2026-06-03,2,45.5,1,2,45.5,1,TRUE,TRUE
11192,treatment,2026-06-04,4,49.2,1,4,49.25,1,TRUE,TRUE
11193,control,2026-06-02,7,26.1,0.857,7,26.142857142857142,0.8571428571428571,TRUE,TRUE
11194,control,2026-06-05,1,14,0,1,14,0,TRUE,TRUE
11195,control,2026-06-04,1,9,1,1,9,1,TRUE,TRUE
11196,control,2026-06-05,0,NA,NA,0,NA,NA,FALSE,FALSE
11197,treatment,2026-06-02,7,52.9,0.429,7,52.857142857142854,0.42857142857142855,TRUE,TRUE
11198,treatment,2026-06-01,7,42.3,0.857,7,42.285714285714285,0.8571428571428571,TRUE,TRUE
11199,treatment,2026-06-04,9,44.3,0.667,9,44.333333333333336,0.6666666666666666,TRUE,TRUE
11200,treatment,2026-06-05,6,61.7,0.833,6,61.666666666666664,0.8333333333333334,TRUE,TRUE
11201,control,2026-06-04,1,64,0,1,64,0,TRUE,TRUE
11202,treatment,2026-06-01,0,NA,NA,0,NA,NA,FALSE,FALSE
11203,control,2026-06-04,20,36.9,0.65,19,37.421052631578945,0.631578947368421,TRUE,TRUE
11204,treatment,2026-06-01,4,58,0.75,4,58,0.75,TRUE,TRUE
11205,treatment,2026-06-01,1,43,1,1,43,1,TRUE,TRUE
11206,treatment,2026-06-03,0,NA,NA,0,NA,NA,FALSE,FALSE
11207,treatment,2026-06-01,3,43,0.667,3,43,0.6666666666666666,TRUE,TRUE
11208,control,2026-06-01,1,29,1,1,29,1,TRUE,TRUE
11209,treatment,2026-06-02,1,38,0,1,38,0,TRUE,TRUE
11210,control,2026-06-04,2,28,1,2,28,1,TRUE,TRUE
11211,treatment,2026-06-02,3,30.7,0.667,3,30.666666666666668,0.6666666666666666,TRUE,TRUE
11212,control,2026-06-01,1,35,1,1,35,1,TRUE,TRUE
11213,control,2026-06-04,1,108,1,1,108,1,TRUE,TRUE
11214,treatment,2026-06-03,8,47.1,0.75,8,47.125,0.75,TRUE,TRUE
11215,control,2026-06-02,5,27.4,0.8,5,27.4,0.8,TRUE,TRUE
11216,control,2026-06-01,5,34,0.6,5,34,0.6,TRUE,TRUE
11217,control,2026-06-01,1,10,1,1,10,1,TRUE,TRUE
11218,control,2026-06-04,3,29.3,0.667,3,29.333333333333332,0.6666666666666666,TRUE,TRUE
11219,control,2026-06-03,8,26.9,0.875,8,26.875,0.875,TRUE,TRUE
11220,treatment,2026-06-05,4,40.5,0.5,3,40,0.3333333333333333,TRUE,TRUE
11221,treatment,2026-06-03,4,48,0.75,4,48,0.75,TRUE,TRUE
11222,treatment,2026-06-02,3,74.3,0.667,3,74.33333333333333,0.6666666666666666,TRUE,TRUE
11223,treatment,2026-06-04,4,32.5,0.75,4,32.5,0.75,TRUE,TRUE
11224,control,2026-06-02,3,38.3,1,3,38.333333333333336,1,TRUE,TRUE
11225,treatment,2026-06-05,6,52.7,0.333,5,52,0.4,TRUE,TRUE
11226,treatment,2026-06-02,4,48,0.5,4,48,0.5,TRUE,TRUE
11227,control,2026-06-02,5,39,0.6,5,39,0.6,TRUE,TRUE
11228,control,2026-06-01,1,29,1,1,29,1,TRUE,TRUE
11229,control,2026-06-03,8,40,0.625,8,40,0.625,TRUE,TRUE
11230,control,2026-06-04,1,40,1,1,40,1,TRUE,TRUE
11231,treatment,2026-06-04,4,43.8,0.75,4,43.75,0.75,TRUE,TRUE
11232,control,2026-06-05,3,25.7,0.667,3,25.666666666666668,0.6666666666666666,TRUE,TRUE
11233,control,2026-06-02,2,32,1,2,32,1,TRUE,TRUE
11234,control,2026-06-05,4,65.5,0.5,4,65.5,0.5,TRUE,TRUE
11235,control,2026-06-02,10,31.1,0.7,10,31.1,0.7,TRUE,TRUE
11236,control,2026-06-03,12,32.6,0.917,12,32.583333333333336,0.9166666666666666,TRUE,TRUE
11237,treatment,2026-06-01,3,43,1,3,43,1,TRUE,TRUE
11238,treatment,2026-06-02,4,59.2,0.25,4,59.25,0.25,TRUE,TRUE
11239,control,2026-06-02,3,31.3,1,3,31.333333333333332,1,TRUE,TRUE
11240,treatment,2026-06-05,2,39,0.5,2,39,0.5,TRUE,TRUE
11241,control,2026-06-02,2,35.5,0.5,2,35.5,0.5,TRUE,TRUE
11242,control,2026-06-03,0,NA,NA,0,NA,NA,FALSE,FALSE
11243,control,2026-06-05,2,28.5,0,2,28.5,0,TRUE,TRUE
11244,control,2026-06-03,4,14.8,0.5,4,14.75,0.5,TRUE,TRUE
11245,treatment,2026-06-05,6,48.7,0.833,5,54,1,TRUE,TRUE
11246,treatment,2026-06-05,8,52.4,0.5,7,55.285714285714285,0.42857142857142855,TRUE,TRUE
11247,treatment,2026-06-02,1,11,1,1,11,1,TRUE,TRUE
11248,control,2026-06-01,1,10,1,1,10,1,TRUE,TRUE
11249,treatment,2026-06-03,1,33,1,1,33,1,TRUE,TRUE
11250,treatment,2026-06-04,5,55.8,0.6,5,55.8,0.6,TRUE,TRUE
11251,treatment,2026-06-02,5,68,1,5,68,1,TRUE,TRUE
11252,control,2026-06-04,3,28.7,0.333,3,28.666666666666668,0.3333333333333333,TRUE,TRUE
11253,control,2026-06-05,5,38,0.6,4,40,0.5,TRUE,TRUE
11254,treatment,2026-06-04,2,40,1,1,51,1,TRUE,TRUE
11255,treatment,2026-06-02,0,NA,NA,0,NA,NA,FALSE,FALSE
11256,treatment,2026-06-03,4,50.2,0.75,3,58,0.6666666666666666,TRUE,TRUE
11257,treatment,2026-06-01,0,NA,NA,0,NA,NA,FALSE,FALSE
11258,control,2026-06-02,0,NA,NA,0,NA,NA,FALSE,FALSE
11259,control,2026-06-04,1,27,0,1,27,0,TRUE,TRUE
11260,control,2026-06-02,2,41,1,2,41,1,TRUE,TRUE
11261,control,2026-06-03,5,34.2,1,4,24.5,1,TRUE,TRUE
11262,control,2026-06-05,0,NA,NA,0,NA,NA,FALSE,FALSE
11263,treatment,2026-06-05,1,68,1,1,68,1,TRUE,TRUE
11264,treatment,2026-06-04,1,63,1,1,63,1,TRUE,TRUE
11265,treatment,2026-06-02,2,56,0.5,2,56,0.5,TRUE,TRUE
11266,control,2026-06-03,13,28.8,0.385,11,26,0.36363636363636365,TRUE,TRUE
11267,control,2026-06-05,0,NA,NA,0,NA,NA,FALSE,FALSE
11268,treatment,2026-06-04,3,56,1,2,57.5,1,TRUE,TRUE
11269,treatment,2026-06-05,5,70,0.6,5,70,0.6,TRUE,TRUE
11270,treatment,2026-06-04,4,32.2,0.5,4,32.25,0.5,TRUE,TRUE
11271,control,2026-06-01,1,27,1,1,27,1,TRUE,TRUE
11272,control,2026-06-05,1,53,1,1,53,1,TRUE,TRUE
11273,control,2026-06-04,0,NA,NA,0,NA,NA,FALSE,FALSE
11274,treatment,2026-06-02,3,45.3,0.333,3,45.333333333333336,0.3333333333333333,TRUE,TRUE
11275,control,2026-06-02,1,14,1,1,14,1,TRUE,TRUE
11276,control,2026-06-03,6,34,0.833,6,34,0.8333333333333334,TRUE,TRUE
11277,treatment,2026-06-03,4,49.8,0.5,4,49.75,0.5,TRUE,TRUE
11278,treatment,2026-06-01,9,42.2,0.889,9,42.22222222222222,0.8888888888888888,TRUE,TRUE
11279,treatment,2026-06-01,3,45.7,0.667,3,45.666666666666664,0.6666666666666666,TRUE,TRUE
11280,control,2026-06-02,8,27.8,0.75,8,27.75,0.75,TRUE,TRUE
11281,treatment,2026-06-03,2,34.5,1,1,46,1,TRUE,TRUE
11282,treatment,2026-06-05,4,68.2,0.75,4,68.25,0.75,TRUE,TRUE
11283,treatment,2026-06-05,3,50.3,0.333,3,50.333333333333336,0.3333333333333333,TRUE,TRUE
11284,control,2026-06-04,11,35.5,0.727,11,35.45454545454545,0.7272727272727273,TRUE,TRUE
11285,control,2026-06-01,2,36,1,2,36,1,TRUE,TRUE
11286,treatment,2026-06-02,7,44.3,0.857,7,44.285714285714285,0.8571428571428571,TRUE,TRUE
11287,control,2026-06-01,2,44,1,2,44,1,TRUE,TRUE
11288,treatment,2026-06-01,1,49,1,1,49,1,TRUE,TRUE
11289,control,2026-06-01,5,19,0.4,5,19,0.4,TRUE,TRUE
11290,control,2026-06-01,6,26.2,0.333,6,26.166666666666668,0.3333333333333333,TRUE,TRUE
11291,treatment,2026-06-02,12,50.3,0.833,12,50.333333333333336,0.8333333333333334,TRUE,TRUE
11292,control,2026-06-02,2,58.5,0.5,2,58.5,0.5,TRUE,TRUE
11293,control,2026-06-05,2,21.5,1,2,21.5,1,TRUE,TRUE
11294,control,2026-06-02,5,29.2,0.6,5,29.2,0.6,TRUE,TRUE
11295,control,2026-06-01,7,40.3,0.714,7,40.285714285714285,0.7142857142857143,TRUE,TRUE
11296,control,2026-06-04,1,46,1,1,46,1,TRUE,TRUE
11297,control,2026-06-02,1,44,1,1,44,1,TRUE,TRUE
11298,treatment,2026-06-02,1,58,1,1,58,1,TRUE,TRUE
11299,treatment,2026-06-04,3,55.7,1,3,55.666666666666664,1,TRUE,TRUE
11300,treatment,2026-06-02,1,87,1,1,87,1,TRUE,TRUE
11301,control,2026-06-05,4,43.5,0.5,4,43.5,0.5,TRUE,TRUE
11302,control,2026-06-04,6,39.2,0.667,6,39.166666666666664,0.6666666666666666,TRUE,TRUE
11303,treatment,2026-06-05,5,43.2,0.8,5,43.2,0.8,TRUE,TRUE
11304,treatment,2026-06-01,1,102,0,1,102,0,TRUE,TRUE
11305,treatment,2026-06-03,3,56,0.333,3,56,0.3333333333333333,TRUE,TRUE
11306,control,2026-06-03,3,28.3,1,3,28.333333333333332,1,TRUE,TRUE
11307,treatment,2026-06-05,4,53.5,1,4,53.5,1,TRUE,TRUE
11308,treatment,2026-06-01,5,48.2,0.8,5,48.2,0.8,TRUE,TRUE
11309,control,2026-06-03,1,36,1,1,36,1,TRUE,TRUE
11310,treatment,2026-06-03,4,55.5,1,4,55.5,1,TRUE,TRUE
11311,control,2026-06-01,8,25.6,0.75,8,25.625,0.75,TRUE,TRUE
11312,treatment,2026-06-05,1,34,0,1,34,0,TRUE,TRUE
11313,control,2026-06-05,4,33,0.75,3,32.333333333333336,0.6666666666666666,TRUE,TRUE
11314,control,2026-06-04,7,33,0.857,7,33,0.8571428571428571,TRUE,TRUE
11315,treatment,2026-06-03,3,47.7,1,3,47.666666666666664,1,TRUE,TRUE
11316,treatment,2026-06-03,0,NA,NA,0,NA,NA,FALSE,FALSE
11317,control,2026-06-05,8,27.1,0.75,8,27.125,0.75,TRUE,TRUE
11318,control,2026-06-03,4,31.8,1,4,31.75,1,TRUE,TRUE
11319,control,2026-06-05,3,38.7,0.333,3,38.666666666666664,0.3333333333333333,TRUE,TRUE
11320,control,2026-06-01,16,34.2,0.812,16,34.1875,0.8125,TRUE,TRUE
11321,control,2026-06-01,0,NA,NA,0,NA,NA,FALSE,FALSE
11322,control,2026-06-02,0,NA,NA,0,NA,NA,FALSE,FALSE
11323,control,2026-06-02,1,48,1,1,48,1,TRUE,TRUE
11324,control,2026-06-03,3,20.3,0.333,3,20.333333333333332,0.3333333333333333,TRUE,TRUE
11325,treatment,2026-06-03,1,54,1,1,54,1,TRUE,TRUE
11326,control,2026-06-01,1,36,1,1,36,1,TRUE,TRUE
11327,control,2026-06-03,5,20.2,0.4,5,20.2,0.4,TRUE,TRUE
11328,control,2026-06-05,1,29,1,1,29,1,TRUE,TRUE
11329,treatment,2026-06-05,2,35.5,0.5,2,35.5,0.5,TRUE,TRUE
11330,control,2026-06-04,3,43,0.667,3,43,0.6666666666666666,TRUE,TRUE
11331,treatment,2026-06-04,3,74.7,0,2,99,0,TRUE,TRUE
11332,control,2026-06-01,0,NA,NA,0,NA,NA,FALSE,FALSE
11333,treatment,2026-06-01,3,56,1,3,56,1,TRUE,TRUE
11334,treatment,2026-06-04,0,NA,NA,0,NA,NA,FALSE,FALSE
11335,treatment,2026-06-02,1,37,0,1,37,0,TRUE,TRUE
11336,treatment,2026-06-02,5,40.4,0.6,4,38.5,0.5,TRUE,TRUE
11337,treatment,2026-06-03,2,52,0.5,2,52,0.5,TRUE,TRUE
11338,control,2026-06-01,1,26,1,1,26,1,TRUE,TRUE
11339,treatment,2026-06-01,1,68,1,1,68,1,TRUE,TRUE
11340,control,2026-06-01,5,36.6,0.8,5,36.6,0.8,TRUE,TRUE
11341,control,2026-06-01,9,30.4,0.778,9,30.444444444444443,0.7777777777777778,TRUE,TRUE
11342,control,2026-06-01,6,40.7,0.667,6,40.666666666666664,0.6666666666666666,TRUE,TRUE
11343,treatment,2026-06-04,11,53.5,0.727,10,54.4,0.7,TRUE,TRUE
11344,control,2026-06-04,2,95.5,0,2,95.5,0,TRUE,TRUE
11345,treatment,2026-06-03,1,40,1,1,40,1,TRUE,TRUE
11346,treatment,2026-06-02,3,68,0.667,2,57.5,1,TRUE,TRUE
11347,treatment,2026-06-04,2,69,0.5,2,69,0.5,TRUE,TRUE
11348,control,2026-06-04,3,26.3,1,3,26.333333333333332,1,TRUE,TRUE
11349,control,2026-06-02,3,41,1,3,41,1,TRUE,TRUE
11350,control,2026-06-02,8,39.6,1,8,39.625,1,TRUE,TRUE
11351,treatment,2026-06-03,11,53.8,0.727,11,53.81818181818182,0.7272727272727273,TRUE,TRUE
11352,control,2026-06-05,10,38.7,0.6,10,38.7,0.6,TRUE,TRUE
11353,control,2026-06-02,6,23.5,0.833,6,23.5,0.8333333333333334,TRUE,TRUE
11354,treatment,2026-06-01,0,NA,NA,0,NA,NA,FALSE,FALSE
11355,treatment,2026-06-04,3,36,0.333,3,36,0.3333333333333333,TRUE,TRUE
11356,treatment,2026-06-02,3,28.7,0.667,3,28.666666666666668,0.6666666666666666,TRUE,TRUE
11357,control,2026-06-05,1,32,0,1,32,0,TRUE,TRUE
11358,control,2026-06-01,6,21,0.833,6,21,0.8333333333333334,TRUE,TRUE
11359,control,2026-06-04,2,47,0.5,2,47,0.5,TRUE,TRUE
11360,control,2026-06-01,0,NA,NA,0,NA,NA,FALSE,FALSE
11361,control,2026-06-04,3,23.3,1,3,23.333333333333332,1,TRUE,TRUE
11362,treatment,2026-06-05,2,39,1,2,39,1,TRUE,TRUE
11363,treatment,2026-06-04,3,38.3,0.667,3,38.333333333333336,0.6666666666666666,TRUE,TRUE
11364,treatment,2026-06-01,3,54,0.667,3,54,0.6666666666666666,TRUE,TRUE
11365,control,2026-06-02,3,19,0.667,3,19,0.6666666666666666,TRUE,TRUE
11366,treatment,2026-06-02,3,53.7,0.667,3,53.666666666666664,0.6666666666666666,TRUE,TRUE
11367,treatment,2026-06-02,0,NA,NA,0,NA,NA,FALSE,FALSE
11368,treatment,2026-06-05,0,NA,NA,0,NA,NA,FALSE,FALSE
11369,treatment,2026-06-03,8,36.5,0.875,8,36.5,0.875,TRUE,TRUE
11370,treatment,2026-06-01,2,35,0.5,2,35,0.5,TRUE,TRUE
11371,treatment,2026-06-04,10,51.3,0.8,9,51.888888888888886,0.7777777777777778,TRUE,TRUE
11372,treatment,2026-06-04,2,35.5,0.5,2,35.5,0.5,TRUE,TRUE
11373,control,2026-06-03,0,NA,NA,0,NA,NA,FALSE,FALSE
11374,control,2026-06-01,2,26.5,1,2,26.5,1,TRUE,TRUE
11375,treatment,2026-06-04,6,56.2,1,6,56.166666666666664,1,TRUE,TRUE
11376,treatment,2026-06-02,0,NA,NA,0,NA,NA,FALSE,FALSE
11377,treatment,2026-06-04,2,86,1,2,86,1,TRUE,TRUE
11378,control,2026-06-03,0,NA,NA,0,NA,NA,FALSE,FALSE
11379,control,2026-06-04,1,39,1,1,39,1,TRUE,TRUE
11380,treatment,2026-06-03,2,49,1,2,49,1,TRUE,TRUE
11381,treatment,2026-06-05,3,35.7,0.667,2,29.5,0.5,TRUE,TRUE
11382,control,2026-06-03,1,36,1,1,36,1,TRUE,TRUE
11383,treatment,2026-06-05,3,41.3,0.333,3,41.333333333333336,0.3333333333333333,TRUE,TRUE
11384,control,2026-06-05,3,27.3,1,3,27.333333333333332,1,TRUE,TRUE
11385,control,2026-06-04,0,NA,NA,0,NA,NA,FALSE,FALSE
11386,treatment,2026-06-03,2,34.5,1,2,34.5,1,TRUE,TRUE
11387,treatment,2026-06-01,1,72,1,1,72,1,TRUE,TRUE
11388,treatment,2026-06-03,3,50,1,3,50,1,TRUE,TRUE
11389,control,2026-06-05,3,48.7,1,3,48.666666666666664,1,TRUE,TRUE
11390,control,2026-06-02,14,29.3,0.571,14,29.285714285714285,0.5714285714285714,TRUE,TRUE
11391,control,2026-06-05,1,27,0,1,27,0,TRUE,TRUE
11392,control,2026-06-01,5,23.6,0.4,5,23.6,0.4,TRUE,TRUE
11393,control,2026-06-02,9,27.1,0.667,9,27.11111111111111,0.6666666666666666,TRUE,TRUE
11394,treatment,2026-06-03,0,NA,NA,0,NA,NA,FALSE,FALSE
11395,control,2026-06-01,1,28,0,1,28,0,TRUE,TRUE
11396,treatment,2026-06-02,0,NA,NA,0,NA,NA,FALSE,FALSE
11397,treatment,2026-06-05,3,48.7,0.333,2,56,0,TRUE,TRUE
11398,control,2026-06-03,0,NA,NA,0,NA,NA,FALSE,FALSE
11399,treatment,2026-06-03,4,47.8,0.25,4,47.75,0.25,TRUE,TRUE
11400,control,2026-06-04,2,24,0,2,24,0,TRUE,TRUE
11401,treatment,2026-06-02,0,NA,NA,0,NA,NA,FALSE,FALSE
11402,treatment,2026-06-03,13,46.9,0.846,12,46.25,0.8333333333333334,TRUE,TRUE
11403,treatment,2026-06-03,4,58.2,0.25,4,58.25,0.25,TRUE,TRUE
11404,control,2026-06-02,1,32,0,1,32,0,TRUE,TRUE
11405,control,2026-06-05,4,20,0.75,4,20,0.75,TRUE,TRUE
11406,control,2026-06-04,0,NA,NA,0,NA,NA,FALSE,FALSE
11407,control,2026-06-02,3,61,1,3,61,1,TRUE,TRUE
11408,control,2026-06-02,4,39.5,0.5,4,39.5,0.5,TRUE,TRUE
11409,control,2026-06-05,1,22,0,1,22,0,TRUE,TRUE
11410,control,2026-06-05,1,45,1,1,45,1,TRUE,TRUE
11411,treatment,2026-06-05,3,24.3,0.667,3,24.333333333333332,0.6666666666666666,TRUE,TRUE
11412,treatment,2026-06-05,3,36.7,0.667,3,36.666666666666664,0.6666666666666666,TRUE,TRUE
11413,treatment,2026-06-05,3,53,0.667,3,53,0.6666666666666666,TRUE,TRUE
11414,control,2026-06-04,2,27,0.5,2,27,0.5,TRUE,TRUE
11415,treatment,2026-06-01,1,38,0,1,38,0,TRUE,TRUE
11416,treatment,2026-06-04,2,28.5,1,1,37,1,TRUE,TRUE
11417,control,2026-06-04,3,36.7,0.333,3,36.666666666666664,0.3333333333333333,TRUE,TRUE
11418,control,2026-06-05,2,24,1,2,24,1,TRUE,TRUE
11419,control,2026-06-04,5,42.4,0.6,5,42.4,0.6,TRUE,TRUE
11420,control,2026-06-01,1,17,1,1,17,1,TRUE,TRUE
11421,control,2026-06-05,1,30,1,1,30,1,TRUE,TRUE
11422,control,2026-06-04,4,30.5,0.75,4,30.5,0.75,TRUE,TRUE
11423,treatment,2026-06-05,2,39,0.5,2,39,0.5,TRUE,TRUE
11424,treatment,2026-06-01,19,54.6,0.789,19,54.63157894736842,0.7894736842105263,TRUE,TRUE
11425,treatment,2026-06-05,7,40.7,0.857,6,36.166666666666664,0.8333333333333334,TRUE,TRUE
11426,treatment,2026-06-02,4,42.8,0.75,4,42.75,0.75,TRUE,TRUE
11427,treatment,2026-06-01,16,47.2,0.688,16,47.25,0.6875,TRUE,TRUE
11428,treatment,2026-06-05,3,45.7,0.667,3,45.666666666666664,0.6666666666666666,TRUE,TRUE
11429,treatment,2026-06-02,10,44.6,0.7,10,44.6,0.7,TRUE,TRUE
11430,treatment,2026-06-02,0,NA,NA,0,NA,NA,FALSE,FALSE
11431,control,2026-06-01,15,31.5,0.467,15,31.466666666666665,0.4666666666666667,TRUE,TRUE
11432,control,2026-06-02,1,11,0,1,11,0,TRUE,TRUE
11433,control,2026-06-02,4,30,0.75,4,30,0.75,TRUE,TRUE
11434,treatment,2026-06-01,1,41,1,1,41,1,TRUE,TRUE
11435,control,2026-06-05,4,26.2,0.25,4,26.25,0.25,TRUE,TRUE
11436,treatment,2026-06-04,4,30,1,4,30,1,TRUE,TRUE
11437,treatment,2026-06-05,1,103,0,1,103,0,TRUE,TRUE
11438,control,2026-06-01,2,18.5,0,2,18.5,0,TRUE,TRUE
11439,control,2026-06-04,6,34.7,0.333,6,34.666666666666664,0.3333333333333333,TRUE,TRUE
11440,control,2026-06-02,2,27,0,1,27,0,TRUE,TRUE
11441,control,2026-06-04,3,39.7,1,3,39.666666666666664,1,TRUE,TRUE
11442,treatment,2026-06-03,2,59.5,1,2,59.5,1,TRUE,TRUE
11443,treatment,2026-06-03,1,44,1,1,44,1,TRUE,TRUE
11444,control,2026-06-01,3,26.7,0.667,3,26.666666666666668,0.6666666666666666,TRUE,TRUE
11445,control,2026-06-01,5,36.6,0.8,5,36.6,0.8,TRUE,TRUE
11446,treatment,2026-06-05,4,41.8,1,3,48.666666666666664,1,TRUE,TRUE
11447,treatment,2026-06-04,2,28,1,2,28,1,TRUE,TRUE
11448,control,2026-06-01,3,35,0,3,35,0,TRUE,TRUE
11449,control,2026-06-05,2,37.5,0.5,2,37.5,0.5,TRUE,TRUE
11450,treatment,2026-06-02,0,NA,NA,0,NA,NA,FALSE,FALSE
11451,treatment,2026-06-05,2,60,0.5,2,60,0.5,TRUE,TRUE
11452,treatment,2026-06-01,2,44,0.5,2,44,0.5,TRUE,TRUE
11453,treatment,2026-06-02,2,34,1,2,34,1,TRUE,TRUE
11454,treatment,2026-06-04,1,30,0,0,NA,NA,FALSE,TRUE
11455,treatment,2026-06-02,8,44.2,0.875,8,44.25,0.875,TRUE,TRUE
11456,control,2026-06-04,4,29.8,0.25,4,29.75,0.25,TRUE,TRUE
11457,treatment,2026-06-01,1,74,1,1,74,1,TRUE,TRUE
11458,treatment,2026-06-05,1,40,1,1,40,1,TRUE,TRUE
11459,treatment,2026-06-02,4,67.2,1,4,67.25,1,TRUE,TRUE
11460,treatment,2026-06-05,1,26,1,1,26,1,TRUE,TRUE
11461,treatment,2026-06-03,1,54,1,1,54,1,TRUE,TRUE
11462,treatment,2026-06-02,7,40.7,1,7,40.714285714285715,1,TRUE,TRUE
11463,control,2026-06-01,3,22,0.667,3,22,0.6666666666666666,TRUE,TRUE
11464,control,2026-06-03,3,23.3,0.667,3,23.333333333333332,0.6666666666666666,TRUE,TRUE
11465,control,2026-06-05,8,38.2,0.75,8,38.25,0.75,TRUE,TRUE
11466,control,2026-06-04,3,23,1,2,21.5,1,TRUE,TRUE
11467,treatment,2026-06-04,3,83.3,1,3,83.33333333333333,1,TRUE,TRUE
11468,treatment,2026-06-05,2,53,0.5,1,72,1,TRUE,TRUE
11469,control,2026-06-02,5,38,0.4,5,38,0.4,TRUE,TRUE
11470,treatment,2026-06-01,4,59.2,0.5,4,59.25,0.5,TRUE,TRUE
11471,treatment,2026-06-01,0,NA,NA,0,NA,NA,FALSE,FALSE
11472,control,2026-06-05,9,35.2,0.778,9,35.22222222222222,0.7777777777777778,TRUE,TRUE
11473,control,2026-06-02,11,32,0.545,11,32,0.5454545454545454,TRUE,TRUE
11474,treatment,2026-06-02,1,70,0,1,70,0,TRUE,TRUE
11475,control,2026-06-05,6,25,0.833,5,25.4,0.8,TRUE,TRUE
11476,treatment,2026-06-03,1,30,1,1,30,1,TRUE,TRUE
11477,treatment,2026-06-05,1,50,0,1,50,0,TRUE,TRUE
11478,treatment,2026-06-02,0,NA,NA,0,NA,NA,FALSE,FALSE
11479,treatment,2026-06-04,5,40.2,0.6,4,35.25,0.5,TRUE,TRUE
11480,treatment,2026-06-01,2,38.5,1,2,38.5,1,TRUE,TRUE
11481,control,2026-06-01,1,28,1,1,28,1,TRUE,TRUE
11482,control,2026-06-02,1,60,1,1,60,1,TRUE,TRUE
11483,treatment,2026-06-04,8,46.1,0.625,8,46.125,0.625,TRUE,TRUE
11484,control,2026-06-02,1,17,0,1,17,0,TRUE,TRUE
11485,control,2026-06-03,0,NA,NA,0,NA,NA,FALSE,FALSE
11486,control,2026-06-01,2,31,1,2,31,1,TRUE,TRUE
11487,treatment,2026-06-04,5,43.2,0.8,5,43.2,0.8,TRUE,TRUE
11488,treatment,2026-06-05,6,58.2,0.667,6,58.166666666666664,0.6666666666666666,TRUE,TRUE
11489,control,2026-06-01,16,36.6,0.875,16,36.625,0.875,TRUE,TRUE
11490,treatment,2026-06-04,2,24.5,0.5,2,24.5,0.5,TRUE,TRUE
11491,control,2026-06-04,5,32.6,1,5,32.6,1,TRUE,TRUE
11492,treatment,2026-06-03,2,38,1,2,38,1,TRUE,TRUE
11493,treatment,2026-06-02,0,NA,NA,0,NA,NA,FALSE,FALSE
11494,control,2026-06-04,10,39.8,0.7,10,39.8,0.7,TRUE,TRUE
11495,treatment,2026-06-04,0,NA,NA,0,NA,NA,FALSE,FALSE
11496,control,2026-06-03,10,31.7,0.6,10,31.7,0.6,TRUE,TRUE
11497,control,2026-06-02,0,NA,NA,0,NA,NA,FALSE,FALSE
11498,control,2026-06-03,19,29.9,0.684,19,29.94736842105263,0.6842105263157895,TRUE,TRUE
11499,control,2026-06-01,0,NA,NA,0,NA,NA,FALSE,FALSE
11500,control,2026-06-05,0,NA,NA,0,NA,NA,FALSE,FALSE
11501,treatment,2026-06-01,0,NA,NA,0,NA,NA,FALSE,FALSE
11502,control,2026-06-05,1,22,1,1,22,1,TRUE,TRUE
11503,treatment,2026-06-02,2,38.5,0.5,2,38.5,0.5,TRUE,TRUE
11504,control,2026-06-04,1,20,1,1,20,1,TRUE,TRUE
11505,control,2026-06-04,4,32.8,0.5,4,32.75,0.5,TRUE,TRUE
11506,control,2026-06-01,10,46.5,0.9,10,46.5,0.9,TRUE,TRUE
11507,control,2026-06-01,3,28.3,1,3,28.333333333333332,1,TRUE,TRUE
11508,control,2026-06-03,0,NA,NA,0,NA,NA,FALSE,FALSE
11509,treatment,2026-06-01,6,51.7,0.833,6,51.666666666666664,0.8333333333333334,TRUE,TRUE
11510,treatment,2026-06-03,18,49,0.611,18,49,0.6111111111111112,TRUE,TRUE
11511,control,2026-06-03,6,34.3,0.667,6,34.333333333333336,0.6666666666666666,TRUE,TRUE
11512,control,2026-06-05,6,43.7,0.5,6,43.666666666666664,0.5,TRUE,TRUE
11513,treatment,2026-06-02,3,49.3,0.333,3,49.333333333333336,0.3333333333333333,TRUE,TRUE
11514,control,2026-06-02,7,43.9,1,7,43.857142857142854,1,TRUE,TRUE
11515,control,2026-06-01,2,18.5,1,2,18.5,1,TRUE,TRUE
11516,treatment,2026-06-01,1,37,1,1,37,1,TRUE,TRUE
11517,treatment,2026-06-04,1,50,1,1,50,1,TRUE,TRUE
11518,treatment,2026-06-04,5,38.4,0,4,45.25,0,TRUE,TRUE
11519,treatment,2026-06-02,2,40,1,2,40,1,TRUE,TRUE
11520,control,2026-06-04,11,35.8,0.818,10,36.2,0.8,TRUE,TRUE
11521,control,2026-06-04,5,40.6,0.6,5,40.6,0.6,TRUE,TRUE
11522,control,2026-06-04,6,29.8,0.667,6,29.833333333333332,0.6666666666666666,TRUE,TRUE
11523,control,2026-06-02,0,NA,NA,0,NA,NA,FALSE,FALSE
11524,control,2026-06-05,5,41.2,0.6,4,44.5,0.5,TRUE,TRUE
11525,control,2026-06-01,1,49,1,1,49,1,TRUE,TRUE
11526,treatment,2026-06-01,2,52.5,1,2,52.5,1,TRUE,TRUE
11527,control,2026-06-03,3,30.3,1,3,30.333333333333332,1,TRUE,TRUE
11528,control,2026-06-04,2,62,1,2,62,1,TRUE,TRUE
11529,control,2026-06-02,2,37.5,0,2,37.5,0,TRUE,TRUE
11530,control,2026-06-03,5,40.4,0.8,5,40.4,0.8,TRUE,TRUE
11531,control,2026-06-05,2,42,1,1,40,1,TRUE,TRUE
11532,control,2026-06-05,12,35.9,0.75,12,35.916666666666664,0.75,TRUE,TRUE
11533,treatment,2026-06-03,2,32,1,2,32,1,TRUE,TRUE
11534,treatment,2026-06-02,1,37,1,1,37,1,TRUE,TRUE
11535,treatment,2026-06-02,4,54.2,0.5,4,54.25,0.5,TRUE,TRUE
11536,control,2026-06-04,1,60,1,1,60,1,TRUE,TRUE
11537,control,2026-06-04,3,24.3,0.667,2,25.5,0.5,TRUE,TRUE
11538,control,2026-06-04,1,15,1,1,15,1,TRUE,TRUE
11539,control,2026-06-01,5,27.2,0.6,5,27.2,0.6,TRUE,TRUE
11540,control,2026-06-05,8,27,0.75,7,21.571428571428573,0.7142857142857143,TRUE,TRUE
11541,control,2026-06-02,0,NA,NA,0,NA,NA,FALSE,FALSE
11542,control,2026-06-03,0,NA,NA,0,NA,NA,FALSE,FALSE
11543,treatment,2026-06-02,2,37.5,0,2,37.5,0,TRUE,TRUE
11544,control,2026-06-05,7,25.1,0.429,6,26.166666666666668,0.5,TRUE,TRUE
11545,control,2026-06-03,11,42.3,0.455,10,44.9,0.5,TRUE,TRUE
11546,control,2026-06-03,11,30.5,0.545,10,29.3,0.6,TRUE,TRUE
11547,treatment,2026-06-03,2,36.5,0.5,2,36.5,0.5,TRUE,TRUE
11548,control,2026-06-01,0,NA,NA,0,NA,NA,FALSE,FALSE
11549,treatment,2026-06-01,0,NA,NA,0,NA,NA,FALSE,FALSE
11550,treatment,2026-06-01,2,42,1,2,42,1,TRUE,TRUE
11551,control,2026-06-01,5,33.2,0.8,5,33.2,0.8,TRUE,TRUE
11552,control,2026-06-04,5,27.8,0.6,4,26.75,0.75,TRUE,TRUE
11553,control,2026-06-04,2,71.5,0.5,2,71.5,0.5,TRUE,TRUE
11554,control,2026-06-01,6,35.7,0.667,6,35.666666666666664,0.6666666666666666,TRUE,TRUE
11555,control,2026-06-02,1,36,1,1,36,1,TRUE,TRUE
11556,control,2026-06-04,2,45.5,1,2,45.5,1,TRUE,TRUE
11557,control,2026-06-05,0,NA,NA,0,NA,NA,FALSE,FALSE
11558,treatment,2026-06-05,1,78,1,1,78,1,TRUE,TRUE
11559,treatment,2026-06-03,2,40,1,2,40,1,TRUE,TRUE
11560,treatment,2026-06-04,0,NA,NA,0,NA,NA,FALSE,FALSE
11561,treatment,2026-06-02,1,85,1,1,85,1,TRUE,TRUE
11562,control,2026-06-03,2,38,1,2,38,1,TRUE,TRUE
11563,treatment,2026-06-02,1,85,1,1,85,1,TRUE,TRUE
11564,treatment,2026-06-01,1,79,1,1,79,1,TRUE,TRUE
11565,control,2026-06-04,1,12,1,1,12,1,TRUE,TRUE
11566,treatment,2026-06-05,1,36,1,1,36,1,TRUE,TRUE
11567,treatment,2026-06-04,3,31,1,3,31,1,TRUE,TRUE
11568,treatment,2026-06-02,0,NA,NA,0,NA,NA,FALSE,FALSE
11569,control,2026-06-03,4,25,0.25,3,26.666666666666668,0.3333333333333333,TRUE,TRUE
11570,treatment,2026-06-01,1,60,1,1,60,1,TRUE,TRUE
11571,treatment,2026-06-03,1,45,1,1,45,1,TRUE,TRUE
11572,control,2026-06-05,5,25.8,0.6,4,29,0.5,TRUE,TRUE
11573,control,2026-06-01,1,97,1,1,97,1,TRUE,TRUE
11574,treatment,2026-06-02,9,43.9,0.556,9,43.888888888888886,0.5555555555555556,TRUE,TRUE
11575,treatment,2026-06-02,5,38.8,1,5,38.8,1,TRUE,TRUE
11576,treatment,2026-06-04,2,108,0.5,1,170,0,TRUE,TRUE
11577,treatment,2026-06-03,5,43.2,0.4,4,48,0.25,TRUE,TRUE
11578,treatment,2026-06-01,2,52.5,1,2,52.5,1,TRUE,TRUE
11579,treatment,2026-06-03,0,NA,NA,0,NA,NA,FALSE,FALSE
11580,treatment,2026-06-02,2,46,0,2,46,0,TRUE,TRUE
11581,control,2026-06-03,1,87,1,1,87,1,TRUE,TRUE
11582,control,2026-06-05,1,6,1,1,6,1,TRUE,TRUE
11583,control,2026-06-01,4,26.8,0.5,4,26.75,0.5,TRUE,TRUE
11584,treatment,2026-06-02,3,52.7,0.667,3,52.666666666666664,0.6666666666666666,TRUE,TRUE
11585,treatment,2026-06-01,2,33,0.5,2,33,0.5,TRUE,TRUE
11586,control,2026-06-01,8,35.2,0.75,8,35.25,0.75,TRUE,TRUE
11587,control,2026-06-04,3,40.3,0.667,3,40.333333333333336,0.6666666666666666,TRUE,TRUE
11588,control,2026-06-02,1,52,1,1,52,1,TRUE,TRUE
11589,treatment,2026-06-02,2,63.5,0.5,2,63.5,0.5,TRUE,TRUE
11590,treatment,2026-06-01,1,68,1,1,68,1,TRUE,TRUE
11591,control,2026-06-05,1,59,1,1,59,1,TRUE,TRUE
11592,treatment,2026-06-02,9,49.9,0.667,9,49.888888888888886,0.6666666666666666,TRUE,TRUE
11593,control,2026-06-05,5,29.4,1,5,29.4,1,TRUE,TRUE
11594,control,2026-06-04,2,22,0,2,22,0,TRUE,TRUE
11595,treatment,2026-06-03,3,62,0.333,3,62,0.3333333333333333,TRUE,TRUE
11596,treatment,2026-06-02,3,28.7,0.333,3,28.666666666666668,0.3333333333333333,TRUE,TRUE
11597,control,2026-06-03,4,51.8,0.5,4,51.75,0.5,TRUE,TRUE
11598,control,2026-06-01,3,31.3,0.667,3,31.333333333333332,0.6666666666666666,TRUE,TRUE
11599,control,2026-06-04,1,13,1,1,13,1,TRUE,TRUE
11600,treatment,2026-06-01,1,85,1,1,85,1,TRUE,TRUE
11601,control,2026-06-04,2,21.5,0.5,2,21.5,0.5,TRUE,TRUE
11602,treatment,2026-06-03,7,44.3,0.571,7,44.285714285714285,0.5714285714285714,TRUE,TRUE
11603,control,2026-06-05,6,31.2,0.667,5,33,0.6,TRUE,TRUE
11604,treatment,2026-06-02,2,72,1,2,72,1,TRUE,TRUE
11605,control,2026-06-05,0,NA,NA,0,NA,NA,FALSE,FALSE
11606,control,2026-06-04,0,NA,NA,0,NA,NA,FALSE,FALSE
11607,treatment,2026-06-01,1,68,1,1,68,1,TRUE,TRUE
11608,treatment,2026-06-04,3,52,0.667,3,52,0.6666666666666666,TRUE,TRUE
11609,treatment,2026-06-05,1,20,1,1,20,1,TRUE,TRUE
11610,treatment,2026-06-04,3,45,0.667,2,50.5,1,TRUE,TRUE
11611,control,2026-06-02,1,33,1,1,33,1,TRUE,TRUE
11612,control,2026-06-04,2,21.5,0.5,2,21.5,0.5,TRUE,TRUE
11613,treatment,2026-06-02,10,52.6,0.7,10,52.6,0.7,TRUE,TRUE
11614,control,2026-06-02,1,17,1,1,17,1,TRUE,TRUE
11615,treatment,2026-06-05,2,44,0.5,2,44,0.5,TRUE,TRUE
11616,treatment,2026-06-05,4,44,0.5,4,44,0.5,TRUE,TRUE
11617,treatment,2026-06-05,9,60.7,0.889,9,60.666666666666664,0.8888888888888888,TRUE,TRUE
11618,treatment,2026-06-04,1,26,0,1,26,0,TRUE,TRUE
11619,treatment,2026-06-01,5,49.6,0.8,5,49.6,0.8,TRUE,TRUE
11620,control,2026-06-02,4,36.8,0.75,4,36.75,0.75,TRUE,TRUE
11621,control,2026-06-05,4,30,1,4,30,1,TRUE,TRUE
11622,control,2026-06-04,2,75,1,2,75,1,TRUE,TRUE
11623,treatment,2026-06-02,5,32.2,0.8,5,32.2,0.8,TRUE,TRUE
11624,control,2026-06-04,1,14,0,1,14,0,TRUE,TRUE
11625,control,2026-06-02,0,NA,NA,0,NA,NA,FALSE,FALSE
11626,treatment,2026-06-01,1,55,0,1,55,0,TRUE,TRUE
11627,control,2026-06-03,5,34,0.8,5,34,0.8,TRUE,TRUE
11628,control,2026-06-02,2,17.5,0.5,2,17.5,0.5,TRUE,TRUE
11629,control,2026-06-03,2,36.5,0.5,2,36.5,0.5,TRUE,TRUE
11630,control,2026-06-02,1,26,1,1,26,1,TRUE,TRUE
11631,control,2026-06-05,3,31.7,1,3,31.666666666666668,1,TRUE,TRUE
11632,control,2026-06-02,2,38.5,1,2,38.5,1,TRUE,TRUE
11633,control,2026-06-05,1,68,1,1,68,1,TRUE,TRUE
11634,treatment,2026-06-04,0,NA,NA,0,NA,NA,FALSE,FALSE
11635,control,2026-06-03,2,26,0.5,2,26,0.5,TRUE,TRUE
11636,control,2026-06-03,3,34.3,0.667,3,34.333333333333336,0.6666666666666666,TRUE,TRUE
11637,treatment,2026-06-05,1,49,0,1,49,0,TRUE,TRUE
11638,treatment,2026-06-01,3,55.7,1,3,55.666666666666664,1,TRUE,TRUE
11639,control,2026-06-05,1,22,0,1,22,0,TRUE,TRUE
11640,control,2026-06-05,3,36.7,0.667,3,36.666666666666664,0.6666666666666666,TRUE,TRUE
11641,treatment,2026-06-03,2,28,0,2,28,0,TRUE,TRUE
11642,treatment,2026-06-01,2,43,1,2,43,1,TRUE,TRUE
11643,treatment,2026-06-01,7,33.9,0.571,7,33.857142857142854,0.5714285714285714,TRUE,TRUE
11644,control,2026-06-02,0,NA,NA,0,NA,NA,FALSE,FALSE
11645,control,2026-06-05,1,35,1,1,35,1,TRUE,TRUE
11646,control,2026-06-05,4,21.8,0.5,4,21.75,0.5,TRUE,TRUE
11647,control,2026-06-03,2,15.5,0,1,17,0,TRUE,TRUE
11648,treatment,2026-06-05,3,45,1,3,45,1,TRUE,TRUE
11649,control,2026-06-05,2,31,1,2,31,1,TRUE,TRUE
11650,treatment,2026-06-02,1,45,1,1,45,1,TRUE,TRUE
11651,control,2026-06-05,2,20.5,0.5,2,20.5,0.5,TRUE,TRUE
11652,control,2026-06-05,2,35,0,1,33,0,TRUE,TRUE
11653,control,2026-06-03,3,28,0.333,3,28,0.3333333333333333,TRUE,TRUE
11654,control,2026-06-03,1,32,0,1,32,0,TRUE,TRUE
11655,control,2026-06-01,7,30.3,0.571,7,30.285714285714285,0.5714285714285714,TRUE,TRUE
11656,treatment,2026-06-01,1,18,1,1,18,1,TRUE,TRUE
11657,control,2026-06-04,5,31.6,0.8,5,31.6,0.8,TRUE,TRUE
11658,treatment,2026-06-02,3,41,0.667,3,41,0.6666666666666666,TRUE,TRUE
11659,treatment,2026-06-01,1,85,1,1,85,1,TRUE,TRUE
11660,treatment,2026-06-05,1,77,1,1,77,1,TRUE,TRUE
11661,treatment,2026-06-05,1,34,1,1,34,1,TRUE,TRUE
11662,control,2026-06-05,2,25,0,1,30,0,TRUE,TRUE
11663,control,2026-06-04,1,21,1,1,21,1,TRUE,TRUE
11664,control,2026-06-04,4,33.5,0,4,33.5,0,TRUE,TRUE
11665,control,2026-06-03,2,33,0.5,2,33,0.5,TRUE,TRUE
11666,control,2026-06-05,4,32,0.75,4,32,0.75,TRUE,TRUE
11667,treatment,2026-06-03,0,NA,NA,0,NA,NA,FALSE,FALSE
11668,control,2026-06-05,1,85,0,1,85,0,TRUE,TRUE
11669,treatment,2026-06-03,0,NA,NA,0,NA,NA,FALSE,FALSE
11670,treatment,2026-06-02,3,37.7,1,3,37.666666666666664,1,TRUE,TRUE
11671,control,2026-06-01,2,39,1,2,39,1,TRUE,TRUE
11672,treatment,2026-06-04,3,32,0.667,2,26.5,0.5,TRUE,TRUE
11673,treatment,2026-06-05,8,42.8,0.125,6,41.833333333333336,0.16666666666666666,TRUE,TRUE
11674,treatment,2026-06-04,2,96.5,0,2,96.5,0,TRUE,TRUE
11675,control,2026-06-01,5,29,0.6,5,29,0.6,TRUE,TRUE
11676,treatment,2026-06-05,4,51.2,0.75,4,51.25,0.75,TRUE,TRUE
11677,control,2026-06-01,1,53,0,1,53,0,TRUE,TRUE
11678,control,2026-06-04,3,49.3,1,3,49.333333333333336,1,TRUE,TRUE
11679,treatment,2026-06-01,3,71.3,0.667,3,71.33333333333333,0.6666666666666666,TRUE,TRUE
11680,control,2026-06-02,3,25.3,0.333,3,25.333333333333332,0.3333333333333333,TRUE,TRUE
11681,treatment,2026-06-02,2,69,1,2,69,1,TRUE,TRUE
11682,control,2026-06-02,1,42,1,1,42,1,TRUE,TRUE
11683,treatment,2026-06-05,6,35.3,1,6,35.333333333333336,1,TRUE,TRUE
11684,treatment,2026-06-02,4,66,0.5,4,66,0.5,TRUE,TRUE
11685,treatment,2026-06-03,2,49,1,1,35,1,TRUE,TRUE
11686,treatment,2026-06-03,7,52,0.857,6,46.833333333333336,0.8333333333333334,TRUE,TRUE
11687,treatment,2026-06-03,11,53.4,0.727,11,53.36363636363637,0.7272727272727273,TRUE,TRUE
11688,treatment,2026-06-01,0,NA,NA,0,NA,NA,FALSE,FALSE
11689,control,2026-06-01,2,22,0.5,2,22,0.5,TRUE,TRUE
11690,treatment,2026-06-02,0,NA,NA,0,NA,NA,FALSE,FALSE
11691,treatment,2026-06-02,4,50,0.5,4,50,0.5,TRUE,TRUE
11692,control,2026-06-04,2,18,1,2,18,1,TRUE,TRUE
11693,control,2026-06-05,8,29,0.625,8,29,0.625,TRUE,TRUE
11694,treatment,2026-06-04,3,54.7,1,3,54.666666666666664,1,TRUE,TRUE
11695,control,2026-06-02,8,32,0.75,7,35.285714285714285,0.8571428571428571,TRUE,TRUE
11696,control,2026-06-02,4,58.5,1,4,58.5,1,TRUE,TRUE
11697,control,2026-06-04,4,26,1,4,26,1,TRUE,TRUE
11698,control,2026-06-04,0,NA,NA,0,NA,NA,FALSE,FALSE
11699,treatment,2026-06-04,9,48,0.778,8,46.25,0.75,TRUE,TRUE
11700,control,2026-06-02,2,28,1,2,28,1,TRUE,TRUE
11701,treatment,2026-06-05,2,37,1,2,37,1,TRUE,TRUE
11702,treatment,2026-06-02,4,41.2,1,4,41.25,1,TRUE,TRUE
11703,treatment,2026-06-02,1,38,1,1,38,1,TRUE,TRUE
11704,treatment,2026-06-02,6,43.2,1,6,43.166666666666664,1,TRUE,TRUE
11705,control,2026-06-02,13,35.8,0.769,12,35.166666666666664,0.8333333333333334,TRUE,TRUE
11706,treatment,2026-06-04,2,42,1,2,42,1,TRUE,TRUE
11707,control,2026-06-05,0,NA,NA,0,NA,NA,FALSE,FALSE
11708,control,2026-06-04,3,29.7,0.667,3,29.666666666666668,0.6666666666666666,TRUE,TRUE
11709,control,2026-06-02,2,31,1,2,31,1,TRUE,TRUE
11710,treatment,2026-06-03,1,14,0,1,14,0,TRUE,TRUE
11711,treatment,2026-06-01,2,28.5,1,2,28.5,1,TRUE,TRUE
11712,treatment,2026-06-03,3,46.7,1,3,46.666666666666664,1,TRUE,TRUE
11713,treatment,2026-06-05,4,48,0.5,3,54.333333333333336,0.3333333333333333,TRUE,TRUE
11714,control,2026-06-02,3,29.3,0.333,3,29.333333333333332,0.3333333333333333,TRUE,TRUE
11715,control,2026-06-05,4,24,0.75,4,24,0.75,TRUE,TRUE
11716,treatment,2026-06-04,1,18,1,1,18,1,TRUE,TRUE
11717,control,2026-06-04,6,35.7,0.667,6,35.666666666666664,0.6666666666666666,TRUE,TRUE
11718,control,2026-06-01,1,17,0,1,17,0,TRUE,TRUE
11719,treatment,2026-06-04,3,40.7,0,3,40.666666666666664,0,TRUE,TRUE
11720,control,2026-06-04,11,36.5,0.727,9,36,0.7777777777777778,TRUE,TRUE
11721,control,2026-06-01,7,31.9,0.714,7,31.857142857142858,0.7142857142857143,TRUE,TRUE
11722,treatment,2026-06-03,0,NA,NA,0,NA,NA,FALSE,FALSE
11723,control,2026-06-02,2,49.5,1,2,49.5,1,TRUE,TRUE
11724,treatment,2026-06-05,7,43.6,1,6,43.666666666666664,1,TRUE,TRUE
11725,treatment,2026-06-01,0,NA,NA,0,NA,NA,FALSE,FALSE
11726,control,2026-06-05,0,NA,NA,0,NA,NA,FALSE,FALSE
11727,treatment,2026-06-05,1,32,1,1,32,1,TRUE,TRUE
11728,treatment,2026-06-03,3,76,1,3,76,1,TRUE,TRUE
11729,treatment,2026-06-01,1,76,1,1,76,1,TRUE,TRUE
11730,treatment,2026-06-03,9,53,0.778,9,53,0.7777777777777778,TRUE,TRUE
11731,treatment,2026-06-01,1,91,1,1,91,1,TRUE,TRUE
11732,control,2026-06-05,3,24.3,0.667,3,24.333333333333332,0.6666666666666666,TRUE,TRUE
11733,control,2026-06-05,5,26,0.6,3,29.666666666666668,1,TRUE,TRUE
11734,treatment,2026-06-04,7,34.9,0.857,7,34.857142857142854,0.8571428571428571,TRUE,TRUE
11735,control,2026-06-04,5,32.2,0.6,5,32.2,0.6,TRUE,TRUE
11736,control,2026-06-01,0,NA,NA,0,NA,NA,FALSE,FALSE
11737,treatment,2026-06-04,2,63.5,1,2,63.5,1,TRUE,TRUE
11738,control,2026-06-03,1,18,1,1,18,1,TRUE,TRUE
11739,treatment,2026-06-04,0,NA,NA,0,NA,NA,FALSE,FALSE
11740,treatment,2026-06-04,8,38.1,0.625,8,38.125,0.625,TRUE,TRUE
11741,control,2026-06-02,5,31.4,0.6,5,31.4,0.6,TRUE,TRUE
11742,treatment,2026-06-02,5,63,1,5,63,1,TRUE,TRUE
11743,control,2026-06-04,1,31,0,1,31,0,TRUE,TRUE
11744,control,2026-06-05,0,NA,NA,0,NA,NA,FALSE,FALSE
11745,control,2026-06-05,13,33.8,0.538,10,31.1,0.5,TRUE,TRUE
11746,control,2026-06-02,4,59.2,0.5,4,59.25,0.5,TRUE,TRUE
11747,treatment,2026-06-02,10,51.1,0.9,9,49.666666666666664,0.8888888888888888,TRUE,TRUE
11748,treatment,2026-06-03,1,33,1,1,33,1,TRUE,TRUE
11749,control,2026-06-03,0,NA,NA,0,NA,NA,FALSE,FALSE
11750,control,2026-06-01,7,32.9,0.571,7,32.857142857142854,0.5714285714285714,TRUE,TRUE
11751,control,2026-06-04,1,39,1,1,39,1,TRUE,TRUE
11752,control,2026-06-04,1,47,1,1,47,1,TRUE,TRUE
11753,control,2026-06-05,1,41,1,1,41,1,TRUE,TRUE
11754,control,2026-06-04,3,46,1,3,46,1,TRUE,TRUE
11755,treatment,2026-06-01,7,53.9,1,7,53.857142857142854,1,TRUE,TRUE
11756,treatment,2026-06-02,10,61.3,0.7,9,63.888888888888886,0.6666666666666666,TRUE,TRUE
11757,control,2026-06-04,2,33.5,0.5,1,22,0,TRUE,TRUE
11758,control,2026-06-04,6,31.5,0.833,6,31.5,0.8333333333333334,TRUE,TRUE
11759,control,2026-06-05,1,26,1,1,26,1,TRUE,TRUE
11760,treatment,2026-06-02,7,56.1,0.429,7,56.142857142857146,0.42857142857142855,TRUE,TRUE
11761,control,2026-06-05,10,23.4,0.8,8,22.5,0.75,TRUE,TRUE
11762,treatment,2026-06-01,6,52.3,0.833,6,52.333333333333336,0.8333333333333334,TRUE,TRUE
11763,control,2026-06-02,2,42,0,2,42,0,TRUE,TRUE
11764,treatment,2026-06-04,0,NA,NA,0,NA,NA,FALSE,FALSE
11765,control,2026-06-03,2,26.5,1,1,18,1,TRUE,TRUE
11766,control,2026-06-01,1,17,0,1,17,0,TRUE,TRUE
11767,treatment,2026-06-05,6,46.3,0.5,6,46.333333333333336,0.5,TRUE,TRUE
11768,control,2026-06-04,2,38,0.5,1,21,0,TRUE,TRUE
11769,treatment,2026-06-03,1,83,1,1,83,1,TRUE,TRUE
11770,treatment,2026-06-01,1,29,1,1,29,1,TRUE,TRUE
11771,control,2026-06-04,4,43.8,0.75,4,43.75,0.75,TRUE,TRUE
11772,control,2026-06-03,2,39.5,0.5,2,39.5,0.5,TRUE,TRUE
11773,control,2026-06-05,9,31.7,0.556,9,31.666666666666668,0.5555555555555556,TRUE,TRUE
11774,treatment,2026-06-03,7,44.4,1,7,44.42857142857143,1,TRUE,TRUE
11775,treatment,2026-06-03,4,35.2,0.75,4,35.25,0.75,TRUE,TRUE
11776,control,2026-06-05,5,33.4,0.6,4,29.5,0.75,TRUE,TRUE
11777,control,2026-06-02,0,NA,NA,0,NA,NA,FALSE,FALSE
11778,control,2026-06-01,3,25.7,0.667,3,25.666666666666668,0.6666666666666666,TRUE,TRUE
11779,treatment,2026-06-02,3,44.3,1,3,44.333333333333336,1,TRUE,TRUE
11780,control,2026-06-02,2,27,0.5,2,27,0.5,TRUE,TRUE
11781,control,2026-06-04,3,36,0.667,3,36,0.6666666666666666,TRUE,TRUE
11782,control,2026-06-02,1,19,1,1,19,1,TRUE,TRUE
11783,control,2026-06-03,7,43,0.571,7,43,0.5714285714285714,TRUE,TRUE
11784,control,2026-06-04,2,37,0,2,37,0,TRUE,TRUE
11785,control,2026-06-02,0,NA,NA,0,NA,NA,FALSE,FALSE
11786,control,2026-06-04,7,30.9,0.714,6,25.833333333333332,0.6666666666666666,TRUE,TRUE
11787,control,2026-06-04,1,15,0,1,15,0,TRUE,TRUE
11788,control,2026-06-03,1,14,1,1,14,1,TRUE,TRUE
11789,treatment,2026-06-03,4,32,1,4,32,1,TRUE,TRUE
11790,control,2026-06-03,6,47.8,0.833,6,47.833333333333336,0.8333333333333334,TRUE,TRUE
11791,control,2026-06-02,3,28,0.667,3,28,0.6666666666666666,TRUE,TRUE
11792,control,2026-06-01,2,37.5,1,2,37.5,1,TRUE,TRUE
11793,treatment,2026-06-03,0,NA,NA,0,NA,NA,FALSE,FALSE
11794,control,2026-06-01,5,45.6,0.8,5,45.6,0.8,TRUE,TRUE
11795,control,2026-06-04,4,32.2,0.5,4,32.25,0.5,TRUE,TRUE
11796,treatment,2026-06-05,1,141,1,1,141,1,TRUE,TRUE
11797,treatment,2026-06-03,3,44.3,0.333,3,44.333333333333336,0.3333333333333333,TRUE,TRUE
11798,control,2026-06-04,5,23.8,0.8,4,21.25,0.75,TRUE,TRUE
11799,treatment,2026-06-02,3,49,0.333,3,49,0.3333333333333333,TRUE,TRUE
11800,control,2026-06-05,4,25.2,1,4,25.25,1,TRUE,TRUE
11801,treatment,2026-06-04,3,33.3,0.667,3,33.333333333333336,0.6666666666666666,TRUE,TRUE
11802,treatment,2026-06-01,3,64.7,0.667,3,64.66666666666667,0.6666666666666666,TRUE,TRUE
11803,control,2026-06-03,1,31,1,1,31,1,TRUE,TRUE
11804,control,2026-06-03,2,33.5,0.5,2,33.5,0.5,TRUE,TRUE
11805,control,2026-06-03,3,40.3,0.667,3,40.333333333333336,0.6666666666666666,TRUE,TRUE
11806,treatment,2026-06-04,10,53.9,0.7,10,53.9,0.7,TRUE,TRUE
11807,treatment,2026-06-02,1,27,1,1,27,1,TRUE,TRUE
11808,control,2026-06-02,6,35.3,0.833,6,35.333333333333336,0.8333333333333334,TRUE,TRUE
11809,treatment,2026-06-03,2,75.5,0.5,2,75.5,0.5,TRUE,TRUE
11810,treatment,2026-06-03,9,48,0.778,9,48,0.7777777777777778,TRUE,TRUE
11811,treatment,2026-06-01,1,53,1,1,53,1,TRUE,TRUE
11812,treatment,2026-06-03,7,43.3,0.857,7,43.285714285714285,0.8571428571428571,TRUE,TRUE
11813,treatment,2026-06-02,0,NA,NA,0,NA,NA,FALSE,FALSE
11814,treatment,2026-06-02,0,NA,NA,0,NA,NA,FALSE,FALSE
11815,control,2026-06-05,1,17,1,1,17,1,TRUE,TRUE
11816,treatment,2026-06-02,1,29,1,1,29,1,TRUE,TRUE
11817,treatment,2026-06-03,2,28,0.5,2,28,0.5,TRUE,TRUE
11818,treatment,2026-06-05,1,40,1,1,40,1,TRUE,TRUE
11819,treatment,2026-06-04,0,NA,NA,0,NA,NA,FALSE,FALSE
11820,treatment,2026-06-01,1,88,1,1,88,1,TRUE,TRUE
11821,treatment,2026-06-04,0,NA,NA,0,NA,NA,FALSE,FALSE
11822,treatment,2026-06-05,3,38.3,0.667,3,38.333333333333336,0.6666666666666666,TRUE,TRUE
11823,treatment,2026-06-04,2,74,0.5,2,74,0.5,TRUE,TRUE
11824,treatment,2026-06-04,1,30,1,1,30,1,TRUE,TRUE
11825,treatment,2026-06-05,7,69.3,0.857,7,69.28571428571429,0.8571428571428571,TRUE,TRUE
11826,control,2026-06-05,0,NA,NA,0,NA,NA,FALSE,FALSE
11827,control,2026-06-02,1,16,1,1,16,1,TRUE,TRUE
11828,treatment,2026-06-03,2,43,0.5,2,43,0.5,TRUE,TRUE
11829,control,2026-06-04,3,39.7,1,3,39.666666666666664,1,TRUE,TRUE
11830,treatment,2026-06-02,6,50.2,0.833,6,50.166666666666664,0.8333333333333334,TRUE,TRUE
11831,control,2026-06-01,3,34.3,1,3,34.333333333333336,1,TRUE,TRUE
11832,control,2026-06-02,2,31.5,0.5,2,31.5,0.5,TRUE,TRUE
11833,treatment,2026-06-03,4,49.5,0,4,49.5,0,TRUE,TRUE
11834,control,2026-06-05,1,60,0,1,60,0,TRUE,TRUE
11835,treatment,2026-06-02,14,48.6,0.5,14,48.642857142857146,0.5,TRUE,TRUE
11836,control,2026-06-02,6,36.3,0.833,6,36.333333333333336,0.8333333333333334,TRUE,TRUE
11837,control,2026-06-01,2,37.5,1,2,37.5,1,TRUE,TRUE
11838,treatment,2026-06-02,3,47,0.667,3,47,0.6666666666666666,TRUE,TRUE
11839,treatment,2026-06-01,2,41.5,1,2,41.5,1,TRUE,TRUE
11840,control,2026-06-02,4,27.8,0.75,4,27.75,0.75,TRUE,TRUE
11841,control,2026-06-02,3,62.3,0.667,3,62.333333333333336,0.6666666666666666,TRUE,TRUE
11842,treatment,2026-06-05,2,46.5,1,2,46.5,1,TRUE,TRUE
11843,control,2026-06-01,4,29.5,0.5,4,29.5,0.5,TRUE,TRUE
11844,control,2026-06-01,1,21,1,1,21,1,TRUE,TRUE
11845,control,2026-06-01,0,NA,NA,0,NA,NA,FALSE,FALSE
11846,control,2026-06-05,4,37.2,0.75,4,37.25,0.75,TRUE,TRUE
11847,control,2026-06-03,2,15.5,0.5,2,15.5,0.5,TRUE,TRUE
11848,treatment,2026-06-04,3,38.3,0.333,2,47,0.5,TRUE,TRUE
11849,control,2026-06-05,2,27,0.5,2,27,0.5,TRUE,TRUE
11850,treatment,2026-06-05,5,65.4,1,5,65.4,1,TRUE,TRUE
11851,control,2026-06-02,2,19.5,0,2,19.5,0,TRUE,TRUE
11852,treatment,2026-06-03,8,46.9,0.75,7,44.42857142857143,0.7142857142857143,TRUE,TRUE
11853,control,2026-06-02,1,68,1,1,68,1,TRUE,TRUE
11854,control,2026-06-04,1,21,1,1,21,1,TRUE,TRUE
11855,treatment,2026-06-04,10,42.1,0.6,10,42.1,0.6,TRUE,TRUE
11856,treatment,2026-06-05,2,120,1,1,129,1,TRUE,TRUE
11857,treatment,2026-06-05,2,56.5,1,2,56.5,1,TRUE,TRUE
11858,control,2026-06-02,7,45.1,0.571,7,45.142857142857146,0.5714285714285714,TRUE,TRUE
11859,control,2026-06-02,5,52.2,0.4,5,52.2,0.4,TRUE,TRUE
11860,control,2026-06-05,3,21,0.667,3,21,0.6666666666666666,TRUE,TRUE
11861,control,2026-06-05,1,52,1,1,52,1,TRUE,TRUE
11862,treatment,2026-06-02,7,46.7,0.571,7,46.714285714285715,0.5714285714285714,TRUE,TRUE
11863,treatment,2026-06-04,0,NA,NA,0,NA,NA,FALSE,FALSE
11864,treatment,2026-06-02,5,41.2,0.8,5,41.2,0.8,TRUE,TRUE
11865,treatment,2026-06-03,0,NA,NA,0,NA,NA,FALSE,FALSE
11866,control,2026-06-02,1,31,0,1,31,0,TRUE,TRUE
11867,control,2026-06-05,4,49.2,0.5,4,49.25,0.5,TRUE,TRUE
11868,treatment,2026-06-05,2,58.5,1,2,58.5,1,TRUE,TRUE
11869,treatment,2026-06-05,5,49,0.4,5,49,0.4,TRUE,TRUE
11870,control,2026-06-03,0,NA,NA,0,NA,NA,FALSE,FALSE
11871,control,2026-06-05,6,45.2,0.833,6,45.166666666666664,0.8333333333333334,TRUE,TRUE
11872,control,2026-06-04,2,30.5,1,2,30.5,1,TRUE,TRUE
11873,control,2026-06-01,2,22,0.5,2,22,0.5,TRUE,TRUE
11874,treatment,2026-06-04,6,36,0.333,5,36,0.2,TRUE,TRUE
11875,treatment,2026-06-05,0,NA,NA,0,NA,NA,FALSE,FALSE
11876,control,2026-06-03,1,31,1,1,31,1,TRUE,TRUE
11877,control,2026-06-02,6,23.5,0.5,6,23.5,0.5,TRUE,TRUE
11878,treatment,2026-06-03,3,28.3,0.667,3,28.333333333333332,0.6666666666666666,TRUE,TRUE
11879,treatment,2026-06-03,2,55,0.5,2,55,0.5,TRUE,TRUE
11880,control,2026-06-05,1,24,1,1,24,1,TRUE,TRUE
11881,treatment,2026-06-03,2,51,1,2,51,1,TRUE,TRUE
11882,treatment,2026-06-05,11,46,0.818,11,46,0.8181818181818182,TRUE,TRUE
11883,control,2026-06-01,3,30.3,0.667,3,30.333333333333332,0.6666666666666666,TRUE,TRUE
11884,control,2026-06-01,2,23.5,0.5,2,23.5,0.5,TRUE,TRUE
11885,treatment,2026-06-01,2,60.5,0.5,2,60.5,0.5,TRUE,TRUE
11886,control,2026-06-03,5,35.4,1,5,35.4,1,TRUE,TRUE
11887,control,2026-06-02,2,33.5,1,2,33.5,1,TRUE,TRUE
11888,control,2026-06-02,7,19.3,0.429,7,19.285714285714285,0.42857142857142855,TRUE,TRUE
11889,treatment,2026-06-01,2,50,1,2,50,1,TRUE,TRUE
11890,control,2026-06-01,1,14,1,1,14,1,TRUE,TRUE
11891,control,2026-06-04,7,23,0.429,7,23,0.42857142857142855,TRUE,TRUE
11892,treatment,2026-06-05,4,50.5,0.5,3,56.666666666666664,0.6666666666666666,TRUE,TRUE
11893,control,2026-06-03,6,27,0.833,6,27,0.8333333333333334,TRUE,TRUE
11894,control,2026-06-04,13,31.8,0.769,13,31.846153846153847,0.7692307692307693,TRUE,TRUE
11895,treatment,2026-06-04,2,48.5,1,2,48.5,1,TRUE,TRUE
11896,treatment,2026-06-04,7,50.6,0.714,7,50.57142857142857,0.7142857142857143,TRUE,TRUE
11897,control,2026-06-03,5,29.6,0.8,4,29.75,0.75,TRUE,TRUE
11898,control,2026-06-03,1,77,0,1,77,0,TRUE,TRUE
11899,control,2026-06-05,1,10,0,1,10,0,TRUE,TRUE
11900,treatment,2026-06-03,6,42.5,1,6,42.5,1,TRUE,TRUE
11901,treatment,2026-06-03,1,38,1,1,38,1,TRUE,TRUE
11902,treatment,2026-06-01,2,67,1,2,67,1,TRUE,TRUE
11903,treatment,2026-06-03,2,78,0.5,2,78,0.5,TRUE,TRUE
11904,control,2026-06-03,3,26,1,3,26,1,TRUE,TRUE
11905,treatment,2026-06-03,3,51.3,0.333,3,51.333333333333336,0.3333333333333333,TRUE,TRUE
11906,treatment,2026-06-02,3,55.3,0.333,3,55.333333333333336,0.3333333333333333,TRUE,TRUE
11907,treatment,2026-06-01,1,58,1,1,58,1,TRUE,TRUE
11908,control,2026-06-01,0,NA,NA,0,NA,NA,FALSE,FALSE
11909,treatment,2026-06-01,16,48.6,0.812,16,48.625,0.8125,TRUE,TRUE
11910,control,2026-06-05,4,23.8,0.5,3,23.333333333333332,0.6666666666666666,TRUE,TRUE
11911,control,2026-06-01,2,45,0.5,2,45,0.5,TRUE,TRUE
11912,treatment,2026-06-04,0,NA,NA,0,NA,NA,FALSE,FALSE
11913,control,2026-06-02,1,37,1,1,37,1,TRUE,TRUE
11914,treatment,2026-06-01,7,42.4,0.857,7,42.42857142857143,0.8571428571428571,TRUE,TRUE
11915,control,2026-06-01,1,28,1,1,28,1,TRUE,TRUE
11916,control,2026-06-03,4,26.5,0.5,4,26.5,0.5,TRUE,TRUE
11917,treatment,2026-06-05,3,65.7,1,3,65.66666666666667,1,TRUE,TRUE
11918,control,2026-06-02,4,22.8,0.75,4,22.75,0.75,TRUE,TRUE
11919,control,2026-06-01,2,25.5,0.5,2,25.5,0.5,TRUE,TRUE
11920,control,2026-06-05,1,22,0,1,22,0,TRUE,TRUE
11921,control,2026-06-02,1,12,0,1,12,0,TRUE,TRUE
11922,control,2026-06-04,5,52.4,0.6,5,52.4,0.6,TRUE,TRUE
11923,control,2026-06-02,0,NA,NA,0,NA,NA,FALSE,FALSE
11924,control,2026-06-01,0,NA,NA,0,NA,NA,FALSE,FALSE
11925,treatment,2026-06-04,2,30,0.5,2,30,0.5,TRUE,TRUE
11926,treatment,2026-06-03,2,32,1,2,32,1,TRUE,TRUE
11927,control,2026-06-04,11,32.5,0.455,11,32.54545454545455,0.45454545454545453,TRUE,TRUE
11928,control,2026-06-02,8,28.2,1,8,28.25,1,TRUE,TRUE
11929,control,2026-06-04,7,39.9,0.714,7,39.857142857142854,0.7142857142857143,TRUE,TRUE
11930,treatment,2026-06-01,0,NA,NA,0,NA,NA,FALSE,FALSE
11931,treatment,2026-06-02,5,67.8,0.6,5,67.8,0.6,TRUE,TRUE
11932,control,2026-06-02,4,17.8,0.25,4,17.75,0.25,TRUE,TRUE
11933,control,2026-06-04,3,34.3,0.667,3,34.333333333333336,0.6666666666666666,TRUE,TRUE
11934,treatment,2026-06-02,6,46,0.667,6,46,0.6666666666666666,TRUE,TRUE
11935,control,2026-06-03,0,NA,NA,0,NA,NA,FALSE,FALSE
11936,control,2026-06-05,3,41,0.667,3,41,0.6666666666666666,TRUE,TRUE
11937,control,2026-06-03,3,25,0.667,3,25,0.6666666666666666,TRUE,TRUE
11938,control,2026-06-01,2,34.5,0,2,34.5,0,TRUE,TRUE
11939,control,2026-06-03,8,42.4,1,8,42.375,1,TRUE,TRUE
11940,control,2026-06-01,9,32.7,0.667,9,32.666666666666664,0.6666666666666666,TRUE,TRUE
11941,treatment,2026-06-02,0,NA,NA,0,NA,NA,FALSE,FALSE
11942,control,2026-06-01,2,29,1,2,29,1,TRUE,TRUE
11943,control,2026-06-02,2,32.5,1,2,32.5,1,TRUE,TRUE
11944,control,2026-06-04,1,21,0,1,21,0,TRUE,TRUE
11945,treatment,2026-06-02,3,38,1,3,38,1,TRUE,TRUE
11946,treatment,2026-06-02,0,NA,NA,0,NA,NA,FALSE,FALSE
11947,control,2026-06-03,7,34.6,0.857,7,34.57142857142857,0.8571428571428571,TRUE,TRUE
11948,control,2026-06-01,2,47,0.5,2,47,0.5,TRUE,TRUE
11949,treatment,2026-06-01,4,49.8,0.75,4,49.75,0.75,TRUE,TRUE
11950,control,2026-06-02,7,38.3,0.857,7,38.285714285714285,0.8571428571428571,TRUE,TRUE
11951,treatment,2026-06-04,2,25.5,1,2,25.5,1,TRUE,TRUE
11952,treatment,2026-06-04,2,31,0,2,31,0,TRUE,TRUE
11953,treatment,2026-06-03,4,64.5,0.75,4,64.5,0.75,TRUE,TRUE
11954,treatment,2026-06-02,5,33,0.6,5,33,0.6,TRUE,TRUE
11955,treatment,2026-06-05,0,NA,NA,0,NA,NA,FALSE,FALSE
11956,control,2026-06-04,2,48,1,2,48,1,TRUE,TRUE
11957,control,2026-06-02,4,35.2,0.75,3,24.333333333333332,0.6666666666666666,TRUE,TRUE
11958,treatment,2026-06-01,1,26,1,1,26,1,TRUE,TRUE
11959,treatment,2026-06-02,3,50.7,1,3,50.666666666666664,1,TRUE,TRUE
11960,control,2026-06-04,3,19,0.667,3,19,0.6666666666666666,TRUE,TRUE
11961,control,2026-06-03,1,16,0,1,16,0,TRUE,TRUE
11962,control,2026-06-03,5,24.4,0.8,4,24.75,0.75,TRUE,TRUE
11963,treatment,2026-06-03,5,39.2,0.6,5,39.2,0.6,TRUE,TRUE
11964,control,2026-06-02,8,31.5,0.875,8,31.5,0.875,TRUE,TRUE
11965,control,2026-06-02,2,40,1,2,40,1,TRUE,TRUE
11966,control,2026-06-04,2,29.5,1,2,29.5,1,TRUE,TRUE
11967,control,2026-06-03,4,58.5,0.75,4,58.5,0.75,TRUE,TRUE
11968,control,2026-06-03,4,23.5,1,4,23.5,1,TRUE,TRUE
11969,control,2026-06-02,3,36.3,1,3,36.333333333333336,1,TRUE,TRUE
11970,control,2026-06-02,6,30.8,0.667,5,33.8,0.6,TRUE,TRUE
11971,treatment,2026-06-04,3,43.7,0.667,3,43.666666666666664,0.6666666666666666,TRUE,TRUE
11972,treatment,2026-06-04,4,50.5,0.5,4,50.5,0.5,TRUE,TRUE
11973,treatment,2026-06-04,5,32.8,1,5,32.8,1,TRUE,TRUE
11974,treatment,2026-06-05,1,30,0,1,30,0,TRUE,TRUE
11975,treatment,2026-06-01,3,34.7,0.667,3,34.666666666666664,0.6666666666666666,TRUE,TRUE
11976,control,2026-06-05,3,28,0.333,2,33,0.5,TRUE,TRUE
11977,control,2026-06-02,0,NA,NA,0,NA,NA,FALSE,FALSE
11978,treatment,2026-06-04,4,29.8,1,4,29.75,1,TRUE,TRUE
11979,control,2026-06-02,2,29,1,2,29,1,TRUE,TRUE
11980,treatment,2026-06-03,9,48.3,0.444,9,48.333333333333336,0.4444444444444444,TRUE,TRUE
11981,treatment,2026-06-05,12,53.2,0.917,11,53.09090909090909,0.9090909090909091,TRUE,TRUE
11982,control,2026-06-01,1,29,0,1,29,0,TRUE,TRUE
11983,treatment,2026-06-01,1,42,1,1,42,1,TRUE,TRUE
11984,treatment,2026-06-05,3,34.3,0.333,3,34.333333333333336,0.3333333333333333,TRUE,TRUE
11985,control,2026-06-03,1,21,1,1,21,1,TRUE,TRUE
11986,control,2026-06-05,2,36,1,2,36,1,TRUE,TRUE
11987,treatment,2026-06-02,0,NA,NA,0,NA,NA,FALSE,FALSE
11988,control,2026-06-02,0,NA,NA,0,NA,NA,FALSE,FALSE
11989,control,2026-06-04,1,36,1,1,36,1,TRUE,TRUE
11990,treatment,2026-06-02,4,40.2,0.75,4,40.25,0.75,TRUE,TRUE
11991,treatment,2026-06-05,15,53.4,0.533,14,54.92857142857143,0.5714285714285714,TRUE,TRUE
11992,treatment,2026-06-02,2,43,0.5,2,43,0.5,TRUE,TRUE
11993,treatment,2026-06-03,1,85,1,1,85,1,TRUE,TRUE
11994,control,2026-06-01,2,31,0.5,2,31,0.5,TRUE,TRUE
11995,control,2026-06-02,1,31,0,1,31,0,TRUE,TRUE
11996,treatment,2026-06-05,6,53.2,0.667,6,53.166666666666664,0.6666666666666666,TRUE,TRUE
11997,control,2026-06-05,1,18,0,1,18,0,TRUE,TRUE
11998,control,2026-06-01,0,NA,NA,0,NA,NA,FALSE,FALSE
11999,treatment,2026-06-05,2,83.5,1,2,83.5,1,TRUE,TRUE
12000,control,2026-06-01,1,20,1,1,20,1,TRUE,TRUE
